open,high,low,close,adj_close,volume,ticker,date,log_ret
83.93000030517578,84.80999755859375,82.91000366210938,83.36000061035156,83.36000061035156,29473500.0,AMD,2020-11-17,-0.004428790981770655
83.01000213623047,83.95999908447266,82.22000122070312,82.54000091552734,82.54000091552734,29968000.0,AMD,2020-11-18,-0.00988554991057361
82.38999938964844,85.63999938964844,81.72000122070312,85.54000091552734,85.54000091552734,50116800.0,AMD,2020-11-19,0.03570107808531844
85.27999877929688,86.0999984741211,84.47000122070312,84.63999938964844,84.63999938964844,35008400.0,AMD,2020-11-20,-0.010577152602836195
85.5199966430664,87.54000091552734,84.62000274658203,85.30999755859375,85.30999755859375,46505000.0,AMD,2020-11-23,0.007884691403706866
85.72000122070312,86.11000061035156,83.31999969482422,85.06999969482422,85.06999969482422,36839200.0,AMD,2020-11-24,-0.002817208902104262
85.76000213623047,87.83999633789062,85.5199966430664,86.70999908447266,86.70999908447266,41349700.0,AMD,2020-11-25,0.0190947634301272
87.98999786376953,88.0,86.36000061035156,87.19000244140625,87.19000244140625,22717600.0,AMD,2020-11-27,0.005520466610141221
87.33000183105469,92.73999786376953,86.52999877929688,92.66000366210938,92.66000366210938,84483000.0,AMD,2020-11-30,0.060847246069798376
92.25,93.9000015258789,90.77999877929688,92.62999725341797,92.62999725341797,58583600.0,AMD,2020-12-01,-0.0003238858956819614
92.88999938964844,96.37000274658203,92.52999877929688,93.73999786376953,93.73999786376953,57988800.0,AMD,2020-12-02,0.011911936090841886
94.05999755859375,94.69999694824219,92.01000213623047,92.30999755859375,92.30999755859375,35859700.0,AMD,2020-12-03,-0.015372518151517394
92.58000183105469,94.58000183105469,90.62999725341797,94.04000091552734,94.04000091552734,45570300.0,AMD,2020-12-04,0.018567781853225312
94.94999694824219,95.0,92.97000122070312,94.06999969482422,94.06999969482422,39815700.0,AMD,2020-12-07,0.00031894933234651826
94.05000305175781,94.73999786376953,91.9000015258789,92.91999816894531,92.91999816894531,33907500.0,AMD,2020-12-08,-0.0123002945432281
92.76000213623047,94.69999694824219,89.16000366210938,89.83000183105469,89.83000183105469,52170400.0,AMD,2020-12-09,-0.03381987257182761
89.55000305175781,92.08999633789062,89.02999877929688,91.66000366210938,91.66000366210938,33804400.0,AMD,2020-12-10,0.020167103409497466
91.54000091552734,92.33000183105469,90.16000366210938,91.6500015258789,91.6500015258789,28368100.0,AMD,2020-12-11,-0.00010912809947430651
92.20999908447266,95.41000366210938,91.8499984741211,94.77999877929688,94.77999877929688,48026400.0,AMD,2020-12-14,0.03358141272541708
95.93000030517578,97.9800033569336,95.44999694824219,97.12000274658203,97.12000274658203,57232700.0,AMD,2020-12-15,0.024388951931370622
97.04000091552734,97.2699966430664,95.45999908447266,96.8499984741211,96.8499984741211,34909000.0,AMD,2020-12-16,-0.0027839814935495715
97.55000305175781,97.91999816894531,96.25,96.83999633789062,96.83999633789062,32023700.0,AMD,2020-12-17,-0.00010327984415574736
97.2699966430664,97.68000030517578,93.55999755859375,95.91999816894531,95.91999816894531,51823100.0,AMD,2020-12-18,-0.009545602623910654
94.25,95.27999877929688,91.08000183105469,93.2300033569336,93.2300033569336,47093900.0,AMD,2020-12-21,-0.0284448973142523
93.36000061035156,93.55000305175781,90.52999877929688,93.16000366210938,93.16000366210938,35673700.0,AMD,2020-12-22,-0.000751109989582482
93.08000183105469,93.12999725341797,91.45999908447266,91.55000305175781,91.55000305175781,25993300.0,AMD,2020-12-23,-0.017433179871181648
91.80000305175781,92.51000213623047,91.30999755859375,91.80999755859375,91.80999755859375,16705900.0,AMD,2020-12-24,0.0028358931088175617
92.93000030517578,93.13999938964844,90.81999969482422,91.5999984741211,91.5999984741211,30627300.0,AMD,2020-12-28,-0.002289942541647854
91.66000366210938,92.45999908447266,89.43000030517578,90.62000274658203,90.62000274658203,31748200.0,AMD,2020-12-29,-0.010756285474241806
90.77999877929688,92.8499984741211,90.19000244140625,92.29000091552734,92.29000091552734,25845000.0,AMD,2020-12-30,0.01826083364982352
92.0999984741211,92.30000305175781,90.87000274658203,91.70999908447266,91.70999908447266,24930700.0,AMD,2020-12-31,-0.006304388609598648
92.11000061035156,96.05999755859375,90.91999816894531,92.30000305175781,92.30000305175781,51802600.0,AMD,2021-01-04,0.00641275998426984
92.0999984741211,93.20999908447266,91.41000366210938,92.7699966430664,92.7699966430664,34208000.0,AMD,2021-01-05,0.005079100907357357
91.62000274658203,92.27999877929688,89.45999908447266,90.33000183105469,90.33000183105469,51911700.0,AMD,2021-01-06,-0.026653624047150198
91.33000183105469,95.51000213623047,91.19999694824219,95.16000366210938,95.16000366210938,42897200.0,AMD,2021-01-07,0.05209007248598313
95.9800033569336,96.4000015258789,93.2699966430664,94.58000183105469,94.58000183105469,39816400.0,AMD,2021-01-08,-0.0061136673428808875
94.02999877929688,99.2300033569336,93.76000213623047,97.25,97.25,48600200.0,AMD,2021-01-11,0.027838925922975294
97.86000061035156,98.97000122070312,94.06999969482422,95.36000061035156,95.36000061035156,67672300.0,AMD,2021-01-12,-0.01962577278101733
93.01000213623047,93.88999938964844,90.83999633789062,91.77999877929688,91.77999877929688,60712900.0,AMD,2021-01-13,-0.03826481405116833
91.7699966430664,92.36000061035156,90.44999694824219,90.79000091552734,90.79000091552734,53408200.0,AMD,2021-01-14,-0.010845238198693414
90.75,91.58999633789062,87.86000061035156,88.20999908447266,88.20999908447266,49340300.0,AMD,2021-01-15,-0.02882883257595297
89.55999755859375,89.58000183105469,87.23999786376953,89.44999694824219,89.44999694824219,45115100.0,AMD,2021-01-19,0.013959450946091589
90.55000305175781,90.77999877929688,88.5999984741211,88.75,88.75,35185800.0,AMD,2021-01-20,-0.007856347482289998
89.33999633789062,92.06999969482422,88.43000030517578,91.52999877929688,91.52999877929688,54221900.0,AMD,2021-01-21,0.030843345704517678
94.41999816894531,95.94999694824219,91.87999725341797,92.79000091552734,92.79000091552734,71294700.0,AMD,2021-01-22,0.013672111171704734
94.13999938964844,95.73999786376953,91.4000015258789,94.12999725341797,94.12999725341797,55086900.0,AMD,2021-01-25,0.01433789114877663
94.91000366210938,95.72000122070312,93.62999725341797,94.70999908447266,94.70999908447266,59449100.0,AMD,2021-01-26,0.006142805190847231
91.0999984741211,91.87999725341797,86.22000122070312,88.83999633789062,88.83999633789062,73341200.0,AMD,2021-01-27,-0.06398262376654773
89.83000183105469,89.87999725341797,87.30000305175781,87.5199966430664,87.5199966430664,47048400.0,AMD,2021-01-28,-0.014969657487341454
87.55999755859375,88.33000183105469,85.0199966430664,85.63999938964844,85.63999938964844,56735800.0,AMD,2021-01-29,-0.021714843722945035
86.83000183105469,87.94999694824219,84.66000366210938,87.66000366210938,87.66000366210938,42359300.0,AMD,2021-02-01,0.023313280172412826
88.48999786376953,89.27999877929688,86.94999694824219,88.86000061035156,88.86000061035156,33850000.0,AMD,2021-02-02,0.013596367609499834
88.5999984741211,89.4800033569336,87.33999633789062,87.88999938964844,87.88999938964844,32312900.0,AMD,2021-02-03,-0.010976078744389824
88.22000122070312,88.5999984741211,87.05999755859375,87.83999633789062,87.83999633789062,30791600.0,AMD,2021-02-04,-0.0005690895615208195
88.1500015258789,88.36000061035156,86.87999725341797,87.9000015258789,87.9000015258789,30268700.0,AMD,2021-02-05,0.0006828859798514419
88.30999755859375,91.98999786376953,87.9800033569336,91.47000122070312,91.47000122070312,47639900.0,AMD,2021-02-08,0.03981124096327563
91.38999938964844,93.30000305175781,90.55000305175781,90.91000366210938,90.91000366210938,37596400.0,AMD,2021-02-09,-0.00614101659709999
91.5,93.2699966430664,90.45999908447266,92.3499984741211,92.3499984741211,42441300.0,AMD,2021-02-10,0.015715643705900683
92.9000015258789,93.6500015258789,91.33000183105469,92.66000366210938,92.66000366210938,35571000.0,AMD,2021-02-11,0.003351229388043698
92.75,94.22000122070312,91.9000015258789,93.7699966430664,93.7699966430664,38538400.0,AMD,2021-02-12,0.01190802012136789
93.9000015258789,94.0,90.75,91.45999908447266,91.45999908447266,35105900.0,AMD,2021-02-16,-0.02494323141210899
90.55999755859375,90.95999908447266,88.56999969482422,89.94000244140625,89.94000244140625,32245500.0,AMD,2021-02-17,-0.016758899732376147
89.08999633789062,89.5999984741211,87.30999755859375,88.63999938964844,88.63999938964844,35624900.0,AMD,2021-02-18,-0.014559592374155134
89.75,90.41999816894531,88.69000244140625,89.58000183105469,89.58000183105469,29548300.0,AMD,2021-02-19,0.010548885106356144
88.1500015258789,88.30000305175781,85.20999908447266,85.37000274658203,85.37000274658203,36930200.0,AMD,2021-02-22,-0.04813731802469617
83.4000015258789,85.11000061035156,79.36000061035156,84.73999786376953,84.73999786376953,49720900.0,AMD,2021-02-23,-0.007407063205719413
84.33000183105469,87.08999633789062,82.80999755859375,86.94000244140625,86.94000244140625,40821200.0,AMD,2021-02-24,0.025630533652973943
86.16999816894531,87.08999633789062,81.91999816894531,82.41999816894531,82.41999816894531,54625100.0,AMD,2021-02-25,-0.053390149947627134
83.56999969482422,85.58999633789062,82.91000366210938,84.51000213623047,84.51000213623047,48962900.0,AMD,2021-02-26,0.025041792139707184
85.37000274658203,86.5,83.97000122070312,86.38999938964844,86.38999938964844,32746200.0,AMD,2021-03-01,0.022002025471487753
86.91999816894531,86.94999694824219,84.04000091552734,84.12999725341797,84.12999725341797,34828200.0,AMD,2021-03-02,-0.026508732389879372
84.27999877929688,84.37999725341797,80.8499984741211,80.86000061035156,80.86000061035156,43541000.0,AMD,2021-03-03,-0.03964391715496586
80.2300033569336,81.80999755859375,76.77999877929688,77.75,77.75,60549400.0,AMD,2021-03-04,-0.03922072070153211
79.0,79.4800033569336,74.19999694824219,78.5199966430664,78.5199966430664,58548900.0,AMD,2021-03-05,0.009854775596323051
78.02999877929688,79.0,73.86000061035156,73.95999908447266,73.95999908447266,54563900.0,AMD,2021-03-08,-0.05982893251542483
76.7300033569336,79.22000122070312,75.7699966430664,78.52999877929688,78.52999877929688,45088300.0,AMD,2021-03-09,0.05995630770212372
79.75,80.04000091552734,77.41000366210938,77.5199966430664,77.5199966430664,45416600.0,AMD,2021-03-10,-0.012944777563952436
79.4000015258789,81.88999938964844,79.37000274658203,81.2300033569336,81.2300033569336,43583700.0,AMD,2021-03-11,0.04674875411072705
79.7300033569336,81.19000244140625,79.2300033569336,81.05000305175781,81.05000305175781,32938000.0,AMD,2021-03-12,-0.0022183925546756704
81.91000366210938,83.38999938964844,81.19999694824219,82.5,82.5,39086800.0,AMD,2021-03-15,0.017732007506170884
83.66000366210938,84.75,82.26000213623047,82.75,82.75,42971600.0,AMD,2021-03-16,0.00302572091653689
81.75,83.25,80.41000366210938,82.62999725341797,82.62999725341797,43320600.0,AMD,2021-03-17,-0.001451236783605814
81.05999755859375,81.62000274658203,78.01000213623047,78.12000274658203,78.12000274658203,51036500.0,AMD,2021-03-18,-0.05612663630658876
78.48999786376953,79.33999633789062,77.58999633789062,79.05999755859375,79.05999755859375,42283400.0,AMD,2021-03-19,0.011960885821138191
79.98999786376953,81.2699966430664,79.22000122070312,80.30000305175781,80.30000305175781,39648600.0,AMD,2021-03-22,0.015562631969055283
80.12999725341797,80.33999633789062,77.94999694824219,78.37999725341797,78.37999725341797,40466600.0,AMD,2021-03-23,-0.02420090122755976
77.55000305175781,78.80000305175781,76.4000015258789,76.4800033569336,76.4800033569336,43753600.0,AMD,2021-03-24,-0.024539445093506425
75.8499984741211,76.94999694824219,74.95999908447266,76.22000122070312,76.22000122070312,44735100.0,AMD,2021-03-25,-0.003405401174868497
76.62000274658203,77.5,75.02999877929688,77.41000366210938,77.41000366210938,49148700.0,AMD,2021-03-26,0.015492107063346779
77.02999877929688,78.0199966430664,76.26000213623047,77.13999938964844,77.13999938964844,37144300.0,AMD,2021-03-29,-0.003494073656759481
76.47000122070312,76.55999755859375,74.8499984741211,76.0,76.0,39169300.0,AMD,2021-03-30,-0.014888604581492923
76.56999969482422,79.12999725341797,76.5199966430664,78.5,78.5,43659500.0,AMD,2021-03-31,0.032365284502031716
80.16000366210938,81.30999755859375,79.4800033569336,81.08999633789062,81.08999633789062,40182400.0,AMD,2021-04-01,0.03246097900705424
81.73999786376953,81.9000015258789,80.38999938964844,81.43000030517578,81.43000030517578,32610600.0,AMD,2021-04-05,0.00418415543132996
81.20999908447266,82.45999908447266,80.87999725341797,81.44000244140625,81.44000244140625,29327900.0,AMD,2021-04-06,0.00012282355343984345
81.31999969482422,83.0999984741211,80.3499984741211,82.19999694824219,82.19999694824219,35590900.0,AMD,2021-04-07,0.009288682155939337
83.31999969482422,83.79000091552734,82.44000244140625,83.3499984741211,83.3499984741211,41925300.0,AMD,2021-04-08,0.013893325953791202
82.80000305175781,83.58999633789062,82.16000366210938,82.76000213623047,82.76000213623047,32759900.0,AMD,2021-04-09,-0.007103712200220717
82.05999755859375,82.18000030517578,78.02999877929688,78.58000183105469,78.58000183105469,62098800.0,AMD,2021-04-12,-0.05182764125759277
79.66999816894531,80.72000122070312,78.9800033569336,80.19000244140625,80.19000244140625,37767300.0,AMD,2021-04-13,0.020281611832103735
79.87999725341797,80.12999725341797,77.94000244140625,78.55000305175781,78.55000305175781,34263800.0,AMD,2021-04-14,-0.020663445711428332
80.31999969482422,83.94999694824219,79.97000122070312,83.01000213623047,83.01000213623047,68942800.0,AMD,2021-04-15,0.055225704648780724
83.30000305175781,83.58999633789062,81.52999877929688,82.1500015258789,82.1500015258789,47280600.0,AMD,2021-04-16,-0.010414245143980906
82.12999725341797,83.18000030517578,80.38999938964844,81.11000061035156,81.11000061035156,39115500.0,AMD,2021-04-19,-0.012740597450340225
80.81999969482422,81.11000061035156,78.51000213623047,79.2699966430664,79.2699966430664,34977800.0,AMD,2021-04-20,-0.022946561106271423
78.98999786376953,81.66000366210938,78.86000061035156,81.61000061035156,81.61000061035156,35069000.0,AMD,2021-04-21,0.029092106459066295
81.61000061035156,81.79000091552734,78.58999633789062,79.05999755859375,79.05999755859375,38846100.0,AMD,2021-04-22,-0.03174478397191768
80.20999908447266,83.30000305175781,79.95999908447266,82.76000213623047,82.76000213623047,49194000.0,AMD,2021-04-23,0.0457378517015806
83.3499984741211,85.9000015258789,82.69999694824219,85.41000366210938,85.41000366210938,57594500.0,AMD,2021-04-26,0.031518354145180415
85.66999816894531,87.1500015258789,85.12999725341797,85.20999908447266,85.20999908447266,61909900.0,AMD,2021-04-27,-0.0023444457393775025
88.8499984741211,89.19999694824219,83.91999816894531,84.0199966430664,84.0199966430664,108920300.0,AMD,2021-04-28,-0.014063961308246628
84.69999694824219,85.2699966430664,82.62999725341797,83.91000366210938,83.91000366210938,51294500.0,AMD,2021-04-29,-0.0013099862619749456
82.97000122070312,84.0999984741211,81.41999816894531,81.62000274658203,81.62000274658203,46601900.0,AMD,2021-04-30,-0.027670475896773156
81.97000122070312,82.0,78.45999908447266,78.55000305175781,78.55000305175781,66323300.0,AMD,2021-05-03,-0.03833896007572568
77.94999694824219,78.66999816894531,77.04000091552734,78.61000061035156,78.61000061035156,59194300.0,AMD,2021-05-04,0.0007635220171852443
79.05000305175781,79.30000305175781,77.36000061035156,77.83000183105469,77.83000183105469,42310200.0,AMD,2021-05-05,-0.009971941072332376
77.62999725341797,78.05999755859375,76.47000122070312,77.88999938964844,77.88999938964844,38661300.0,AMD,2021-05-06,0.0007705825981542196
78.75,79.56999969482422,78.22000122070312,78.80999755859375,78.80999755859375,36954200.0,AMD,2021-05-07,0.011742294291389961
78.19999694824219,78.30000305175781,75.91999816894531,75.98999786376953,75.98999786376953,45134500.0,AMD,2021-05-10,-0.03643813681747763
73.56999969482422,76.93000030517578,72.75,76.83000183105469,76.83000183105469,51008200.0,AMD,2021-05-11,0.010993488142393083
75.08999633789062,76.12999725341797,74.16000366210938,74.63999938964844,74.63999938964844,42531400.0,AMD,2021-05-12,-0.028918664350275007
75.20999908447266,75.69999694824219,72.5,73.08999633789062,73.08999633789062,48646800.0,AMD,2021-05-13,-0.020985039973627197
74.0199966430664,75.02999877929688,72.72000122070312,74.58999633789062,74.58999633789062,38355800.0,AMD,2021-05-14,0.02031489248236191
74.22000122070312,75.5199966430664,73.41000366210938,74.6500015258789,74.6500015258789,40779200.0,AMD,2021-05-17,0.0008041435550885848
74.73999786376953,75.7699966430664,74.23999786376953,74.44000244140625,74.44000244140625,31982500.0,AMD,2021-05-18,-0.002817079854623155
73.16000366210938,76.97000122070312,72.76000213623047,76.2300033569336,76.2300033569336,73966200.0,AMD,2021-05-19,0.02376166546607382
76.80999755859375,78.2699966430664,76.25,78.05999755859375,78.05999755859375,49135000.0,AMD,2021-05-20,0.023722600439356055
78.55000305175781,78.80999755859375,77.04000091552734,77.16999816894531,77.16999816894531,40201100.0,AMD,2021-05-21,-0.01146697373448092
77.26000213623047,78.01000213623047,76.80000305175781,77.44000244140625,77.44000244140625,33194300.0,AMD,2021-05-24,0.0034927177527787753
77.33000183105469,78.7699966430664,76.83999633789062,77.86000061035156,77.86000061035156,47353100.0,AMD,2021-05-25,0.005408875526655007
77.83000183105469,78.58999633789062,77.58999633789062,78.33999633789062,78.33999633789062,30354000.0,AMD,2021-05-26,0.006145931469930392
78.11000061035156,78.43000030517578,77.47000122070312,78.41999816894531,78.41999816894531,35883200.0,AMD,2021-05-27,0.001020692023522268
78.66000366210938,81.08999633789062,78.66000366210938,80.08000183105469,80.08000183105469,40952700.0,AMD,2021-05-28,0.020947184357430877
81.01000213623047,82.91000366210938,80.66000366210938,80.80999755859375,80.80999755859375,43433000.0,AMD,2021-06-01,0.009074532161387903
81.0,82.5999984741211,80.66000366210938,81.97000122070312,81.97000122070312,35203200.0,AMD,2021-06-02,0.014252651523339899
81.12999725341797,81.88999938964844,80.26000213623047,80.27999877929688,80.27999877929688,29812000.0,AMD,2021-06-03,-0.02083283283444329
80.91999816894531,82.19000244140625,80.80999755859375,81.58000183105469,81.58000183105469,26387800.0,AMD,2021-06-04,0.016063647611741335
81.4000015258789,81.68000030517578,80.37999725341797,81.3499984741211,81.3499984741211,29006800.0,AMD,2021-06-07,-0.0028233414262249855
81.87000274658203,82.6500015258789,80.44999694824219,80.88999938964844,80.88999938964844,26956600.0,AMD,2021-06-08,-0.005670615423674207
81.08999633789062,81.68000030517578,79.80000305175781,79.95999908447266,79.95999908447266,28454600.0,AMD,2021-06-09,-0.011563701302027277
80.0199966430664,81.70999908447266,79.69999694824219,81.55999755859375,81.55999755859375,28606400.0,AMD,2021-06-10,0.01981241759000372
81.61000061035156,82.33000183105469,80.69999694824219,81.30999755859375,81.30999755859375,24310900.0,AMD,2021-06-11,-0.003069935578544554
81.51000213623047,81.55000305175781,80.19999694824219,81.55000305175781,81.55000305175781,27830200.0,AMD,2021-06-14,0.0029473862951033903
81.58999633789062,81.68000030517578,80.22000122070312,80.47000122070312,80.47000122070312,26194300.0,AMD,2021-06-15,-0.013331907161236407
80.75,81.44999694824219,78.95999908447266,80.11000061035156,80.11000061035156,29598300.0,AMD,2021-06-16,-0.0044837614817647194
80.7699966430664,85.37000274658203,80.56999969482422,84.55999755859375,84.55999755859375,77822800.0,AMD,2021-06-17,0.054060614844156946
84.27999877929688,85.7699966430664,83.4800033569336,84.6500015258789,84.6500015258789,58736800.0,AMD,2021-06-18,0.0010638139147835012
83.48999786376953,84.19000244140625,82.20999908447266,82.58999633789062,82.58999633789062,44417100.0,AMD,2021-06-21,-0.02463656312309244
82.9000015258789,84.04000091552734,82.4800033569336,83.58000183105469,83.58000183105469,32107700.0,AMD,2021-06-22,0.011915715445786316
83.83000183105469,84.48999786376953,83.16000366210938,83.81999969482422,83.81999969482422,25992400.0,AMD,2021-06-23,0.002867359928500396
84.38999938964844,87.13999938964844,84.37000274658203,86.0999984741211,86.0999984741211,42217700.0,AMD,2021-06-24,0.026837754855435637
86.33999633789062,86.36000061035156,85.0999984741211,85.62000274658203,85.62000274658203,27804500.0,AMD,2021-06-25,-0.005590460915970975
86.37999725341797,88.0,86.1500015258789,87.08000183105469,87.08000183105469,30262000.0,AMD,2021-06-28,0.01690832459807357
87.41000366210938,90.30000305175781,86.66000366210938,89.5199966430664,89.5199966430664,46181000.0,AMD,2021-06-29,0.027634769110794186
90.81999969482422,94.33999633789062,90.5999984741211,93.93000030517578,93.93000030517578,70721500.0,AMD,2021-06-30,0.04808780075098334
94.04000091552734,94.18000030517578,91.69999694824219,93.30999755859375,93.30999755859375,58059000.0,AMD,2021-07-01,-0.006622570173929338
93.27999877929688,95.2699966430664,92.20999908447266,94.69999694824219,94.69999694824219,51316700.0,AMD,2021-07-02,0.014786710885035656
94.87999725341797,95.41000366210938,93.31999969482422,94.47000122070312,94.47000122070312,44930100.0,AMD,2021-07-06,-0.0024316312638624337
95.0199966430664,95.44000244140625,90.30999755859375,90.54000091552734,90.54000091552734,51498500.0,AMD,2021-07-07,-0.04249058458297099
87.86000061035156,90.33999633789062,87.44999694824219,89.73999786376953,89.73999786376953,45673500.0,AMD,2021-07-08,-0.00887517537649346
90.04000091552734,91.26000213623047,88.52999877929688,90.9000015258789,90.9000015258789,35278400.0,AMD,2021-07-09,0.012843441226605693
91.22000122070312,91.9000015258789,89.6500015258789,90.80999755859375,90.80999755859375,28526600.0,AMD,2021-07-12,-0.000990633152816173
90.4800033569336,91.41000366210938,89.83000183105469,90.26000213623047,90.26000213623047,30367600.0,AMD,2021-07-13,-0.006074966750587357
90.76000213623047,91.4000015258789,88.94000244140625,89.05000305175781,89.05000305175781,28108500.0,AMD,2021-07-14,-0.013496374060545322
89.77999877929688,89.77999877929688,86.18000030517578,86.93000030517578,86.93000030517578,38944700.0,AMD,2021-07-15,-0.024094843404265567
87.31999969482422,88.02999877929688,85.68000030517578,85.88999938964844,85.88999938964844,35860700.0,AMD,2021-07-16,-0.012035799929632291
84.98999786376953,87.2300033569336,84.23999786376953,86.58000183105469,86.58000183105469,39244800.0,AMD,2021-07-19,0.008001462490604131
87.08999633789062,87.7699966430664,85.16999816894531,87.11000061035156,87.11000061035156,28089000.0,AMD,2021-07-20,0.006102831674939754
87.25,89.48999786376953,86.9000015258789,89.41000366210938,89.41000366210938,29469900.0,AMD,2021-07-21,0.02606087886835969
89.4000015258789,91.36000061035156,89.08000183105469,91.20999908447266,91.20999908447266,33730100.0,AMD,2021-07-22,0.01993195644865417
91.3499984741211,92.37000274658203,90.19000244140625,92.1500015258789,92.1500015258789,31708900.0,AMD,2021-07-23,0.010253170519984001
92.01000213623047,92.75,91.12000274658203,91.81999969482422,91.81999969482422,27668500.0,AMD,2021-07-26,-0.003587565177029519
92.94000244140625,94.0999984741211,89.0999984741211,91.02999877929688,91.02999877929688,69427000.0,AMD,2021-07-27,-0.008641026390147015
93.44000244140625,98.70999908447266,89.6500015258789,97.93000030517578,97.93000030517578,140561000.0,AMD,2021-07-28,0.07306383174166953
96.58000183105469,105.73999786376953,96.58000183105469,102.94999694824219,102.94999694824219,164091800.0,AMD,2021-07-29,0.0499904629817239
101.5999984741211,106.97000122070312,101.37999725341797,106.19000244140625,106.19000244140625,125632000.0,AMD,2021-07-30,0.03098656157598662
105.93000030517578,110.33000183105469,103.83000183105469,108.62999725341797,108.62999725341797,115581900.0,AMD,2021-08-02,0.022717621755154807
108.1500015258789,114.8499984741211,107.66000366210938,112.55999755859375,112.55999755859375,157723100.0,AMD,2021-08-03,0.035538803954479344
114.36000061035156,122.48999786376953,114.16000366210938,118.7699966430664,118.7699966430664,225368700.0,AMD,2021-08-04,0.053702430405682046
116.62999725341797,117.68000030517578,111.58999633789062,112.3499984741211,112.3499984741211,137860900.0,AMD,2021-08-05,-0.05556983647213301
110.55000305175781,116.26000213623047,109.69999694824219,110.11000061035156,110.11000061035156,143899000.0,AMD,2021-08-06,-0.020139113381254195
111.30999755859375,112.33000183105469,107.05999755859375,107.58000183105469,107.58000183105469,115749900.0,AMD,2021-08-09,-0.023245097803110338
107.9000015258789,109.16999816894531,104.36000061035156,106.4800033569336,106.4800033569336,113012300.0,AMD,2021-08-10,-0.010277568252217473
107.5999984741211,109.79000091552734,105.62000274658203,107.68000030517578,107.68000030517578,91788300.0,AMD,2021-08-11,0.011206663117237222
107.38999938964844,108.44000244140625,105.86000061035156,106.5,106.5,60578700.0,AMD,2021-08-12,-0.011018883581036924
107.16999816894531,111.70999908447266,106.56999969482422,110.55000305175781,110.55000305175781,100135700.0,AMD,2021-08-13,0.037322949759201876
110.19999694824219,111.58000183105469,105.87000274658203,107.4800033569336,107.4800033569336,73325400.0,AMD,2021-08-16,-0.028163119928291607
106.63999938964844,108.69999694824219,105.3499984741211,107.55999755859375,107.55999755859375,74053900.0,AMD,2021-08-17,0.0007439937221865503
107.3499984741211,108.06999969482422,103.2699966430664,103.44000244140625,103.44000244140625,79387900.0,AMD,2021-08-18,-0.03905705063682616
103.31999969482422,106.18000030517578,101.9800033569336,103.69999694824219,103.69999694824219,71117500.0,AMD,2021-08-19,0.002510327741015218
104.31999969482422,105.9800033569336,103.98999786376953,104.6500015258789,104.6500015258789,55227600.0,AMD,2021-08-20,0.009119377666025642
105.30000305175781,109.0199966430664,104.86000061035156,108.7699966430664,108.7699966430664,68835300.0,AMD,2021-08-23,0.03861406677028818
109.44999694824219,109.61000061035156,107.27999877929688,107.6500015258789,107.6500015258789,51239300.0,AMD,2021-08-24,-0.010350292258263406
108.12999725341797,109.91000366210938,107.44999694824219,108.30000305175781,108.30000305175781,45485500.0,AMD,2021-08-25,0.006019944200871108
108.56999969482422,109.2300033569336,106.83999633789062,107.2699966430664,107.2699966430664,51442500.0,AMD,2021-08-26,-0.009556192870593986
108.01000213623047,111.77999877929688,107.80000305175781,111.4000015258789,111.4000015258789,61030000.0,AMD,2021-08-27,0.03777835187538774
112.61000061035156,114.48999786376953,111.26000213623047,111.31999969482422,111.31999969482422,56130500.0,AMD,2021-08-30,-0.0007184072742188927
111.26000213623047,111.26000213623047,109.02999877929688,110.72000122070312,110.72000122070312,49339000.0,AMD,2021-08-31,-0.005404431021765876
111.30000305175781,111.8499984741211,109.8499984741211,109.98999786376953,109.98999786376953,38579600.0,AMD,2021-09-01,-0.006615069747513553
110.31999969482422,110.87999725341797,108.7699966430664,109.19999694824219,109.19999694824219,40090500.0,AMD,2021-09-02,-0.007208397782678267
108.8499984741211,111.16999816894531,108.5,109.91999816894531,109.91999816894531,42605800.0,AMD,2021-09-03,0.006571776451668316
109.95999908447266,110.58000183105469,108.66000366210938,109.1500015258789,109.1500015258789,28815200.0,AMD,2021-09-07,-0.007029714840368608
108.87999725341797,109.30000305175781,105.5199966430664,106.16999816894531,106.16999816894531,43067900.0,AMD,2021-09-08,-0.02768153119656369
106.55999755859375,107.30000305175781,105.83999633789062,106.1500015258789,106.1500015258789,31857900.0,AMD,2021-09-09,-0.00018836325503271122
106.98999786376953,106.98999786376953,104.9800033569336,105.19999694824219,105.19999694824219,32602300.0,AMD,2021-09-10,-0.008989931229503057
105.26000213623047,105.27999877929688,102.62999725341797,104.80000305175781,104.80000305175781,37767800.0,AMD,2021-09-13,-0.0038094702877366168
105.5199966430664,106.81999969482422,104.41999816894531,105.7300033569336,105.7300033569336,40629500.0,AMD,2021-09-14,0.008834905487724502
106.0,106.31999969482422,104.02999877929688,105.5999984741211,105.5999984741211,37998900.0,AMD,2021-09-15,-0.0012303496719421306
104.91999816894531,106.75,103.76000213623047,106.22000122070312,106.22000122070312,38150300.0,AMD,2021-09-16,0.0058540696639183135
105.55999755859375,105.9800033569336,103.70999908447266,103.87999725341797,103.87999725341797,44528300.0,AMD,2021-09-17,-0.02227606613187139
101.58000183105469,102.51000213623047,99.51000213623047,101.55000305175781,101.55000305175781,45228400.0,AMD,2021-09-20,-0.022685042276428206
102.1500015258789,103.43000030517578,101.18000030517578,102.81999969482422,102.81999969482422,35481500.0,AMD,2021-09-21,0.012428565581131227
102.81999969482422,104.55999755859375,102.20999908447266,104.37999725341797,104.37999725341797,34126300.0,AMD,2021-09-22,0.015058176242668884
104.88999938964844,106.86000061035156,103.88999938964844,106.1500015258789,106.1500015258789,32816700.0,AMD,2021-09-23,0.016815142622038478
105.19000244140625,106.05000305175781,104.68000030517578,105.80000305175781,105.80000305175781,26482600.0,AMD,2021-09-24,-0.003302654255217005
105.06999969482422,108.44000244140625,103.44000244140625,108.16000366210938,108.16000366210938,51944300.0,AMD,2021-09-27,0.022061097884122707
106.83999633789062,107.6500015258789,101.41999816894531,101.5199966430664,101.5199966430664,74469000.0,AMD,2021-09-28,-0.06335585581350323
102.30000305175781,102.66000366210938,99.80999755859375,100.3499984741211,100.3499984741211,52224700.0,AMD,2021-09-29,-0.011591730302632455
102.08000183105469,104.44000244140625,101.98999786376953,102.9000015258789,102.9000015258789,57636700.0,AMD,2021-09-30,0.02509359763198144
102.5999984741211,103.0,100.63999938964844,102.44999694824219,102.44999694824219,41491600.0,AMD,2021-10-01,-0.0043828127716282125
101.73999786376953,101.8499984741211,99.81999969482422,100.33999633789062,100.33999633789062,41967100.0,AMD,2021-10-04,-0.020810462338028468
100.91999816894531,102.87000274658203,100.61000061035156,101.80999755859375,101.80999755859375,31455200.0,AMD,2021-10-05,0.014543924579977606
100.44999694824219,103.72000122070312,100.3499984741211,103.63999938964844,103.63999938964844,39071700.0,AMD,2021-10-06,0.01781504266567875
104.5999984741211,107.94999694824219,104.45999908447266,106.44999694824219,106.44999694824219,41543100.0,AMD,2021-10-07,0.026752012866267064
106.55000305175781,107.27999877929688,104.88999938964844,105.05999755859375,105.05999755859375,30623000.0,AMD,2021-10-08,-0.01314377038341962
104.62000274658203,107.19999694824219,104.0199966430664,104.68000030517578,104.68000030517578,31284400.0,AMD,2021-10-11,-0.0036235117103401732
105.16999816894531,106.04000091552734,104.33999633789062,105.04000091552734,105.04000091552734,34039900.0,AMD,2021-10-12,0.0034331581332624427
106.27999877929688,109.87999725341797,106.25,109.16000366210938,109.16000366210938,55631900.0,AMD,2021-10-13,0.03847349067769757
110.5,112.22000122070312,109.62999725341797,111.98999786376953,111.98999786376953,46900200.0,AMD,2021-10-14,0.02559483313118643
112.51000213623047,112.83999633789062,111.11000061035156,112.12000274658203,112.12000274658203,34203000.0,AMD,2021-10-15,0.0011601882739818937
111.9000015258789,116.87999725341797,111.37000274658203,116.43000030517578,116.43000030517578,47537800.0,AMD,2021-10-18,0.037720485876639585
116.16000366210938,117.16999816894531,114.47000122070312,116.33000183105469,116.33000183105469,39593900.0,AMD,2021-10-19,-0.0008592411011831385
116.29000091552734,118.30000305175781,115.41999816894531,116.38999938964844,116.38999938964844,34244800.0,AMD,2021-10-20,0.0005156201410132126
116.5,119.68000030517578,116.26000213623047,119.33000183105469,119.33000183105469,34794900.0,AMD,2021-10-21,0.024946164016162294
120.83000183105469,121.55999755859375,118.37000274658203,119.81999969482422,119.81999969482422,38992700.0,AMD,2021-10-22,0.0040978343828004
120.5199966430664,123.45999908447266,118.5999984741211,122.36000061035156,122.36000061035156,47834100.0,AMD,2021-10-25,0.020976910162038186
122.98999786376953,127.19999694824219,122.58000183105469,122.93000030517578,122.93000030517578,59458900.0,AMD,2021-10-26,0.004647565890901225
121.62999725341797,128.0800018310547,121.05000305175781,122.27999877929688,122.27999877929688,98245300.0,AMD,2021-10-27,-0.005301603121984538
122.86000061035156,123.5,120.26000213623047,121.16000366210938,121.16000366210938,58002500.0,AMD,2021-10-28,-0.009201470655346473
120.94999694824219,122.56999969482422,119.87999725341797,120.2300033569336,120.2300033569336,43320100.0,AMD,2021-10-29,-0.0077054134766865665
119.44999694824219,125.66999816894531,118.12999725341797,125.2300033569336,125.2300033569336,54559800.0,AMD,2021-11-01,0.04074547047433724
124.9800033569336,128.4600067138672,124.19999694824219,127.62999725341797,127.62999725341797,53491900.0,AMD,2021-11-02,0.01898335809263498
127.75,130.60000610351562,126.79000091552734,130.52999877929688,130.52999877929688,59537800.0,AMD,2021-11-03,0.022467644574080268
132.00999450683594,139.0,130.77000427246094,137.5,137.5,84825200.0,AMD,2021-11-04,0.05202084105782461
139.19000244140625,141.22000122070312,134.4199981689453,136.33999633789062,136.33999633789062,64920600.0,AMD,2021-11-05,-0.008472178032111685
137.6999969482422,153.60000610351562,137.6999969482422,150.16000366210938,150.16000366210938,141493800.0,AMD,2021-11-08,0.09654967759178731
154.00999450683594,155.64999389648438,143.88999938964844,148.9199981689453,148.9199981689453,98442600.0,AMD,2021-11-09,-0.00829217995734485
143.92999267578125,146.3000030517578,138.52000427246094,139.8699951171875,139.8699951171875,82989200.0,AMD,2021-11-10,-0.06269585182739311
142.9600067138672,146.47000122070312,140.83999633789062,146.00999450683594,146.00999450683594,67934800.0,AMD,2021-11-11,0.04296169001007367
146.02999877929688,148.58999633789062,144.25,147.88999938964844,147.88999938964844,52162100.0,AMD,2021-11-12,0.012793675159975934
148.0,148.97999572753906,142.86000061035156,146.49000549316406,146.49000549316406,52271300.0,AMD,2021-11-15,-0.009511545811375345
145.92999267578125,153.0800018310547,145.33999633789062,152.4499969482422,152.4499969482422,53100800.0,AMD,2021-11-16,0.03987944917593564
151.97999572753906,154.66000366210938,149.69000244140625,151.33999633789062,151.33999633789062,54527500.0,AMD,2021-11-17,-0.00730771634769305
157.07000732421875,158.88999938964844,152.55999755859375,155.02000427246094,155.02000427246094,60612700.0,AMD,2021-11-18,0.024025231345592386
155.75999450683594,156.9199981689453,153.4499969482422,155.41000366210938,155.41000366210938,41668900.0,AMD,2021-11-19,0.002512641077628392
157.13999938964844,161.8800048828125,152.38999938964844,152.52000427246094,152.52000427246094,58674100.0,AMD,2021-11-22,-0.01877104648987518
150.41000366210938,152.66000366210938,145.3000030517578,149.9199981689453,149.9199981689453,62852700.0,AMD,2021-11-23,-0.01719395672525925
149.4600067138672,157.92999267578125,147.19000244140625,157.8000030517578,157.8000030517578,60677100.0,AMD,2021-11-24,0.05122662147461004
155.8000030517578,158.10000610351562,152.80999755859375,154.80999755859375,154.80999755859375,36245100.0,AMD,2021-11-26,-0.019129884969142252
157.5,162.50999450683594,156.10000610351562,161.91000366210938,161.91000366210938,57438900.0,AMD,2021-11-29,0.04484210513480531
163.27999877929688,164.4600067138672,155.67999267578125,158.3699951171875,158.3699951171875,75182500.0,AMD,2021-11-30,-0.022106611244881672
160.3699951171875,160.8800048828125,148.9199981689453,149.11000061035156,149.11000061035156,64039100.0,AMD,2021-12-01,-0.060249743975844865
147.67999267578125,152.52999877929688,146.47000122070312,150.67999267578125,150.67999267578125,56161200.0,AMD,2021-12-02,0.010474041519956056
151.64999389648438,152.3800048828125,140.72000122070312,144.00999450683594,144.00999450683594,65910000.0,AMD,2021-12-03,-0.04527563075110258
141.13999938964844,141.30999755859375,134.1999969482422,139.05999755859375,139.05999755859375,66776500.0,AMD,2021-12-06,-0.03497722635059061
143.89999389648438,145.75999450683594,141.0,144.85000610351562,144.85000610351562,53359400.0,AMD,2021-12-07,0.040793289237783234
144.9600067138672,147.0399932861328,142.6999969482422,145.24000549316406,145.24000549316406,40977500.0,AMD,2021-12-08,0.0026888180152641076
145.16000366210938,146.69000244140625,137.8000030517578,138.10000610351562,138.10000610351562,53019900.0,AMD,2021-12-09,-0.05040947975583045
141.2899932861328,141.3699951171875,135.82000732421875,138.5500030517578,138.5500030517578,42224300.0,AMD,2021-12-10,0.0032531887237945587
138.25,139.39999389648438,133.4199981689453,133.8000030517578,133.8000030517578,42174000.0,AMD,2021-12-13,-0.03488512283290566
131.6699981689453,137.24000549316406,130.60000610351562,135.60000610351562,135.60000610351562,50754600.0,AMD,2021-12-14,0.013363250014989109
135.11000061035156,146.69000244140625,133.80999755859375,146.5,146.5,72425800.0,AMD,2021-12-15,0.0773160079396506
147.0,147.92999267578125,137.02000427246094,138.63999938964844,138.63999938964844,63369600.0,AMD,2021-12-16,-0.05514478745219176
136.3000030517578,142.0399932861328,136.11000061035156,137.75,137.75,55642100.0,AMD,2021-12-17,-0.006440192971906411
135.97000122070312,138.25999450683594,133.52000427246094,135.8000030517578,135.8000030517578,38195400.0,AMD,2021-12-20,-0.014257210435985006
138.19000244140625,144.5,135.14999389648438,144.25,144.25,57785200.0,AMD,2021-12-21,0.06036466779117012
142.64999389648438,144.5,140.27000427246094,143.8800048828125,143.8800048828125,46923700.0,AMD,2021-12-22,-0.002568252624085571
143.88999938964844,149.02000427246094,143.85000610351562,146.13999938964844,146.13999938964844,48653800.0,AMD,2021-12-23,0.015585409422463125
147.50999450683594,154.88999938964844,147.25,154.36000061035156,154.36000061035156,53296400.0,AMD,2021-12-27,0.054722478436910034
155.8800048828125,156.72999572753906,151.3800048828125,153.14999389648438,153.14999389648438,58699100.0,AMD,2021-12-28,-0.007869747197900307
152.82000732421875,154.33999633789062,147.2899932861328,148.25999450683594,148.25999450683594,51300200.0,AMD,2021-12-29,-0.03245034124790718
147.44000244140625,148.85000610351562,144.85000610351562,145.14999389648438,145.14999389648438,44358000.0,AMD,2021-12-30,-0.021199803756762524
146.16000366210938,148.61000061035156,143.5500030517578,143.89999389648438,143.89999389648438,49448100.0,AMD,2021-12-31,-0.008649076942585331
145.13999938964844,151.64999389648438,145.02000427246094,150.24000549316406,150.24000549316406,59396600.0,AMD,2022-01-03,0.04311548054420459
151.00999450683594,152.4199981689453,140.6999969482422,144.4199981689453,144.4199981689453,80200500.0,AMD,2022-01-04,-0.03950834367818823
142.82000732421875,143.75999450683594,135.2899932861328,136.14999389648438,136.14999389648438,65403200.0,AMD,2022-01-05,-0.058968534053937004
136.19000244140625,138.0,131.77000427246094,136.22999572753906,136.22999572753906,64802900.0,AMD,2022-01-06,0.0005874281254335956
136.27999877929688,137.44000244140625,131.1300048828125,132.0,132.0,58441100.0,AMD,2022-01-07,-0.03154267982948299
129.0800018310547,132.4199981689453,125.02999877929688,132.0,132.0,84671300.0,AMD,2022-01-10,0.0
133.4499969482422,138.99000549316406,131.58999633789062,137.30999755859375,137.30999755859375,77153900.0,AMD,2022-01-11,0.039439202967038435
138.58999633789062,140.57000732421875,135.77000427246094,137.47000122070312,137.47000122070312,69669600.0,AMD,2022-01-12,0.0011645948096974897
139.44000244140625,141.25,131.80999755859375,132.74000549316406,132.74000549316406,76618100.0,AMD,2022-01-13,-0.03501335126244453
131.67999267578125,137.0,131.42999267578125,136.8800048828125,136.8800048828125,71078400.0,AMD,2022-01-14,0.03071229615548802
134.5,136.38999938964844,131.58999633789062,131.92999267578125,131.92999267578125,56527400.0,AMD,2022-01-18,-0.036833241876412584
133.5500030517578,134.57000732421875,128.02000427246094,128.27000427246094,128.27000427246094,69831800.0,AMD,2022-01-19,-0.02813397275963759
126.04000091552734,128.50999450683594,121.41000366210938,121.88999938964844,121.88999938964844,91157300.0,AMD,2022-01-20,-0.05101845695975154
120.13999938964844,125.0199966430664,118.38999938964844,118.80999755859375,118.80999755859375,95685300.0,AMD,2022-01-21,-0.025593435738980687
115.4000015258789,116.7699966430664,107.5,116.52999877929688,116.52999877929688,116210100.0,AMD,2022-01-24,-0.01937681781163679
114.0999984741211,114.81999969482422,109.86000061035156,111.12999725341797,111.12999725341797,85102900.0,AMD,2022-01-25,-0.04744807762721297
114.55000305175781,117.16000366210938,108.62999725341797,110.70999908447266,110.70999908447266,94752600.0,AMD,2022-01-26,-0.003786500880742011
111.95999908447266,112.75,101.94000244140625,102.5999984741211,102.5999984741211,125954100.0,AMD,2022-01-27,-0.07607624373722109
101.55000305175781,105.4000015258789,99.3499984741211,105.23999786376953,105.23999786376953,98749500.0,AMD,2022-01-28,0.025405518008881734
107.93000030517578,114.30999755859375,106.9000015258789,114.25,114.25,97206000.0,AMD,2022-01-31,0.08214559390087749
116.75,117.26000213623047,112.7300033569336,116.77999877929688,116.77999877929688,122467900.0,AMD,2022-02-01,0.021902782628062088
129.88999938964844,130.05999755859375,120.63999938964844,122.76000213623047,122.76000213623047,180065000.0,AMD,2022-02-02,0.049939434750840915
120.31999969482422,125.37000274658203,118.81999969482422,120.08000183105469,120.08000183105469,103599500.0,AMD,2022-02-03,-0.022073044579387403
120.33999633789062,124.95999908447266,118.58000183105469,123.5999984741211,123.5999984741211,86212000.0,AMD,2022-02-04,0.02889233010446198
123.55999755859375,127.62999725341797,122.79000091552734,123.66999816894531,123.66999816894531,81672500.0,AMD,2022-02-07,0.00056618026970084
122.37999725341797,128.7100067138672,122.05000305175781,128.22999572753906,128.22999572753906,84902800.0,AMD,2022-02-08,0.03620878020429996
129.60000610351562,132.9600067138672,127.6500015258789,132.85000610351562,132.85000610351562,92948900.0,AMD,2022-02-09,0.035395224996439205
128.83999633789062,131.75999450683594,124.61000061035156,125.7699966430664,125.7699966430664,108939900.0,AMD,2022-02-10,-0.05476590278071969
126.13999938964844,127.16999816894531,111.80999755859375,113.18000030517578,113.18000030517578,164723200.0,AMD,2022-02-11,-0.1054753409572586
115.51000213623047,118.37000274658203,113.45999908447266,114.2699966430664,114.2699966430664,135146400.0,AMD,2022-02-14,0.009584565370660275
117.19000244140625,121.87999725341797,114.36000061035156,121.47000122070312,121.47000122070312,143975900.0,AMD,2022-02-15,0.061103288980186396
119.05000305175781,119.54000091552734,114.22000122070312,117.69000244140625,117.69000244140625,119109600.0,AMD,2022-02-16,-0.03161325912764793
116.26000213623047,116.9800033569336,112.26000213623047,112.37000274658203,112.37000274658203,98179600.0,AMD,2022-02-17,-0.04625704727183443
113.9000015258789,115.63999938964844,109.88999938964844,113.83000183105469,113.83000183105469,114321200.0,AMD,2022-02-18,0.01290910106087836
115.2699966430664,119.19999694824219,113.61000061035156,115.6500015258789,115.6500015258789,141648500.0,AMD,2022-02-22,0.015862278448389767
117.4000015258789,118.6500015258789,109.04000091552734,109.76000213623047,109.76000213623047,120299400.0,AMD,2022-02-23,-0.052272218431069876
104.55999755859375,116.95999908447266,104.26000213623047,116.61000061035156,116.61000061035156,142956600.0,AMD,2022-02-24,0.06053885532605262
117.16000366210938,121.2300033569336,116.04000091552734,121.05999755859375,121.05999755859375,127821000.0,AMD,2022-02-25,0.03745123153026133
120.30999755859375,124.61000061035156,119.19999694824219,123.33999633789062,123.33999633789062,124666100.0,AMD,2022-02-28,0.018658469575542513
122.33000183105469,122.43000030517578,112.80000305175781,113.83000183105469,113.83000183105469,126552200.0,AMD,2022-03-01,-0.08023861644917647
115.47000122070312,119.4800033569336,113.30999755859375,118.27999877929688,118.27999877929688,118354500.0,AMD,2022-03-02,0.03834856124082773
118.12999725341797,118.26000213623047,111.05000305175781,111.9800033569336,111.9800033569336,123916700.0,AMD,2022-03-03,-0.054734370765102465
112.0,113.0,106.80999755859375,108.41000366210938,108.41000366210938,100609400.0,AMD,2022-03-04,-0.03239994444534096
108.52999877929688,109.52999877929688,102.81999969482422,102.94999694824219,102.94999694824219,92600000.0,AMD,2022-03-07,-0.05167696562268887
102.80999755859375,109.9000015258789,100.08000183105469,105.52999877929688,105.52999877929688,135348300.0,AMD,2022-03-08,0.02475185728495075
108.41000366210938,111.70999908447266,106.8499984741211,111.05000305175781,111.05000305175781,102310300.0,AMD,2022-03-09,0.050985316705728645
108.88999938964844,109.06999969482422,103.06999969482422,106.45999908447266,106.45999908447266,102557400.0,AMD,2022-03-10,-0.04221125867649044
108.12999725341797,108.19000244140625,104.08000183105469,104.29000091552734,104.29000091552734,87584400.0,AMD,2022-03-11,-0.02059383023309044
102.98999786376953,105.23999786376953,101.04000091552734,102.25,102.25,89731700.0,AMD,2022-03-14,-0.0197546939888789
102.66000366210938,109.69000244140625,101.79000091552734,109.33000183105469,109.33000183105469,112425500.0,AMD,2022-03-15,0.06695005327144413
111.5999984741211,115.41999816894531,109.88999938964844,115.37000274658203,115.37000274658203,113689800.0,AMD,2022-03-16,0.05377353055156917
112.13999938964844,114.2699966430664,109.70999908447266,111.69000244140625,111.69000244140625,103201700.0,AMD,2022-03-17,-0.0324171803344175
111.27999877929688,114.93000030517578,110.55000305175781,113.45999908447266,113.45999908447266,105834800.0,AMD,2022-03-18,0.01572314541775015
113.7300033569336,117.56999969482422,112.54000091552734,115.91999816894531,115.91999816894531,101905900.0,AMD,2022-03-21,0.021449938387321756
115.43000030517578,117.94999694824219,113.80999755859375,114.77999877929688,114.77999877929688,101672600.0,AMD,2022-03-22,-0.009883040171517737
114.29000091552734,117.55000305175781,112.20999908447266,113.91999816894531,113.91999816894531,90579200.0,AMD,2022-03-23,-0.007520810454558243
114.95999908447266,120.55000305175781,113.70999908447266,120.52999877929688,120.52999877929688,121961300.0,AMD,2022-03-24,0.0564022428819544
119.91999816894531,121.4000015258789,117.25,119.66999816894531,119.66999816894531,95852400.0,AMD,2022-03-25,-0.007160735187898798
117.69999694824219,120.41000366210938,116.70999908447266,120.23999786376953,120.23999786376953,92966100.0,AMD,2022-03-28,0.004751788393772814
122.27999877929688,123.70999908447266,119.58999633789062,123.2300033569336,123.2300033569336,94143000.0,AMD,2022-03-29,0.024562827512904544
123.04000091552734,125.66999816894531,118.58999633789062,119.22000122070312,119.22000122070312,99476900.0,AMD,2022-03-30,-0.03308201916037515
116.30999755859375,116.37999725341797,109.0199966430664,109.33999633789062,109.33999633789062,147004800.0,AMD,2022-03-31,-0.08650827605686844
110.4800033569336,111.41999816894531,106.0999984741211,108.19000244140625,108.19000244140625,111867100.0,AMD,2022-04-01,-0.010573296708596122
109.97000122070312,110.94000244140625,107.02999877929688,110.52999877929688,110.52999877929688,90123900.0,AMD,2022-04-04,0.021398003013379255
109.69000244140625,110.4800033569336,106.05000305175781,106.81999969482422,106.81999969482422,79532000.0,AMD,2022-04-05,-0.034141794224067094
104.44999694824219,105.73999786376953,101.70999908447266,103.66999816894531,103.66999816894531,105256600.0,AMD,2022-04-06,-0.02993241238202657
103.91999816894531,105.23999786376953,100.91000366210938,103.72000122070312,103.72000122070312,91895500.0,AMD,2022-04-07,0.00048221276699846
102.51000213623047,102.98999786376953,100.41999816894531,101.0,101.0,92746700.0,AMD,2022-04-08,-0.02657445559842054
98.5999984741211,98.66999816894531,95.94000244140625,97.37000274658203,97.37000274658203,95527700.0,AMD,2022-04-11,-0.036602333642912696
98.77999877929688,99.58999633789062,94.5999984741211,95.0999984741211,95.0999984741211,89246400.0,AMD,2022-04-12,-0.023589229691996075
95.30000305175781,98.33000183105469,94.70999908447266,97.73999786376953,97.73999786376953,77728400.0,AMD,2022-04-13,0.02738191647940181
98.37000274658203,98.38999938964844,92.91999816894531,93.05999755859375,93.05999755859375,73354400.0,AMD,2022-04-14,-0.049066449804004764
92.02999877929688,95.16000366210938,91.63999938964844,93.88999938964844,93.88999938964844,80605800.0,AMD,2022-04-18,0.008879457587999545
93.38999938964844,97.06999969482422,92.83999633789062,96.93000030517578,96.93000030517578,77069500.0,AMD,2022-04-19,0.031865193883183686
97.83999633789062,97.91000366210938,93.19999694824219,94.0199966430664,94.0199966430664,62489000.0,AMD,2022-04-20,-0.030481581761409672
95.16000366210938,96.2300033569336,89.23999786376953,89.8499984741211,89.8499984741211,76680600.0,AMD,2022-04-21,-0.04536589364446734
90.02999877929688,91.45999908447266,87.94000244140625,88.13999938964844,88.13999938964844,75017700.0,AMD,2022-04-22,-0.019215143758009243
89.86000061035156,91.37000274658203,88.61000061035156,90.69000244140625,90.69000244140625,93481000.0,AMD,2022-04-25,0.028520671890778268
89.73999786376953,90.12000274658203,85.08000183105469,85.16000366210938,85.16000366210938,89127400.0,AMD,2022-04-26,-0.0629152413518515
84.25,87.9000015258789,84.0199966430664,84.91000366210938,84.91000366210938,83125100.0,AMD,2022-04-27,-0.0029399678873941195
86.66999816894531,90.58000183105469,84.77999877929688,89.63999938964844,89.63999938964844,91495400.0,AMD,2022-04-28,0.054209726983229255
88.05000305175781,91.79000091552734,85.37999725341797,85.5199966430664,85.5199966430664,82647700.0,AMD,2022-04-29,-0.04705141466021663
85.66000366210938,90.37000274658203,85.31999969482422,89.83999633789062,89.83999633789062,98304100.0,AMD,2022-05-02,0.04928004220402605
89.8499984741211,92.20999908447266,89.01000213623047,91.12999725341797,91.12999725341797,126381800.0,AMD,2022-05-03,0.01425675870125477
98.18000030517578,99.69000244140625,91.69999694824219,99.41999816894531,99.41999816894531,225394100.0,AMD,2022-05-04,0.08706625388028799
97.6500015258789,97.83999633789062,92.16999816894531,93.87000274658203,93.87000274658203,153129800.0,AMD,2022-05-05,-0.057442406640835796
94.33999633789062,98.18000030517578,92.6500015258789,95.33999633789062,95.33999633789062,144286600.0,AMD,2022-05-06,0.015538535757307195
92.87000274658203,93.73999786376953,85.37999725341797,86.36000061035156,86.36000061035156,144523700.0,AMD,2022-05-09,-0.09892479865149745
89.18000030517578,90.7699966430664,85.41000366210938,88.7300033569336,88.7300033569336,137235500.0,AMD,2022-05-10,0.02707347596624255
87.83999633789062,93.45999908447266,86.52999877929688,87.91999816894531,87.91999816894531,136137900.0,AMD,2022-05-11,-0.009170799411382354
86.5999984741211,88.55000305175781,83.2699966430664,87.05999755859375,87.05999755859375,129214200.0,AMD,2022-05-12,-0.009829781187642815
88.30000305175781,96.56999969482422,88.22000122070312,95.12000274658203,95.12000274658203,138068100.0,AMD,2022-05-13,0.08854177317609203
93.86000061035156,98.16999816894531,93.08000183105469,94.23999786376953,94.23999786376953,131065700.0,AMD,2022-05-16,-0.009294584022146238
97.87999725341797,103.19999694824219,97.54000091552734,102.47000122070312,102.47000122070312,164227200.0,AMD,2022-05-17,0.08372538748911598
100.0,104.22000122070312,95.70999908447266,96.27999877929688,96.27999877929688,142603200.0,AMD,2022-05-18,-0.062309484488218846
96.69000244140625,100.69000244140625,95.08999633789062,96.66999816894531,96.66999816894531,141506200.0,AMD,2022-05-19,0.004042497299028882
98.38999938964844,98.63999938964844,88.26000213623047,93.5,93.5,164126800.0,AMD,2022-05-20,-0.033341661240580626
91.66000366210938,95.19000244140625,90.91999816894531,95.06999969482422,95.06999969482422,128773000.0,AMD,2022-05-23,0.016652022866286274
92.54000091552734,93.41999816894531,89.62000274658203,91.16000366210938,91.16000366210938,123341400.0,AMD,2022-05-24,-0.041997214611117537
90.43000030517578,93.88999938964844,89.5199966430664,92.6500015258789,92.6500015258789,111771100.0,AMD,2022-05-25,0.01621272465083974
91.33999633789062,100.33000183105469,90.73999786376953,98.75,98.75,128792700.0,AMD,2022-05-26,0.06376243458058146
100.13999938964844,102.4000015258789,99.37999725341797,102.26000213623047,102.26000213623047,104348400.0,AMD,2022-05-27,0.03492720676080816
102.43000030517578,104.55000305175781,100.04000091552734,101.86000061035156,101.86000061035156,125102900.0,AMD,2022-05-31,-0.0039192830935176155
102.12999725341797,103.56999969482422,99.55000305175781,101.22000122070312,101.22000122070312,99351400.0,AMD,2022-06-01,-0.006302949602689425
100.77999877929688,109.5,100.77999877929688,108.58999633789062,108.58999633789062,120953800.0,AMD,2022-06-02,0.07028291065879007
105.80000305175781,109.38999938964844,104.6500015258789,106.30000305175781,106.30000305175781,110844700.0,AMD,2022-06-03,-0.02131397444780417
108.2699966430664,109.56999969482422,104.2300033569336,105.6500015258789,105.6500015258789,96726900.0,AMD,2022-06-06,-0.006133555551980251
104.23999786376953,106.23999786376953,102.61000061035156,105.27999877929688,105.27999877929688,79022900.0,AMD,2022-06-07,-0.003508302522655502
104.56999969482422,105.8499984741211,100.41000366210938,101.9000015258789,101.9000015258789,97641900.0,AMD,2022-06-08,-0.0326315007792257
101.56999969482422,103.94000244140625,98.73999786376953,98.80000305175781,98.80000305175781,95299000.0,AMD,2022-06-09,-0.030894319560898133
98.81999969482422,99.93000030517578,94.25,94.81999969482422,94.81999969482422,102135400.0,AMD,2022-06-10,-0.04111728138656111
91.26000213623047,92.02999877929688,86.63999938964844,86.98999786376953,86.98999786376953,98148800.0,AMD,2022-06-13,-0.0861872092932443
87.41000366210938,88.30000305175781,85.81999969482422,86.98999786376953,86.98999786376953,84066600.0,AMD,2022-06-14,0.0
87.9000015258789,90.86000061035156,86.19000244140625,89.30000305175781,89.30000305175781,95774800.0,AMD,2022-06-15,0.026208377094419113
86.62999725341797,86.7300033569336,80.63999938964844,82.05000305175781,82.05000305175781,102433300.0,AMD,2022-06-16,-0.08467266732669369
82.19000244140625,82.94000244140625,79.43000030517578,81.56999969482422,81.56999969482422,105212300.0,AMD,2022-06-17,-0.005867311158764454
84.16999816894531,85.80999755859375,82.5999984741211,83.79000091552734,83.79000091552734,87780600.0,AMD,2022-06-21,0.026852135980431832
84.4000015258789,86.37999725341797,83.30000305175781,83.75,83.75,86634700.0,AMD,2022-06-22,-0.0004775088464703896
84.31999969482422,84.41000366210938,80.2300033569336,82.43000030517578,82.43000030517578,100614600.0,AMD,2022-06-23,-0.015886718677797975
83.55999755859375,87.52999877929688,83.08000183105469,87.08000183105469,87.08000183105469,88553900.0,AMD,2022-06-24,0.05487780536623891
87.36000061035156,88.22000122070312,85.25,86.16000366210938,86.16000366210938,74663500.0,AMD,2022-06-27,-0.010621182041893737
85.70999908447266,86.7300033569336,80.43000030517578,80.77999877929688,80.77999877929688,95618600.0,AMD,2022-06-28,-0.06447668032790861
79.55000305175781,79.75,76.51000213623047,77.98999786376953,77.98999786376953,104140900.0,AMD,2022-06-29,-0.035148809072489795
77.7300033569336,78.91000366210938,75.4800033569336,76.47000122070312,76.47000122070312,105368600.0,AMD,2022-06-30,-0.019682062932027213
75.19000244140625,75.44999694824219,72.69000244140625,73.66999816894531,73.66999816894531,87734200.0,AMD,2022-07-01,-0.037302887179396726
71.9800033569336,75.20999908447266,71.5999984741211,75.19999694824219,75.19999694824219,95589000.0,AMD,2022-07-05,0.020555554534006978
75.16999816894531,76.27999877929688,73.55000305175781,75.3499984741211,75.3499984741211,85458900.0,AMD,2022-07-06,0.0019927144480472907
77.19000244140625,79.98999786376953,76.9000015258789,79.30000305175781,79.30000305175781,83640900.0,AMD,2022-07-07,0.05109426230255185
78.30999755859375,80.47000122070312,77.4000015258789,79.3499984741211,79.3499984741211,83405900.0,AMD,2022-07-08,0.0006302606181832836
77.8499984741211,78.29000091552734,75.83999633789062,76.94999694824219,76.94999694824219,76150300.0,AMD,2022-07-11,-0.03071260711677352
76.9800033569336,77.44000244140625,74.43000030517578,76.36000061035156,76.36000061035156,77873200.0,AMD,2022-07-12,-0.0076968137752899835
74.94000244140625,79.11000061035156,74.4800033569336,77.5199966430664,77.5199966430664,79355000.0,AMD,2022-07-13,0.015076917427786404
78.2300033569336,79.25,76.0,78.5999984741211,78.5999984741211,83493600.0,AMD,2022-07-14,0.01383575574353011
79.36000061035156,81.19999694824219,77.9000015258789,81.11000061035156,81.11000061035156,76050600.0,AMD,2022-07-15,0.03143458558529574
82.20999908447266,84.47000122070312,80.94000244140625,81.43000030517578,81.43000030517578,90464300.0,AMD,2022-07-18,0.003937493619508253
82.76000213623047,86.41000366210938,82.19000244140625,85.87999725341797,85.87999725341797,85047500.0,AMD,2022-07-19,0.053207181802207
85.38999938964844,89.91999816894531,85.08000183105469,89.43000030517578,89.43000030517578,88348600.0,AMD,2022-07-20,0.04050525874159007
89.5999984741211,91.58000183105469,88.22000122070312,91.08999633789062,91.08999633789062,90449300.0,AMD,2022-07-21,0.018391788782975007
90.19999694824219,90.69000244140625,87.04000091552734,88.0999984741211,88.0999984741211,76989700.0,AMD,2022-07-22,-0.03337547293123661
86.56999969482422,87.5999984741211,85.12000274658203,87.54000091552734,87.54000091552734,70083000.0,AMD,2022-07-25,-0.006376673401144364
87.0,87.75,84.70999908447266,85.25,85.25,69180400.0,AMD,2022-07-26,-0.0265077260575117
86.94000244140625,90.62000274658203,86.29000091552734,89.81999969482422,89.81999969482422,78301600.0,AMD,2022-07-27,0.05221954809832848
90.41999816894531,92.22000122070312,88.58999633789062,91.66999816894531,91.66999816894531,79009200.0,AMD,2022-07-28,0.02038748773731374
90.69999694824219,94.80999755859375,90.55999755859375,94.47000122070312,94.47000122070312,76630700.0,AMD,2022-07-29,0.030087184703370115
95.58999633789062,98.38999938964844,93.95999908447266,96.77999877929688,96.77999877929688,96477500.0,AMD,2022-08-01,0.0241580120493586
95.70999908447266,100.91999816894531,95.36000061035156,99.29000091552734,99.29000091552734,116734100.0,AMD,2022-08-02,0.025604521514246557
94.83000183105469,98.7699966430664,93.62000274658203,98.08999633789062,98.08999633789062,131142000.0,AMD,2022-08-03,-0.01215948302419638
97.5,104.58999633789062,97.26000213623047,103.91000366210938,103.91000366210938,125855800.0,AMD,2022-08-04,0.0576397878655967
101.05000305175781,103.86000061035156,100.9800033569336,102.30999755859375,102.30999755859375,93859900.0,AMD,2022-08-05,-0.015517779079626547
100.05999755859375,101.80000305175781,97.98999786376953,100.06999969482422,100.06999969482422,92606800.0,AMD,2022-08-08,-0.022137457975275627
97.94999694824219,98.05000305175781,93.66999816894531,95.54000091552734,95.54000091552734,89473700.0,AMD,2022-08-09,-0.04632492050826578
98.44999694824219,99.3499984741211,95.61000061035156,99.05000305175781,99.05000305175781,83416100.0,AMD,2022-08-10,0.03607978641035946
99.93000030517578,102.37000274658203,98.0,98.12000274658203,98.12000274658203,77516900.0,AMD,2022-08-11,-0.009433556572475741
99.19999694824219,101.4000015258789,98.4800033569336,100.83000183105469,100.83000183105469,72316300.0,AMD,2022-08-12,0.027244701182584853
100.51000213623047,101.8499984741211,99.80000305175781,101.01000213623047,101.01000213623047,61327100.0,AMD,2022-08-15,0.0017835944248511513
100.83999633789062,101.44999694824219,98.31999969482422,100.19999694824219,100.19999694824219,60220700.0,AMD,2022-08-16,-0.008051384795696228
99.26000213623047,99.63999938964844,96.7300033569336,98.2699966430664,98.2699966430664,63735600.0,AMD,2022-08-17,-0.019449399980073515
97.73999786376953,101.06999969482422,96.7300033569336,100.44000244140625,100.44000244140625,76059500.0,AMD,2022-08-18,0.021841800382469453
98.66999816894531,99.25,94.58999633789062,95.94999694824219,95.94999694824219,67221700.0,AMD,2022-08-19,-0.045733367948496154
94.4000015258789,95.0199966430664,92.36000061035156,92.83999633789062,92.83999633789062,61837300.0,AMD,2022-08-22,-0.03294964868714674
92.38999938964844,94.44000244140625,92.11000061035156,92.48999786376953,92.48999786376953,52927000.0,AMD,2022-08-23,-0.0037770344915643472
92.20999908447266,93.37999725341797,90.9000015258789,92.7300033569336,92.7300033569336,56520400.0,AMD,2022-08-24,0.0025915735440062765
93.13999938964844,97.56999969482422,93.13999938964844,97.18000030517578,97.18000030517578,61016200.0,AMD,2022-08-25,0.04687285110477742
96.29000091552734,97.5999984741211,91.12000274658203,91.18000030517578,91.18000030517578,65552500.0,AMD,2022-08-26,-0.06372935398581657
90.05000305175781,91.19000244140625,88.26000213623047,88.48999786376953,88.48999786376953,61142500.0,AMD,2022-08-29,-0.029946050993921617
90.05999755859375,90.1500015258789,85.33999633789062,86.94000244140625,86.94000244140625,69087100.0,AMD,2022-08-30,-0.017671273496180372
86.27999877929688,86.72000122070312,83.72000122070312,84.87000274658203,84.87000274658203,64991700.0,AMD,2022-08-31,-0.024097547298343052
82.3499984741211,82.76000213623047,78.5199966430664,82.33000183105469,82.33000183105469,94854700.0,AMD,2022-09-01,-0.030385122793044495
83.31999969482422,83.6500015258789,79.80999755859375,80.23999786376953,80.23999786376953,84924400.0,AMD,2022-09-02,-0.025713466520097577
80.41000366210938,80.88999938964844,78.37000274658203,78.72000122070312,78.72000122070312,68727300.0,AMD,2022-09-06,-0.019124848779770644
79.23999786376953,80.25,77.73999786376953,79.61000061035156,79.61000061035156,67891200.0,AMD,2022-09-07,0.01124245251635944
80.02999877929688,83.44999694824219,79.23999786376953,82.77999877929688,82.77999877929688,89089300.0,AMD,2022-09-08,0.039046750806976026
84.02999877929688,85.68000030517578,83.83999633789062,85.44999694824219,85.44999694824219,68907700.0,AMD,2022-09-09,0.03174490227340706
84.88999938964844,85.3499984741211,83.45999908447266,84.63999938964844,84.63999938964844,71922500.0,AMD,2022-09-12,-0.009524412948798786
80.95999908447266,81.47000122070312,76.80000305175781,77.02999877929688,77.02999877929688,80921200.0,AMD,2022-09-13,-0.09421202038108016
77.0999984741211,78.08000183105469,75.87000274658203,77.44999694824219,77.44999694824219,71483000.0,AMD,2022-09-14,0.0054375869421743215
76.63999938964844,77.97000122070312,74.91000366210938,76.66000366210938,76.66000366210938,81818000.0,AMD,2022-09-15,-0.010252419736729506
75.62000274658203,76.81999969482422,74.68000030517578,76.51000213623047,76.51000213623047,75300200.0,AMD,2022-09-16,-0.0019586285585143364
75.38999938964844,77.33999633789062,75.3499984741211,76.7699966430664,76.7699966430664,64966900.0,AMD,2022-09-19,0.003392415947960866
76.08000183105469,76.58000183105469,74.7300033569336,75.25,75.25,51129100.0,AMD,2022-09-20,-0.019997991483667366
75.44000244140625,78.41000366210938,74.44999694824219,74.4800033569336,74.4800033569336,82069700.0,AMD,2022-09-21,-0.01028522558856342
73.88999938964844,74.29000091552734,69.16999816894531,69.5,69.5,101436900.0,AMD,2022-09-22,-0.0692039254696753
68.0,69.08000183105469,66.81999969482422,67.95999908447266,67.95999908447266,87690000.0,AMD,2022-09-23,-0.02240746923857711
67.87000274658203,68.73999786376953,66.25,66.30000305175781,66.30000305175781,82898700.0,AMD,2022-09-26,-0.024729340110824
67.9000015258789,68.77999877929688,66.0,67.16999816894531,67.16999816894531,94871800.0,AMD,2022-09-27,0.013036748797420086
67.11000061035156,68.80000305175781,66.55999755859375,68.36000061035156,68.36000061035156,72389500.0,AMD,2022-09-28,0.017561175157114278
67.1500015258789,67.19999694824219,62.83000183105469,64.13999938964844,64.13999938964844,102552400.0,AMD,2022-09-29,-0.06371968242679818
63.619998931884766,65.91000366210938,63.34000015258789,63.36000061035156,63.36000061035156,81664100.0,AMD,2022-09-30,-0.012235427609837438
64.45999908447266,66.91000366210938,63.38999938964844,66.11000061035156,66.11000061035156,83841600.0,AMD,2022-10-03,0.04248727343860618
68.2699966430664,69.18000030517578,67.33000183105469,67.9000015258789,67.9000015258789,77160500.0,AMD,2022-10-04,0.02671602645924321
66.58999633789062,68.69000244140625,64.5199966430664,67.94000244140625,67.94000244140625,87127400.0,AMD,2022-10-05,0.0005889416300838184
67.81999969482422,70.29000091552734,67.66000366210938,67.8499984741211,67.8499984741211,98325900.0,AMD,2022-10-06,-0.0013256348753033303
64.01000213623047,64.02999877929688,58.220001220703125,58.439998626708984,58.439998626708984,163786300.0,AMD,2022-10-07,-0.14929880040853744
57.310001373291016,58.790000915527344,56.29999923706055,57.810001373291016,57.810001373291016,112241800.0,AMD,2022-10-10,-0.010838768533702027
57.209999084472656,58.91999816894531,56.04999923706055,57.630001068115234,57.630001068115234,114054800.0,AMD,2022-10-11,-0.0031185108670457305
57.45000076293945,58.31999969482422,56.31999969482422,57.849998474121094,57.849998474121094,89264200.0,AMD,2022-10-12,0.003810143280624359
55.52000045776367,60.13999938964844,54.56999969482422,58.939998626708984,58.939998626708984,131159800.0,AMD,2022-10-13,0.018666526746521517
59.599998474121094,59.939998626708984,55.84000015258789,55.939998626708984,55.939998626708984,96959300.0,AMD,2022-10-14,-0.05224029078527811
57.349998474121094,58.5099983215332,57.099998474121094,57.959999084472656,57.959999084472656,76977600.0,AMD,2022-10-17,0.03547343843217706
59.90999984741211,60.4900016784668,56.400001525878906,57.91999816894531,57.91999816894531,103064500.0,AMD,2022-10-18,-0.0006903851926863856
57.33000183105469,59.040000915527344,56.56999969482422,57.22999954223633,57.22999954223633,75704800.0,AMD,2022-10-19,-0.011984488041602558
57.470001220703125,60.20000076293945,57.400001525878906,57.77000045776367,57.77000045776367,79552600.0,AMD,2022-10-20,0.009391389294729111
57.220001220703125,58.90999984741211,55.709999084472656,58.81999969482422,58.81999969482422,95366400.0,AMD,2022-10-21,0.018012310220475704
58.56999969482422,59.0,56.65999984741211,58.70000076293945,58.70000076293945,76305400.0,AMD,2022-10-24,-0.002042188106233722
58.77000045776367,61.97999954223633,58.689998626708984,61.470001220703125,61.470001220703125,85501900.0,AMD,2022-10-25,0.04610953094612056
59.689998626708984,61.77000045776367,59.150001525878906,59.72999954223633,59.72999954223633,79761600.0,AMD,2022-10-26,-0.028714871697103673
61.599998474121094,62.720001220703125,58.5099983215332,58.599998474121094,58.599998474121094,83871400.0,AMD,2022-10-27,-0.019099728536255158
59.099998474121094,62.349998474121094,58.91999816894531,62.0099983215332,62.0099983215332,78198600.0,AMD,2022-10-28,0.05656096475002947
60.75,61.86000061035156,59.529998779296875,60.060001373291016,60.060001373291016,73274100.0,AMD,2022-10-31,-0.03195154987360462
61.4900016784668,61.9900016784668,59.43000030517578,59.65999984741211,59.65999984741211,83806700.0,AMD,2022-11-01,-0.006682308891524457
63.0,63.93000030517578,58.56999969482422,58.630001068115234,58.630001068115234,142669400.0,AMD,2022-11-02,-0.017415247334958372
58.11000061035156,62.279998779296875,58.029998779296875,60.11000061035156,60.11000061035156,95279900.0,AMD,2022-11-03,0.024929698010961704
62.5,63.0,60.529998779296875,62.189998626708984,62.189998626708984,84791300.0,AMD,2022-11-04,0.03401796582863271
62.93000030517578,63.529998779296875,61.400001525878906,63.08000183105469,63.08000183105469,62722500.0,AMD,2022-11-07,0.014209598088723218
64.08999633789062,64.95999908447266,62.369998931884766,63.849998474121094,63.849998474121094,75938000.0,AMD,2022-11-08,0.012132767458342531
62.279998779296875,63.04999923706055,59.79999923706055,59.91999816894531,59.91999816894531,62940300.0,AMD,2022-11-09,-0.06352624993003846
64.30000305175781,68.80000305175781,63.619998931884766,68.47000122070312,68.47000122070312,107996300.0,AMD,2022-11-10,0.13338540231062204
69.58000183105469,73.31999969482422,68.29000091552734,72.37000274658203,72.37000274658203,111709500.0,AMD,2022-11-11,0.05539617586871442
75.22000122070312,75.25,72.66999816894531,73.52999877929688,73.52999877929688,108892800.0,AMD,2022-11-14,0.01590158277672371
77.26000213623047,79.16000366210938,75.38999938964844,76.37000274658203,76.37000274658203,108946300.0,AMD,2022-11-15,0.03789651525773973
73.66000366210938,74.83000183105469,71.93000030517578,72.69999694824219,72.69999694824219,79968000.0,AMD,2022-11-16,-0.04924864230237936
70.55999755859375,74.37999725341797,70.16000366210938,73.9000015258789,73.9000015258789,82320800.0,AMD,2022-11-17,0.016371506039982244
75.06999969482422,75.3499984741211,72.18000030517578,73.56999969482422,73.56999969482422,73223200.0,AMD,2022-11-18,-0.004475518805971448
72.20999908447266,72.9800033569336,71.56999969482422,72.45999908447266,72.45999908447266,51536300.0,AMD,2022-11-21,-0.015202656964075502
72.72000122070312,75.33000183105469,72.11000061035156,75.25,75.25,55450200.0,AMD,2022-11-22,0.03778123079698833
75.48999786376953,78.22000122070312,75.30000305175781,76.4000015258789,76.4000015258789,81623600.0,AMD,2022-11-23,0.015166812515726574
75.66999816894531,76.04000091552734,74.75,75.13999938964844,75.13999938964844,26018900.0,AMD,2022-11-25,-0.016629684121746972
73.80999755859375,75.47000122070312,72.56999969482422,73.19000244140625,73.19000244140625,45383800.0,AMD,2022-11-28,-0.02629419905272802
73.62000274658203,74.48999786376953,72.77999877929688,73.38999938964844,73.38999938964844,51846400.0,AMD,2022-11-29,0.00272884527018541
73.37999725341797,77.69999694824219,72.80999755859375,77.62999725341797,77.62999725341797,88468400.0,AMD,2022-11-30,0.05616623679674595
78.30999755859375,79.2300033569336,76.44000244140625,77.4800033569336,77.4800033569336,59833400.0,AMD,2022-12-01,-0.001934033171920614
75.05000305175781,76.27999877929688,73.6500015258789,74.9800033569336,74.9800033569336,64377200.0,AMD,2022-12-02,-0.03279842578642893
74.54000091552734,75.16999816894531,72.81999969482422,73.62000274658203,73.62000274658203,47022200.0,AMD,2022-12-05,-0.01830469082039139
73.08000183105469,73.38999938964844,69.4000015258789,70.2699966430664,70.2699966430664,64965200.0,AMD,2022-12-06,-0.04657184782625293
69.52999877929688,71.37000274658203,69.27999877929688,70.13999938964844,70.13999938964844,59180100.0,AMD,2022-12-07,-0.0018516814220463878
70.13999938964844,71.22000122070312,69.0,70.47000122070312,70.47000122070312,56734100.0,AMD,2022-12-08,0.00469386865111235
69.48999786376953,70.66999816894531,68.5199966430664,68.58999633789062,68.58999633789062,59058300.0,AMD,2022-12-09,-0.027040406541313053
68.54000091552734,70.66999816894531,67.52999877929688,70.66999816894531,70.66999816894531,60968300.0,AMD,2022-12-12,0.02987443067290646
74.87000274658203,75.20999908447266,70.66000366210938,71.6500015258789,71.6500015258789,72458000.0,AMD,2022-12-13,0.013772046777633181
70.93000030517578,72.0,68.31999969482422,68.93000030517578,68.93000030517578,67278000.0,AMD,2022-12-14,-0.03870167424557754
67.5999984741211,68.20999908447266,66.12000274658203,66.52999877929688,66.52999877929688,58557000.0,AMD,2022-12-15,-0.03543854591925399
66.25,67.19000244140625,64.80000305175781,65.41000366210938,65.41000366210938,62438600.0,AMD,2022-12-16,-0.01697774744552009
65.12000274658203,65.58999633789062,63.709999084472656,64.58999633789062,64.58999633789062,46246900.0,AMD,2022-12-19,-0.01261566461351191
63.7599983215332,66.05999755859375,63.52000045776367,65.05000305175781,65.05000305175781,52431300.0,AMD,2022-12-20,0.007096708525942241
65.43000030517578,67.8499984741211,65.20999908447266,67.68000030517578,67.68000030517578,44167600.0,AMD,2022-12-21,0.039634467934520634
66.08000183105469,66.30999755859375,62.2599983215332,63.86000061035156,63.86000061035156,73917700.0,AMD,2022-12-22,-0.058097522962779834
63.11000061035156,64.66000366210938,62.720001220703125,64.5199966430664,64.5199966430664,45923000.0,AMD,2022-12-23,0.010282004383371391
63.869998931884766,64.27999877929688,62.970001220703125,63.27000045776367,63.27000045776367,36086000.0,AMD,2022-12-27,-0.019563910833782443
62.540000915527344,63.540000915527344,61.959999084472656,62.56999969482422,62.56999969482422,39526500.0,AMD,2022-12-28,-0.011125365260953146
63.63999938964844,65.18000030517578,63.060001373291016,64.81999969482422,64.81999969482422,41428500.0,AMD,2022-12-29,0.035328267872429334
63.77000045776367,64.81999969482422,63.13999938964844,64.7699966430664,64.7699966430664,37127000.0,AMD,2022-12-30,-0.0007717116390527107
66.0,66.87999725341797,63.59000015258789,64.0199966430664,64.0199966430664,46851800.0,AMD,2023-01-03,-0.01164699926028446
65.0,65.79000091552734,63.310001373291016,64.66000366210938,64.66000366210938,47477100.0,AMD,2023-01-04,0.009947346827667153
64.1500015258789,64.3499984741211,62.29999923706055,62.33000183105469,62.33000183105469,46159500.0,AMD,2023-01-05,-0.03669994873614295
63.150001525878906,64.30000305175781,60.04999923706055,63.959999084472656,63.959999084472656,70161300.0,AMD,2023-01-06,0.025814993454153806
66.22000122070312,69.31999969482422,65.66999816894531,67.23999786376953,67.23999786376953,69741300.0,AMD,2023-01-09,0.050010403118488936
66.66999816894531,68.1500015258789,66.55999755859375,68.05000305175781,68.05000305175781,41149600.0,AMD,2023-01-10,0.01197449717310929
68.38999938964844,69.12999725341797,67.22000122070312,69.05999755859375,69.05999755859375,44470100.0,AMD,2023-01-11,0.014732882666596715
70.06999969482422,71.6500015258789,67.18000030517578,70.80000305175781,70.80000305175781,70066200.0,AMD,2023-01-12,0.02488338719370984
69.83999633789062,71.0999984741211,69.2300033569336,71.0,71.0,45757400.0,AMD,2023-01-13,0.0028208332377184604
70.87000274658203,72.66000366210938,70.6500015258789,71.58999633789062,71.58999633789062,42621300.0,AMD,2023-01-17,0.008275471212853493
71.87000274658203,72.77999877929688,70.5,70.52999877929688,70.52999877929688,39538700.0,AMD,2023-01-18,-0.014917214341654312
68.97000122070312,69.25,67.2699966430664,67.70999908447266,67.70999908447266,47189900.0,AMD,2023-01-19,-0.04080426793626249
68.01000213623047,70.12999725341797,67.44999694824219,70.06999969482422,70.06999969482422,47757600.0,AMD,2023-01-20,0.03426087205089168
72.22000122070312,76.58999633789062,71.54000091552734,76.52999877929688,76.52999877929688,84293200.0,AMD,2023-01-23,0.08818806684403728
73.75,75.63999938964844,73.41999816894531,74.69999694824219,74.69999694824219,60822600.0,AMD,2023-01-24,-0.02420275358592863
72.9000015258789,75.12000274658203,72.08999633789062,74.91000366210938,74.91000366210938,49932600.0,AMD,2023-01-25,0.0028073905613269514
76.5,77.08000183105469,74.27999877929688,75.16000366210938,75.16000366210938,49583900.0,AMD,2023-01-26,0.003331781422863936
73.69999694824219,76.73999786376953,73.48999786376953,75.4000015258789,75.4000015258789,58118600.0,AMD,2023-01-27,0.0031880719815874027
74.2300033569336,74.63999938964844,72.4000015258789,72.44999694824219,72.44999694824219,48105200.0,AMD,2023-01-30,-0.039910668606601446
72.26000213623047,75.19999694824219,72.02999877929688,75.1500015258789,75.1500015258789,71669100.0,AMD,2023-01-31,0.036589509858997046
78.47000122070312,85.4800033569336,77.87999725341797,84.63999938964844,84.63999938964844,152548200.0,AMD,2023-02-01,0.11892082439541483
84.29000091552734,88.94000244140625,83.19999694824219,88.30999755859375,88.30999755859375,97762100.0,AMD,2023-02-02,0.04244636293600509
86.66000366210938,88.80000305175781,85.83000183105469,86.08999633789062,86.08999633789062,66557800.0,AMD,2023-02-03,-0.025460105703134547
84.62999725341797,86.27999877929688,83.22000122070312,83.68000030517578,83.68000030517578,53008900.0,AMD,2023-02-06,-0.02839321416816104
84.31999969482422,86.25,82.5199966430664,85.91000366210938,85.91000366210938,65291900.0,AMD,2023-02-07,0.026300275313690558
85.87999725341797,88.0,84.54000091552734,84.69000244140625,84.69000244140625,54140400.0,AMD,2023-02-08,-0.014302719516171819
85.87999725341797,86.66999816894531,82.76000213623047,83.20999908447266,83.20999908447266,46525400.0,AMD,2023-02-09,-0.017630037851343053
82.29000091552734,82.70999908447266,80.47000122070312,81.4800033569336,81.4800033569336,49332600.0,AMD,2023-02-10,-0.021009889351642733
81.56999969482422,84.1500015258789,80.9000015258789,83.12999725341797,83.12999725341797,45400000.0,AMD,2023-02-13,0.0200479819453114
82.69999694824219,86.19000244140625,81.7699966430664,85.94999694824219,85.94999694824219,55979700.0,AMD,2023-02-14,0.033360081819263296
85.0999984741211,85.88999938964844,83.31999969482422,85.18000030517578,85.18000030517578,46430200.0,AMD,2023-02-15,-0.008999028244874684
82.9800033569336,83.3499984741211,80.05000305175781,80.08000183105469,80.08000183105469,57755200.0,AMD,2023-02-16,-0.061740510205500615
79.5999984741211,79.6500015258789,77.37000274658203,78.5,78.5,47826600.0,AMD,2023-02-17,-0.01992753308392036
77.1500015258789,78.45999908447266,76.44999694824219,76.7699966430664,76.7699966430664,44045600.0,AMD,2023-02-21,-0.022284729675710338
76.93000030517578,78.12999725341797,75.91999816894531,76.61000061035156,76.61000061035156,50286800.0,AMD,2023-02-22,-0.002086270616926871
80.62999725341797,81.79000091552734,77.97000122070312,79.75,79.75,76391300.0,AMD,2023-02-23,0.040169117169228497
77.75,78.80999755859375,76.94000244140625,78.08999633789062,78.08999633789062,46700000.0,AMD,2023-02-24,-0.02103478088638081
79.63999938964844,80.12000274658203,78.52999877929688,78.7699966430664,78.7699966430664,45617300.0,AMD,2023-02-27,0.008670210319754101
77.87000274658203,80.13999938964844,77.41999816894531,78.58000183105469,78.58000183105469,44220100.0,AMD,2023-02-28,-0.0024149336662233636
78.55000305175781,80.29000091552734,77.87999725341797,78.29000091552734,78.29000091552734,44266000.0,AMD,2023-03-01,-0.0036973448182288805
77.56999969482422,80.91999816894531,76.6500015258789,80.44000244140625,80.44000244140625,60108600.0,AMD,2023-03-02,0.02709170264122543
80.4000015258789,81.62999725341797,79.33999633789062,81.5199966430664,81.5199966430664,54536200.0,AMD,2023-03-03,0.013336752480104337
82.02999877929688,83.30000305175781,81.04000091552734,81.16000366210938,81.16000366210938,54541300.0,AMD,2023-03-06,-0.004425787655494856
81.06999969482422,84.8499984741211,80.66999816894531,82.11000061035156,82.11000061035156,70959000.0,AMD,2023-03-07,0.011637259074327897
82.79000091552734,85.7699966430664,82.27999877929688,85.37000274658203,85.37000274658203,69529800.0,AMD,2023-03-08,0.03893496404086092
85.29000091552734,87.80999755859375,83.58999633789062,84.02999877929688,84.02999877929688,79496700.0,AMD,2023-03-09,-0.01582091978176361
84.47000122070312,85.44999694824219,81.62999725341797,82.66999816894531,82.66999816894531,70273600.0,AMD,2023-03-10,-0.016317106297512866
81.38999938964844,83.83000183105469,78.5199966430664,82.01000213623047,82.01000213623047,65269100.0,AMD,2023-03-13,-0.00801554001888811
83.66999816894531,88.30000305175781,83.58999633789062,87.44999694824219,87.44999694824219,66616300.0,AMD,2023-03-14,0.06422594947070319
86.7699966430664,90.41999816894531,86.22000122070312,89.68000030517578,89.68000030517578,86177400.0,AMD,2023-03-15,0.025180615599408738
89.72000122070312,96.69000244140625,89.0199966430664,96.5999984741211,96.5999984741211,115839200.0,AMD,2023-03-16,0.07433094325577853
96.66000366210938,98.75,95.94000244140625,97.83999633789062,97.83999633789062,94080800.0,AMD,2023-03-17,0.012754728526719493
96.30000305175781,96.94000244140625,92.9000015258789,96.80999755859375,96.80999755859375,92008900.0,AMD,2023-03-20,-0.010583184435897567
97.0,99.45999908447266,93.63999938964844,95.93000030517578,95.93000030517578,85285300.0,AMD,2023-03-21,-0.009131507502355828
95.6500015258789,101.69999694824219,95.63999938964844,97.58000183105469,97.58000183105469,110816300.0,AMD,2023-03-22,0.017053811141252193
100.05000305175781,102.43000030517578,98.66999816894531,100.27999877929688,100.27999877929688,84088900.0,AMD,2023-03-23,0.02729368796480309
99.18000030517578,99.5199966430664,96.73999786376953,97.94999694824219,97.94999694824219,64712400.0,AMD,2023-03-24,-0.02350914788287815
98.0199966430664,98.93000030517578,95.43000030517578,96.61000061035156,96.61000061035156,57461400.0,AMD,2023-03-27,-0.013774851387164052
96.7699966430664,96.94000244140625,92.87000274658203,94.55999755859375,94.55999755859375,59150100.0,AMD,2023-03-28,-0.02144773400790964
96.06999969482422,96.91000366210938,94.87000274658203,96.08999633789062,96.08999633789062,55326000.0,AMD,2023-03-29,0.01605068633873872
98.0,99.52999877929688,97.25,97.87999725341797,97.87999725341797,59678500.0,AMD,2023-03-30,0.018456996335830925
96.33999633789062,98.36000061035156,95.2699966430664,98.01000213623047,98.01000213623047,55861100.0,AMD,2023-03-31,0.0013273255633710216
96.69999694824219,96.79000091552734,94.80999755859375,96.55999755859375,96.55999755859375,50655300.0,AMD,2023-04-03,-0.014904984571684652
97.04000091552734,97.2699966430664,95.20999908447266,95.87000274658203,95.87000274658203,43195900.0,AMD,2023-04-04,-0.007171415767519757
94.3499984741211,94.5,91.36000061035156,92.55999755859375,92.55999755859375,52979300.0,AMD,2023-04-05,-0.035136079228981085
91.47000122070312,92.91000366210938,90.62000274658203,92.47000122070312,92.47000122070312,47778400.0,AMD,2023-04-06,-0.000972775718329577
91.31999969482422,95.80000305175781,91.0199966430664,95.4800033569336,95.4800033569336,52536300.0,AMD,2023-04-10,0.03203255583850966
96.05999755859375,96.06999969482422,92.69000244140625,94.02999877929688,94.02999877929688,51935800.0,AMD,2023-04-11,-0.015302969322203706
94.97000122070312,95.0,91.73999786376953,92.33000183105469,92.33000183105469,53383100.0,AMD,2023-04-12,-0.018244731690755772
92.79000091552734,93.16000366210938,91.83000183105469,92.08999633789062,92.08999633789062,40572500.0,AMD,2023-04-13,-0.0026028156495291133
91.81999969482422,92.97000122070312,90.5,91.75,91.75,38734800.0,AMD,2023-04-14,-0.003698833031960663
90.2300033569336,90.69000244140625,88.30000305175781,89.87000274658203,89.87000274658203,47250800.0,AMD,2023-04-17,-0.020703274702675203
91.61000061035156,92.16000366210938,89.33000183105469,89.77999877929688,89.77999877929688,46246300.0,AMD,2023-04-18,-0.0010019924748226158
88.51000213623047,90.54000091552734,88.22000122070312,89.94000244140625,89.94000244140625,37344500.0,AMD,2023-04-19,0.0017805887302119103
88.83000183105469,91.58000183105469,88.7300033569336,90.11000061035156,90.11000061035156,47082700.0,AMD,2023-04-20,0.0018883445329577148
89.80000305175781,89.80000305175781,88.05999755859375,88.43000030517578,88.43000030517578,41118300.0,AMD,2023-04-21,-0.018819870981664103
88.11000061035156,88.63999938964844,86.33999633789062,87.56999969482422,87.56999969482422,40423800.0,AMD,2023-04-24,-0.009772811989489509
86.9000015258789,87.05999755859375,83.76000213623047,83.80000305175781,83.80000305175781,52771500.0,AMD,2023-04-25,-0.044005426144003476
86.51000213623047,87.3499984741211,85.31999969482422,85.94000244140625,85.94000244140625,47786600.0,AMD,2023-04-26,0.025216362849918763
86.41000366210938,87.56999969482422,84.08999633789062,87.44000244140625,87.44000244140625,53087200.0,AMD,2023-04-27,0.017303465034101153
87.0199966430664,89.75,86.44000244140625,89.37000274658203,89.37000274658203,50686100.0,AMD,2023-04-28,0.021832214336793086
91.02999877929688,91.04000091552734,88.61000061035156,89.69000244140625,89.69000244140625,59358700.0,AMD,2023-05-01,0.003574221224399755
89.31999969482422,90.45999908447266,88.12000274658203,89.91000366210938,89.91000366210938,70483500.0,AMD,2023-05-02,0.002449903377108817
83.54000091552734,85.4800033569336,81.0199966430664,81.62000274658203,81.62000274658203,109482200.0,AMD,2023-05-03,-0.09673484709901094
81.56999969482422,91.63999938964844,81.11000061035156,86.61000061035156,86.61000061035156,122840500.0,AMD,2023-05-04,0.059340925761574424
84.98999786376953,90.43000030517578,84.72000122070312,89.83999633789062,89.83999633789062,78491100.0,AMD,2023-05-05,0.036614980277536756
89.98999786376953,95.66000366210938,89.16999816894531,95.04000091552734,95.04000091552734,95503200.0,AMD,2023-05-08,0.05626759557979269
94.88999938964844,96.16000366210938,93.43000030517578,95.05999755859375,95.05999755859375,68674800.0,AMD,2023-05-09,0.0002103802556619065
96.41999816894531,99.94000244140625,96.12000274658203,97.0199966430664,97.0199966430664,95619500.0,AMD,2023-05-10,0.020408862713570678
98.16000366210938,99.19000244140625,96.13999938964844,97.0999984741211,97.0999984741211,57061000.0,AMD,2023-05-11,0.0008242513661281508
96.83000183105469,97.44999694824219,93.68000030517578,95.26000213623047,95.26000213623047,53829700.0,AMD,2023-05-12,-0.01913134178479309
95.19999694824219,97.43000030517578,93.44999694824219,97.4000015258789,97.4000015258789,51749200.0,AMD,2023-05-15,0.022216208516620976
97.38999938964844,103.27999877929688,97.30999755859375,101.4800033569336,101.4800033569336,90622900.0,AMD,2023-05-16,0.041035541496239045
101.79000091552734,104.13999938964844,100.05000305175781,103.75,103.75,75240900.0,AMD,2023-05-17,0.022122391299971473
103.9800033569336,108.0999984741211,103.93000030517578,107.93000030517578,107.93000030517578,74338700.0,AMD,2023-05-18,0.039498712553981574
106.36000061035156,107.29000091552734,104.62000274658203,105.81999969482422,105.81999969482422,67880200.0,AMD,2023-05-19,-0.01974333707271768
104.68000030517578,108.79000091552734,103.48999786376953,108.0,108.0,65424200.0,AMD,2023-05-22,0.02039169253214797
107.25,110.98999786376953,107.19000244140625,108.12000274658203,108.12000274658203,73099100.0,AMD,2023-05-23,0.0011105196871161916
105.9800033569336,108.91000366210938,105.63999938964844,108.2699966430664,108.2699966430664,65910500.0,AMD,2023-05-24,0.0013863295062649232
117.30999755859375,120.69000244140625,115.80000305175781,120.3499984741211,120.3499984741211,108514700.0,AMD,2023-05-25,0.1057760752328018
122.45999908447266,127.43000030517578,120.88999938964844,127.02999877929688,127.02999877929688,92922800.0,AMD,2023-05-26,0.054019117875400785
130.4199981689453,130.7899932861328,123.51000213623047,125.2699966430664,125.2699966430664,98902300.0,AMD,2023-05-30,-0.013951888367289389
122.41999816894531,123.95999908447266,117.86000061035156,118.20999908447266,118.20999908447266,87552200.0,AMD,2023-05-31,-0.058008685041151684
117.29000091552734,121.27999877929688,116.5999984741211,119.47000122070312,119.47000122070312,66032900.0,AMD,2023-06-01,0.01060260802942379
120.75,121.66000366210938,117.68000030517578,117.86000061035156,117.86000061035156,52382400.0,AMD,2023-06-02,-0.013567819458404155
116.58999633789062,119.31999969482422,116.41999816894531,117.93000030517578,117.93000030517578,52602900.0,AMD,2023-06-05,0.0005937461012668593
117.91000366210938,124.41999816894531,117.73999786376953,124.2300033569336,124.2300033569336,75257500.0,AMD,2023-06-06,0.0520434825578598
124.02999877929688,125.33999633789062,117.06999969482422,117.83000183105469,117.83000183105469,81755200.0,AMD,2023-06-07,-0.052891789982459365
118.30000305175781,122.20999908447266,117.05000305175781,121.05000305175781,121.05000305175781,65246900.0,AMD,2023-06-08,0.0269607853297388
123.56999969482422,127.25,123.55000305175781,124.91999816894531,124.91999816894531,75105000.0,AMD,2023-06-09,0.031469809162270816
128.52000427246094,130.47999572753906,126.4000015258789,129.19000244140625,129.19000244140625,85394700.0,AMD,2023-06-12,0.03361069011294636
132.32000732421875,132.8300018310547,122.44999694824219,124.52999877929688,124.52999877929688,132461900.0,AMD,2023-06-13,-0.03673756693943092
126.52999877929688,127.7300033569336,123.80999755859375,127.33000183105469,127.33000183105469,95888100.0,AMD,2023-06-14,0.022235515035156438
125.38999938964844,125.69999694824219,122.26000213623047,124.23999786376953,124.23999786376953,85587100.0,AMD,2023-06-15,-0.024566994319685332
125.81999969482422,125.8499984741211,119.9000015258789,120.08000183105469,120.08000183105469,82007100.0,AMD,2023-06-16,-0.03405695907221621
119.08999633789062,121.75,117.69999694824219,118.93000030517578,118.93000030517578,58851800.0,AMD,2023-06-20,-0.009623115268663943
118.48999786376953,119.19000244140625,111.66999816894531,112.11000061035156,112.11000061035156,82835600.0,AMD,2023-06-21,-0.05905454969544301
112.23999786376953,114.0,109.8499984741211,110.69999694824219,110.69999694824219,70754800.0,AMD,2023-06-22,-0.012656725462953124
109.30999755859375,111.0999984741211,107.45999908447266,110.01000213623047,110.01000213623047,73622000.0,AMD,2023-06-23,-0.006252521976913741
110.94999694824219,112.55000305175781,107.19999694824219,107.51000213623047,107.51000213623047,68557000.0,AMD,2023-06-26,-0.022987403802656348
108.56999969482422,110.97000122070312,107.08000183105469,110.38999938964844,110.38999938964844,59381600.0,AMD,2023-06-27,0.02643565813401329
108.20999908447266,111.77999877929688,107.62999725341797,110.16999816894531,110.16999816894531,67534100.0,AMD,2023-06-28,-0.0019949337695051943
112.06999969482422,112.76000213623047,109.83999633789062,111.23999786376953,111.23999786376953,58347200.0,AMD,2023-06-29,0.009665399430258608
113.02999877929688,114.69000244140625,112.41000366210938,113.91000366210938,113.91000366210938,53378800.0,AMD,2023-06-30,0.02371868489900137
115.16000366210938,116.7300033569336,114.51000213623047,115.81999969482422,115.81999969482422,31860000.0,AMD,2023-07-03,0.01662856410176193
116.0999984741211,117.66000366210938,113.86000061035156,113.94999694824219,113.94999694824219,49501600.0,AMD,2023-07-05,-0.016277530252588157
112.06999969482422,113.79000091552734,110.30999755859375,113.4800033569336,113.4800033569336,42342000.0,AMD,2023-07-06,-0.004133089387771041
114.16000366210938,115.33000183105469,113.04000091552734,113.16999816894531,113.16999816894531,37211300.0,AMD,2023-07-07,-0.0027355427242028185
113.0,113.61000061035156,109.87999725341797,113.58000183105469,113.58000183105469,49330200.0,AMD,2023-07-10,0.003616353772396323
111.66000366210938,113.2699966430664,109.5,111.31999969482422,111.31999969482422,59899500.0,AMD,2023-07-11,-0.02009851665430183
112.88999938964844,115.4000015258789,112.30999755859375,114.58000183105469,114.58000183105469,57993100.0,AMD,2023-07-12,0.028864351044748243
115.76000213623047,116.16000366210938,113.58000183105469,115.91999816894531,115.91999816894531,49206700.0,AMD,2023-07-13,0.011626997255568752
116.16999816894531,122.12000274658203,115.25,115.94000244140625,115.94000244140625,91927200.0,AMD,2023-07-14,0.00017255475250505705
115.94999694824219,118.83999633789062,112.7300033569336,118.31999969482422,118.31999969482422,68593300.0,AMD,2023-07-17,0.020319978854219548
117.55000305175781,118.43000030517578,115.19000244140625,117.93000030517578,117.93000030517578,57980100.0,AMD,2023-07-18,-0.003301585133654228
121.30000305175781,121.66999816894531,115.55000305175781,116.43000030517578,116.43000030517578,70363100.0,AMD,2023-07-19,-0.012800994019615045
114.95999908447266,115.05000305175781,109.23999786376953,110.25,110.25,76340400.0,AMD,2023-07-20,-0.054539722343078745
110.97000122070312,112.30000305175781,109.54000091552734,110.94999694824219,110.94999694824219,76815400.0,AMD,2023-07-21,0.006329107545943632
110.62000274658203,111.30999755859375,108.55000305175781,110.61000061035156,110.61000061035156,45583600.0,AMD,2023-07-24,-0.003069115440685689
111.13999938964844,114.05000305175781,111.0,113.0,113.0,44916300.0,AMD,2023-07-25,0.021377312280127302
111.91000366210938,112.36000061035156,109.30000305175781,110.08999633789062,110.08999633789062,51721700.0,AMD,2023-07-26,-0.026089638894716192
111.79000091552734,115.08000183105469,110.51000213623047,111.0999984741211,111.0999984741211,70678000.0,AMD,2023-07-27,0.009132503093676232
113.37999725341797,114.86000061035156,112.44000244140625,112.95999908447266,112.95999908447266,55526000.0,AMD,2023-07-28,0.01660308272875037
114.16000366210938,114.68000030517578,112.3499984741211,114.4000015258789,114.4000015258789,54187300.0,AMD,2023-07-31,0.012667326643748767
114.26000213623047,118.19000244140625,113.16000366210938,117.5999984741211,117.5999984741211,95279300.0,AMD,2023-08-01,0.027587930205566023
119.48999786376953,119.5,107.37999725341797,109.3499984741211,109.3499984741211,173372000.0,AMD,2023-08-02,-0.07273528932067129
108.94999694824219,114.95999908447266,108.94999694824219,113.1500015258789,113.1500015258789,90605400.0,AMD,2023-08-03,0.03416065239630408
114.4800033569336,118.8499984741211,113.95999908447266,115.81999969482422,115.81999969482422,83169700.0,AMD,2023-08-04,0.023322873597731025
116.36000061035156,119.08000183105469,115.48999786376953,116.80999755859375,116.80999755859375,65854800.0,AMD,2023-08-07,0.008511403104213878
114.94000244140625,115.45999908447266,111.41000366210938,113.2300033569336,113.2300033569336,54141800.0,AMD,2023-08-08,-0.03112748429396207
112.88999938964844,113.1500015258789,108.77999877929688,110.47000122070312,110.47000122070312,56257100.0,AMD,2023-08-09,-0.024677176038710277
111.30000305175781,113.88999938964844,109.47000122070312,110.2300033569336,110.2300033569336,57297800.0,AMD,2023-08-10,-0.0021748795051453446
108.8499984741211,109.06999969482422,106.4800033569336,107.56999969482422,107.56999969482422,55667700.0,AMD,2023-08-11,-0.024427326822208464
106.75,111.98999786376953,105.41999816894531,111.9800033569336,111.9800033569336,57421800.0,AMD,2023-08-14,0.040178518291804466
111.98999786376953,113.18000030517578,110.16999816894531,111.3499984741211,111.3499984741211,53816600.0,AMD,2023-08-15,-0.005641933898792573
110.08999633789062,110.44000244140625,106.9800033569336,107.19000244140625,107.19000244140625,54327300.0,AMD,2023-08-16,-0.038075396520064184
107.62000274658203,107.8499984741211,104.0999984741211,104.44000244140625,104.44000244140625,59064300.0,AMD,2023-08-17,-0.025990216272775746
102.4000015258789,106.06999969482422,101.68000030517578,105.44999694824219,105.44999694824219,59916700.0,AMD,2023-08-18,0.009624110777364293
106.19999694824219,108.54000091552734,105.66999816894531,108.22000122070312,108.22000122070312,49319200.0,AMD,2023-08-21,0.025929325509965438
109.4000015258789,109.72000122070312,104.8499984741211,105.66000366210938,105.66000366210938,47295200.0,AMD,2023-08-22,-0.023939777098876014
105.6500015258789,110.08000183105469,105.0,109.43000030517578,109.43000030517578,54656300.0,AMD,2023-08-23,0.03505865182358548
111.05999755859375,111.63999938964844,100.87000274658203,101.80000305175781,101.80000305175781,109179100.0,AMD,2023-08-24,-0.0722749441247314
101.16999816894531,104.12000274658203,99.58000183105469,102.25,102.25,74793100.0,AMD,2023-08-25,0.004410660828514588
103.47000122070312,104.06999969482422,100.88999938964844,102.61000061035156,102.61000061035156,55386800.0,AMD,2023-08-28,0.0035146048994724108
102.11000061035156,106.56999969482422,101.79000091552734,105.91999816894531,105.91999816894531,50850300.0,AMD,2023-08-29,0.03174867507916655
105.4000015258789,107.66999816894531,104.5,106.58999633789062,106.58999633789062,54847300.0,AMD,2023-08-30,0.00630558944252516
106.19000244140625,108.05999755859375,104.86000061035156,105.72000122070312,105.72000122070312,58919000.0,AMD,2023-08-31,-0.00819556306141942
107.0,110.05999755859375,106.61000061035156,109.44999694824219,109.44999694824219,54856100.0,AMD,2023-09-01,0.03467369480354951
109.0,111.81999969482422,106.30000305175781,110.77999877929688,110.77999877929688,66042200.0,AMD,2023-09-05,0.01207844549958717
110.55999755859375,111.33000183105469,108.22000122070312,109.27999877929688,109.27999877929688,47736700.0,AMD,2023-09-06,-0.013632856933729268
106.13999938964844,107.69000244140625,105.08999633789062,106.58999633789062,106.58999633789062,49080100.0,AMD,2023-09-07,-0.02492372030798797
107.0199966430664,109.73999786376953,105.75,106.08999633789062,106.08999633789062,46232000.0,AMD,2023-09-08,-0.004701908391788961
107.31999969482422,107.51000213623047,103.0,105.31999969482422,105.31999969482422,50611300.0,AMD,2023-09-11,-0.0072844242217829785
104.19999694824219,106.73999786376953,103.18000030517578,105.30999755859375,105.30999755859375,44413600.0,AMD,2023-09-12,-9.49735210408409e-05
105.0999984741211,108.73999786376953,104.83000183105469,107.70999908447266,107.70999908447266,44702300.0,AMD,2023-09-13,0.02253406365328725
108.43000030517578,109.1500015258789,106.22000122070312,106.62999725341797,106.62999725341797,45920600.0,AMD,2023-09-14,-0.010077549590722894
106.06999969482422,106.76000213623047,101.27999877929688,101.48999786376953,101.48999786376953,71103600.0,AMD,2023-09-15,-0.04940462185997977
100.81999969482422,102.98999786376953,99.44999694824219,102.37000274658203,102.37000274658203,49061300.0,AMD,2023-09-18,0.008633477349582324
101.75,102.86000061035156,100.69999694824219,101.61000061035156,101.61000061035156,41704100.0,AMD,2023-09-19,-0.00745176625703344
102.36000061035156,103.94000244140625,100.27999877929688,100.33999633789062,100.33999633789062,55180600.0,AMD,2023-09-20,-0.012577578945493745
98.5999984741211,98.87000274658203,95.83999633789062,96.11000061035156,96.11000061035156,59704300.0,AMD,2023-09-21,-0.043071007373357235
96.91999816894531,98.41999816894531,95.61000061035156,96.19999694824219,96.19999694824219,52169400.0,AMD,2023-09-22,0.0009359507628611127
95.94999694824219,97.44999694824219,94.45999908447266,97.37999725341797,97.37999725341797,43223700.0,AMD,2023-09-25,0.01219149660116263
96.5,97.83000183105469,95.2699966430664,95.95999908447266,95.95999908447266,42866500.0,AMD,2023-09-26,-0.01468939411899349
96.81999969482422,99.2300033569336,96.3499984741211,98.06999969482422,98.06999969482422,51261500.0,AMD,2023-09-27,0.02175007786163785
97.94000244140625,104.19999694824219,97.76000213623047,102.76000213623047,102.76000213623047,72542100.0,AMD,2023-09-28,0.04671468673781047
104.69000244140625,104.94000244140625,102.55999755859375,102.81999969482422,102.81999969482422,56078600.0,AMD,2023-09-29,0.0005836906290763782
102.20999908447266,103.70999908447266,101.69999694824219,103.2699966430664,103.2699966430664,45118600.0,AMD,2023-10-02,0.004367001517634635
101.80000305175781,103.29000091552734,99.16999816894531,100.08000183105469,100.08000183105469,48117000.0,AMD,2023-10-03,-0.03137700072236899
100.6500015258789,104.4000015258789,100.33999633789062,104.06999969482422,104.06999969482422,51023200.0,AMD,2023-10-04,0.03909386226279359
103.41000366210938,103.73999786376953,100.2699966430664,102.91000366210938,102.91000366210938,51789700.0,AMD,2023-10-05,-0.011208891283805391
102.16000366210938,107.87000274658203,102.02999877929688,107.23999786376953,107.23999786376953,64864100.0,AMD,2023-10-06,0.04121443801411439
106.01000213623047,107.30999755859375,104.79000091552734,106.97000122070312,106.97000122070312,39593200.0,AMD,2023-10-09,-0.0025208607179888526
107.48999786376953,110.12000274658203,106.4000015258789,109.01000213623047,109.01000213623047,57105500.0,AMD,2023-10-10,0.018891208007234515
109.13999938964844,110.0999984741211,106.93000030517578,108.30999755859375,108.30999755859375,51085600.0,AMD,2023-10-11,-0.006442177430180952
108.4000015258789,111.30999755859375,107.51000213623047,108.79000091552734,108.79000091552734,60959400.0,AMD,2023-10-12,0.004421963541805189
108.6500015258789,108.97000122070312,104.75,105.08999633789062,105.08999633789062,52881500.0,AMD,2023-10-13,-0.034602335818396515
105.41999816894531,107.4800033569336,105.02999877929688,106.45999908447266,106.45999908447266,42464500.0,AMD,2023-10-16,0.012952228114738876
103.54000091552734,106.29000091552734,101.66000366210938,105.13999938964844,105.13999938964844,49642100.0,AMD,2023-10-17,-0.012476529558710365
103.37999725341797,104.77999877929688,101.73999786376953,102.16999816894531,102.16999816894531,50450000.0,AMD,2023-10-18,-0.0286547149044851
103.80999755859375,105.5999984741211,101.83999633789062,102.4000015258789,102.4000015258789,52734200.0,AMD,2023-10-19,0.0022486528248833863
102.27999877929688,104.33999633789062,101.44000244140625,101.80999755859375,101.80999755859375,61317900.0,AMD,2023-10-20,-0.005778420367488481
100.80999755859375,102.41999816894531,99.31999969482422,100.01000213623047,100.01000213623047,50817400.0,AMD,2023-10-23,-0.017838104790486947
100.97000122070312,101.79000091552734,99.37999725341797,101.66999816894531,101.66999816894531,51982900.0,AMD,2023-10-24,0.016462053928692905
100.41999816894531,101.02999877929688,95.2300033569336,96.05999755859375,96.05999755859375,53424500.0,AMD,2023-10-25,-0.056759285456038505
95.98999786376953,97.5199966430664,93.12000274658203,93.66999816894531,93.66999816894531,49896400.0,AMD,2023-10-26,-0.025195023148139473
95.80000305175781,97.3499984741211,94.58999633789062,96.43000030517578,96.43000030517578,52458700.0,AMD,2023-10-27,0.02903941201392396
96.13999938964844,97.04000091552734,94.69999694824219,96.18000030517578,96.18000030517578,43716600.0,AMD,2023-10-30,-0.002595920664550334
96.23999786376953,98.81999969482422,94.06999969482422,98.5,98.5,79547100.0,AMD,2023-10-31,0.02383510915556163
98.58000183105469,108.1500015258789,98.5,108.04000091552734,108.04000091552734,138641500.0,AMD,2023-11-01,0.09244498922033811
107.95999908447266,109.41000366210938,105.91000366210938,107.83000183105469,107.83000183105469,71377000.0,AMD,2023-11-02,-0.0019456075234611124
109.05000305175781,113.38999938964844,107.86000061035156,112.25,112.25,65632200.0,AMD,2023-11-03,0.04017259674744357
112.5999984741211,113.08000183105469,110.22000122070312,111.75,111.75,49270400.0,AMD,2023-11-06,-0.004464293128685493
111.86000061035156,114.6500015258789,111.22000122070312,113.44999694824219,113.44999694824219,50550200.0,AMD,2023-11-07,0.015097950832588148
113.55000305175781,115.31999969482422,112.87999725341797,113.58999633789062,113.58999633789062,41880600.0,AMD,2023-11-08,0.0012332576773470055
114.0999984741211,115.80999755859375,113.05999755859375,113.48999786376953,113.48999786376953,61146900.0,AMD,2023-11-09,-0.0008807335136381998
114.3499984741211,119.69999694824219,114.02999877929688,118.58999633789062,118.58999633789062,75135900.0,AMD,2023-11-10,0.04395742660630502
118.33999633789062,118.68000030517578,116.0,116.79000091552734,116.79000091552734,46741900.0,AMD,2023-11-13,-0.015294676966715992
119.69999694824219,122.11000061035156,119.22000122070312,119.87999725341797,119.87999725341797,61017400.0,AMD,2023-11-14,0.02611376140780329
120.54000091552734,120.58999633789062,116.87000274658203,118.0,118.0,59555600.0,AMD,2023-11-15,-0.01580659507170272
117.19999694824219,120.7300033569336,116.41000366210938,119.83000183105469,119.83000183105469,49661900.0,AMD,2023-11-16,0.015389462509196634
119.63999938964844,121.48999786376953,118.81999969482422,120.62000274658203,120.62000274658203,38508900.0,AMD,2023-11-17,0.006571043818514889
120.69999694824219,121.93000030517578,120.06999969482422,121.52999877929688,121.52999877929688,43138700.0,AMD,2023-11-20,0.0075160050448732805
120.54000091552734,120.6500015258789,117.94000244140625,119.16000366210938,119.16000366210938,41064800.0,AMD,2023-11-21,-0.019693977260461525
120.0,124.76000213623047,119.94999694824219,122.51000213623047,122.51000213623047,56862200.0,AMD,2023-11-22,0.02772551816548359
122.02999877929688,123.25,121.54000091552734,122.30999755859375,122.30999755859375,19001000.0,AMD,2023-11-24,-0.0016338912048067386
122.06999969482422,123.88999938964844,121.7699966430664,122.6500015258789,122.6500015258789,32743000.0,AMD,2023-11-27,0.002775997606953917
121.9800033569336,122.54000091552734,120.79000091552734,122.01000213623047,122.01000213623047,32047100.0,AMD,2023-11-28,-0.005231757049525361
123.9800033569336,125.7300033569336,123.4800033569336,123.8499984741211,123.8499984741211,37876300.0,AMD,2023-11-29,0.014968117519096298
123.61000061035156,124.05000305175781,119.6500015258789,121.16000366210938,121.16000366210938,44494200.0,AMD,2023-11-30,-0.021959127230554338
119.87999725341797,121.4000015258789,118.6500015258789,121.38999938964844,121.38999938964844,37048000.0,AMD,2023-12-01,0.001896481497255037
119.75,119.9000015258789,116.37000274658203,118.56999969482422,118.56999969482422,39854400.0,AMD,2023-12-04,-0.02350499698551396
117.43000030517578,118.48999786376953,116.44999694824219,118.37999725341797,118.37999725341797,39191600.0,AMD,2023-12-05,-0.0016037348350003604
120.69000244140625,122.83000183105469,116.37999725341797,116.81999969482422,116.81999969482422,60599000.0,AMD,2023-12-06,-0.013265480061371848
120.79000091552734,128.67999267578125,119.55999755859375,128.3699951171875,128.3699951171875,118579100.0,AMD,2023-12-07,0.09428239506000835
129.5399932861328,131.0,126.88999938964844,128.9199981689453,128.9199981689453,89341000.0,AMD,2023-12-08,0.004275361684394029
130.55999755859375,135.0399932861328,128.25,134.41000366210938,134.41000366210938,98668300.0,AMD,2023-12-11,0.041702814584660436
132.25,139.88999938964844,131.89999389648438,137.61000061035156,137.61000061035156,111677800.0,AMD,2023-12-12,0.02352874438369558
137.97000122070312,139.24000549316406,136.02999877929688,138.19000244140625,138.19000244140625,70651600.0,AMD,2023-12-13,0.004205965769856122
138.88999938964844,141.82000732421875,135.72999572753906,138.0,138.0,76115200.0,AMD,2023-12-14,-0.0013758823252139056
139.52000427246094,140.88999938964844,137.25,139.14999389648438,139.14999389648438,70211800.0,AMD,2023-12-15,0.00829875895184378
139.14999389648438,139.7899932861328,137.64999389648438,138.89999389648438,138.89999389648438,45199500.0,AMD,2023-12-18,-0.0017982382905484837
138.57000732421875,143.47000122070312,138.55999755859375,140.14999389648438,140.14999389648438,63739800.0,AMD,2023-12-19,0.008959028242416718
139.0,139.5800018310547,135.3699951171875,135.47000122070312,135.47000122070312,54671700.0,AMD,2023-12-20,-0.0339630114573976
138.13999938964844,139.97999572753906,137.3800048828125,139.91000366210938,139.91000366210938,47179400.0,AMD,2023-12-21,0.03224916231642571
140.47999572753906,140.6999969482422,138.30999755859375,139.60000610351562,139.60000610351562,35396600.0,AMD,2023-12-22,-0.0022181508702151273
140.07000732421875,143.85000610351562,139.9199981689453,143.41000366210938,143.41000366210938,47157400.0,AMD,2023-12-26,0.026926452227332306
144.72000122070312,146.25,143.17999267578125,146.07000732421875,146.07000732421875,49033400.0,AMD,2023-12-27,0.018378322727497044
146.8000030517578,150.41000366210938,145.9499969482422,148.75999450683594,148.75999450683594,63800700.0,AMD,2023-12-28,0.018248223125957776
149.5,151.0500030517578,147.1999969482422,147.41000366210938,147.41000366210938,62079200.0,AMD,2023-12-29,-0.00911638722831195
144.27999877929688,144.39999389648438,137.42999267578125,138.5800018310547,138.5800018310547,64902000.0,AMD,2024-01-02,-0.06177005548999063
135.7100067138672,137.42999267578125,133.74000549316406,135.32000732421875,135.32000732421875,61988600.0,AMD,2024-01-03,-0.023805391374532737
134.3000030517578,137.6999969482422,134.0,136.00999450683594,136.00999450683594,58610300.0,AMD,2024-01-04,0.0050859740190369
136.77999877929688,141.00999450683594,136.44000244140625,138.5800018310547,138.5800018310547,69657700.0,AMD,2024-01-05,0.01871941735549596
140.36000061035156,147.14999389648438,140.14999389648438,146.17999267578125,146.17999267578125,71756900.0,AMD,2024-01-08,0.05339089953592028
145.9499969482422,149.86000061035156,145.0800018310547,149.25999450683594,149.25999450683594,67875700.0,AMD,2024-01-09,0.02085102595245252
150.07000732421875,150.8800048828125,146.64999389648438,148.5399932861328,148.5399932861328,56951200.0,AMD,2024-01-10,-0.004835477858489882
148.52000427246094,150.3800048828125,143.69000244140625,148.02000427246094,148.02000427246094,62764600.0,AMD,2024-01-11,-0.003506808408698639
148.0399932861328,148.75,145.0,146.55999755859375,146.55999755859375,48293100.0,AMD,2024-01-12,-0.009912544365645384
150.36000061035156,159.72000122070312,149.97999572753906,158.74000549316406,158.74000549316406,112711400.0,AMD,2024-01-16,0.07983279399976367
158.4499969482422,160.63999938964844,154.39999389648438,160.1699981689453,160.1699981689453,104085000.0,AMD,2024-01-17,0.00896806148074212
166.1999969482422,168.60000610351562,158.22000122070312,162.6699981689453,162.6699981689453,131864900.0,AMD,2024-01-18,0.015487857773849764
165.8000030517578,174.25,162.1999969482422,174.22999572753906,174.22999572753906,140367900.0,AMD,2024-01-19,0.0686526433907456
174.38999938964844,174.72000122070312,164.14999389648438,168.17999267578125,168.17999267578125,122973800.0,AMD,2024-01-22,-0.035341450057983156
166.5,169.6300048828125,164.27000427246094,168.4199981689453,168.4199981689453,76830500.0,AMD,2024-01-23,0.0014260578750195706
172.5500030517578,180.5800018310547,170.55999755859375,178.2899932861328,178.2899932861328,125516400.0,AMD,2024-01-24,0.056950551659783584
183.41000366210938,184.9199981689453,177.6300048828125,180.3300018310547,180.3300018310547,127171400.0,AMD,2024-01-25,0.011377115483416342
175.2899932861328,181.22999572753906,174.14999389648438,177.25,177.25,107381200.0,AMD,2024-01-26,-0.01722735046085398
178.77000427246094,178.88999938964844,174.39999389648438,177.8300018310547,177.8300018310547,89384500.0,AMD,2024-01-29,0.0032668826399902978
176.1300048828125,178.47999572753906,169.52000427246094,172.05999755859375,172.05999755859375,122265700.0,AMD,2024-01-30,-0.03298480904829779
165.74000549316406,171.3000030517578,162.55999755859375,167.69000244140625,167.69000244140625,133157300.0,AMD,2024-01-31,-0.025726187685866302
169.27000427246094,171.13999938964844,165.86000061035156,170.47999572753906,170.47999572753906,91576700.0,AMD,2024-02-01,0.01650091141093672
173.7899932861328,179.0,173.0500030517578,177.66000366210938,177.66000366210938,82134300.0,AMD,2024-02-02,0.041253669225576425
179.08999633789062,180.00999450683594,171.11000061035156,174.22999572753906,174.22999572753906,76349200.0,AMD,2024-02-05,-0.019495391041721516
173.14999389648438,173.8800048828125,165.5,167.8800048828125,167.8800048828125,68854100.0,AMD,2024-02-06,-0.037126773362329564
169.47000122070312,172.97000122070312,168.1999969482422,170.94000244140625,170.94000244140625,53665400.0,AMD,2024-02-07,0.018063164469587698
170.3300018310547,172.1699981689453,168.60000610351562,169.35000610351562,169.35000610351562,43385300.0,AMD,2024-02-08,-0.009345016715496299
171.0,175.10000610351562,168.66000366210938,172.47999572753906,172.47999572753906,56375700.0,AMD,2024-02-09,0.018313647645254116
172.67999267578125,177.41000366210938,170.6699981689453,171.91000366210938,171.91000366210938,58177100.0,AMD,2024-02-12,-0.0033101575939884424
167.94000244140625,173.1699981689453,164.3000030517578,171.5399932861328,171.5399932861328,63071300.0,AMD,2024-02-13,-0.0021546689323925033
173.47000122070312,178.74000549316406,172.8800048828125,178.6999969482422,178.6999969482422,57402500.0,AMD,2024-02-14,0.04089196866434465
179.13999938964844,180.5,175.25999450683594,176.75999450683594,176.75999450683594,51126400.0,AMD,2024-02-15,-0.010915555902259016
177.4499969482422,180.3300018310547,173.25,173.8699951171875,173.8699951171875,53940300.0,AMD,2024-02-16,-0.01648498372899972
171.13999938964844,171.80999755859375,162.0,165.69000244140625,165.69000244140625,66550000.0,AMD,2024-02-20,-0.04818927814058642
162.74000549316406,164.89999389648438,161.80999755859375,164.2899932861328,164.2899932861328,48365700.0,AMD,2024-02-21,-0.008485469263696033
173.1999969482422,183.8300018310547,172.0,181.86000061035156,181.86000061035156,100684700.0,AMD,2024-02-22,0.10160404560163538
181.86000061035156,183.8000030517578,174.5500030517578,176.52000427246094,176.52000427246094,69207400.0,AMD,2024-02-23,-0.029802955048747408
178.77999877929688,179.83999633789062,174.80999755859375,176.00999450683594,176.00999450683594,45435100.0,AMD,2024-02-26,-0.0028934282086895257
175.9199981689453,178.4600067138672,172.49000549316406,178.0,178.0,43665200.0,AMD,2024-02-27,0.011242769895593712
176.25,176.83999633789062,173.58999633789062,176.5399932861328,176.5399932861328,35914400.0,AMD,2024-02-28,-0.008236108730287912
179.82000732421875,193.0,179.82000732421875,192.52999877929688,192.52999877929688,105538500.0,AMD,2024-02-29,0.08670453783911994
197.91000366210938,202.72000122070312,195.4199981689453,202.63999938964844,202.63999938964844,103820800.0,AMD,2024-03-01,0.051179023280503
205.16000366210938,211.00999450683594,203.5,205.36000061035156,205.36000061035156,86835300.0,AMD,2024-03-04,0.01333353685356989
200.5,205.3300018310547,199.14999389648438,205.1300048828125,205.1300048828125,65407100.0,AMD,2024-03-05,-0.0011205912374424134
210.42999267578125,214.80999755859375,207.32000732421875,210.6300048828125,210.6300048828125,86687000.0,AMD,2024-03-06,0.026459114581661235
212.52000427246094,213.8300018310547,208.22000122070312,211.3800048828125,211.3800048828125,63869000.0,AMD,2024-03-07,0.003554421801682048
213.41000366210938,227.3000030517578,205.60000610351562,207.38999938964844,207.38999938964844,120815200.0,AMD,2024-03-08,-0.019056408998621245
203.00999450683594,203.5500030517578,196.6999969482422,198.38999938964844,198.38999938964844,73098600.0,AMD,2024-03-11,-0.04436628840411305
200.52000427246094,202.85000610351562,194.27000427246094,202.75999450683594,202.75999450683594,68951700.0,AMD,2024-03-12,0.02178819923404003
198.72999572753906,198.8300018310547,192.6999969482422,194.7899932861328,194.7899932861328,70526900.0,AMD,2024-03-13,-0.040100965790899
192.9199981689453,196.92999267578125,184.02999877929688,187.05999755859375,187.05999755859375,84490500.0,AMD,2024-03-14,-0.04049261276635369
184.8300018310547,193.8000030517578,184.47999572753906,191.05999755859375,191.05999755859375,95289500.0,AMD,2024-03-15,0.02115809410870054
193.2899932861328,193.5,188.0500030517578,190.64999389648438,190.64999389648438,59306900.0,AMD,2024-03-18,-0.0021482477743164988
183.16000366210938,185.61000061035156,177.36000061035156,181.4199981689453,181.4199981689453,83509500.0,AMD,2024-03-19,-0.049624479195434446
182.02999877929688,182.67999267578125,174.0,179.72999572753906,179.72999572753906,81773100.0,AMD,2024-03-20,-0.009359074101502251
185.97000122070312,187.69000244140625,177.66000366210938,178.67999267578125,178.67999267578125,75265600.0,AMD,2024-03-21,-0.005859245499177124
177.2100067138672,180.75999450683594,175.0500030517578,179.64999389648438,179.64999389648438,57899100.0,AMD,2024-03-22,0.005414024091831177
172.89999389648438,182.8000030517578,172.0,178.6300048828125,178.6300048828125,71935300.0,AMD,2024-03-25,-0.005693824789468562
179.5399932861328,182.60000610351562,176.3300018310547,177.8699951171875,177.8699951171875,65322400.0,AMD,2024-03-26,-0.004263735859771142
179.9600067138672,181.22999572753906,175.39999389648438,179.58999633789062,179.58999633789062,55685600.0,AMD,2024-03-27,0.009623535703339608
179.47000122070312,183.39999389648438,178.3000030517578,180.49000549316406,180.49000549316406,57628600.0,AMD,2024-03-28,0.004998950371739003
180.10000610351562,187.24000549316406,179.89999389648438,183.33999633789062,183.33999633789062,74299900.0,AMD,2024-04-01,0.015666927548329088
179.47000122070312,180.10000610351562,174.8300018310547,178.6999969482422,178.6999969482422,61598800.0,AMD,2024-04-02,-0.0256339274713794
177.5399932861328,182.0500030517578,176.6999969482422,180.77000427246094,180.77000427246094,49835100.0,AMD,2024-04-03,0.0115171235337182
182.9199981689453,183.02000427246094,165.64999389648438,165.8300018310547,165.8300018310547,88280000.0,AMD,2024-04-04,-0.08626235035378736
168.10000610351562,172.69000244140625,165.5800018310547,170.4199981689453,170.4199981689453,66080300.0,AMD,2024-04-05,0.027302789387679813
168.1999969482422,171.66000366210938,166.82000732421875,169.89999389648438,169.89999389648438,43997500.0,AMD,2024-04-08,-0.0030559749017240326
170.2100067138672,171.60000610351562,167.2899932861328,170.77999877929688,170.77999877929688,42886100.0,AMD,2024-04-09,0.005166178577928455
166.7100067138672,169.77999877929688,164.0,167.13999938964844,167.13999938964844,59600000.0,AMD,2024-04-10,-0.02154439041009766
167.5500030517578,170.9499969482422,166.5500030517578,170.5,170.5,48994500.0,AMD,2024-04-11,0.019903515802019715
164.52999877929688,165.6999969482422,161.82000732421875,163.27999877929688,163.27999877929688,63519600.0,AMD,2024-04-12,-0.043268785698115896
164.42999267578125,164.44000244140625,158.75999450683594,160.32000732421875,160.32000732421875,61461200.0,AMD,2024-04-15,-0.018294647443959436
162.27999877929688,164.8800048828125,161.6699981689453,163.4600067138672,163.4600067138672,55302100.0,AMD,2024-04-16,0.019396489579943027
163.97000122070312,164.4499969482422,153.8800048828125,154.02000427246094,154.02000427246094,75909000.0,AMD,2024-04-17,-0.05948586131068527
155.50999450683594,156.9600067138672,152.32000732421875,155.0800018310547,155.0800018310547,52669800.0,AMD,2024-04-18,0.006858632759136399
151.58999633789062,154.25,145.2899932861328,146.63999938964844,146.63999938964844,71618200.0,AMD,2024-04-19,-0.05596052524068549
148.14999389648438,149.88999938964844,145.6300048828125,148.63999938964844,148.63999938964844,49397000.0,AMD,2024-04-22,0.013546671590083117
151.64999389648438,153.5,150.35000610351562,152.27000427246094,152.27000427246094,46051900.0,AMD,2024-04-23,0.024128017951807502
156.55999755859375,157.66000366210938,150.6300048828125,151.74000549316406,151.74000549316406,43412600.0,AMD,2024-04-24,-0.003486722800007255
149.14999389648438,155.13999938964844,146.75,153.75999450683594,153.75999450683594,41471400.0,AMD,2024-04-25,0.013224343385320598
154.24000549316406,158.6300048828125,153.42999267578125,157.39999389648438,157.39999389648438,42510700.0,AMD,2024-04-26,0.023397387709792525
159.0800018310547,160.77000427246094,156.25999450683594,160.1999969482422,160.1999969482422,43478200.0,AMD,2024-04-29,0.017632718378382907
160.6300048828125,162.2899932861328,158.35000610351562,158.3800048828125,158.3800048828125,60742800.0,AMD,2024-04-30,-0.01142577597258931
148.11000061035156,151.3699951171875,142.13999938964844,144.27000427246094,144.27000427246094,89413200.0,AMD,2024-05-01,-0.09331066603997379
145.50999450683594,147.6199951171875,141.16000366210938,146.16000366210938,146.16000366210938,50034700.0,AMD,2024-05-02,0.013015363553212613
148.75,150.7899932861328,147.24000549316406,150.60000610351562,150.60000610351562,49361100.0,AMD,2024-05-03,0.029925418768550715
153.10000610351562,156.64999389648438,151.25999450683594,155.77999877929688,155.77999877929688,44624500.0,AMD,2024-05-06,0.03381739176194692
156.32000732421875,157.6999969482422,153.66000366210938,154.42999267578125,154.42999267578125,37374900.0,AMD,2024-05-07,-0.008703875848257821
153.39999389648438,155.3300018310547,152.52000427246094,153.6199951171875,153.6199951171875,28728000.0,AMD,2024-05-08,-0.005258883021943606
153.1300048828125,154.08999633789062,150.61000061035156,152.38999938964844,152.38999938964844,33018000.0,AMD,2024-05-09,-0.008038968488955125
154.2899932861328,156.3699951171875,151.30999755859375,151.9199981689453,151.9199981689453,37652800.0,AMD,2024-05-10,-0.003088965845300621
151.27999877929688,153.3300018310547,150.39999389648438,150.55999755859375,150.55999755859375,27859200.0,AMD,2024-05-13,-0.008992394829708823
150.42999267578125,153.49000549316406,148.77999877929688,153.16000366210938,153.16000366210938,31938300.0,AMD,2024-05-14,0.017121490897878913
155.58999633789062,159.69000244140625,154.6999969482422,159.6699981689453,159.6699981689453,43195900.0,AMD,2024-05-15,0.041626023364421304
160.9199981689453,168.05999755859375,159.89999389648438,162.6199951171875,162.6199951171875,76726700.0,AMD,2024-05-16,0.018306986869921126
168.42999267578125,169.72000122070312,162.32000732421875,164.47000122070312,164.47000122070312,65944400.0,AMD,2024-05-17,0.011312029421431863
165.5500030517578,168.49000549316406,164.47000122070312,166.3300018310547,166.3300018310547,45618000.0,AMD,2024-05-20,0.011245587635790094
164.0,165.8300018310547,163.10000610351562,164.66000366210938,164.66000366210938,30005500.0,AMD,2024-05-21,-0.010091013700298154
167.41000366210938,169.80999755859375,163.86000061035156,165.52000427246094,165.52000427246094,47426700.0,AMD,2024-05-22,0.0052092951389311306
170.17999267578125,173.13999938964844,158.27000427246094,160.42999267578125,160.42999267578125,91888800.0,AMD,2024-05-23,-0.031234394540331414
161.41000366210938,167.66000366210938,160.25,166.36000061035156,166.36000061035156,54868600.0,AMD,2024-05-24,0.03629645383426049
169.4199981689453,174.5500030517578,164.9600067138672,171.61000061035156,171.61000061035156,66495400.0,AMD,2024-05-28,0.031070345427260837
167.4600067138672,168.47999572753906,162.91000366210938,165.13999938964844,165.13999938964844,56537500.0,AMD,2024-05-29,-0.03843086867751367
167.89999389648438,168.75,163.8000030517578,166.75,166.75,46367000.0,AMD,2024-05-30,0.009702089502414961
166.64999389648438,169.5,160.07000732421875,166.89999389648438,166.89999389648438,64331900.0,AMD,2024-05-31,0.0008991093021598089
170.82000732421875,171.0800018310547,160.91000366210938,163.5500030517578,163.5500030517578,59157600.0,AMD,2024-06-03,-0.020276021454020986
162.83999633789062,164.8300018310547,158.8699951171875,159.99000549316406,159.99000549316406,48157200.0,AMD,2024-06-04,-0.022007425028830647
162.07000732421875,167.1199951171875,161.3800048828125,166.1699981689453,166.1699981689453,60507500.0,AMD,2024-06-05,0.037900002078915626
165.4600067138672,169.50999450683594,163.86000061035156,166.77999877929688,166.77999877929688,47153700.0,AMD,2024-06-06,0.003664221645640673
166.58999633789062,169.4499969482422,165.86000061035156,167.8699951171875,167.8699951171875,44796000.0,AMD,2024-06-07,0.006514269907856724
162.47999572753906,165.5500030517578,159.61000061035156,160.33999633789062,160.33999633789062,67444600.0,AMD,2024-06-10,-0.0458933034722984
160.5,161.5399932861328,156.9199981689453,158.9600067138672,158.9600067138672,40497100.0,AMD,2024-06-11,-0.008643897295390182
160.32000732421875,162.24000549316406,158.6199951171875,160.24000549316406,160.24000549316406,48325800.0,AMD,2024-06-12,0.00802008515865052
160.39999389648438,162.66000366210938,157.30999755859375,159.89999389648438,159.89999389648438,44442500.0,AMD,2024-06-13,-0.0021241439693379886
158.5,161.33999633789062,157.61000061035156,159.6300048828125,159.6300048828125,34054000.0,AMD,2024-06-14,-0.0016899138043775983
158.0,159.22999572753906,154.13999938964844,158.39999389648438,158.39999389648438,44507700.0,AMD,2024-06-17,-0.0077352270166716666
156.99000549316406,157.24000549316406,153.33999633789062,154.6300048828125,154.6300048828125,51852000.0,AMD,2024-06-18,-0.02408824278329609
155.82000732421875,166.82000732421875,155.5,161.77999877929688,161.77999877929688,93245700.0,AMD,2024-06-20,0.0452021819796222
161.75,163.1999969482422,157.88999938964844,161.22999572753906,161.22999572753906,61293900.0,AMD,2024-06-21,-0.0034054895678756014
159.75,163.39999389648438,158.19000244140625,160.25,160.25,45954100.0,AMD,2024-06-24,-0.006096794675700191
160.72999572753906,161.0,156.4499969482422,160.25,160.25,40572300.0,AMD,2024-06-25,0.0
160.60000610351562,160.74000549316406,156.0,157.5399932861328,157.5399932861328,36973400.0,AMD,2024-06-26,-0.01705574414250692
157.17999267578125,160.61000061035156,156.80999755859375,159.47000122070312,159.47000122070312,34018200.0,AMD,2024-06-27,0.012176472756359285
160.22999572753906,166.4499969482422,159.41000366210938,162.2100067138672,162.2100067138672,56204600.0,AMD,2024-06-28,0.017036009037361643
161.25,161.50999450683594,153.63999938964844,157.69000244140625,157.69000244140625,50436700.0,AMD,2024-07-01,-0.028260737552182866
157.0399932861328,164.5800018310547,156.6999969482422,164.30999755859375,164.30999755859375,57838600.0,AMD,2024-07-02,0.04112377670539189
164.1999969482422,165.25999450683594,162.50999450683594,163.89999389648438,163.89999389648438,26980900.0,AMD,2024-07-03,-0.0024984240946845254
165.97000122070312,174.0399932861328,165.67999267578125,171.89999389648438,171.89999389648438,61857100.0,AMD,2024-07-05,0.04765642837208619
174.89999389648438,178.9499969482422,173.22000122070312,178.69000244140625,178.69000244140625,60223400.0,AMD,2024-07-08,0.038739597670768865
177.97000122070312,180.41000366210938,174.6999969482422,177.10000610351562,177.10000610351562,43395600.0,AMD,2024-07-09,-0.00893789530091734
179.99000549316406,187.27999877929688,177.8000030517578,183.9600067138672,183.9600067138672,90247000.0,AMD,2024-07-10,0.038003799915609586
184.07000732421875,187.11000061035156,177.25,181.94000244140625,181.94000244140625,59231400.0,AMD,2024-07-11,-0.011041403355405465
182.02000427246094,186.99000549316406,179.69000244140625,181.61000061035156,181.61000061035156,50827400.0,AMD,2024-07-12,-0.0018154417214706231
184.4499969482422,185.5,178.5399932861328,179.8300018310547,179.8300018310547,42202700.0,AMD,2024-07-15,-0.009849563731940892
179.69000244140625,179.75,174.52999877929688,177.5500030517578,177.5500030517578,40633100.0,AMD,2024-07-16,-0.012759693781991186
169.8000030517578,169.8000030517578,159.3699951171875,159.42999267578125,159.42999267578125,76954200.0,AMD,2024-07-17,-0.1076473680980124
163.41000366210938,163.41000366210938,153.1999969482422,155.77000427246094,155.77000427246094,69420300.0,AMD,2024-07-18,-0.023224320712721402
154.86000061035156,155.80999755859375,150.6199951171875,151.5800018310547,151.5800018310547,47513100.0,AMD,2024-07-19,-0.027267037302849146
154.22999572753906,156.6999969482422,152.5399932861328,155.8699951171875,155.8699951171875,43912500.0,AMD,2024-07-22,0.02790874471110014
154.9499969482422,157.0500030517578,153.8000030517578,154.0,154.0,31950600.0,AMD,2024-07-23,-0.0120696927611447
152.72000122070312,153.67999267578125,144.52999877929688,144.6300048828125,144.6300048828125,49203100.0,AMD,2024-07-24,-0.06277381156727219
144.07000732421875,144.75,136.80999755859375,138.32000732421875,138.32000732421875,60578500.0,AMD,2024-07-25,-0.04460889652006005
140.32000732421875,141.2899932861328,138.27000427246094,139.99000549316406,139.99000549316406,49435800.0,AMD,2024-07-26,0.012001136400124988
141.19000244140625,144.58999633789062,138.75,139.75,139.75,47447200.0,AMD,2024-07-29,-0.001715918691213558
139.8800048828125,141.6999969482422,134.0500030517578,138.44000244140625,138.44000244140625,68801700.0,AMD,2024-07-30,-0.009418075632943513
150.72999572753906,153.60000610351562,140.02999877929688,144.47999572753906,144.47999572753906,114306800.0,AMD,2024-07-31,0.042704023695113065
145.0,147.2899932861328,130.24000549316406,132.5399932861328,132.5399932861328,94731900.0,AMD,2024-08-01,-0.08625662409270224
133.5,137.10000610351562,131.3300018310547,132.5,132.5,78562000.0,AMD,2024-08-02,-0.0003017905783991095
122.16000366210938,139.13999938964844,121.83000183105469,134.82000732421875,134.82000732421875,76089400.0,AMD,2024-08-05,0.017357964324921177
135.14999389648438,136.44000244140625,129.10000610351562,130.17999267578125,130.17999267578125,64455600.0,AMD,2024-08-06,-0.03502255786920111
133.75,136.24000549316406,128.3699951171875,128.6699981689453,128.6699981689453,54676500.0,AMD,2024-08-07,-0.011667078915724586
131.97000122070312,136.47999572753906,128.94000244140625,136.32000732421875,136.32000732421875,49037500.0,AMD,2024-08-08,0.05775414384286236
134.69000244140625,135.5,132.44000244140625,134.27000427246094,134.27000427246094,40583000.0,AMD,2024-08-09,-0.015152386904596391
134.44000244140625,137.99000549316406,133.22999572753906,136.77000427246094,136.77000427246094,39724300.0,AMD,2024-08-12,0.018447984227210966
138.1199951171875,141.19000244140625,137.52000427246094,141.1300048828125,141.1300048828125,42218000.0,AMD,2024-08-13,0.03138077189214276
143.0,143.25,137.63999938964844,140.75,140.75,35506400.0,AMD,2024-08-14,-0.0026962190040923204
143.0,147.9600067138672,141.80999755859375,147.36000061035156,147.36000061035156,43582400.0,AMD,2024-08-15,0.04589330962910487
145.6999969482422,149.3699951171875,145.1999969482422,148.55999755859375,148.55999755859375,31123900.0,AMD,2024-08-16,0.008110323961739227
148.42999267578125,155.3699951171875,147.72000122070312,155.27999877929688,155.27999877929688,60766900.0,AMD,2024-08-19,0.044241030388807764
156.49000549316406,162.0399932861328,154.50999450683594,156.39999389648438,156.39999389648438,76851200.0,AMD,2024-08-20,0.007186858086722072
156.1199951171875,158.64999389648438,155.07000732421875,157.80999755859375,157.80999755859375,42791200.0,AMD,2024-08-21,0.00897497320332515
158.8699951171875,159.83999633789062,151.00999450683594,151.6999969482422,151.6999969482422,45737300.0,AMD,2024-08-22,-0.039486896052071535
153.60000610351562,156.39999389648438,151.8300018310547,154.97999572753906,154.97999572753906,43694600.0,AMD,2024-08-23,0.02139118253055485
154.6999969482422,158.27999877929688,148.91000366210938,149.99000549316406,149.99000549316406,49893300.0,AMD,2024-08-26,-0.03272738693717976
150.1300048828125,151.6999969482422,148.44000244140625,150.5,150.5,35102700.0,AMD,2024-08-27,0.0033944223581275704
149.39999389648438,150.42999267578125,144.72000122070312,146.36000061035156,146.36000061035156,34075800.0,AMD,2024-08-28,-0.0278937398677169
146.58999633789062,149.49000549316406,144.47000122070312,145.49000549316406,145.49000549316406,31602100.0,AMD,2024-08-29,-0.00596195083761708
147.52000427246094,148.99000549316406,145.25,148.55999755859375,148.55999755859375,31169100.0,AMD,2024-08-30,0.020881507127047578
146.41000366210938,146.49000549316406,136.10000610351562,136.94000244140625,136.94000244140625,42172700.0,AMD,2024-09-03,-0.08144600908943568
140.50999450683594,143.3699951171875,138.50999450683594,140.8699951171875,140.8699951171875,42130600.0,AMD,2024-09-04,0.028294553089172936
138.1999969482422,141.7100067138672,137.8300018310547,139.44000244140625,139.44000244140625,25023000.0,AMD,2024-09-05,-0.010203025889965219
138.6999969482422,139.1300048828125,132.11000061035156,134.35000610351562,134.35000610351562,39993500.0,AMD,2024-09-06,-0.03718603822895312
136.10000610351562,138.4499969482422,134.86000061035156,138.14999389648438,138.14999389648438,27194500.0,AMD,2024-09-09,0.0278916266976097
139.05999755859375,143.0800018310547,137.25,142.83999633789062,142.83999633789062,37217500.0,AMD,2024-09-10,0.03338508989933252
145.32000732421875,150.16000366210938,140.7100067138672,149.86000061035156,149.86000061035156,50935400.0,AMD,2024-09-11,0.047976431920571126
148.42999267578125,151.5399932861328,147.64999389648438,150.77000427246094,150.77000427246094,29233700.0,AMD,2024-09-12,0.006053996119457002
152.32000732421875,153.02999877929688,150.6999969482422,152.30999755859375,152.30999755859375,25117200.0,AMD,2024-09-13,0.010162376469787042
151.6999969482422,154.44000244140625,150.91000366210938,152.0800018310547,152.0800018310547,27677800.0,AMD,2024-09-16,-0.0015111913779712024
153.5500030517578,154.0399932861328,149.22999572753906,150.82000732421875,150.82000732421875,29889000.0,AMD,2024-09-17,-0.00831958888310025
150.89999389648438,152.82000732421875,148.00999450683594,148.2899932861328,148.2899932861328,26320100.0,AMD,2024-09-18,-0.01691735062542485
153.80999755859375,159.25,152.77000427246094,156.74000549316406,156.74000549316406,44500000.0,AMD,2024-09-19,0.05541864595933842
156.0,157.4499969482422,152.47000122070312,155.9499969482422,155.9499969482422,40248200.0,AMD,2024-09-20,-0.005052993186072696
156.4499969482422,157.19000244140625,154.97000122070312,156.75,156.75,21728500.0,AMD,2024-09-23,0.0051167560280402195
157.4600067138672,159.63999938964844,154.5800018310547,158.32000732421875,158.32000732421875,27531200.0,AMD,2024-09-24,0.009966168043398473
158.5,162.9499969482422,158.17999267578125,162.02000427246094,162.02000427246094,35233300.0,AMD,2024-09-25,0.023101463215876368
167.05999755859375,168.67999267578125,164.0500030517578,167.49000549316406,167.49000549316406,38044900.0,AMD,2024-09-26,0.033203870015040625
167.47999572753906,168.72999572753906,163.74000549316406,164.35000610351562,164.35000610351562,27876000.0,AMD,2024-09-27,-0.01892534353981565
163.10000610351562,165.0800018310547,162.17999267578125,164.0800018310547,164.0800018310547,21881600.0,AMD,2024-09-30,-0.0016442123238809554
164.47999572753906,165.39999389648438,158.0800018310547,159.75,159.75,31831900.0,AMD,2024-10-01,-0.026744031666004867
159.30999755859375,163.10000610351562,158.6699981689453,159.77999877929688,159.77999877929688,24630400.0,AMD,2024-10-02,0.0001877681563521693
159.7100067138672,166.7899932861328,159.39999389648438,162.85000610351562,162.85000610351562,29598800.0,AMD,2024-10-03,0.019031707787616668
166.52999877929688,171.2100067138672,164.4199981689453,170.89999389648438,170.89999389648438,44556500.0,AMD,2024-10-04,0.04824898520597228
171.0800018310547,172.41000366210938,168.2100067138672,170.97000122070312,170.97000122070312,38379900.0,AMD,2024-10-07,0.0004095552472997558
171.75,173.60000610351562,170.0,172.8000030517578,172.8000030517578,34730200.0,AMD,2024-10-08,0.010646764375705425
174.0500030517578,174.0500030517578,169.5500030517578,171.02000427246094,171.02000427246094,33890700.0,AMD,2024-10-09,-0.010354340320551835
169.75999450683594,172.00999450683594,162.0,164.17999267578125,164.17999267578125,75113600.0,AMD,2024-10-10,-0.04081719140082683
164.19000244140625,169.35000610351562,163.00999450683594,167.88999938964844,167.88999938964844,42136200.0,AMD,2024-10-11,0.022345657103669484
167.77000427246094,168.89999389648438,165.14999389648438,165.27000427246094,165.27000427246094,31757200.0,AMD,2024-10-14,-0.015728473408746446
163.2100067138672,164.1300048828125,155.74000549316406,156.63999938964844,156.63999938964844,50768000.0,AMD,2024-10-15,-0.05363035111845894
158.07000732421875,158.27999877929688,154.9199981689453,156.1300048828125,156.1300048828125,30575800.0,AMD,2024-10-16,-0.003261150058229149
160.0,160.44000244140625,156.1999969482422,156.25,156.25,29491900.0,AMD,2024-10-17,0.0007682637890639175
157.41000366210938,158.00999450683594,155.55999755859375,155.97000122070312,155.97000122070312,23823000.0,AMD,2024-10-18,-0.0017935997262517182
155.75999450683594,158.0,154.14999389648438,157.89999389648438,157.89999389648438,25781200.0,AMD,2024-10-21,0.012298193717026009
156.60000610351562,156.74000549316406,151.91000366210938,154.08999633789062,154.08999633789062,34997400.0,AMD,2024-10-22,-0.024425059079565166
153.0,153.4499969482422,150.52000427246094,152.91000366210938,152.91000366210938,26095900.0,AMD,2024-10-23,-0.007687286558216918
154.74000549316406,155.19000244140625,152.35000610351562,153.44000244140625,153.44000244140625,22877000.0,AMD,2024-10-24,0.0034600900767709384
155.39999389648438,158.91000366210938,155.0500030517578,156.22999572753906,156.22999572753906,29758500.0,AMD,2024-10-25,0.01801962603028683
158.5,160.27999877929688,157.0399932861328,159.9199981689453,159.9199981689453,36010100.0,AMD,2024-10-28,0.02334442566576692
161.10000610351562,167.50999450683594,158.94000244140625,166.25,166.25,71896000.0,AMD,2024-10-29,0.038819000793635615
153.00999450683594,153.1199951171875,148.10000610351562,148.60000610351562,148.60000610351562,87701700.0,AMD,2024-10-30,-0.11223450617884911
147.8000030517578,148.67999267578125,143.3300018310547,144.07000732421875,144.07000732421875,44386600.0,AMD,2024-10-31,-0.030958829945816745
144.44000244140625,144.5399932861328,141.32000732421875,141.86000061035156,141.86000061035156,39027400.0,AMD,2024-11-01,-0.015458683334864597
141.6999969482422,143.63999938964844,139.72000122070312,140.7100067138672,140.7100067138672,29117400.0,AMD,2024-11-04,-0.008139577562054875
141.94000244140625,143.0800018310547,140.8000030517578,141.66000366210938,141.66000366210938,27067300.0,AMD,2024-11-05,0.006728763662498309
144.9499969482422,145.6300048828125,141.52000427246094,145.10000610351562,145.10000610351562,32911500.0,AMD,2024-11-06,0.02399335577746603
146.67999267578125,150.1199951171875,145.66000366210938,149.82000732421875,149.82000732421875,30326400.0,AMD,2024-11-07,0.0320114204521822
149.38999938964844,150.7100067138672,147.52999877929688,147.9499969482422,147.9499969482422,27560300.0,AMD,2024-11-08,-0.01256026418726009
147.3800048828125,148.57000732421875,144.91000366210938,147.35000610351562,147.35000610351562,29868100.0,AMD,2024-11-11,-0.004063607613670878
147.0,147.4499969482422,141.5500030517578,143.6300048828125,143.6300048828125,33560300.0,AMD,2024-11-12,-0.025570168166092647
142.86000061035156,144.49000549316406,139.07000732421875,139.3000030517578,139.3000030517578,35146600.0,AMD,2024-11-13,-0.030610679745932245
140.33999633789062,141.39999389648438,138.55999755859375,138.83999633789062,138.83999633789062,31681400.0,AMD,2024-11-14,-0.0033077380764557646
136.57000732421875,137.35000610351562,133.64999389648438,134.89999389648438,134.89999389648438,44217500.0,AMD,2024-11-15,-0.02878844664814546
138.19000244140625,140.89999389648438,137.2100067138672,138.92999267578125,138.92999267578125,38705400.0,AMD,2024-11-18,0.029436438473030967
137.41000366210938,139.75,137.13999938964844,139.38999938964844,139.38999938964844,23131400.0,AMD,2024-11-19,0.003305598921063581
138.9600067138672,140.77000427246094,135.47999572753906,137.60000610351562,137.60000610351562,28843100.0,AMD,2024-11-20,-0.012924785506874982
138.8699951171875,140.27999877929688,134.92999267578125,137.49000549316406,137.49000549316406,29311400.0,AMD,2024-11-21,-0.0007997427138558652
137.35000610351562,139.1300048828125,137.0399932861328,138.35000610351562,138.35000610351562,21784700.0,AMD,2024-11-22,0.006235523207087069
140.49000549316406,142.35000610351562,139.0500030517578,141.1300048828125,141.1300048828125,30923100.0,AMD,2024-11-25,0.019894735674473737
142.5500030517578,142.8000030517578,136.6199951171875,137.72000122070312,137.72000122070312,32092400.0,AMD,2024-11-26,-0.024458838689910063
137.1999969482422,137.94000244140625,132.9600067138672,136.24000549316406,136.24000549316406,30175300.0,AMD,2024-11-27,-0.010804570659790284
136.24000549316406,138.58999633789062,135.77999877929688,137.17999267578125,137.17999267578125,16085700.0,AMD,2024-11-29,0.006875802005680502
137.9199981689453,142.82000732421875,137.8000030517578,142.05999755859375,142.05999755859375,33102400.0,AMD,2024-12-02,0.03495560770405135
142.5800018310547,143.4499969482422,141.0800018310547,141.97999572753906,141.97999572753906,22665300.0,AMD,2024-12-03,-0.0005633138646756136
142.9600067138672,144.1199951171875,141.17999267578125,143.99000549316406,143.99000549316406,25942700.0,AMD,2024-12-04,0.0140577183505523
143.67999267578125,143.9499969482422,140.3800048828125,141.36000061035156,141.36000061035156,29576900.0,AMD,2024-12-05,-0.018434058540648817
141.47999572753906,142.7899932861328,137.39999389648438,138.58999633789062,138.58999633789062,33576800.0,AMD,2024-12-06,-0.019789924672492718
135.7100067138672,135.77000427246094,130.0,130.8699951171875,130.8699951171875,57055600.0,AMD,2024-12-09,-0.057315480899673664
131.55999755859375,131.55999755859375,127.06999969482422,127.73999786376953,127.73999786376953,38907200.0,AMD,2024-12-10,-0.02420749534681177
128.52000427246094,131.2100067138672,126.22000122070312,130.14999389648438,130.14999389648438,45588100.0,AMD,2024-12-11,0.018690653134390584
130.0,132.32000732421875,129.07000732421875,130.60000610351562,130.60000610351562,34267100.0,AMD,2024-12-12,0.0034516790321885826
131.3000030517578,131.3000030517578,124.7699966430664,126.91000366210938,126.91000366210938,67544700.0,AMD,2024-12-13,-0.028661060898723837
126.01000213623047,127.76000213623047,123.12000274658203,126.69000244140625,126.69000244140625,42090300.0,AMD,2024-12-16,-0.0017350257933568974
124.44999694824219,127.08000183105469,123.1500015258789,125.0199966430664,125.0199966430664,43314900.0,AMD,2024-12-17,-0.013269479232178378
125.43000030517578,127.75,120.43000030517578,121.41000366210938,121.41000366210938,49724400.0,AMD,2024-12-18,-0.029300419933448955
122.16000366210938,123.37999725341797,118.44999694824219,118.87999725341797,118.87999725341797,46160700.0,AMD,2024-12-19,-0.02105871985341484
118.0,121.86000061035156,117.9000015258789,119.20999908447266,119.20999908447266,53591200.0,AMD,2024-12-20,0.002772078184326357
120.70999908447266,126.33999633789062,120.47000122070312,124.5999984741211,124.5999984741211,47777900.0,AMD,2024-12-23,0.04422195805717762
127.51000213623047,127.51000213623047,124.66000366210938,126.29000091552734,126.29000091552734,24829600.0,AMD,2024-12-24,0.013472262800350042
125.5199966430664,127.30000305175781,125.05000305175781,125.05999755859375,125.05999755859375,24998200.0,AMD,2024-12-26,-0.009787254290211413
124.37000274658203,126.18000030517578,122.26000213623047,125.19000244140625,125.19000244140625,32924000.0,AMD,2024-12-27,0.0010390001559062022
123.55999755859375,124.0999984741211,122.3499984741211,122.44000244140625,122.44000244140625,30501600.0,AMD,2024-12-30,-0.02221146875635348
123.0999984741211,123.55000305175781,120.13999938964844,120.79000091552734,120.79000091552734,30203400.0,AMD,2024-12-31,-0.013567625820141663
122.29000091552734,123.13999938964844,119.44000244140625,120.62999725341797,120.62999725341797,34256200.0,AMD,2025-01-02,-0.0013255213880392484
121.6500015258789,125.55999755859375,121.41999816894531,125.37000274658203,125.37000274658203,36785300.0,AMD,2025-01-03,0.03854140022709878
129.07000732421875,130.72999572753906,127.36000061035156,129.5500030517578,129.5500030517578,48020200.0,AMD,2025-01-06,0.03279754352897823
130.50999450683594,131.7100067138672,126.8499984741211,127.33000183105469,127.33000183105469,39220400.0,AMD,2025-01-07,-0.017284774598989663
124.51000213623047,125.30000305175781,120.12000274658203,121.83999633789062,121.83999633789062,46723100.0,AMD,2025-01-08,-0.04407347743553379
118.18000030517578,118.70999908447266,114.44999694824219,116.04000091552734,116.04000091552734,59415600.0,AMD,2025-01-10,-0.048773711387237594
115.27999877929688,117.4800033569336,114.41000366210938,117.31999969482422,117.31999969482422,39128900.0,AMD,2025-01-13,0.010970274365065081
118.0,118.66000366210938,114.5,116.08999633789062,116.08999633789062,37005300.0,AMD,2025-01-14,-0.010539520703514361
117.55000305175781,120.41999816894531,117.45999908447266,119.95999908447266,119.95999908447266,38185800.0,AMD,2025-01-15,0.03279262544435933
120.23999786376953,121.08999633789062,118.25,118.44000244140625,118.44000244140625,29414100.0,AMD,2025-01-16,-0.012751822402458117
120.77999877929688,122.73999786376953,120.55000305175781,121.45999908447266,121.45999908447266,35765900.0,AMD,2025-01-17,0.025178459085331565
122.38999938964844,123.75,121.12000274658203,122.27999877929688,122.27999877929688,31578800.0,AMD,2025-01-21,0.006728504108038509
123.08000183105469,125.6500015258789,121.91000366210938,123.75,123.75,35023800.0,AMD,2025-01-22,0.011949914409017725
121.43000030517578,123.70999908447266,120.62999725341797,123.04000091552734,123.04000091552734,24921100.0,AMD,2025-01-23,-0.00575388825057394
124.55000305175781,125.25,122.2300033569336,122.83999633789062,122.83999633789062,31570300.0,AMD,2025-01-24,-0.0016268474376313778
117.80000305175781,118.08000183105469,112.80000305175781,115.01000213623047,115.01000213623047,61067900.0,AMD,2025-01-27,-0.06586356608180255
115.18000030517578,116.1500015258789,112.94999694824219,114.16999816894531,114.16999816894531,40554800.0,AMD,2025-01-28,-0.007330550028523058
115.7699966430664,118.5199966430664,114.95999908447266,117.3499984741211,117.3499984741211,40199100.0,AMD,2025-01-29,0.02747235964396084
118.52999877929688,120.44000244140625,117.08999633789062,118.86000061035156,118.86000061035156,29788400.0,AMD,2025-01-30,0.012785425779330848
119.13999938964844,119.56999969482422,115.33000183105469,115.94999694824219,115.94999694824219,40463400.0,AMD,2025-01-31,-0.0247872976916219
113.87999725341797,115.16000366210938,112.9800033569336,114.2699966430664,114.2699966430664,34586100.0,AMD,2025-02-03,-0.014594997600525017
115.44999694824219,119.8499984741211,114.79000091552734,119.5,119.5,69412100.0,AMD,2025-02-04,0.04475233159015182
107.61000061035156,112.08999633789062,106.5,112.01000213623047,112.01000213623047,110385200.0,AMD,2025-02-05,-0.06472819927613399
110.93000030517578,112.55999755859375,109.0199966430664,110.16000366210938,110.16000366210938,50426600.0,AMD,2025-02-06,-0.01665428443148344
109.12999725341797,109.91999816894531,106.79000091552734,107.55999755859375,107.55999755859375,46082500.0,AMD,2025-02-07,-0.023885078961371455
108.44000244140625,111.4000015258789,108.1500015258789,110.4800033569336,110.4800033569336,34905400.0,AMD,2025-02-10,0.02678573078344869
108.9800033569336,113.06999969482422,108.94000244140625,111.0999984741211,111.0999984741211,35033800.0,AMD,2025-02-11,0.005596143425275311
109.5199966430664,111.83999633789062,109.05999755859375,111.72000122070312,111.72000122070312,25319700.0,AMD,2025-02-12,0.005565069092126451
112.0,114.5999984741211,110.4000015258789,111.80999755859375,111.80999755859375,40911800.0,AMD,2025-02-13,0.000805228320537171
112.6500015258789,114.62999725341797,111.69999694824219,113.0999984741211,113.0999984741211,32477200.0,AMD,2025-02-14,0.011471389306696429
114.05000305175781,115.55000305175781,113.44999694824219,114.27999877929688,114.27999877929688,31720300.0,AMD,2025-02-18,0.010379197050224942
114.25,116.11000061035156,113.13999938964844,114.69000244140625,114.69000244140625,28807700.0,AMD,2025-02-19,0.0035812909825469405
115.01000213623047,116.55000305175781,113.11000061035156,114.16999816894531,114.16999816894531,27219600.0,AMD,2025-02-20,-0.00454430801316413
114.8499984741211,115.76000213623047,110.43000030517578,110.83999633789062,110.83999633789062,41353700.0,AMD,2025-02-21,-0.029600862695092562
111.48999786376953,111.5999984741211,107.9800033569336,108.11000061035156,108.11000061035156,29072200.0,AMD,2025-02-24,-0.024938454004842972
107.88999938964844,108.63999938964844,103.62000274658203,103.95999908447266,103.95999908447266,39169200.0,AMD,2025-02-25,-0.03914303198357839
104.94999694824219,105.80000305175781,103.98999786376953,104.73999786376953,104.73999786376953,29178200.0,AMD,2025-02-26,0.007474867489031242
105.08000183105469,105.76000213623047,99.5,99.51000213623047,99.51000213623047,47263700.0,AMD,2025-02-27,-0.05122290536122012
99.55999755859375,101.80000305175781,98.69000244140625,99.86000061035156,99.86000061035156,45194600.0,AMD,2025-02-28,0.0035110480899698386
101.5199966430664,102.33999633789062,97.08999633789062,98.2300033569336,98.2300033569336,38958000.0,AMD,2025-03-03,-0.016457509323538472
96.0,103.18000030517578,95.88999938964844,100.75,100.75,54156900.0,AMD,2025-03-04,0.025330498965795048
100.36000061035156,101.83999633789062,98.87000274658203,101.66999816894531,101.66999816894531,27855500.0,AMD,2025-03-05,0.009090055450493567
99.05000305175781,101.08000183105469,98.2699966430664,98.8499984741211,98.8499984741211,28985000.0,AMD,2025-03-06,-0.028128722096966773
98.87999725341797,100.6500015258789,96.38999938964844,100.30999755859375,100.30999755859375,33254400.0,AMD,2025-03-07,0.01466183237646143
98.56999969482422,101.29000091552734,95.83000183105469,96.62999725341797,96.62999725341797,38733200.0,AMD,2025-03-10,-0.03737614296926297
96.79000091552734,98.16000366210938,94.7300033569336,96.76000213623047,96.76000213623047,34078300.0,AMD,2025-03-11,0.0013444842319280256
99.05000305175781,101.72000122070312,98.16999816894531,100.79000091552734,100.79000091552734,34241300.0,AMD,2025-03-12,0.04080544563085445
99.72000122070312,100.06999969482422,97.2699966430664,98.11000061035156,98.11000061035156,28575200.0,AMD,2025-03-13,-0.0269498490539064
99.63999938964844,101.22000122070312,99.58000183105469,100.97000122070312,100.97000122070312,24715300.0,AMD,2025-03-14,0.028734150709596368
102.5999984741211,106.1500015258789,102.5999984741211,104.58999633789062,104.58999633789062,43689500.0,AMD,2025-03-17,0.03522445464623268
103.8499984741211,104.55000305175781,102.97000122070312,103.51000213623047,103.51000213623047,27152800.0,AMD,2025-03-18,-0.0103796627186504
104.41999816894531,107.9000015258789,101.95999908447266,106.2300033569336,106.2300033569336,32287500.0,AMD,2025-03-19,0.025938339358966625
105.12000274658203,108.26000213623047,105.12000274658203,107.13999938964844,107.13999938964844,26871800.0,AMD,2025-03-20,0.008529798363508704
105.33000183105469,107.25,104.33000183105469,106.44000244140625,106.44000244140625,30767900.0,AMD,2025-03-21,-0.006554915709635024
109.7300033569336,114.8499984741211,109.4000015258789,113.8499984741211,113.8499984741211,53342000.0,AMD,2025-03-24,0.06730031006079827
113.2699966430664,114.94999694824219,112.70999908447266,114.80999755859375,114.80999755859375,29077500.0,AMD,2025-03-25,0.0083967877337568
114.11000061035156,115.9000015258789,108.68000030517578,110.19000244140625,110.19000244140625,39824000.0,AMD,2025-03-26,-0.041072396184950045
106.11000061035156,107.62000274658203,105.55000305175781,106.6500015258789,106.6500015258789,32773700.0,AMD,2025-03-27,-0.032653711431307866
105.52999877929688,106.51000213623047,102.4800033569336,103.22000122070312,103.22000122070312,31069100.0,AMD,2025-03-28,-0.032689814677901996
100.23999786376953,102.81999969482422,98.80000305175781,102.73999786376953,102.73999786376953,30865300.0,AMD,2025-03-31,-0.004661140300273933
102.16000366210938,102.83000183105469,100.93000030517578,102.77999877929688,102.77999877929688,23523200.0,AMD,2025-04-01,0.00038926544069496996
101.5199966430664,104.19000244140625,100.76000213623047,102.95999908447266,102.95999908447266,20794000.0,AMD,2025-04-02,0.0017497847085742632
97.79000091552734,99.44999694824219,93.63999938964844,93.80000305175781,93.80000305175781,50472500.0,AMD,2025-04-03,-0.09317566584889302
90.0999984741211,91.08000183105469,83.66999816894531,85.76000213623047,85.76000213623047,65847000.0,AMD,2025-04-04,-0.08961216631501466
80.68000030517578,89.0,77.75,83.63999938964844,83.63999938964844,70515400.0,AMD,2025-04-07,-0.025030854968826975
86.1500015258789,88.93000030517578,76.4800033569336,78.20999908447266,78.20999908447266,69910200.0,AMD,2025-04-08,-0.06712436235556218
79.22000122070312,97.91000366210938,78.87000274658203,96.83999633789062,96.83999633789062,97827400.0,AMD,2025-04-09,0.21366258934626892
91.0,92.94999694824219,85.05999755859375,88.69999694824219,88.69999694824219,65210600.0,AMD,2025-04-10,-0.08780023934362875
90.51000213623047,94.76000213623047,90.5,93.4000015258789,93.4000015258789,57892600.0,AMD,2025-04-11,0.051631506661683785
97.11000061035156,97.37000274658203,93.44999694824219,94.5,94.5,36003000.0,AMD,2025-04-14,0.011708472927867107
94.66000366210938,96.8499984741211,94.62000274658203,95.29000091552734,95.29000091552734,28116500.0,AMD,2025-04-15,0.00832504846820063
87.61000061035156,90.47000122070312,85.30000305175781,88.29000091552734,88.29000091552734,62109000.0,AMD,2025-04-16,-0.07629802168485925
88.83999633789062,89.02999877929688,86.5199966430664,87.5,87.5,34801400.0,AMD,2025-04-17,-0.008988067919469765
86.0199966430664,86.13999938964844,83.75,85.55999755859375,85.55999755859375,33855400.0,AMD,2025-04-21,-0.022420937683799165
86.12000274658203,87.16999816894531,85.16999816894531,86.26000213623047,86.26000213623047,35236700.0,AMD,2025-04-22,0.008148160304945291
91.87999725341797,93.73999786376953,90.12000274658203,90.38999938964844,90.38999938964844,41102600.0,AMD,2025-04-23,0.04676761907318107
91.58999633789062,94.75,90.37000274658203,94.47000122070312,94.47000122070312,33681900.0,AMD,2025-04-24,0.044148701644742404
93.27999877929688,97.0999984741211,92.8499984741211,96.6500015258789,96.6500015258789,28575300.0,AMD,2025-04-25,0.022813884739377698
95.58000183105469,97.48999786376953,94.2699966430664,96.38999938964844,96.38999938964844,30456700.0,AMD,2025-04-28,-0.0026937659782438473
95.76000213623047,97.18000030517578,95.33000183105469,96.05999755859375,96.05999755859375,20700600.0,AMD,2025-04-29,-0.003429484642524627
92.80999755859375,97.55000305175781,91.87000274658203,97.3499984741211,97.3499984741211,29730700.0,AMD,2025-04-30,0.01333974532280681
99.2699966430664,100.0999984741211,96.44999694824219,96.6500015258789,96.6500015258789,29591500.0,AMD,2025-05-01,-0.007216494702038421
98.4000015258789,99.87999725341797,98.30000305175781,98.80000305175781,98.80000305175781,29957900.0,AMD,2025-05-02,0.02200141420004257
99.0,102.05000305175781,98.76000213623047,100.58999633789062,100.58999633789062,41268900.0,AMD,2025-05-05,0.017955177097890917
98.41000366210938,100.06999969482422,97.44000244140625,98.62000274658203,98.62000274658203,54264300.0,AMD,2025-05-06,-0.019778704093817573
100.75,103.41999816894531,96.87999725341797,100.36000061035156,100.36000061035156,86474400.0,AMD,2025-05-07,0.017489618933711308
101.91999816894531,105.44000244140625,101.55999755859375,101.69999694824219,101.69999694824219,54231400.0,AMD,2025-05-08,0.013263545467219003
102.58999633789062,103.54000091552734,101.5999984741211,102.83999633789062,102.83999633789062,31704300.0,AMD,2025-05-09,0.011147073740849625
110.41999816894531,110.66999816894531,106.9800033569336,108.12000274658203,108.12000274658203,50543400.0,AMD,2025-05-12,0.0500674000234239
109.5999984741211,113.12999725341797,109.0,112.45999908447266,112.45999908447266,55659500.0,AMD,2025-05-13,0.039355847911804256
119.83000183105469,122.5199966430664,116.58999633789062,117.72000122070312,117.72000122070312,86743700.0,AMD,2025-05-14,0.04571133901167914
117.0199966430664,117.5,114.01000213623047,114.98999786376953,114.98999786376953,43843200.0,AMD,2025-05-15,-0.02346378425177868
118.06999969482422,118.23999786376953,116.01000213623047,117.16999816894531,117.16999816894531,43419700.0,AMD,2025-05-16,0.01878070656968965
115.0199966430664,115.52999877929688,114.05999755859375,114.73999786376953,114.73999786376953,37737400.0,AMD,2025-05-19,-0.02095717549701557
114.3499984741211,114.51000213623047,112.08000183105469,113.51000213623047,113.51000213623047,29030800.0,AMD,2025-05-20,-0.010777722968711271
113.8499984741211,116.0999984741211,111.08999633789062,112.05999755859375,112.05999755859375,43594600.0,AMD,2025-05-21,-0.012856537236464032
111.9000015258789,112.63999938964844,110.61000061035156,110.70999908447266,110.70999908447266,29252000.0,AMD,2025-05-22,-0.012120258748763461
108.08999633789062,111.0199966430664,107.66999816894531,110.30999755859375,110.30999755859375,30867300.0,AMD,2025-05-23,-0.003619599752715578
113.18000030517578,115.4000015258789,112.2699966430664,114.55999755859375,114.55999755859375,37885000.0,AMD,2025-05-27,0.037804120052116925
114.91999816894531,114.94999694824219,112.66000366210938,112.86000061035156,112.86000061035156,27483700.0,AMD,2025-05-28,-0.014950563952141817
115.48999786376953,115.54000091552734,112.12999725341797,113.02999877929688,113.02999877929688,30501400.0,AMD,2025-05-29,0.0015051414537889667
111.58000183105469,112.11000061035156,108.62000274658203,110.7300033569336,110.7300033569336,36088500.0,AMD,2025-05-30,-0.02055842337642034
111.05999755859375,114.86000061035156,111.01000213623047,114.62999725341797,114.62999725341797,34078400.0,AMD,2025-06-02,0.03461469014010196
114.5,117.68000030517578,113.27999877929688,117.30999755859375,117.30999755859375,37161500.0,AMD,2025-06-03,0.023110456539544567
117.41000366210938,119.30000305175781,115.7300033569336,118.58000183105469,118.58000183105469,31025000.0,AMD,2025-06-04,0.010767871014684776
118.94999694824219,119.23999786376953,114.70999908447266,115.69000244140625,115.69000244140625,34091000.0,AMD,2025-06-05,-0.02467363257693632
117.69000244140625,118.37999725341797,115.87999725341797,116.19000244140625,116.19000244140625,27042100.0,AMD,2025-06-06,0.004312582063160517
119.18000030517578,122.37000274658203,119.04000091552734,121.7300033569336,121.7300033569336,55437700.0,AMD,2025-06-09,0.04657870179142511
121.11000061035156,124.08999633789062,120.80000305175781,123.23999786376953,123.23999786376953,41691900.0,AMD,2025-06-10,0.012328151396177297
124.44000244140625,124.47000122070312,119.87999725341797,121.13999938964844,121.13999938964844,32261900.0,AMD,2025-06-11,-0.017186759880158997
120.62000274658203,122.25,118.02999877929688,118.5,118.5,44718400.0,AMD,2025-06-12,-0.02203393593921701
116.05000305175781,117.87999725341797,115.05999755859375,116.16000366210938,116.16000366210938,39702700.0,AMD,2025-06-13,-0.019944377972276786
118.63999938964844,128.13999938964844,117.77999877929688,126.38999938964844,126.38999938964844,100968500.0,AMD,2025-06-16,0.08440377722701298
127.93000030517578,130.6999969482422,126.58000183105469,127.0999984741211,127.0999984741211,86623900.0,AMD,2025-06-17,0.00560180636014461
128.00999450683594,129.2100067138672,125.7699966430664,126.79000091552734,126.79000091552734,49627100.0,AMD,2025-06-18,-0.002441984429393573
129.0,132.80999755859375,127.55000305175781,128.24000549316406,128.24000549316406,79931000.0,AMD,2025-06-20,0.011371369375651955
130.47000122070312,133.25,126.81999969482422,129.5800018310547,129.5800018310547,65152900.0,AMD,2025-06-23,0.010394914016175028
133.42999267578125,138.7899932861328,132.92999267578125,138.42999267578125,138.42999267578125,78572000.0,AMD,2025-06-24,0.06606626463795509
140.94000244140625,144.17999267578125,139.4600067138672,143.39999389648438,143.39999389648438,74607200.0,AMD,2025-06-25,0.03527315581219341
145.97000122070312,146.0,141.91000366210938,143.67999267578125,143.67999267578125,58180100.0,AMD,2025-06-26,0.0019506679753294582
144.17999267578125,147.75,141.6300048828125,143.80999755859375,143.80999755859375,61937900.0,AMD,2025-06-27,0.0009044133437002377
144.0,146.0,141.00999450683594,141.89999389648438,141.89999389648438,42972500.0,AMD,2025-06-30,-0.013370425768477438
138.77000427246094,140.22999572753906,135.1199951171875,136.11000061035156,136.11000061035156,55257200.0,AMD,2025-07-01,-0.041659154324966564
135.52999877929688,139.77999877929688,135.22000122070312,138.52000427246094,138.52000427246094,39228000.0,AMD,2025-07-02,0.017551363549625842
139.11000061035156,139.5,137.32000732421875,137.91000366210938,137.91000366210938,28646000.0,AMD,2025-07-03,-0.004413425337271688
136.55999755859375,137.44000244140625,133.5,134.8000030517578,134.8000030517578,37395000.0,AMD,2025-07-07,-0.02280910392322921
137.32000732421875,139.14999389648438,135.91000366210938,137.82000732421875,137.82000732421875,36124600.0,AMD,2025-07-08,0.022156317955067433
138.69000244140625,140.64999389648438,137.58999633789062,138.41000366210938,138.41000366210938,37013100.0,AMD,2025-07-09,0.004271782294599444
143.0,145.82000732421875,141.85000610351562,144.16000366210938,144.16000366210938,61101500.0,AMD,2025-07-10,0.040703497896090526
142.60000610351562,147.39999389648438,141.60000610351562,146.4199981689453,146.4199981689453,50049200.0,AMD,2025-07-11,0.015555372449883812
145.08999633789062,147.5800018310547,141.89999389648438,146.24000549316406,146.24000549316406,44718600.0,AMD,2025-07-14,-0.0012300464444970876
153.75,158.67999267578125,153.55999755859375,155.61000061035156,155.61000061035156,93370100.0,AMD,2025-07-15,0.0621037356852306
155.30999755859375,160.36000061035156,152.85000610351562,160.0800018310547,160.0800018310547,59492800.0,AMD,2025-07-16,0.028320820760116234
161.80999755859375,161.9600067138672,158.67999267578125,160.41000366210938,160.41000366210938,50605100.0,AMD,2025-07-17,0.0020593587445816904
159.58999633789062,160.8300018310547,155.80999755859375,156.99000549316406,156.99000549316406,48859800.0,AMD,2025-07-18,-0.02155091641567185
157.6199951171875,160.33999633789062,156.9199981689453,157.0,157.0,39021100.0,AMD,2025-07-21,6.366130554780608e-05
156.1999969482422,156.22999572753906,149.33999633789062,154.72000122070312,154.72000122070312,49028000.0,AMD,2025-07-22,-0.014628765753567412
156.32000732421875,159.4499969482422,156.0,158.64999389648438,158.64999389648438,41510900.0,AMD,2025-07-23,0.0250834399628865
159.1199951171875,163.92999267578125,158.36000061035156,162.1199951171875,162.1199951171875,48440100.0,AMD,2025-07-24,0.021636292083972188
163.50999450683594,167.17999267578125,162.36000061035156,166.47000122070312,166.47000122070312,53432300.0,AMD,2025-07-25,0.026478348697191564
169.0800018310547,174.6999969482422,168.6699981689453,173.66000366210938,173.66000366210938,68267800.0,AMD,2025-07-28,0.04228426538151951
175.2100067138672,182.30999755859375,174.67999267578125,177.44000244140625,177.44000244140625,108154800.0,AMD,2025-07-29,0.021533151640798515
175.61000061035156,180.3699951171875,173.8000030517578,179.50999450683594,179.50999450683594,64820300.0,AMD,2025-07-30,0.011598348720988517
182.02000427246094,182.5,173.0,176.30999755859375,176.30999755859375,71765300.0,AMD,2025-07-31,-0.017987090636665447
170.16000366210938,174.39999389648438,166.82000732421875,171.6999969482422,171.6999969482422,75396100.0,AMD,2025-08-01,-0.026495045315781292
174.61000061035156,177.86000061035156,173.55999755859375,176.77999877929688,176.77999877929688,52951000.0,AMD,2025-08-04,0.02915726459794046
177.57000732421875,177.99000549316406,171.8000030517578,174.30999755859375,174.30999755859375,88808500.0,AMD,2025-08-05,-0.014070705506934258
165.0500030517578,166.17999267578125,157.8000030517578,163.1199951171875,163.1199951171875,133641800.0,AMD,2025-08-06,-0.06634921288832546
166.83999633789062,175.75,166.6999969482422,172.39999389648438,172.39999389648438,95448300.0,AMD,2025-08-07,0.05533122649403767
174.0399932861328,176.47999572753906,170.52000427246094,172.75999450683594,172.75999450683594,68866700.0,AMD,2025-08-08,0.002085993469626515
170.0399932861328,178.82000732421875,169.3800048828125,172.27999877929688,172.27999877929688,70651000.0,AMD,2025-08-11,-0.0027822631956624347
173.32000732421875,175.16000366210938,168.5,174.9499969482422,174.9499969482422,52243500.0,AMD,2025-08-12,0.015379148269763606
179.91000366210938,186.64999389648438,179.3800048828125,184.4199981689453,184.4199981689453,108305100.0,AMD,2025-08-13,0.05271555381217736
179.8300018310547,185.44000244140625,179.55999755859375,180.9499969482422,180.9499969482422,66308800.0,AMD,2025-08-14,-0.018995022037722343
180.05999755859375,180.13999938964844,176.25,177.50999450683594,177.50999450683594,51543100.0,AMD,2025-08-15,-0.019193818733499787
176.75999450683594,178.8000030517578,174.36000061035156,176.13999938964844,176.13999938964844,35937500.0,AMD,2025-08-18,-0.00774778449888901
173.10000610351562,173.1699981689453,166.10000610351562,166.5500030517578,166.5500030517578,64455000.0,AMD,2025-08-19,-0.05598354694910146
164.10000610351562,166.64999389648438,158.25,165.1999969482422,165.1999969482422,60233200.0,AMD,2025-08-20,-0.008138740349294439
165.86000061035156,165.8800048828125,162.25999450683594,163.7100067138672,163.7100067138672,37880500.0,AMD,2025-08-21,-0.009060231736784337
162.1699981689453,168.52999877929688,161.8000030517578,167.75999450683594,167.75999450683594,43998600.0,AMD,2025-08-22,0.024437742972498414
165.5500030517578,165.58999633789062,161.72000122070312,163.36000061035156,163.36000061035156,36134700.0,AMD,2025-08-25,-0.026577995696889765
168.64999389648438,169.77000427246094,164.91000366210938,166.6199951171875,166.6199951171875,52138600.0,AMD,2025-08-26,0.0197593830890906
166.0399932861328,167.67999267578125,164.64999389648438,167.1300048828125,167.1300048828125,37031000.0,AMD,2025-08-27,0.0030562406748065817
168.5,170.99000549316406,166.64999389648438,168.5800018310547,168.5800018310547,36285200.0,AMD,2025-08-28,0.008638443514483769
166.80999755859375,168.57000732421875,161.89999389648438,162.6300048828125,162.6300048828125,37516800.0,AMD,2025-08-29,-0.03593271346655883
158.4199981689453,162.38999938964844,156.6199951171875,162.32000732421875,162.32000732421875,38656100.0,AMD,2025-09-02,-0.001907971324758716
161.80999755859375,164.75,160.5800018310547,162.1300048828125,162.1300048828125,30752800.0,AMD,2025-09-03,-0.00117122796102756
159.94000244140625,162.0500030517578,157.7899932861328,161.7899932861328,161.7899932861328,32103500.0,AMD,2025-09-04,-0.0020993561588006572
157.1199951171875,157.13999938964844,150.17999267578125,151.13999938964844,151.13999938964844,78256000.0,AMD,2025-09-05,-0.0680926009655723
151.8000030517578,152.63999938964844,149.22000122070312,151.41000366210938,151.41000366210938,41849000.0,AMD,2025-09-08,0.0017848576527331457
151.99000549316406,156.66000366210938,151.92999267578125,155.82000732421875,155.82000732421875,42802500.0,AMD,2025-09-09,0.028710128700079118
163.5399932861328,164.52999877929688,158.0,159.5399932861328,159.5399932861328,52465300.0,AMD,2025-09-10,0.023593090493258133
158.6199951171875,160.2100067138672,154.99000549316406,155.6699981689453,155.6699981689453,48817700.0,AMD,2025-09-11,-0.024556262114979195
157.0,160.41000366210938,154.9199981689453,158.57000732421875,158.57000732421875,42232800.0,AMD,2025-09-12,0.018457812105312308
160.00999450683594,162.3000030517578,157.60000610351562,161.16000366210938,161.16000366210938,36808700.0,AMD,2025-09-15,0.016201500655926734
161.3699951171875,161.9499969482422,159.22000122070312,160.4600067138672,160.4600067138672,27946500.0,AMD,2025-09-16,-0.00435295087969986
159.27999877929688,161.6300048828125,155.75999450683594,159.16000366210938,159.16000366210938,41823800.0,AMD,2025-09-17,-0.008134723599176625
150.9600067138672,158.77000427246094,149.85000610351562,157.9199981689453,157.9199981689453,84549500.0,AMD,2025-09-18,-0.007821444477361526
157.3800048828125,159.83999633789062,155.89999389648438,157.38999938964844,157.38999938964844,55448100.0,AMD,2025-09-19,-0.003361766404793686
157.4199981689453,162.67999267578125,157.4199981689453,159.7899932861328,159.7899932861328,46505500.0,AMD,2025-09-22,0.015133613448926076
160.52000427246094,163.38999938964844,159.2100067138672,160.89999389648438,160.89999389648438,39448300.0,AMD,2025-09-23,0.0069226049302614215
162.97999572753906,165.10000610351562,158.42999267578125,160.8800048828125,160.8800048828125,38464100.0,AMD,2025-09-24,-0.0001242402496949454
157.13999938964844,161.6300048828125,154.77999877929688,161.27000427246094,161.27000427246094,36809900.0,AMD,2025-09-25,0.00242122966997421
160.52000427246094,162.11000061035156,157.0500030517578,159.4600067138672,159.4600067138672,30316900.0,AMD,2025-09-26,-0.011286856306901204
160.1199951171875,164.3000030517578,159.89999389648438,161.36000061035156,161.36000061035156,39828800.0,AMD,2025-09-29,0.011844748250383216
160.7899932861328,162.27999877929688,159.3300018310547,161.7899932861328,161.7899932861328,29669300.0,AMD,2025-09-30,0.0026612590913249285
160.92999267578125,164.17999267578125,160.49000549316406,164.00999450683594,164.00999450683594,39895200.0,AMD,2025-10-01,0.01362821156232954
168.67999267578125,171.05999755859375,166.1199951171875,169.72999572753906,169.72999572753906,55475200.0,AMD,2025-10-02,0.03428154591918081
170.67999267578125,170.67999267578125,163.13999938964844,164.6699981689453,164.6699981689453,42699100.0,AMD,2025-10-03,-0.030265453890970104
226.4499969482422,226.7100067138672,203.00999450683594,203.7100067138672,203.7100067138672,248859600.0,AMD,2025-10-06,0.21275398667706413
214.85000610351562,218.89999389648438,209.27999877929688,211.50999450683594,211.50999450683594,115748100.0,AMD,2025-10-07,0.037574805933872545
212.9499969482422,235.8699951171875,210.6999969482422,235.55999755859375,235.55999755859375,159983500.0,AMD,2025-10-08,0.10769339499080105
236.3000030517578,240.10000610351562,229.52999877929688,232.88999938964844,232.88999938964844,94290700.0,AMD,2025-10-09,-0.011399411247178212
232.77000427246094,234.22000122070312,213.1999969482422,214.89999389648438,214.89999389648438,118656600.0,AMD,2025-10-10,-0.08039346121811726
220.1999969482422,224.19000244140625,214.89999389648438,216.4199981689453,216.4199981689453,63104000.0,AMD,2025-10-13,0.007048180436039366
219.1999969482422,224.97999572753906,215.89999389648438,218.08999633789062,218.08999633789062,71216300.0,AMD,2025-10-14,0.007686849154551295
222.7100067138672,239.24000549316406,220.75999450683594,238.60000610351562,238.60000610351562,108481000.0,AMD,2025-10-15,0.08988073040695022
236.2899932861328,241.1999969482422,232.24000549316406,234.55999755859375,234.55999755859375,69726400.0,AMD,2025-10-16,-0.01707712695451463
233.25999450683594,235.3800048828125,227.91000366210938,233.0800018310547,233.0800018310547,55804200.0,AMD,2025-10-17,-0.0063296581590557375
236.47000122070312,242.8800048828125,234.39999389648438,240.55999755859375,240.55999755859375,56741700.0,AMD,2025-10-20,0.03158777840064827
239.38999938964844,242.25999450683594,234.02000427246094,238.02999877929688,238.02999877929688,47122400.0,AMD,2025-10-21,-0.01057281751183037
236.85000610351562,240.1300048828125,224.8800048828125,230.22999572753906,230.22999572753906,59668800.0,AMD,2025-10-22,-0.03331792032067882
230.16000366210938,235.89999389648438,228.5399932861328,234.99000549316406,234.99000549316406,39024400.0,AMD,2025-10-23,0.020464192724498478
243.36000061035156,253.38999938964844,241.9499969482422,252.9199981689453,252.9199981689453,71221100.0,AMD,2025-10-24,0.07353024252733531
257.8800048828125,260.4200134277344,249.8000030517578,259.6700134277344,259.6700134277344,65613100.0,AMD,2025-10-27,0.0263384198507311
259.1400146484375,264.5799865722656,257.0,258.010009765625,258.010009765625,47448700.0,AMD,2025-10-28,-0.006413264091289618
264.19000244140625,267.0799865722656,257.3999938964844,264.3299865722656,264.3299865722656,49335600.0,AMD,2025-10-29,0.024199890037420985
259.9200134277344,263.8800048828125,252.30999755859375,254.83999633789062,254.83999633789062,45162500.0,AMD,2025-10-30,-0.03656238886955803
259.6000061035156,262.1300048828125,253.41000366210938,256.1199951171875,256.1199951171875,34449200.0,AMD,2025-10-31,0.005010182707993929
259.3299865722656,260.9100036621094,253.88999938964844,259.6499938964844,259.6499938964844,36351400.0,AMD,2025-11-03,0.013688481197572594
250.35000610351562,257.3800048828125,247.38999938964844,250.0500030517578,250.0500030517578,56491800.0,AMD,2025-11-04,-0.037673636714120946
243.24000549316406,259.6499938964844,242.80999755859375,256.3299865722656,256.3299865722656,67366600.0,AMD,2025-11-05,0.024804714397747823
253.47000122070312,253.50999450683594,235.74000549316406,237.6999969482422,237.6999969482422,66049700.0,AMD,2025-11-06,-0.07545626293979761
230.94000244140625,235.8699951171875,224.63999938964844,233.5399932861328,233.5399932861328,52162600.0,AMD,2025-11-07,-0.017656021628138414
242.13999938964844,248.89999389648438,240.5,243.97999572753906,243.97999572753906,43361600.0,AMD,2025-11-10,0.043732897309755485
241.66000366210938,248.4600067138672,234.63999938964844,237.52000427246094,237.52000427246094,61336800.0,AMD,2025-11-11,-0.02683438876577158
253.1300048828125,263.510009765625,250.0,258.8900146484375,258.8900146484375,108942000.0,AMD,2025-11-12,0.08615146919821483
251.89999389648438,259.6300048828125,246.05999755859375,247.9600067138672,247.9600067138672,63178600.0,AMD,2025-11-13,-0.04313584773138287
240.11000061035156,253.44000244140625,235.0800018310547,246.80999755859375,246.80999755859375,47549500.0,AMD,2025-11-14,-0.004648669953026953
348.8999938964844,349.20001220703125,317.2699890136719,322.75,322.75,39777900.0,COIN,2021-04-15,-0.016988869316277504
327.5,345.989990234375,321.0299987792969,342.0,342.0,22654500.0,COIN,2021-04-16,0.057932707335853366
337.260009765625,341.010009765625,326.7900085449219,333.0,333.0,11405600.0,COIN,2021-04-19,-0.026668247082161294
333.42999267578125,334.8299865722656,312.0199890136719,320.82000732421875,320.82000732421875,18082300.0,COIN,2021-04-20,-0.03726224896206634
312.5199890136719,327.4700012207031,302.1000061035156,311.9200134277344,311.9200134277344,10103900.0,COIN,2021-04-21,-0.028133453295388255
305.760009765625,313.5,287.20001220703125,293.45001220703125,293.45001220703125,14991900.0,COIN,2021-04-22,-0.06103947912031212
282.75,303.0,282.07000732421875,291.6000061035156,291.6000061035156,9853800.0,COIN,2021-04-23,-0.006324287537050709
304.2900085449219,306.1000061035156,296.8999938964844,304.5400085449219,304.5400085449219,6330200.0,COIN,2021-04-26,0.0434194484054146
306.70001220703125,306.70001220703125,299.5,302.0,302.0,3902000.0,COIN,2021-04-27,-0.008375452096171288
301.010009765625,302.8999938964844,298.04998779296875,298.04998779296875,298.04998779296875,2746100.0,COIN,2021-04-28,-0.013165800665255191
298.45001220703125,300.0,292.1000061035156,294.7699890136719,294.7699890136719,2845800.0,COIN,2021-04-29,-0.011065862751314296
293.0,302.739990234375,291.0,297.6400146484375,297.6400146484375,3997400.0,COIN,2021-04-30,0.009689397786044308
304.0,305.0299987792969,293.94000244140625,294.2099914550781,294.2099914550781,3333800.0,COIN,2021-05-03,-0.011590982715621012
292.05999755859375,292.19000244140625,275.6099853515625,280.6600036621094,280.6600036621094,5707700.0,COIN,2021-05-04,-0.04714978365752837
284.95001220703125,289.1499938964844,269.0,273.0,273.0,5074600.0,COIN,2021-05-05,-0.02767219018623536
271.1499938964844,272.1400146484375,250.50999450683594,256.760009765625,256.760009765625,8342000.0,COIN,2021-05-06,-0.061329960707323994
261.1499938964844,267.07000732421875,258.3800048828125,263.70001220703125,263.70001220703125,4243700.0,COIN,2021-05-07,0.026670305172962726
266.3999938964844,297.5,259.3699951171875,293.45001220703125,293.45001220703125,10268600.0,COIN,2021-05-10,0.10689516895207857
281.04998779296875,303.32000732421875,276.510009765625,303.0,303.0,7456000.0,COIN,2021-05-11,0.03202549690669212
299.5400085449219,306.9800109863281,280.7900085449219,283.6099853515625,283.6099853515625,7214200.0,COIN,2021-05-12,-0.06613280219209451
276.4599914550781,285.0,252.25999450683594,265.1000061035156,265.1000061035156,11226800.0,COIN,2021-05-13,-0.06749286699884871
280.3699951171875,280.6400146484375,256.3500061035156,258.3699951171875,258.3699951171875,11751800.0,COIN,2021-05-14,-0.025714489119732915
250.0,250.25,238.25,248.24000549316406,248.24000549316406,8828100.0,COIN,2021-05-17,-0.03999660493012799
238.8300018310547,252.1699981689453,238.5,239.0,239.0,7852100.0,COIN,2021-05-18,-0.03793249033705435
212.92999267578125,229.0,208.0,224.8000030517578,224.8000030517578,16766000.0,COIN,2021-05-19,-0.061252420336539645
236.10000610351562,238.8000030517578,226.25999450683594,233.39999389648438,233.39999389648438,10386900.0,COIN,2021-05-20,0.037542562107031684
235.97000122070312,238.97000122070312,223.89999389648438,224.35000610351562,224.35000610351562,7554900.0,COIN,2021-05-21,-0.03954633407468148
227.27999877929688,231.0,224.0399932861328,225.3000030517578,225.3000030517578,10185600.0,COIN,2021-05-24,0.004225501356185004
230.0,243.99000549316406,228.0,242.41000366210938,242.41000366210938,11827800.0,COIN,2021-05-25,0.07319766159322628
247.5,249.38999938964844,239.3699951171875,241.52000427246094,241.52000427246094,6602800.0,COIN,2021-05-26,-0.0036782194882646366
245.2100067138672,247.24000549316406,240.32000732421875,247.08999633789062,247.08999633789062,5083300.0,COIN,2021-05-27,0.022800324820664256
243.57000732421875,244.6300048828125,236.5399932861328,236.5399932861328,236.5399932861328,5091500.0,COIN,2021-05-28,-0.043635329469805854
238.50999450683594,244.7100067138672,238.10000610351562,238.92999267578125,238.92999267578125,3962700.0,COIN,2021-06-01,0.010053292908867466
242.8000030517578,243.89999389648438,238.7100067138672,240.47999572753906,240.47999572753906,3383800.0,COIN,2021-06-02,0.006466316890082631
241.38999938964844,241.5,233.5,233.66000366210938,233.66000366210938,3091100.0,COIN,2021-06-03,-0.028769825276461696
229.99000549316406,233.36000061035156,227.5,228.7899932861328,228.7899932861328,3775100.0,COIN,2021-06-04,-0.02106256005013422
229.9199981689453,232.55999755859375,226.5,231.4499969482422,231.4499969482422,2658300.0,COIN,2021-06-07,0.011559331380212045
227.16000366210938,229.3300018310547,217.39999389648438,220.66000366210938,220.66000366210938,6015800.0,COIN,2021-06-08,-0.047740782363569365
222.8000030517578,229.7899932861328,217.39999389648438,224.32000732421875,224.32000732421875,6865900.0,COIN,2021-06-09,0.016450564568662736
226.22000122070312,229.7899932861328,221.47000122070312,221.85000610351562,221.85000610351562,3955300.0,COIN,2021-06-10,-0.01107213116016509
223.5,225.74000549316406,221.9600067138672,223.9199981689453,223.9199981689453,2383500.0,COIN,2021-06-11,0.009287331693105342
231.27000427246094,239.75999450683594,229.75999450683594,239.10000610351562,239.10000610351562,6151700.0,COIN,2021-06-14,0.0655930629613939
236.22999572753906,237.6699981689453,230.9600067138672,232.2100067138672,232.2100067138672,3007900.0,COIN,2021-06-15,-0.029239736419809315
231.39999389648438,234.67999267578125,226.27999877929688,228.0500030517578,228.0500030517578,2874800.0,COIN,2021-06-16,-0.018077247031833502
226.8800048828125,233.22999572753906,226.35000610351562,230.66000366210938,230.66000366210938,2589600.0,COIN,2021-06-17,0.011379864134770637
226.9199981689453,232.69000244140625,226.5,229.2899932861328,229.2899932861328,3265200.0,COIN,2021-06-18,-0.005957232032662591
223.13999938964844,224.99000549316406,218.77000427246094,222.60000610351562,222.60000610351562,4687600.0,COIN,2021-06-21,-0.029611082381133816
216.25,223.14999389648438,210.77000427246094,222.47000122070312,222.47000122070312,6206100.0,COIN,2021-06-22,-0.0005841997185635392
225.5399932861328,230.52000427246094,224.5,226.00999450683594,226.00999450683594,3394700.0,COIN,2021-06-23,0.0157869552339432
228.4600067138672,230.0399932861328,226.6699981689453,229.92999267578125,229.92999267578125,2857700.0,COIN,2021-06-24,0.017195661143753507
226.97000122070312,227.82000732421875,223.22000122070312,224.5399932861328,224.5399932861328,2507000.0,COIN,2021-06-25,-0.02372104778969177
227.63999938964844,248.05999755859375,226.1300048828125,246.69000244140625,246.69000244140625,7449000.0,COIN,2021-06-28,0.0940786624174773
250.1999969482422,261.1499938964844,250.00999450683594,254.89999389648438,254.89999389648438,7867600.0,COIN,2021-06-29,0.032738789889753386
248.3000030517578,254.6699981689453,247.0,253.3000030517578,253.3000030517578,4143500.0,COIN,2021-06-30,-0.006296718381696881
251.08999633789062,255.14999389648438,240.52999877929688,241.44000244140625,241.44000244140625,3611300.0,COIN,2021-07-01,-0.047953563924233535
242.0,246.8000030517578,238.8800048828125,240.72000122070312,240.72000122070312,2325000.0,COIN,2021-07-02,-0.002986567738554
243.0,243.0,234.02000427246094,235.41000366210938,235.41000366210938,2212600.0,COIN,2021-07-06,-0.02230574702904485
238.9600067138672,252.99000549316406,232.33999633789062,251.97000122070312,251.97000122070312,4804400.0,COIN,2021-07-07,0.06798134728648751
239.0,246.60000610351562,233.61000061035156,244.2899932861328,244.2899932861328,4350000.0,COIN,2021-07-08,-0.030954020986317658
245.0,256.989990234375,244.2100067138672,253.8800048828125,253.8800048828125,4457400.0,COIN,2021-07-09,0.0385057170070623
254.0,254.88999938964844,246.8300018310547,247.6699981689453,247.6699981689453,2222100.0,COIN,2021-07-12,-0.024764526154868984
245.50999450683594,249.14999389648438,242.92999267578125,243.30999755859375,243.30999755859375,3308000.0,COIN,2021-07-13,-0.01776086708470763
244.89999389648438,247.4499969482422,229.16000366210938,229.94000244140625,229.94000244140625,4808400.0,COIN,2021-07-14,-0.05651792448827661
229.94000244140625,234.47000122070312,220.3699951171875,224.6300048828125,224.6300048828125,3635900.0,COIN,2021-07-15,-0.02336379002896071
227.1999969482422,231.3000030517578,220.66000366210938,225.00999450683594,225.00999450683594,3373100.0,COIN,2021-07-16,0.001690195334048815
216.9199981689453,221.88999938964844,213.22000122070312,220.61000061035156,220.61000061035156,3149300.0,COIN,2021-07-19,-0.019748381773935907
216.7100067138672,226.88999938964844,213.22999572753906,224.9600067138672,224.9600067138672,3104800.0,COIN,2021-07-20,0.019526198992689217
231.6999969482422,237.14999389648438,229.19000244140625,230.8699951171875,230.8699951171875,3677400.0,COIN,2021-07-21,0.02593212192759867
232.0,232.32000732421875,224.5,226.0800018310547,226.0800018310547,2551700.0,COIN,2021-07-22,-0.020965833359251635
226.22000122070312,227.35000610351562,222.72999572753906,224.9199981689453,224.9199981689453,1574700.0,COIN,2021-07-23,-0.00514415175227665
240.0800018310547,249.8000030517578,237.8800048828125,245.4499969482422,245.4499969482422,7615700.0,COIN,2021-07-26,0.08734847278765821
243.0,243.2100067138672,229.1199951171875,235.0800018310547,235.0800018310547,5636400.0,COIN,2021-07-27,-0.04316735853722361
240.3000030517578,242.8699951171875,238.02999877929688,241.75,241.75,2065200.0,COIN,2021-07-28,0.02797824479988347
241.77000427246094,245.16000366210938,235.3300018310547,235.77999877929688,235.77999877929688,2453100.0,COIN,2021-07-29,-0.0250049726467195
233.27999877929688,238.07000732421875,231.89999389648438,236.5800018310547,236.5800018310547,2041100.0,COIN,2021-07-30,0.0033872631705915996
237.27999877929688,240.3800048828125,233.8000030517578,235.39999389648438,235.39999389648438,2151300.0,COIN,2021-08-02,-0.005000255959373521
233.8699951171875,235.69000244140625,226.91000366210938,230.17999267578125,230.17999267578125,2850500.0,COIN,2021-08-03,-0.022424589177084887
231.05999755859375,245.47000122070312,229.85000610351562,244.36000061035156,244.36000061035156,3684700.0,COIN,2021-08-04,0.05978097055850438
239.75999450683594,258.30999755859375,237.58999633789062,255.5,255.5,6017800.0,COIN,2021-08-05,0.044579859364437355
255.5,263.8999938964844,250.22999572753906,258.260009765625,258.260009765625,5579900.0,COIN,2021-08-06,0.010744457587899133
267.8500061035156,282.42999267578125,267.5,280.4700012207031,280.4700012207031,8892400.0,COIN,2021-08-09,0.08249990449202402
280.6700134277344,281.5,264.25,269.6700134277344,269.6700134277344,7723400.0,COIN,2021-08-10,-0.03926773267705797
282.3399963378906,294.0,274.3500061035156,278.3999938964844,278.3999938964844,13998300.0,COIN,2021-08-11,0.03185986749009255
266.3900146484375,267.75,255.1999969482422,256.5,256.5,8247800.0,COIN,2021-08-12,-0.08193024192589267
262.82000732421875,266.5,259.9700012207031,261.25,261.25,4472800.0,COIN,2021-08-13,0.018349138668196617
265.260009765625,265.42999267578125,253.60000610351562,256.8299865722656,256.8299865722656,3232200.0,COIN,2021-08-16,-0.01706346813909558
253.13999938964844,260.739990234375,246.22999572753906,250.8000030517578,250.8000030517578,3102000.0,COIN,2021-08-17,-0.023758514213066243
249.0,254.39999389648438,243.75999450683594,244.38999938964844,244.38999938964844,2565000.0,COIN,2021-08-18,-0.025890513494249992
240.60000610351562,249.77000427246094,239.19000244140625,248.24000549316406,248.24000549316406,3247200.0,COIN,2021-08-19,0.015630734835956093
252.0,260.6199951171875,251.4199981689453,257.32000732421875,257.32000732421875,4031100.0,COIN,2021-08-20,0.03592443273769905
263.6700134277344,266.5,255.0,256.0,256.0,5705300.0,COIN,2021-08-23,-0.005143030526701424
256.989990234375,260.25,253.1999969482422,259.2799987792969,259.2799987792969,3982800.0,COIN,2021-08-24,0.012731109645679757
257.0,262.1099853515625,256.0,256.7699890136719,256.7699890136719,2675100.0,COIN,2021-08-25,-0.0097278543502652
253.2100067138672,255.1999969482422,248.5,248.5399932861328,248.5399932861328,3038900.0,COIN,2021-08-26,-0.032576928410354956
249.38999938964844,259.6700134277344,248.08999633789062,259.1199951171875,259.1199951171875,3201400.0,COIN,2021-08-27,0.041687484654624365
256.3500061035156,263.3399963378906,256.25,262.6600036621094,262.6600036621094,2687600.0,COIN,2021-08-30,0.01356917808016197
260.0199890136719,263.3999938964844,257.17999267578125,259.0,259.0,2493800.0,COIN,2021-08-31,-0.014032372399870667
260.30999755859375,272.1000061035156,258.6300048828125,265.8999938964844,265.8999938964844,4789600.0,COIN,2021-09-01,0.026292213595259278
272.5400085449219,275.6600036621094,266.0,268.17999267578125,268.17999267578125,3733200.0,COIN,2021-09-02,0.008538094245867186
272.0,280.6099853515625,270.0299987792969,278.44000244140625,278.44000244140625,4425700.0,COIN,2021-09-03,0.03754423552796067
277.0,278.8699951171875,262.6000061035156,266.80999755859375,266.80999755859375,5173000.0,COIN,2021-09-07,-0.042665819620545886
257.0,262.95001220703125,253.8800048828125,258.20001220703125,258.20001220703125,4507600.0,COIN,2021-09-08,-0.032802259758112524
260.29998779296875,263.80999755859375,255.6999969482422,256.4200134277344,256.4200134277344,3074500.0,COIN,2021-09-09,-0.006917748199239047
257.30999755859375,258.8699951171875,247.39999389648438,248.32000732421875,248.32000732421875,3191300.0,COIN,2021-09-10,-0.03209851100079196
246.50999450683594,251.8800048828125,239.60000610351562,242.83999633789062,242.83999633789062,4021400.0,COIN,2021-09-13,-0.022315491308040624
247.25,248.7899932861328,241.27000427246094,243.0,243.0,2748900.0,COIN,2021-09-14,0.0006586681586537374
244.0,249.47000122070312,242.0500030517578,247.07000732421875,247.07000732421875,2148300.0,COIN,2021-09-15,0.016610283591027265
247.3800048828125,247.4600067138672,239.61000061035156,243.2100067138672,243.2100067138672,2596800.0,COIN,2021-09-16,-0.015746431658623987
243.1300048828125,245.6300048828125,238.75,245.19000244140625,245.19000244140625,2948000.0,COIN,2021-09-17,0.0081081348803977
234.4499969482422,237.36000061035156,231.14999389648438,236.52999877929688,236.52999877929688,4192600.0,COIN,2021-09-20,-0.03595838553271848
237.00999450683594,240.25999450683594,234.25999450683594,238.4600067138672,238.4600067138672,2174700.0,COIN,2021-09-21,0.008126564912463033
239.91000366210938,243.1999969482422,237.75999450683594,241.85000610351562,241.85000610351562,1660200.0,COIN,2021-09-22,0.014116114972679297
244.57000732421875,245.8000030517578,237.07000732421875,237.5,237.5,3151300.0,COIN,2021-09-23,-0.018150101031077535
231.0,235.30999755859375,229.1699981689453,231.82000732421875,231.82000732421875,3700000.0,COIN,2021-09-24,-0.0242063834196761
231.8800048828125,233.39999389648438,227.35000610351562,232.24000549316406,232.24000549316406,3234800.0,COIN,2021-09-27,0.001810103314317074
229.67999267578125,232.50999450683594,227.52000427246094,229.83999633789062,229.83999633789062,3231200.0,COIN,2021-09-28,-0.010387944631601618
231.0,233.77000427246094,225.0399932861328,225.27999877929688,225.27999877929688,2547300.0,COIN,2021-09-29,-0.020039331186661836
227.0,229.99000549316406,225.27999877929688,227.47999572753906,227.47999572753906,2514700.0,COIN,2021-09-30,0.009718236105825992
232.88999938964844,235.75999450683594,226.92999267578125,231.14999389648438,231.14999389648438,3457300.0,COIN,2021-10-01,0.016004520372335143
231.49000549316406,233.10000610351562,224.50999450683594,229.30999755859375,229.30999755859375,2591100.0,COIN,2021-10-04,-0.007992034773088078
231.35000610351562,240.08999633789062,230.7899932861328,240.08999633789062,240.08999633789062,2994400.0,COIN,2021-10-05,0.04593904853784857
242.39999389648438,252.13999938964844,242.1999969482422,250.3800048828125,250.3800048828125,5747700.0,COIN,2021-10-06,0.04196594553912842
248.0,253.0,245.64999389648438,251.58999633789062,251.58999633789062,3213200.0,COIN,2021-10-07,0.004820980519440196
253.52999877929688,256.17999267578125,246.89999389648438,248.13999938964844,248.13999938964844,2873700.0,COIN,2021-10-08,-0.013807663297544832
249.57000732421875,263.19000244140625,248.49000549316406,256.5,256.5,4945300.0,COIN,2021-10-11,0.033135564055805276
254.25999450683594,256.3699951171875,246.0800018310547,249.3300018310547,249.3300018310547,3971900.0,COIN,2021-10-12,-0.028351337033879192
246.5,249.72999572753906,244.55999755859375,246.77999877929688,246.77999877929688,2878000.0,COIN,2021-10-13,-0.01028008105308112
250.89999389648438,262.95001220703125,249.10000610351562,260.0,260.0,6299100.0,COIN,2021-10-14,0.052184384491663856
266.6000061035156,281.7200012207031,266.5299987792969,280.6099853515625,280.6099853515625,9517500.0,COIN,2021-10-15,0.07628412173443933
275.739990234375,296.9800109863281,271.5,293.3399963378906,293.3399963378906,11789600.0,COIN,2021-10-18,0.04436658058446193
300.0,307.8500061035156,294.1099853515625,305.6300048828125,305.6300048828125,14785700.0,COIN,2021-10-19,0.04104290265530703
306.6600036621094,317.3699951171875,303.9599914550781,314.7099914550781,314.7099914550781,10315300.0,COIN,2021-10-20,0.02927631671892008
311.9599914550781,317.17999267578125,298.0,300.010009765625,300.010009765625,8289200.0,COIN,2021-10-21,-0.04783571272366718
302.0,306.0,293.6199951171875,300.8399963378906,300.8399963378906,5437300.0,COIN,2021-10-22,0.0027627098002663258
306.760009765625,327.0,305.1099853515625,325.5400085449219,325.5400085449219,8444900.0,COIN,2021-10-25,0.07890681842655115
328.1499938964844,328.4800109863281,315.510009765625,319.489990234375,319.489990234375,7635800.0,COIN,2021-10-26,-0.018759424354869755
309.3299865722656,320.2799987792969,306.5,311.6700134277344,311.6700134277344,5253300.0,COIN,2021-10-27,-0.024780965023208677
319.80999755859375,327.7200012207031,311.0,319.1300048828125,319.1300048828125,5952300.0,COIN,2021-10-28,0.023653579747322188
319.32000732421875,326.5,316.1400146484375,319.4200134277344,319.4200134277344,3766400.0,COIN,2021-10-29,0.0009083346849758664
324.7699890136719,338.42999267578125,323.8999938964844,330.989990234375,330.989990234375,6255900.0,COIN,2021-11-01,0.03558124067000783
336.3299865722656,345.25,332.1400146484375,336.3399963378906,336.3399963378906,6104700.0,COIN,2021-11-02,0.016034408270452622
335.260009765625,344.4700012207031,328.30999755859375,344.3800048828125,344.3800048828125,4809800.0,COIN,2021-11-03,0.023623170830113106
340.739990234375,345.8500061035156,333.8800048828125,344.45001220703125,344.45001220703125,5893700.0,COIN,2021-11-04,0.00020326444180112342
345.2300109863281,345.2300109863281,333.44000244140625,337.04998779296875,337.04998779296875,3527600.0,COIN,2021-11-05,-0.02171772639622472
349.5,363.1700134277344,345.55999755859375,353.9200134277344,353.9200134277344,8531100.0,COIN,2021-11-08,0.04883968575176555
367.3900146484375,368.8999938964844,345.05999755859375,357.3900146484375,357.3900146484375,10153700.0,COIN,2021-11-09,0.00975672663269881
327.2200012207031,348.9800109863281,320.0,328.6000061035156,328.6000061035156,15168900.0,COIN,2021-11-10,-0.08398643928917095
327.42999267578125,342.489990234375,327.0,336.3900146484375,336.3900146484375,4905800.0,COIN,2021-11-11,0.02343002050942431
339.25,344.0,332.55999755859375,342.9800109863281,342.9800109863281,4469900.0,COIN,2021-11-12,0.019400923773085634
345.1000061035156,355.20001220703125,339.0299987792969,345.3599853515625,345.3599853515625,4465700.0,COIN,2021-11-15,0.006915140372261683
333.1400146484375,347.3999938964844,331.5799865722656,342.1199951171875,342.1199951171875,4128100.0,COIN,2021-11-16,-0.009425770391882048
342.0299987792969,348.489990234375,338.17999267578125,346.5199890136719,346.5199890136719,3772100.0,COIN,2021-11-17,0.012778966876835302
343.0,344.8399963378906,323.4100036621094,323.57000732421875,323.57000732421875,5408800.0,COIN,2021-11-18,-0.06852500884050272
325.55999755859375,339.4100036621094,325.3999938964844,332.54998779296875,332.54998779296875,3680400.0,COIN,2021-11-19,0.0273746915463818
333.3299865722656,335.8999938964844,310.6700134277344,315.4800109863281,315.4800109863281,5013600.0,COIN,2021-11-22,-0.05269486466911712
312.5,319.70001220703125,304.6000061035156,317.20001220703125,317.20001220703125,3465000.0,COIN,2021-11-23,0.005437204890441058
309.3800048828125,316.32000732421875,305.8800048828125,312.3800048828125,312.3800048828125,2759800.0,COIN,2021-11-24,-0.015312117183818714
301.29998779296875,307.9200134277344,299.1499938964844,303.19000244140625,303.19000244140625,2678700.0,COIN,2021-11-26,-0.029860731314210676
312.2200012207031,321.5799865722656,306.75,319.3900146484375,319.3900146484375,4159700.0,COIN,2021-11-29,0.0520532927043907
320.75,331.70001220703125,310.9800109863281,315.0,315.0,7168400.0,COIN,2021-11-30,-0.013840333625125626
318.6000061035156,323.0,293.70001220703125,294.5,294.5,4267500.0,COIN,2021-12-01,-0.06729363573399165
295.1600036621094,305.32000732421875,283.82000732421875,284.7099914550781,284.7099914550781,4625100.0,COIN,2021-12-02,-0.03380791474456985
286.0,286.0,258.1600036621094,265.6499938964844,265.6499938964844,7271100.0,COIN,2021-12-03,-0.06929145842589833
253.1300048828125,267.2300109863281,244.4600067138672,263.239990234375,263.239990234375,5366400.0,COIN,2021-12-06,-0.009113503431056042
277.6499938964844,290.19000244140625,274.9100036621094,286.4200134277344,286.4200134277344,4648200.0,COIN,2021-12-07,0.08439318544171179
284.44000244140625,290.0,278.2900085449219,287.4800109863281,287.4800109863281,2495900.0,COIN,2021-12-08,0.0036940188843859315
284.9700012207031,284.989990234375,258.9200134277344,263.9100036621094,263.9100036621094,5394600.0,COIN,2021-12-09,-0.08554518100716516
266.29998779296875,269.19000244140625,250.14999389648438,255.75999450683594,255.75999450683594,5062100.0,COIN,2021-12-10,-0.03136866653527155
252.13999938964844,256.5,244.8000030517578,251.3699951171875,251.3699951171875,3410400.0,COIN,2021-12-13,-0.01731354540527575
247.27999877929688,260.5,243.5,255.86000061035156,255.86000061035156,3866600.0,COIN,2021-12-14,0.017704484405876682
254.49000549316406,261.1700134277344,242.25999450683594,258.29998779296875,258.29998779296875,4623500.0,COIN,2021-12-15,0.009491230568292243
264.4599914550781,268.260009765625,244.6300048828125,247.1699981689453,247.1699981689453,3346600.0,COIN,2021-12-16,-0.04404530125514144
240.0,250.47999572753906,236.0,243.35000610351562,243.35000610351562,4420300.0,COIN,2021-12-17,-0.015575590226844079
236.55999755859375,239.3699951171875,231.77000427246094,238.0500030517578,238.0500030517578,3572200.0,COIN,2021-12-20,-0.02202001290033981
244.14999389648438,248.1199951171875,239.58999633789062,247.69000244140625,247.69000244140625,2776500.0,COIN,2021-12-21,0.03969722565968419
248.50999450683594,254.7899932861328,245.63999938964844,254.5500030517578,254.5500030517578,3779100.0,COIN,2021-12-22,0.02731931821714909
256.55999755859375,269.30999755859375,253.5,268.1499938964844,268.1499938964844,4106100.0,COIN,2021-12-23,0.05204921033018212
270.260009765625,281.989990234375,270.20001220703125,280.2699890136719,280.2699890136719,4448900.0,COIN,2021-12-27,0.044206882392279816
270.0,270.9800109863281,259.69000244140625,261.3299865722656,261.3299865722656,4372800.0,COIN,2021-12-28,-0.06996945994302449
256.6700134277344,263.010009765625,251.3699951171875,252.60000610351562,252.60000610351562,3474300.0,COIN,2021-12-29,-0.033976691037456846
252.60000610351562,260.0,252.0399932861328,256.7900085449219,256.7900085449219,2887600.0,COIN,2021-12-30,0.016451429444377216
255.80999755859375,259.2099914550781,251.52000427246094,252.3699951171875,252.3699951171875,2360300.0,COIN,2021-12-31,-0.01736241822263852
256.2699890136719,261.6300048828125,250.63999938964844,251.0500030517578,251.0500030517578,3350900.0,COIN,2022-01-03,-0.005244110664208265
253.0500030517578,258.80999755859375,244.13999938964844,250.14999389648438,250.14999389648438,3652600.0,COIN,2022-01-04,-0.003591421101899716
247.72000122070312,248.69000244140625,232.86000061035156,234.22999572753906,234.22999572753906,5196300.0,COIN,2022-01-05,-0.06575719317042401
233.19000244140625,235.97999572753906,224.8800048828125,234.0,234.0,5236000.0,COIN,2022-01-06,-0.0009824050066655028
233.6300048828125,238.47999572753906,227.58999633789062,232.3300018310547,232.3300018310547,3312000.0,COIN,2022-01-07,-0.0071623326892381834
224.42999267578125,225.25999450683594,214.63999938964844,225.00999450683594,225.00999450683594,6800800.0,COIN,2022-01-10,-0.032013961420201506
225.5,238.0,222.17999267578125,237.22999572753906,237.22999572753906,5585600.0,COIN,2022-01-11,0.05288529541622791
242.11000061035156,246.27000427246094,234.4199981689453,234.6999969482422,234.6999969482422,3937000.0,COIN,2022-01-12,-0.010722026810314615
241.99000549316406,242.8699951171875,227.19000244140625,228.22999572753906,228.22999572753906,3814100.0,COIN,2022-01-13,-0.027954216158368853
226.6199951171875,232.0,222.3000030517578,230.02999877929688,230.02999877929688,4325600.0,COIN,2022-01-14,0.007855856197408617
226.82000732421875,227.19000244140625,219.60000610351562,222.0,222.0,3483000.0,COIN,2022-01-18,-0.03553234802093525
224.25,227.1699981689453,218.82000732421875,219.5,219.5,2976700.0,COIN,2022-01-19,-0.0113251493570534
222.3000030517578,232.0,220.83999633789062,221.6199951171875,221.6199951171875,3691200.0,COIN,2022-01-20,0.009611948960589187
209.97999572753906,210.19000244140625,186.86000061035156,191.97000122070312,191.97000122070312,13628300.0,COIN,2022-01-21,-0.14362506529751423
173.17999267578125,191.86000061035156,162.50999450683594,191.47999572753906,191.47999572753906,12978700.0,COIN,2022-01-24,-0.002555773966824221
185.1699981689453,193.1199951171875,177.14999389648438,185.6300048828125,185.6300048828125,6271300.0,COIN,2022-01-25,-0.031027870686339994
193.60000610351562,198.0500030517578,177.0,178.63999938964844,178.63999938964844,7566300.0,COIN,2022-01-26,-0.03838286740989114
182.02999877929688,182.75,168.5800018310547,170.1999969482422,170.1999969482422,5551900.0,COIN,2022-01-27,-0.04839840590639404
169.10000610351562,181.75,162.1999969482422,177.5800018310547,177.5800018310547,6475800.0,COIN,2022-01-28,0.04244702370648288
177.8699951171875,192.0,175.02999877929688,190.14999389648438,190.14999389648438,4060500.0,COIN,2022-01-31,0.06839198036050803
197.97000122070312,201.4499969482422,188.6199951171875,197.72999572753906,197.72999572753906,5159000.0,COIN,2022-02-01,0.0390892398493451
195.80999755859375,197.0,181.72999572753906,187.3699951171875,187.3699951171875,3861700.0,COIN,2022-02-02,-0.05381719657450156
182.25999450683594,189.3000030517578,179.0,181.30999755859375,181.30999755859375,3417000.0,COIN,2022-02-03,-0.032876985578338846
181.02000427246094,197.0,177.4499969482422,194.44000244140625,194.44000244140625,4397900.0,COIN,2022-02-04,0.06991538476099794
198.6999969482422,211.11000061035156,198.1999969482422,205.74000549316406,205.74000549316406,6668300.0,COIN,2022-02-07,0.056489617669081886
200.3699951171875,209.25,196.75,208.72999572753906,208.72999572753906,4639100.0,COIN,2022-02-08,0.014428267886548033
210.17999267578125,215.25,207.61000061035156,214.5,214.5,3811700.0,COIN,2022-02-09,0.02726820807909659
210.57000732421875,217.49000549316406,202.86000061035156,204.77000427246094,204.77000427246094,4587400.0,COIN,2022-02-10,-0.046422319442921106
205.8000030517578,205.97999572753906,191.02000427246094,194.52999877929688,194.52999877929688,5054200.0,COIN,2022-02-11,-0.051301032390565646
193.47999572753906,203.55999755859375,193.4600067138672,195.25,195.25,4528100.0,COIN,2022-02-14,0.0036944021852104705
202.30999755859375,209.30999755859375,201.17999267578125,208.9499969482422,208.9499969482422,3714300.0,COIN,2022-02-15,0.06781418556892291
205.3800048828125,214.02000427246094,203.8300018310547,207.9600067138672,207.9600067138672,3593600.0,COIN,2022-02-16,-0.004749188488787499
202.10000610351562,206.30999755859375,188.92999267578125,191.9199981689453,191.9199981689453,4740600.0,COIN,2022-02-17,-0.08026717680921008
191.0800018310547,192.72000122070312,180.5399932861328,189.16000366210938,189.16000366210938,4502200.0,COIN,2022-02-18,-0.014485371855194986
180.8699951171875,185.75,173.16000366210938,176.75999450683594,176.75999450683594,4472800.0,COIN,2022-02-22,-0.06780038794995033
180.69000244140625,183.33999633789062,171.77000427246094,172.74000549316406,172.74000549316406,3892500.0,COIN,2022-02-23,-0.023005243533250615
159.0800018310547,183.0,155.9199981689453,179.55999755859375,179.55999755859375,8134000.0,COIN,2022-02-24,0.03872179466480255
180.24000549316406,182.08999633789062,170.39999389648438,176.8300018310547,176.8300018310547,6836800.0,COIN,2022-02-25,-0.015320570895354125
172.5,192.22999572753906,172.08999633789062,190.77000427246094,190.77000427246094,8036300.0,COIN,2022-02-28,0.07587970692152718
196.27999877929688,205.8800048828125,189.6300048828125,196.1699981689453,196.1699981689453,7779200.0,COIN,2022-03-01,0.02791308456397424
192.25999450683594,196.14999389648438,189.50999450683594,194.5,194.5,3414100.0,COIN,2022-03-02,-0.00854945784877331
194.7100067138672,194.9199981689453,177.14999389648438,178.02999877929688,178.02999877929688,3734400.0,COIN,2022-03-03,-0.08848009449845688
177.61000061035156,178.66000366210938,162.16000366210938,165.75,165.75,5848700.0,COIN,2022-03-04,-0.07147143949407228
168.25,172.97999572753906,160.22999572753906,161.13999938964844,161.13999938964844,4424000.0,COIN,2022-03-07,-0.028207080504631808
160.10000610351562,168.35000610351562,156.52999877929688,161.99000549316406,161.99000549316406,3840800.0,COIN,2022-03-08,0.005261090281219306
174.25999450683594,181.4499969482422,173.50999450683594,178.97000122070312,178.97000122070312,4945200.0,COIN,2022-03-09,0.09968356200747126
173.13999938964844,174.49000549316406,168.10000610351562,172.97000122070312,172.97000122070312,2670600.0,COIN,2022-03-10,-0.0341000247368874
175.35000610351562,175.75,160.0,160.07000732421875,160.07000732421875,3660500.0,COIN,2022-03-11,-0.0775069107981893
159.99000549316406,161.6999969482422,150.4199981689453,153.19000244140625,153.19000244140625,4450000.0,COIN,2022-03-14,-0.04393226835323692
152.89999389648438,156.4199981689453,150.1199951171875,155.97999572753906,155.97999572753906,4245400.0,COIN,2022-03-15,0.01804876954955275
160.47000122070312,173.07000732421875,160.0,172.52999877929688,172.52999877929688,5974300.0,COIN,2022-03-16,0.10084336080719325
170.72999572753906,177.5,168.0,177.22000122070312,177.22000122070312,2975900.0,COIN,2022-03-17,0.026820778188759675
175.02999877929688,186.69000244140625,175.0,185.94000244140625,185.94000244140625,4835700.0,COIN,2022-03-18,0.048032148650564585
181.8000030517578,183.58999633789062,171.6999969482422,176.80999755859375,176.80999755859375,4214000.0,COIN,2022-03-21,-0.05034835827586732
180.5,188.80999755859375,178.5,186.0800018310547,186.0800018310547,4086100.0,COIN,2022-03-22,0.05110100272858198
184.72000122070312,189.5500030517578,181.8000030517578,183.11000061035156,183.11000061035156,2311900.0,COIN,2022-03-23,-0.016089630123628688
185.25999450683594,192.0,179.5,190.19000244140625,190.19000244140625,3536500.0,COIN,2022-03-24,0.03793651684336629
192.0,195.6999969482422,182.8000030517578,186.7100067138672,186.7100067138672,3598300.0,COIN,2022-03-25,-0.018466938394197743
193.30999755859375,203.27000427246094,193.00999450683594,201.41000366210938,201.41000366210938,6624000.0,COIN,2022-03-28,0.07578600273110904
198.9499969482422,206.7899932861328,194.0500030517578,204.52999877929688,204.52999877929688,4811500.0,COIN,2022-03-29,0.015372008354591097
201.2899932861328,206.3300018310547,194.75999450683594,196.6999969482422,196.6999969482422,3775900.0,COIN,2022-03-30,-0.039034948141511754
197.25,198.0800018310547,189.55999755859375,189.86000061035156,189.86000061035156,2999200.0,COIN,2022-03-31,-0.03539274821183247
189.86000061035156,191.8699951171875,184.38999938964844,186.9600067138672,186.9600067138672,2975900.0,COIN,2022-04-01,-0.015392235527081447
187.33999633789062,193.07000732421875,186.16000366210938,191.64999389648438,191.64999389648438,2488800.0,COIN,2022-04-04,0.02477603383804852
189.75999450683594,191.3300018310547,176.25999450683594,177.1699981689453,177.1699981689453,5012800.0,COIN,2022-04-05,-0.07856104670203447
172.8300018310547,174.3300018310547,165.00999450683594,166.83999633789062,166.83999633789062,4675300.0,COIN,2022-04-06,-0.060074465898414676
166.7100067138672,169.4199981689453,160.67999267578125,166.19000244140625,166.19000244140625,3093600.0,COIN,2022-04-07,-0.0039035205490317994
165.2100067138672,166.0,160.1300048828125,160.94000244140625,160.94000244140625,2951000.0,COIN,2022-04-08,-0.03210008694223008
156.57000732421875,157.55999755859375,151.72999572753906,153.8699951171875,153.8699951171875,4305800.0,COIN,2022-04-11,-0.044923581551730186
158.07000732421875,162.44000244140625,149.41000366210938,149.85000610351562,149.85000610351562,4654400.0,COIN,2022-04-12,-0.02647322384241727
149.02999877929688,156.16000366210938,147.8000030517578,154.7899932861328,154.7899932861328,3740500.0,COIN,2022-04-13,0.032434481718241884
153.5399932861328,154.0,146.82000732421875,147.2899932861328,147.2899932861328,4082200.0,COIN,2022-04-14,-0.04966592929293846
145.4499969482422,149.5,140.52999877929688,145.16000366210938,145.16000366210938,4668700.0,COIN,2022-04-18,-0.014566779345851558
146.02000427246094,152.10000610351562,144.4499969482422,151.27000427246094,151.27000427246094,2916000.0,COIN,2022-04-19,0.04122974024509031
154.92999267578125,154.9600067138672,144.85000610351562,147.1300048828125,147.1300048828125,3486000.0,COIN,2022-04-20,-0.027749764921130904
151.97000122070312,153.44000244140625,135.30999755859375,137.32000732421875,137.32000732421875,6252900.0,COIN,2022-04-21,-0.06900256097055937
137.2899932861328,141.1999969482422,131.25,131.52000427246094,131.52000427246094,5162200.0,COIN,2022-04-22,-0.043155058133232324
130.00999450683594,137.35000610351562,129.2899932861328,135.13999938964844,135.13999938964844,4066500.0,COIN,2022-04-25,0.027152309814463687
135.30999755859375,136.77000427246094,126.5199966430664,127.1500015258789,127.1500015258789,3717600.0,COIN,2022-04-26,-0.06094376973884036
125.27999877929688,130.7100067138672,121.9800033569336,122.55000305175781,122.55000305175781,4658500.0,COIN,2022-04-27,-0.03684836899248337
123.69000244140625,126.38999938964844,113.31999969482422,122.69000244140625,122.69000244140625,8070900.0,COIN,2022-04-28,0.0011417338258086595
121.0999984741211,129.08999633789062,112.13999938964844,112.70999908447266,112.70999908447266,5760900.0,COIN,2022-04-29,-0.08484272857094549
113.06999969482422,122.29000091552734,111.80000305175781,121.33999633789062,121.33999633789062,6229400.0,COIN,2022-05-02,0.07377835220246054
120.2300033569336,129.39999389648438,119.97000122070312,123.55999755859375,123.55999755859375,5053200.0,COIN,2022-05-03,0.018130355957919158
124.0,132.80999755859375,116.19999694824219,130.14999389648438,130.14999389648438,6492800.0,COIN,2022-05-04,0.051960736253055244
125.0,125.63999938964844,112.05000305175781,114.25,114.25,7324400.0,COIN,2022-05-05,-0.13029855477024976
112.5,112.5,100.25,103.73999786376953,103.73999786376953,9026500.0,COIN,2022-05-06,-0.09650128144321818
96.0,96.43000030517578,81.77999877929688,83.51000213623047,83.51000213623047,16845400.0,COIN,2022-05-09,-0.2169213375854233
87.0,89.37999725341797,70.19000244140625,72.98999786376953,72.98999786376953,31780000.0,COIN,2022-05-10,-0.13464399454957238
54.849998474121094,61.279998779296875,50.150001525878906,53.720001220703125,53.720001220703125,67080200.0,COIN,2022-05-11,-0.30653702181762493
48.540000915527344,60.29999923706055,40.83000183105469,58.5,58.5,58789000.0,COIN,2022-05-12,0.08524135985933551
69.26000213623047,74.25,65.5,67.87000274658203,67.87000274658203,38264800.0,COIN,2022-05-13,0.1485673969461334
68.05999755859375,68.08000183105469,60.5099983215332,61.70000076293945,61.70000076293945,18685900.0,COIN,2022-05-16,-0.09531020790729497
66.19999694824219,70.5,63.11000061035156,70.0,70.0,15868000.0,COIN,2022-05-17,0.12621129877270978
67.69000244140625,71.80999755859375,61.939998626708984,63.029998779296875,63.029998779296875,17422700.0,COIN,2022-05-18,-0.10488445789135813
65.0,70.98999786376953,63.61000061035156,67.41999816894531,67.41999816894531,15410100.0,COIN,2022-05-19,0.06733089848898888
69.37000274658203,70.73999786376953,62.04999923706055,66.1500015258789,66.1500015258789,15166300.0,COIN,2022-05-20,-0.01901676901907291
65.54000091552734,68.6500015258789,62.349998474121094,66.0999984741211,66.0999984741211,12055700.0,COIN,2022-05-23,-0.0007561898546775273
64.55999755859375,64.55999755859375,59.119998931884766,61.36000061035156,61.36000061035156,10714900.0,COIN,2022-05-24,-0.07441055676717932
61.06999969482422,68.5,60.9900016784668,67.16999816894531,67.16999816894531,11062000.0,COIN,2022-05-25,0.09046852501270548
63.970001220703125,71.16999816894531,62.29999923706055,69.87000274658203,69.87000274658203,12000200.0,COIN,2022-05-26,0.039409719855483194
69.83999633789062,77.18000030517578,69.83999633789062,75.31999969482422,75.31999969482422,14112800.0,COIN,2022-05-27,0.07510928786297977
80.0,83.31999969482422,75.5999984741211,78.0999984741211,78.0999984741211,22623200.0,COIN,2022-05-31,0.03624433757090955
77.5,77.80000305175781,67.80000305175781,68.62999725341797,68.62999725341797,14608500.0,COIN,2022-06-01,-0.129260320407733
67.80000305175781,74.4800033569336,67.27999877929688,73.81999969482422,73.81999969482422,8607200.0,COIN,2022-06-02,0.07289997656739455
69.38999938964844,70.5,65.61000061035156,66.69000244140625,66.69000244140625,10213600.0,COIN,2022-06-03,-0.10157464021530455
70.76000213623047,74.11000061035156,68.43000030517578,70.66999816894531,70.66999816894531,9352400.0,COIN,2022-06-06,0.05796607554033844
67.30999755859375,69.97000122070312,64.36000061035156,69.56999969482422,69.56999969482422,8485100.0,COIN,2022-06-07,-0.015687693243883798
69.2300033569336,72.9800033569336,68.30000305175781,69.19999694824219,69.19999694824219,6276600.0,COIN,2022-06-08,-0.005332617025873169
69.08000183105469,69.37999725341797,63.119998931884766,63.7599983215332,63.7599983215332,9349300.0,COIN,2022-06-09,-0.08187481036587885
60.0,61.630001068115234,57.77000045776367,58.709999084472656,58.709999084472656,10982600.0,COIN,2022-06-10,-0.08251595367516465
46.18000030517578,54.29999923706055,46.0,52.0099983215332,52.0099983215332,28961400.0,COIN,2022-06-13,-0.12117407896905395
52.5,53.290000915527344,48.810001373291016,51.58000183105469,51.58000183105469,17430300.0,COIN,2022-06-14,-0.008301939560465675
50.939998626708984,56.65999984741211,50.45000076293945,55.0099983215332,55.0099983215332,16340100.0,COIN,2022-06-15,0.06438092042282223
52.58000183105469,54.43000030517578,50.08000183105469,51.04999923706055,51.04999923706055,13157700.0,COIN,2022-06-16,-0.07470942670960652
50.119998931884766,52.79999923706055,49.279998779296875,51.220001220703125,51.220001220703125,11771000.0,COIN,2022-06-17,0.0033245749381978916
54.20000076293945,60.75,54.099998474121094,57.4900016784668,57.4900016784668,16916200.0,COIN,2022-06-21,0.1154809442270764
53.869998931884766,56.75,51.56999969482422,51.90999984741211,51.90999984741211,18947700.0,COIN,2022-06-22,-0.10209960193133596
53.599998474121094,59.619998931884766,51.83000183105469,58.880001068115234,58.880001068115234,15840700.0,COIN,2022-06-23,0.12599004566149705
60.0,64.08999633789062,59.33000183105469,62.709999084472656,62.709999084472656,24381400.0,COIN,2022-06-24,0.06301941739438116
59.560001373291016,60.45000076293945,55.02000045776367,55.959999084472656,55.959999084472656,15201600.0,COIN,2022-06-27,-0.11388377651865408
56.2599983215332,57.25,50.33000183105469,51.18000030517578,51.18000030517578,10253500.0,COIN,2022-06-28,-0.0892882967424553
50.5,51.459999084472656,48.59000015258789,49.75,49.75,9776200.0,COIN,2022-06-29,-0.028338373089834678
48.20000076293945,48.400001525878906,44.150001525878906,47.02000045776367,47.02000045776367,12934400.0,COIN,2022-06-30,-0.056437410757168495
47.9900016784668,50.15999984741211,47.52000045776367,49.040000915527344,49.040000915527344,8556500.0,COIN,2022-07-01,0.04206325744951413
48.130001068115234,55.81999969482422,45.95000076293945,55.40999984741211,55.40999984741211,13087900.0,COIN,2022-07-05,0.12212376982851396
54.16999816894531,56.27000045776367,51.400001525878906,51.709999084472656,51.709999084472656,11881900.0,COIN,2022-07-06,-0.06910891142236604
52.13999938964844,57.650001525878906,52.13999938964844,57.459999084472656,57.459999084472656,12318500.0,COIN,2022-07-07,0.10543786891474942
55.61000061035156,63.70000076293945,54.5099983215332,60.290000915527344,60.290000915527344,17950500.0,COIN,2022-07-08,0.04807723006886232
57.540000915527344,58.43000030517578,53.29999923706055,53.880001068115234,53.880001068115234,10705800.0,COIN,2022-07-11,-0.11240689632057901
53.70000076293945,56.11000061035156,52.619998931884766,54.2400016784668,54.2400016784668,8466200.0,COIN,2022-07-12,0.006659303211195967
51.68000030517578,54.72999954223633,50.400001525878906,53.099998474121094,53.099998474121094,9439900.0,COIN,2022-07-13,-0.02124177506538048
52.34000015258789,54.709999084472656,50.34000015258789,53.41999816894531,53.41999816894531,9682100.0,COIN,2022-07-14,0.0060082738932948345
54.349998474121094,56.54999923706055,51.93000030517578,53.790000915527344,53.790000915527344,10714300.0,COIN,2022-07-15,0.00690241990031336
56.709999084472656,63.380001068115234,56.689998626708984,58.66999816894531,58.66999816894531,21226200.0,COIN,2022-07-18,0.0868408984228302
60.86000061035156,65.9800033569336,57.779998779296875,65.83000183105469,65.83000183105469,19210600.0,COIN,2022-07-19,0.1151471975663004
67.08000183105469,79.0,67.05000305175781,75.2699966430664,75.2699966430664,34032000.0,COIN,2022-07-20,0.13400591515319754
71.0,76.62000274658203,70.27999877929688,73.9800033569336,73.9800033569336,17301200.0,COIN,2022-07-21,-0.017286772667341563
76.19999694824219,76.56999969482422,69.08999633789062,70.81999969482422,70.81999969482422,12013300.0,COIN,2022-07-22,-0.04365338940595564
68.93000030517578,69.9800033569336,66.30000305175781,67.06999969482422,67.06999969482422,8797600.0,COIN,2022-07-25,-0.054404596813045214
61.689998626708984,62.88999938964844,52.630001068115234,52.93000030517578,52.93000030517578,26875800.0,COIN,2022-07-26,-0.23676655392599247
54.869998931884766,60.61000061035156,53.119998931884766,58.83000183105469,58.83000183105469,18230200.0,COIN,2022-07-27,0.10568166836532535
58.2400016784668,62.95000076293945,55.59000015258789,62.25,62.25,13674800.0,COIN,2022-07-28,0.05650657534394696
60.13999938964844,64.2300033569336,59.77000045776367,62.959999084472656,62.959999084472656,9113800.0,COIN,2022-07-29,0.011341054222917884
61.189998626708984,63.619998931884766,59.41999816894531,62.70000076293945,62.70000076293945,7361300.0,COIN,2022-08-01,-0.004138129760766736
60.90999984741211,69.58999633789062,60.79999923706055,67.2300033569336,67.2300033569336,12142100.0,COIN,2022-08-02,0.06975816660605362
69.05000305175781,82.25,67.61000061035156,80.80999755859375,80.80999755859375,24784200.0,COIN,2022-08-03,0.18398106362064903
106.0999984741211,116.30000305175781,86.79000091552734,88.9000015258789,88.9000015258789,54342800.0,COIN,2022-08-04,0.09541146965017988
86.58000183105469,98.87000274658203,86.5199966430664,93.05000305175781,93.05000305175781,24865700.0,COIN,2022-08-05,0.04562485620137555
97.83999633789062,103.55000305175781,93.80999755859375,98.0199966430664,98.0199966430664,18878700.0,COIN,2022-08-08,0.052034489348739034
93.88999938964844,93.88999938964844,85.5999984741211,87.68000030517578,87.68000030517578,17411400.0,COIN,2022-08-09,-0.11147767855369704
89.9800033569336,95.0,88.0,94.13999938964844,94.13999938964844,23818200.0,COIN,2022-08-10,0.07108920280928206
97.25,98.69999694824219,82.30999755859375,84.0,84.0,23247300.0,COIN,2022-08-11,-0.11396623064623702
85.2300033569336,92.4800033569336,83.29000091552734,90.48999786376953,90.48999786376953,13755200.0,COIN,2022-08-12,0.07442252491236291
89.11000061035156,93.68000030517578,88.58999633789062,91.97000122070312,91.97000122070312,11001900.0,COIN,2022-08-15,0.016223126431770072
90.55000305175781,95.5,84.23999786376953,90.38999938964844,90.38999938964844,17034400.0,COIN,2022-08-16,-0.017328815129550455
87.51000213623047,88.63999938964844,84.7699966430664,85.44000244140625,85.44000244140625,10697900.0,COIN,2022-08-17,-0.056319231271500333
86.33000183105469,86.36000061035156,81.41999816894531,83.47000122070312,83.47000122070312,7923300.0,COIN,2022-08-18,-0.023327103299297033
76.0,78.25,74.01000213623047,74.05999755859375,74.05999755859375,13727900.0,COIN,2022-08-19,-0.11961175796688021
70.91000366210938,74.94000244140625,70.29000091552734,71.47000122070312,71.47000122070312,9082400.0,COIN,2022-08-22,-0.03559774420839359
71.94999694824219,76.41000366210938,70.5999984741211,71.18000030517578,71.18000030517578,9598300.0,COIN,2022-08-23,-0.004065913942397051
71.87999725341797,74.31999969482422,70.70999908447266,71.4800033569336,71.4800033569336,6675500.0,COIN,2022-08-24,0.004205852885055398
71.83999633789062,72.44999694824219,68.5199966430664,71.37000274658203,71.37000274658203,8563500.0,COIN,2022-08-25,-0.0015400857878025782
71.70999908447266,71.80000305175781,65.33999633789062,66.73999786376953,66.73999786376953,9797300.0,COIN,2022-08-26,-0.06707321015170091
65.51000213623047,69.4000015258789,65.45999908447266,66.33999633789062,66.33999633789062,7944100.0,COIN,2022-08-29,-0.006011462998205727
67.97000122070312,69.44999694824219,64.62999725341797,67.02999877929688,67.02999877929688,8293500.0,COIN,2022-08-30,0.010347283841796975
68.69999694824219,70.37999725341797,66.66000366210938,66.80000305175781,66.80000305175781,6707900.0,COIN,2022-08-31,-0.0034371359309746177
65.55000305175781,65.98999786376953,61.90999984741211,65.52999877929688,65.52999877929688,8046600.0,COIN,2022-09-01,-0.019195091804347777
67.70999908447266,68.13999938964844,63.81999969482422,65.26000213623047,65.26000213623047,6392800.0,COIN,2022-09-02,-0.004128710523926847
65.55999755859375,66.87999725341797,62.599998474121094,62.779998779296875,62.779998779296875,7478100.0,COIN,2022-09-06,-0.03874279192965457
62.0,68.7699966430664,61.83000183105469,68.25,68.25,8408400.0,COIN,2022-09-07,0.083540902095402
66.36000061035156,73.33000183105469,65.5,73.08000183105469,73.08000183105469,9241500.0,COIN,2022-09-08,0.06837732250021941
78.19999694824219,81.04000091552734,75.1500015258789,80.87000274658203,80.87000274658203,15357100.0,COIN,2022-09-09,0.10128820450537014
82.5999984741211,84.58000183105469,80.5999984741211,82.55000305175781,82.55000305175781,12554900.0,COIN,2022-09-12,0.02056124626407627
75.33999633789062,78.08999633789062,74.3499984741211,75.25,75.25,11235300.0,COIN,2022-09-13,-0.09258830370574977
75.30000305175781,79.19999694824219,74.11000061035156,78.69999694824219,78.69999694824219,10840700.0,COIN,2022-09-14,0.04482721301727114
77.62999725341797,82.0,76.62999725341797,77.2300033569336,77.2300033569336,10950100.0,COIN,2022-09-15,-0.018855090598380107
75.1500015258789,76.37000274658203,73.5999984741211,74.0,74.0,17089000.0,COIN,2022-09-16,-0.04272293284370637
71.87999725341797,72.54000091552734,67.0,69.93000030517578,69.93000030517578,13135300.0,COIN,2022-09-19,-0.05657034712437622
68.08999633789062,69.80000305175781,66.16999816894531,67.94000244140625,67.94000244140625,7974500.0,COIN,2022-09-20,-0.028869747412616033
68.9000015258789,72.23999786376953,67.43000030517578,67.63999938964844,67.63999938964844,12344600.0,COIN,2022-09-21,-0.004425483660327833
67.4000015258789,68.9800033569336,62.310001373291016,62.939998626708984,62.939998626708984,11156900.0,COIN,2022-09-22,-0.07201764518963916
61.560001373291016,63.150001525878906,59.43000030517578,61.880001068115234,61.880001068115234,10932900.0,COIN,2022-09-23,-0.016984826851271586
62.97999954223633,66.33000183105469,62.18000030517578,62.279998779296875,62.279998779296875,9562600.0,COIN,2022-09-26,0.006443284399615783
65.29000091552734,67.55000305175781,61.880001068115234,63.04999923706055,63.04999923706055,11860500.0,COIN,2022-09-27,0.012287722944827432
62.79999923706055,67.73999786376953,62.7599983215332,67.30999755859375,67.30999755859375,8482700.0,COIN,2022-09-28,0.06538072744116119
64.62000274658203,65.02999877929688,60.2599983215332,61.939998626708984,61.939998626708984,11492100.0,COIN,2022-09-29,-0.08314262537779796
61.25,67.58999633789062,61.06999969482422,64.48999786376953,64.48999786376953,10210300.0,COIN,2022-09-30,0.04034398752355226
64.94999694824219,67.86000061035156,61.91999816894531,65.94999694824219,65.94999694824219,10949200.0,COIN,2022-10-03,0.022386692992214362
69.08999633789062,74.62999725341797,69.08000183105469,74.5,74.5,11881400.0,COIN,2022-10-04,0.12190229249600198
71.80000305175781,73.4800033569336,69.27999877929688,72.97000122070312,72.97000122070312,9222700.0,COIN,2022-10-05,-0.020750710879149738
73.06999969482422,76.27999877929688,71.33999633789062,73.91000366210938,73.91000366210938,11103700.0,COIN,2022-10-06,0.012799771838655976
70.8499984741211,71.0999984741211,65.5,67.0,67.0,11427900.0,COIN,2022-10-07,-0.098155566954054
67.58000183105469,69.26000213623047,65.43000030517578,67.04000091552734,67.04000091552734,7714000.0,COIN,2022-10-10,0.0005968504392955762
67.61000061035156,72.69000244140625,65.02999877929688,70.16000366210938,70.16000366210938,17705600.0,COIN,2022-10-11,0.0454889304302064
69.73999786376953,71.8499984741211,67.81999969482422,69.94999694824219,69.94999694824219,8998900.0,COIN,2022-10-12,-0.002997742776681612
63.65999984741211,69.62999725341797,61.060001373291016,69.26000213623047,69.26000213623047,18342000.0,COIN,2022-10-13,-0.009913087665871512
71.8499984741211,73.79000091552734,63.380001068115234,63.59000015258789,63.59000015258789,13711600.0,COIN,2022-10-14,-0.08541134213904046
66.4800033569336,70.94999694824219,66.33999633789062,69.16999816894531,69.16999816894531,11263300.0,COIN,2022-10-17,0.08411098846181451
72.9000015258789,73.9000015258789,65.30000305175781,66.20999908447266,66.20999908447266,13874700.0,COIN,2022-10-18,-0.043735721031563674
64.81999969482422,66.88999938964844,62.54999923706055,63.189998626708984,63.189998626708984,8601100.0,COIN,2022-10-19,-0.04668545605648845
63.13999938964844,67.43000030517578,62.70000076293945,63.59000015258789,63.59000015258789,8938700.0,COIN,2022-10-20,0.006310188626237556
63.400001525878906,66.62999725341797,61.70000076293945,66.37999725341797,66.37999725341797,9156400.0,COIN,2022-10-21,0.0429395372363033
67.4000015258789,68.1500015258789,63.68000030517578,66.38999938964844,66.38999938964844,8111700.0,COIN,2022-10-24,0.00015066862246414082
67.01000213623047,75.4000015258789,66.95999908447266,75.05000305175781,75.05000305175781,14446900.0,COIN,2022-10-25,0.1226081652048238
75.27999877929688,78.29000091552734,73.0999984741211,73.80999755859375,73.80999755859375,14102500.0,COIN,2022-10-26,-0.016660408037408796
74.51000213623047,75.6500015258789,71.51000213623047,72.47000122070312,72.47000122070312,5967600.0,COIN,2022-10-27,-0.018321490739612412
72.0,73.72000122070312,69.3499984741211,72.06999969482422,72.06999969482422,7372100.0,COIN,2022-10-28,-0.0055348352635304155
72.37000274658203,74.6500015258789,66.1500015258789,66.25,66.25,10648400.0,COIN,2022-10-31,-0.08420239983558232
69.0,69.70999908447266,63.130001068115234,63.290000915527344,63.290000915527344,8238200.0,COIN,2022-11-01,-0.04570811161352529
63.400001525878906,66.20999908447266,60.54999923706055,60.709999084472656,60.709999084472656,12700900.0,COIN,2022-11-02,-0.041618939190802166
59.400001525878906,61.880001068115234,55.75,55.79999923706055,55.79999923706055,14238800.0,COIN,2022-11-03,-0.08433455834748906
60.400001525878906,63.43000030517578,56.400001525878906,58.81999969482422,58.81999969482422,18901400.0,COIN,2022-11-04,0.05270807222303426
60.0,60.9900016784668,54.220001220703125,56.970001220703125,56.970001220703125,13659100.0,COIN,2022-11-07,-0.031957093018123724
54.5,58.45000076293945,47.689998626708984,50.83000183105469,50.83000183105469,61868200.0,COIN,2022-11-08,-0.11403806743750507
47.09000015258789,49.689998626708984,44.619998931884766,45.97999954223633,45.97999954223633,42274200.0,COIN,2022-11-09,-0.10028025810259797
51.040000915527344,53.93000030517578,49.02000045776367,50.91999816894531,50.91999816894531,30695400.0,COIN,2022-11-10,0.10204922835044235
47.5,58.290000915527344,46.25,57.459999084472656,57.459999084472656,30584500.0,COIN,2022-11-11,0.12083329988807957
55.70000076293945,55.7400016784668,52.599998474121094,53.220001220703125,53.220001220703125,16150900.0,COIN,2022-11-14,-0.07665474913137725
55.0,58.0,54.599998474121094,55.529998779296875,55.529998779296875,14805300.0,COIN,2022-11-15,0.042489104784279835
52.83000183105469,54.029998779296875,48.0,48.83000183105469,48.83000183105469,24054700.0,COIN,2022-11-16,-0.12857847769861908
46.66999816894531,49.970001220703125,45.18000030517578,48.790000915527344,48.790000915527344,17974700.0,COIN,2022-11-17,-0.0008195229797311996
48.79999923706055,49.0,44.310001373291016,45.2599983215332,45.2599983215332,20287300.0,COIN,2022-11-18,-0.07510178947199972
43.599998474121094,44.63999938964844,40.61000061035156,41.22999954223633,41.22999954223633,22382000.0,COIN,2022-11-21,-0.093257467504273
42.349998474121094,44.400001525878906,41.61000061035156,43.38999938964844,43.38999938964844,20783100.0,COIN,2022-11-22,0.05106285012749379
43.849998474121094,46.16999816894531,42.209999084472656,45.56999969482422,45.56999969482422,14665800.0,COIN,2022-11-23,0.04902061283531592
44.7599983215332,45.2400016784668,43.70000076293945,44.279998779296875,44.279998779296875,6451500.0,COIN,2022-11-25,-0.02871651830631944
43.29999923706055,44.900001525878906,42.02000045776367,42.5099983215332,42.5099983215332,10497900.0,COIN,2022-11-28,-0.040793777385962564
42.90999984741211,44.650001525878906,42.70000076293945,43.11000061035156,43.11000061035156,9090600.0,COIN,2022-11-29,0.014015700030395466
43.709999084472656,45.880001068115234,41.5099983215332,45.72999954223633,45.72999954223633,15562700.0,COIN,2022-11-30,0.05899952474277708
45.81999969482422,47.189998626708984,44.439998626708984,45.27000045776367,45.27000045776367,11579400.0,COIN,2022-12-01,-0.010109956100102345
43.970001220703125,47.70000076293945,43.72999954223633,47.66999816894531,47.66999816894531,10372100.0,COIN,2022-12-02,0.05165765924596296
47.97999954223633,49.849998474121094,45.630001068115234,46.0,46.0,11228300.0,COIN,2022-12-05,-0.03566083431658991
45.599998474121094,46.650001525878906,41.72999954223633,42.40999984741211,42.40999984741211,12156100.0,COIN,2022-12-06,-0.08125721660051816
41.880001068115234,43.20000076293945,40.54999923706055,41.2599983215332,41.2599983215332,10824500.0,COIN,2022-12-07,-0.027490712925714242
41.560001373291016,43.900001525878906,40.29999923706055,42.810001373291016,42.810001373291016,9361800.0,COIN,2022-12-08,0.036878285272735276
41.599998474121094,42.31999969482422,40.150001525878906,40.2400016784668,40.2400016784668,10030200.0,COIN,2022-12-09,-0.06191018473271351
39.97999954223633,42.650001525878906,39.650001525878906,42.599998474121094,42.599998474121094,9962600.0,COIN,2022-12-12,0.05699264995368601
46.0099983215332,46.33000183105469,38.5,38.689998626708984,38.689998626708984,20558300.0,COIN,2022-12-13,-0.09627308423887716
39.40999984741211,41.900001525878906,38.81999969482422,40.189998626708984,40.189998626708984,16117600.0,COIN,2022-12-14,0.03803704107344782
38.95000076293945,39.599998474121094,37.439998626708984,37.97999954223633,37.97999954223633,12013400.0,COIN,2022-12-15,-0.0565584809597573
37.400001525878906,38.0099983215332,34.709999084472656,36.599998474121094,36.599998474121094,18247400.0,COIN,2022-12-16,-0.03701149461474455
35.970001220703125,36.68000030517578,34.5099983215332,35.16999816894531,35.16999816894531,11168300.0,COIN,2022-12-19,-0.03985480429372038
34.75,36.86000061035156,34.349998474121094,34.970001220703125,34.970001220703125,9833200.0,COIN,2022-12-20,-0.005702808440482435
35.310001373291016,36.099998474121094,34.79999923706055,35.150001525878906,35.150001525878906,6998600.0,COIN,2022-12-21,0.005134075684731735
34.93000030517578,35.349998474121094,32.95000076293945,34.59000015258789,34.59000015258789,10335700.0,COIN,2022-12-22,-0.016060034306761235
34.77000045776367,35.97999954223633,33.66999816894531,35.4900016784668,35.4900016784668,8222700.0,COIN,2022-12-23,0.025686386592074218
34.5,34.560001373291016,32.439998626708984,32.650001525878906,32.650001525878906,10940800.0,COIN,2022-12-27,-0.08340611149561922
32.58000183105469,33.47999954223633,31.829999923706055,32.529998779296875,32.529998779296875,7839700.0,COIN,2022-12-28,-0.003682199497059691
33.459999084472656,35.33000183105469,33.369998931884766,34.779998779296875,34.779998779296875,7675500.0,COIN,2022-12-29,0.06687977086848707
33.959999084472656,35.869998931884766,33.630001068115234,35.38999938964844,35.38999938964844,8397900.0,COIN,2022-12-30,0.0173868032826413
36.4900016784668,36.93000030517578,33.369998931884766,33.599998474121094,33.599998474121094,8514300.0,COIN,2023-01-03,-0.05190325555483562
34.59000015258789,38.5,34.540000915527344,37.70000076293945,37.70000076293945,17737400.0,COIN,2023-01-04,0.11513409313499089
34.709999084472656,35.2599983215332,32.75,33.529998779296875,33.529998779296875,16934500.0,COIN,2023-01-05,-0.11721959061924571
33.66999816894531,33.75,31.549999237060547,33.2599983215332,33.2599983215332,15527800.0,COIN,2023-01-06,-0.0080851007720865
35.189998626708984,39.380001068115234,34.720001220703125,38.27000045776367,38.27000045776367,18904100.0,COIN,2023-01-09,0.14031088809928086
37.7599983215332,43.290000915527344,37.7400016784668,43.22999954223633,43.22999954223633,24496700.0,COIN,2023-01-10,0.12186837669147839
41.959999084472656,43.84000015258789,40.630001068115234,43.790000915527344,43.790000915527344,16152700.0,COIN,2023-01-11,0.012870813630018262
45.150001525878906,47.650001525878906,41.66999816894531,47.54999923706055,47.54999923706055,20514700.0,COIN,2023-01-12,0.08237627122587446
46.2400016784668,50.630001068115234,45.380001068115234,49.97999954223633,49.97999954223633,22437800.0,COIN,2023-01-13,0.049841143301463865
53.310001373291016,54.97999954223633,50.70000076293945,54.13999938964844,54.13999938964844,23521200.0,COIN,2023-01-17,0.0799503566647069
54.220001220703125,57.33000183105469,50.0,50.209999084472656,50.209999084472656,24905700.0,COIN,2023-01-18,-0.0753590810999264
49.209999084472656,51.0,47.91999816894531,49.41999816894531,49.41999816894531,14073300.0,COIN,2023-01-19,-0.015859028303070427
50.380001068115234,55.189998626708984,48.79999923706055,55.15999984741211,55.15999984741211,15433900.0,COIN,2023-01-20,0.1098828866492438
55.0,56.689998626708984,53.209999084472656,55.959999084472656,55.959999084472656,17736400.0,COIN,2023-01-23,0.014399083278068535
54.20000076293945,56.470001220703125,53.34000015258789,53.560001373291016,53.560001373291016,12413900.0,COIN,2023-01-24,-0.04383458697368472
51.5,53.40999984741211,49.599998474121094,52.7599983215332,52.7599983215332,13343600.0,COIN,2023-01-25,-0.015049250427338456
56.060001373291016,56.099998474121094,51.970001220703125,53.02000045776367,53.02000045776367,12614900.0,COIN,2023-01-26,0.0049159134588033825
52.939998626708984,62.290000915527344,52.40999984741211,61.369998931884766,61.369998931884766,24431000.0,COIN,2023-01-27,0.1462518895018162
60.0099983215332,61.86000061035156,55.66999816894531,56.15999984741211,56.15999984741211,14553900.0,COIN,2023-01-30,-0.08871634199595319
57.70000076293945,60.439998626708984,55.90999984741211,58.47999954223633,58.47999954223633,14751600.0,COIN,2023-01-31,0.040480050613291955
59.08000183105469,66.22000122070312,56.650001525878906,65.69999694824219,65.69999694824219,18840800.0,COIN,2023-02-01,0.11641407142684626
68.45999908447266,85.54000091552734,68.30999755859375,81.45999908447266,81.45999908447266,43911200.0,COIN,2023-02-02,0.21501321194061293
73.72000122070312,87.62999725341797,73.0199966430664,74.62999725341797,74.62999725341797,37125500.0,COIN,2023-02-03,-0.08756955664064416
73.18000030517578,75.9800033569336,70.5199966430664,74.58999633789062,74.58999633789062,17998400.0,COIN,2023-02-06,-0.0005361334700905207
73.43000030517578,73.4800033569336,67.30000305175781,71.41999816894531,71.41999816894531,19819700.0,COIN,2023-02-07,-0.043428484342091504
70.83000183105469,73.97000122070312,68.30000305175781,69.44000244140625,69.44000244140625,11626500.0,COIN,2023-02-08,-0.028114811017865674
68.48999786376953,68.93000030517578,59.0,59.630001068115234,59.630001068115234,23920200.0,COIN,2023-02-09,-0.15230428446319963
58.2599983215332,61.7400016784668,55.970001220703125,57.09000015258789,57.09000015258789,17359900.0,COIN,2023-02-10,-0.04352984839846646
55.52000045776367,57.09000015258789,53.65999984741211,56.400001525878906,56.400001525878906,14435900.0,COIN,2023-02-13,-0.012159787090324855
56.33000183105469,61.08000183105469,55.029998779296875,59.029998779296875,59.029998779296875,23945800.0,COIN,2023-02-14,0.045576583014625756
60.209999084472656,69.45999908447266,59.459999084472656,69.33999633789062,69.33999633789062,25552900.0,COIN,2023-02-15,0.16097611886983978
65.9000015258789,73.30000305175781,63.90999984741211,65.58999633789062,65.58999633789062,31704800.0,COIN,2023-02-16,-0.05559869797077567
64.94000244140625,67.9000015258789,61.5099983215332,65.19999694824219,65.19999694824219,23252200.0,COIN,2023-02-17,-0.005963767345788641
63.31999969482422,66.87000274658203,61.849998474121094,62.06999969482422,62.06999969482422,19845700.0,COIN,2023-02-21,-0.04919664661758235
62.5,67.4800033569336,57.349998474121094,61.18000030517578,61.18000030517578,32937500.0,COIN,2023-02-22,-0.014442431798002463
63.959999084472656,64.6500015258789,59.88999938964844,62.36000061035156,62.36000061035156,16698500.0,COIN,2023-02-23,0.019103710266204985
60.880001068115234,61.59000015258789,56.79999923706055,58.439998626708984,58.439998626708984,14546200.0,COIN,2023-02-24,-0.0649234905937882
59.939998626708984,60.970001220703125,58.16999816894531,58.959999084472656,58.959999084472656,13043000.0,COIN,2023-02-27,0.008858668969804296
59.68000030517578,67.5,59.41999816894531,64.83000183105469,64.83000183105469,24843900.0,COIN,2023-02-28,0.09490925507770373
65.30000305175781,66.79000091552734,63.09000015258789,64.66999816894531,64.66999816894531,15827100.0,COIN,2023-03-01,-0.0024711002861629383
61.06999969482422,63.900001525878906,57.5,63.70000076293945,63.70000076293945,18091700.0,COIN,2023-03-02,-0.015112812589492776
61.63999938964844,65.55999755859375,61.380001068115234,64.51000213623047,64.51000213623047,17579000.0,COIN,2023-03-03,0.012635709103678948
64.5999984741211,69.81999969482422,62.63999938964844,62.77000045776367,62.77000045776367,19826100.0,COIN,2023-03-06,-0.027343024036713313
62.79999923706055,64.66000366210938,60.59000015258789,61.88999938964844,61.88999938964844,15821500.0,COIN,2023-03-07,-0.014118653732761367
61.20000076293945,65.45999908447266,60.349998474121094,63.0099983215332,63.0099983215332,15427800.0,COIN,2023-03-08,0.017934811426468657
62.38999938964844,64.12000274658203,57.209999084472656,58.09000015258789,58.09000015258789,20996600.0,COIN,2023-03-09,-0.08129988268467114
56.38999938964844,56.40999984741211,51.56999969482422,53.439998626708984,53.439998626708984,25743800.0,COIN,2023-03-10,-0.08343403110061176
54.709999084472656,61.099998474121094,50.77000045776367,59.16999816894531,59.16999816894531,31431900.0,COIN,2023-03-13,0.10185512221236348
65.44999694824219,66.20999908447266,61.099998474121094,62.650001525878906,62.650001525878906,25167800.0,COIN,2023-03-14,0.057149079954743554
61.900001525878906,66.29000091552734,61.18000030517578,64.47000122070312,64.47000122070312,20825700.0,COIN,2023-03-15,0.028636312559279023
64.4000015258789,68.62000274658203,63.119998931884766,67.77999877929688,67.77999877929688,15474500.0,COIN,2023-03-16,0.050067129912156505
70.5199966430664,76.80000305175781,69.0999984741211,74.9800033569336,74.9800033569336,31006200.0,COIN,2023-03-17,0.10095430790969694
76.76000213623047,77.05999755859375,72.87000274658203,75.13999938964844,75.13999938964844,19026400.0,COIN,2023-03-20,0.002131575944146045
76.23999786376953,85.05000305175781,75.7699966430664,83.98999786376953,83.98999786376953,22991900.0,COIN,2023-03-21,0.11134468668022775
84.25,85.37999725341797,76.86000061035156,77.13999938964844,77.13999938964844,24463200.0,COIN,2023-03-22,-0.08507577383536842
61.849998474121094,70.0,61.5099983215332,66.30000305175781,66.30000305175781,43152800.0,COIN,2023-03-23,-0.15143200164647858
64.18000030517578,68.7300033569336,63.529998779296875,67.83000183105469,67.83000183105469,21614100.0,COIN,2023-03-24,0.022814658731404105
67.19999694824219,67.5999984741211,60.5099983215332,62.540000915527344,62.540000915527344,23531300.0,COIN,2023-03-27,-0.08119823528398586
62.31999969482422,64.05000305175781,61.11000061035156,63.040000915527344,63.040000915527344,11635900.0,COIN,2023-03-28,0.007963093403819161
65.41999816894531,68.62999725341797,63.77000045776367,65.30000305175781,65.30000305175781,17673800.0,COIN,2023-03-29,0.03522262294422447
66.52999877929688,67.16999816894531,63.68000030517578,64.16000366210938,64.16000366210938,11563100.0,COIN,2023-03-30,-0.017612062380785113
64.69999694824219,68.56999969482422,63.93000030517578,67.56999969482422,67.56999969482422,15926600.0,COIN,2023-03-31,0.05178407241162233
66.01000213623047,68.33000183105469,62.70000076293945,63.61000061035156,63.61000061035156,14040300.0,COIN,2023-04-03,-0.06039339276171743
64.66000366210938,65.4000015258789,60.95000076293945,62.540000915527344,62.540000915527344,11654400.0,COIN,2023-04-04,-0.016964333617163155
62.540000915527344,63.04999923706055,59.220001220703125,60.779998779296875,60.779998779296875,10788900.0,COIN,2023-04-05,-0.028545599264077362
59.56999969482422,62.7400016784668,58.20000076293945,61.439998626708984,61.439998626708984,11875200.0,COIN,2023-04-06,0.010800299082988398
61.369998931884766,66.19000244140625,59.65999984741211,66.12999725341797,66.12999725341797,14391800.0,COIN,2023-04-10,0.07356139366582384
68.08999633789062,72.61000061035156,67.23999786376953,70.19000244140625,70.19000244140625,25348800.0,COIN,2023-04-11,0.05958342537165263
70.7699966430664,72.0199966430664,66.2300033569336,67.83999633789062,67.83999633789062,16773400.0,COIN,2023-04-12,-0.03405394802307004
69.88999938964844,72.52999877929688,68.05000305175781,68.94999694824219,68.94999694824219,19718500.0,COIN,2023-04-13,0.016229622476781957
69.30000305175781,71.69999694824219,67.87000274658203,69.91000366210938,69.91000366210938,12887200.0,COIN,2023-04-14,0.01382719292822754
67.12000274658203,68.05000305175781,64.9000015258789,67.72000122070312,67.72000122070312,13344200.0,COIN,2023-04-17,-0.031827177616415875
70.38999938964844,71.79000091552734,66.55000305175781,67.26000213623047,67.26000213623047,14835500.0,COIN,2023-04-18,-0.006815837217765497
64.36000061035156,65.94000244140625,63.400001525878906,64.44000244140625,64.44000244140625,10327000.0,COIN,2023-04-19,-0.04283114187763325
63.22999954223633,65.33000183105469,60.16999816894531,60.5,60.5,11452900.0,COIN,2023-04-20,-0.06309123115848007
61.08000183105469,61.45000076293945,58.709999084472656,59.040000915527344,59.040000915527344,13235100.0,COIN,2023-04-21,-0.024428169237679435
58.959999084472656,59.09000015258789,54.08000183105469,54.75,54.75,21135700.0,COIN,2023-04-24,-0.07543782710250624
55.709999084472656,56.09000015258789,53.619998931884766,55.54999923706055,55.54999923706055,14383300.0,COIN,2023-04-25,0.014506133654745209
59.5099983215332,59.5099983215332,53.599998474121094,53.88999938964844,53.88999938964844,16761200.0,COIN,2023-04-26,-0.030338581731828018
54.66999816894531,55.720001220703125,53.58000183105469,54.16999816894531,54.16999816894531,12010900.0,COIN,2023-04-27,0.005182295248273278
53.650001525878906,54.52000045776367,52.16999816894531,53.790000915527344,53.790000915527344,11629800.0,COIN,2023-04-28,-0.0070396225622489615
53.16999816894531,54.380001068115234,48.45000076293945,50.13999938964844,50.13999938964844,18437900.0,COIN,2023-05-01,-0.07026851274835128
50.20000076293945,52.13999938964844,48.2599983215332,51.31999969482422,51.31999969482422,16778400.0,COIN,2023-05-02,0.023261453243708187
50.150001525878906,51.599998474121094,48.310001373291016,48.4900016784668,48.4900016784668,13325600.0,COIN,2023-05-03,-0.05672290806894813
48.720001220703125,50.470001220703125,47.650001525878906,49.220001220703125,49.220001220703125,13044400.0,COIN,2023-05-04,0.014942444031906772
54.04999923706055,58.58000183105469,53.75,58.2400016784668,58.2400016784668,25585600.0,COIN,2023-05-05,0.16827236294439146
55.900001525878906,58.79999923706055,54.61000061035156,58.099998474121094,58.099998474121094,15259400.0,COIN,2023-05-08,-0.0024067951133692022
57.900001525878906,60.2400016784668,56.59000015258789,60.209999084472656,60.209999084472656,9641200.0,COIN,2023-05-09,0.03567279867589755
61.45000076293945,63.75,59.88999938964844,62.63999938964844,62.63999938964844,15481300.0,COIN,2023-05-10,0.039565605667962016
62.40999984741211,63.11000061035156,59.77000045776367,60.349998474121094,60.349998474121094,8843500.0,COIN,2023-05-11,-0.037243119679034674
60.88999938964844,61.130001068115234,56.77000045776367,57.34000015258789,57.34000015258789,9111000.0,COIN,2023-05-12,-0.051162459143383056
58.400001525878906,61.29999923706055,57.20000076293945,60.77000045776367,60.77000045776367,9429300.0,COIN,2023-05-15,0.05809779056365741
58.68000030517578,60.11000061035156,57.13999938964844,57.880001068115234,57.880001068115234,7867900.0,COIN,2023-05-16,-0.04872433346274495
57.4900016784668,61.310001373291016,57.29999923706055,61.040000915527344,61.040000915527344,8998400.0,COIN,2023-05-17,0.053157481757767605
60.470001220703125,61.70000076293945,58.599998474121094,60.2599983215332,60.2599983215332,8330300.0,COIN,2023-05-18,-0.012860896126603379
60.56999969482422,61.470001220703125,56.59000015258789,56.779998779296875,56.779998779296875,12520700.0,COIN,2023-05-19,-0.059484376302405086
56.88999938964844,61.099998474121094,55.900001525878906,61.06999969482422,61.06999969482422,12683400.0,COIN,2023-05-22,0.07283661269189355
61.0,63.25,58.66999816894531,59.099998474121094,59.099998474121094,12208200.0,COIN,2023-05-23,-0.03278984364443803
57.779998779296875,58.970001220703125,56.599998474121094,58.36000061035156,58.36000061035156,8198300.0,COIN,2023-05-24,-0.012600164480484611
58.560001373291016,59.13999938964844,55.880001068115234,56.869998931884766,56.869998931884766,7997400.0,COIN,2023-05-25,-0.025862791575964578
56.86000061035156,58.90999984741211,56.630001068115234,56.91999816894531,56.91999816894531,7788100.0,COIN,2023-05-26,0.0008787985157263195
60.099998474121094,63.380001068115234,59.22999954223633,61.16999816894531,61.16999816894531,14814200.0,COIN,2023-05-30,0.07201010226787001
59.29999923706055,62.59000015258789,59.209999084472656,62.20000076293945,62.20000076293945,10112600.0,COIN,2023-05-31,0.016698168690435864
61.79999923706055,66.36000061035156,60.66999816894531,63.56999969482422,63.56999969482422,11729000.0,COIN,2023-06-01,0.021786644136650324
65.11000061035156,65.22000122070312,62.0,64.55000305175781,64.55000305175781,8630800.0,COIN,2023-06-02,0.015298508422384335
63.380001068115234,64.44000244140625,55.810001373291016,58.709999084472656,58.709999084472656,26413200.0,COIN,2023-06-05,-0.09483011008804279
47.099998474121094,52.380001068115234,46.43000030517578,51.61000061035156,51.61000061035156,56259900.0,COIN,2023-06-06,-0.12889459049517057
53.290000915527344,54.0,51.70000076293945,53.2599983215332,53.2599983215332,18905500.0,COIN,2023-06-07,0.03147008488433821
52.209999084472656,55.04999923706055,51.959999084472656,54.900001525878906,54.900001525878906,12773600.0,COIN,2023-06-08,0.03032782743807085
55.0,57.41999816894531,52.47999954223633,53.279998779296875,53.279998779296875,14394300.0,COIN,2023-06-09,-0.02995237298823278
52.529998779296875,52.93000030517578,50.099998474121094,50.560001373291016,50.560001373291016,12447200.0,COIN,2023-06-12,-0.05240022632082687
51.79999923706055,52.65999984741211,50.52000045776367,52.400001525878906,52.400001525878906,11560800.0,COIN,2023-06-13,0.03574584344661063
52.810001373291016,54.790000915527344,51.560001373291016,53.900001525878906,53.900001525878906,11241200.0,COIN,2023-06-14,0.028223885777570235
52.709999084472656,54.58000183105469,50.93000030517578,54.25,54.25,11801700.0,COIN,2023-06-15,0.006472486196176245
55.40999984741211,56.279998779296875,53.900001525878906,55.59000015258789,55.59000015258789,13754200.0,COIN,2023-06-16,0.024400339289689318
55.900001525878906,57.939998626708984,53.630001068115234,57.09000015258789,57.09000015258789,14143500.0,COIN,2023-06-20,0.026625640938669884
58.900001525878906,59.2400016784668,56.81999969482422,58.099998474121094,58.099998474121094,20569700.0,COIN,2023-06-21,0.017536664945960904
58.97999954223633,59.279998779296875,55.099998474121094,57.4900016784668,57.4900016784668,12837400.0,COIN,2023-06-22,-0.010554588763885616
56.849998474121094,61.88999938964844,55.75,61.470001220703125,61.470001220703125,26088600.0,COIN,2023-06-23,0.06693822194643281
61.099998474121094,66.16000366210938,61.0,61.939998626708984,61.939998626708984,20724100.0,COIN,2023-06-26,0.007616881596309039
63.79999923706055,70.37000274658203,62.84000015258789,69.88999938964844,69.88999938964844,25447400.0,COIN,2023-06-27,0.12075641638226094
69.0,74.30999755859375,69.0,70.75,70.75,23086200.0,COIN,2023-06-28,0.012229967767340722
72.02999877929688,74.18000030517578,70.83000183105469,72.43000030517578,72.43000030517578,14730500.0,COIN,2023-06-29,0.023468045897276836
73.80000305175781,74.97000122070312,68.1500015258789,71.55000305175781,71.55000305175781,24594000.0,COIN,2023-06-30,-0.012224033766064075
73.19999694824219,80.8499984741211,73.01000213623047,79.93000030517578,79.93000030517578,19891700.0,COIN,2023-07-03,0.11075470680140599
76.9000015258789,79.93000030517578,76.16000366210938,78.3499984741211,78.3499984741211,14670000.0,COIN,2023-07-05,-0.019965306129097575
78.05000305175781,78.45999908447266,74.5199966430664,78.0999984741211,78.0999984741211,11110400.0,COIN,2023-07-06,-0.0031959120187299963
78.1500015258789,81.19000244140625,77.62000274658203,78.72000122070312,78.72000122070312,13275500.0,COIN,2023-07-07,0.007907230942759308
79.08000183105469,81.37000274658203,76.55000305175781,81.20999908447266,81.20999908447266,10739700.0,COIN,2023-07-10,0.031141112769843167
80.48999786376953,92.1500015258789,80.48999786376953,89.1500015258789,89.1500015258789,35672100.0,COIN,2023-07-11,0.09328198040426866
89.0,89.06999969482422,84.44999694824219,85.94999694824219,85.94999694824219,16752300.0,COIN,2023-07-12,-0.03655466510235056
85.3499984741211,109.20999908447266,83.41999816894531,107.0,107.0,65424400.0,COIN,2023-07-13,0.21906313813924766
106.68000030517578,114.43000030517578,101.22000122070312,105.30999755859375,105.30999755859375,42266300.0,COIN,2023-07-14,-0.015920476252443506
104.56999969482422,109.4800033569336,103.5,105.55000305175781,105.55000305175781,19191400.0,COIN,2023-07-17,0.0022764449977781755
104.5,109.8499984741211,101.9000015258789,104.58999633789062,104.58999633789062,17567200.0,COIN,2023-07-18,-0.009136893455017805
107.30999755859375,111.05999755859375,105.08000183105469,110.1500015258789,110.1500015258789,15920800.0,COIN,2023-07-19,0.05179517734886552
109.26000213623047,111.87999725341797,100.37000274658203,101.26000213623047,101.26000213623047,15274600.0,COIN,2023-07-20,-0.0841515994628366
102.56999969482422,104.33000183105469,98.70999908447266,100.81999969482422,100.81999969482422,10481800.0,COIN,2023-07-21,-0.004354742010704017
99.2300033569336,100.38999938964844,95.69999694824219,98.8499984741211,98.8499984741211,9755700.0,COIN,2023-07-24,-0.019733211447228616
99.33999633789062,102.58999633789062,97.62999725341797,97.68000030517578,97.68000030517578,7726000.0,COIN,2023-07-25,-0.011906701253629743
97.37000274658203,101.31999969482422,97.27999877929688,99.75,99.75,6575800.0,COIN,2023-07-26,0.02097022284328344
102.58999633789062,102.7300033569336,91.80000305175781,92.69000244140625,92.69000244140625,12232300.0,COIN,2023-07-27,-0.07340643754275353
94.80000305175781,96.91999816894531,93.55000305175781,94.76000213623047,94.76000213623047,7228000.0,COIN,2023-07-28,0.022086783606953878
94.75,100.19999694824219,94.58999633789062,98.61000061035156,98.61000061035156,8493000.0,COIN,2023-07-31,0.03982528069961495
95.87999725341797,95.94999694824219,89.2300033569336,94.1500015258789,94.1500015258789,11543600.0,COIN,2023-08-01,-0.04628341122373457
91.44999694824219,95.41000366210938,88.05000305175781,90.43000030517578,90.43000030517578,10666200.0,COIN,2023-08-02,-0.0403131971829464
89.0,93.44000244140625,88.45999908447266,90.75,90.75,10297200.0,COIN,2023-08-03,0.0035323990178529694
89.0,94.29000091552734,86.69999694824219,87.30999755859375,87.30999755859375,13219600.0,COIN,2023-08-04,-0.03864349728474858
87.19999694824219,87.30000305175781,82.08999633789062,85.95999908447266,85.95999908447266,10019500.0,COIN,2023-08-07,-0.015582914736522548
87.08999633789062,88.98999786376953,84.55000305175781,88.04000091552734,88.04000091552734,8986900.0,COIN,2023-08-08,0.023909205933564822
88.52999877929688,88.9000015258789,84.08000183105469,84.33999633789062,84.33999633789062,7987100.0,COIN,2023-08-09,-0.04293506215963035
85.0,88.48999786376953,82.51000213623047,83.38999938964844,83.38999938964844,7697600.0,COIN,2023-08-10,-0.011327814117971222
82.05999755859375,83.4800033569336,80.47000122070312,81.01000213623047,81.01000213623047,5791100.0,COIN,2023-08-11,-0.028955760567292627
80.04000091552734,81.98999786376953,78.91000366210938,80.80999755859375,80.80999755859375,5753500.0,COIN,2023-08-14,-0.002471940178688615
81.1500015258789,83.0999984741211,79.11000061035156,79.18000030517578,79.18000030517578,7397300.0,COIN,2023-08-15,-0.020376944501483613
82.51000213623047,82.8499984741211,77.80000305175781,79.0,79.0,10140200.0,COIN,2023-08-16,-0.0022758930651658477
78.37999725341797,79.18000030517578,75.4000015258789,75.55999755859375,75.55999755859375,9261600.0,COIN,2023-08-17,-0.04452084214454231
72.33999633789062,75.25,72.25,73.19000244140625,73.19000244140625,10011800.0,COIN,2023-08-18,-0.03186817735224261
73.25,76.02999877929688,72.0999984741211,75.27999877929688,75.27999877929688,7514900.0,COIN,2023-08-21,0.028155646091383654
76.69000244140625,77.45999908447266,74.0199966430664,74.9000015258789,74.9000015258789,6322000.0,COIN,2023-08-22,-0.005060568166231613
74.3499984741211,78.16999816894531,74.06999969482422,77.77999877929688,77.77999877929688,6460900.0,COIN,2023-08-23,0.037730402137906474
77.76000213623047,78.04000091552734,73.37999725341797,73.66000366210938,73.66000366210938,5585700.0,COIN,2023-08-24,-0.05442435229998584
74.31999969482422,75.58999633789062,72.41000366210938,74.26000213623047,74.26000213623047,5136800.0,COIN,2023-08-25,0.008112516782530887
74.56999969482422,74.70999908447266,73.05000305175781,73.70999908447266,73.70999908447266,4043800.0,COIN,2023-08-28,-0.0074340147353093855
73.5,86.26000213623047,73.16999816894531,84.69999694824219,84.69999694824219,24067300.0,COIN,2023-08-29,0.13897710284727882
83.55999755859375,86.5,82.56999969482422,83.83000183105469,83.83000183105469,9448000.0,COIN,2023-08-30,-0.010324605135568706
84.43000030517578,84.56999969482422,78.9000015258789,79.5999984741211,79.5999984741211,8466400.0,COIN,2023-08-31,-0.05177688681123671
80.0,80.3499984741211,77.1500015258789,77.98999786376953,77.98999786376953,6676500.0,COIN,2023-09-01,-0.020433487729679668
78.0,79.29000091552734,76.27999877929688,77.5,77.5,4949000.0,COIN,2023-09-05,-0.0063026495920231445
77.37999725341797,79.97000122070312,76.75,78.04000091552734,78.04000091552734,6636200.0,COIN,2023-09-06,0.006943591127122864
76.2699966430664,82.06999969482422,75.45999908447266,81.79000091552734,81.79000091552734,6424000.0,COIN,2023-09-07,0.04693347045409255
81.63999938964844,82.69000244140625,80.3499984741211,82.08999633789062,82.08999633789062,5680600.0,COIN,2023-09-08,0.003661163808749567
82.0,83.19999694824219,77.79000091552734,80.62000274658203,80.62000274658203,7220700.0,COIN,2023-09-11,-0.018069369992000928
82.0199966430664,86.36000061035156,80.54000091552734,81.31999969482422,81.31999969482422,10519300.0,COIN,2023-09-12,0.008645193250103734
81.88999938964844,83.1500015258789,79.62000274658203,79.86000061035156,79.86000061035156,5925700.0,COIN,2023-09-13,-0.018116875729524865
81.66999816894531,84.0999984741211,81.26000213623047,83.44999694824219,83.44999694824219,7145100.0,COIN,2023-09-14,0.04397250426010285
82.73999786376953,83.31999969482422,79.94999694824219,82.1500015258789,82.1500015258789,6272300.0,COIN,2023-09-15,-0.015700750480368668
83.80000305175781,84.3499984741211,81.22000122070312,81.61000061035156,81.61000061035156,6246700.0,COIN,2023-09-18,-0.006595052097545334
82.1500015258789,82.4000015258789,77.7699966430664,78.12999725341797,78.12999725341797,7567400.0,COIN,2023-09-19,-0.04357774010538132
78.62000274658203,80.58999633789062,76.55999755859375,76.66999816894531,76.66999816894531,5459200.0,COIN,2023-09-20,-0.018863597166133093
74.37999725341797,75.19000244140625,72.86000061035156,74.41999816894531,74.41999816894531,6534800.0,COIN,2023-09-21,-0.029785775374379025
75.48999786376953,75.94999694824219,70.80999755859375,70.95999908447266,70.95999908447266,6321600.0,COIN,2023-09-22,-0.04760837321483621
69.91000366210938,72.36000061035156,69.62999725341797,71.75,71.75,5057500.0,COIN,2023-09-25,0.01107152954042661
71.73999786376953,73.08999633789062,69.70999908447266,70.5199966430664,70.5199966430664,5168200.0,COIN,2023-09-26,-0.017291544712637257
72.72000122070312,73.4800033569336,69.94999694824219,71.5199966430664,71.5199966430664,5324600.0,COIN,2023-09-27,0.01408077400117345
72.58999633789062,77.12999725341797,71.51000213623047,75.16000366210938,75.16000366210938,8252400.0,COIN,2023-09-28,0.049642139341176894
76.75,77.5,74.56999969482422,75.08000183105469,75.08000183105469,5747200.0,COIN,2023-09-29,-0.0010649871630871491
78.55000305175781,79.94999694824219,74.4000015258789,75.30999755859375,75.30999755859375,9709300.0,COIN,2023-10-02,0.003058659588814845
74.33999633789062,75.6500015258789,71.75,72.4800033569336,72.4800033569336,5815500.0,COIN,2023-10-03,-0.03830218764513952
73.19999694824219,74.11000061035156,70.41000366210938,73.47000122070312,73.47000122070312,7613700.0,COIN,2023-10-04,0.01356646819714166
73.52999877929688,75.4800033569336,72.0999984741211,74.62000274658203,74.62000274658203,6229300.0,COIN,2023-10-05,0.015531428353423306
72.47000122070312,78.94999694824219,72.31999969482422,78.45999908447266,78.45999908447266,7931300.0,COIN,2023-10-06,0.05018032451209536
76.54000091552734,80.05999755859375,76.5,79.0999984741211,79.0999984741211,5631300.0,COIN,2023-10-09,0.00812392637041154
79.0,82.06999969482422,77.97000122070312,79.62000274658203,79.62000274658203,5645100.0,COIN,2023-10-10,0.006552496585199021
79.2699966430664,80.48999786376953,75.5999984741211,77.3499984741211,77.3499984741211,6474100.0,COIN,2023-10-11,-0.028924794776168897
77.04000091552734,77.18000030517578,74.44999694824219,75.19000244140625,75.19000244140625,5338600.0,COIN,2023-10-12,-0.028322281432372275
75.0,75.19000244140625,72.0999984741211,73.43000030517578,73.43000030517578,6148400.0,COIN,2023-10-13,-0.023685700240232775
77.61000061035156,79.30000305175781,73.36000061035156,75.20999908447266,75.20999908447266,12608600.0,COIN,2023-10-16,0.023951613045836
74.80000305175781,79.12000274658203,74.5,77.45999908447266,77.45999908447266,7459500.0,COIN,2023-10-17,0.029477473601885046
76.87999725341797,78.37999725341797,73.77999877929688,73.93000030517578,73.93000030517578,5123400.0,COIN,2023-10-18,-0.046642958570339184
74.27999877929688,76.16999816894531,72.72000122070312,73.0999984741211,73.0999984741211,5391200.0,COIN,2023-10-19,-0.011290357815034312
74.63999938964844,76.76000213623047,73.5,74.66000366210938,74.66000366210938,8423300.0,COIN,2023-10-20,0.021116176655047673
75.5,80.7300033569336,72.41999816894531,77.20999908447266,77.20999908447266,13635700.0,COIN,2023-10-23,0.03358444792617406
83.29000091552734,89.4000015258789,80.88999938964844,82.06999969482422,82.06999969482422,23689500.0,COIN,2023-10-24,0.06104356746004093
83.51000213623047,84.08999633789062,77.4000015258789,77.79000091552734,77.79000091552734,13773200.0,COIN,2023-10-25,-0.053559637935239664
77.19999694824219,79.16000366210938,73.1500015258789,74.61000061035156,74.61000061035156,8294500.0,COIN,2023-10-26,-0.04173834532391638
76.44999694824219,76.5,70.41999816894531,70.77999877929688,70.77999877929688,9010600.0,COIN,2023-10-27,-0.05269809699310696
72.05000305175781,74.08000183105469,71.87999725341797,73.5999984741211,73.5999984741211,6454600.0,COIN,2023-10-30,0.03906854733190426
73.5999984741211,77.47000122070312,73.55999755859375,77.12000274658203,77.12000274658203,6334600.0,COIN,2023-10-31,0.046717680913903194
77.41999816894531,79.41000366210938,75.87000274658203,77.80999755859375,77.80999755859375,6878600.0,COIN,2023-11-01,0.008907240335645036
81.70999908447266,84.80000305175781,80.80999755859375,84.5999984741211,84.5999984741211,12596200.0,COIN,2023-11-02,0.08366432232345546
83.79000091552734,88.33999633789062,82.05000305175781,85.80000305175781,85.80000305175781,12193500.0,COIN,2023-11-03,0.014084793486405069
86.81999969482422,89.2699966430664,84.08999633789062,86.37000274658203,86.37000274658203,9881900.0,COIN,2023-11-06,0.006621383030190456
86.19999694824219,89.48999786376953,84.30000305175781,89.06999969482422,89.06999969482422,6762300.0,COIN,2023-11-07,0.03078214892515222
88.80000305175781,89.1500015258789,84.69000244140625,88.31999969482422,88.31999969482422,7286000.0,COIN,2023-11-08,-0.008455994944088102
92.9000015258789,99.81999969482422,91.37000274658203,92.86000061035156,92.86000061035156,20941400.0,COIN,2023-11-09,0.0501264100911467
94.4000015258789,96.22000122070312,91.80000305175781,92.91999816894531,92.91999816894531,9827900.0,COIN,2023-11-10,0.0006458990319066817
91.77999877929688,93.2699966430664,88.62000274658203,92.63999938964844,92.63999938964844,8860400.0,COIN,2023-11-13,-0.0030178809602355054
94.91000366210938,95.31999969482422,89.79000091552734,92.08999633789062,92.08999633789062,10137700.0,COIN,2023-11-14,-0.005954687269621127
93.91999816894531,100.1500015258789,93.06999969482422,98.1500015258789,98.1500015258789,11968900.0,COIN,2023-11-15,0.06373061630222698
97.68000030517578,97.88999938964844,94.44999694824219,96.91999816894531,96.91999816894531,7073800.0,COIN,2023-11-16,-0.012611059212976356
97.0,99.43000030517578,94.9000015258789,99.05000305175781,99.05000305175781,7361800.0,COIN,2023-11-17,0.0217389268989442
100.70999908447266,106.45999908447266,100.01000213623047,106.0999984741211,106.0999984741211,10962900.0,COIN,2023-11-20,0.06875722728358549
104.0,106.05999755859375,101.33999633789062,105.48999786376953,105.48999786376953,9348200.0,COIN,2023-11-21,-0.005765889795253123
106.16999816894531,109.98999786376953,103.36000061035156,109.25,109.25,10340100.0,COIN,2023-11-22,0.03502269253253193
108.44999694824219,116.94000244140625,107.9800033569336,115.54000091552734,115.54000091552734,11654600.0,COIN,2023-11-24,0.05597796430131938
112.58000183105469,121.45999908447266,112.18000030517578,119.7699966430664,119.7699966430664,14205900.0,COIN,2023-11-27,0.035956410654228874
122.05000305175781,129.25999450683594,119.69999694824219,128.27000427246094,128.27000427246094,17639100.0,COIN,2023-11-28,0.06856424168885235
127.81999969482422,131.4199981689453,126.30000305175781,127.81999969482422,127.81999969482422,13908800.0,COIN,2023-11-29,-0.003514428785507686
126.05999755859375,127.13999938964844,118.4000015258789,124.72000122070312,124.72000122070312,14074000.0,COIN,2023-11-30,-0.024551787297522297
126.38999938964844,134.3300018310547,125.87999725341797,133.75999450683594,133.75999450683594,13693500.0,COIN,2023-12-01,0.0699758737320055
143.52999877929688,146.3000030517578,137.60000610351562,141.08999633789062,141.08999633789062,21561900.0,COIN,2023-12-04,0.05335085040015109
140.0,147.86000061035156,139.17999267578125,140.1999969482422,140.1999969482422,18303400.0,COIN,2023-12-05,-0.006328005835911218
142.5,143.44000244140625,134.1199951171875,134.6300048828125,134.6300048828125,12584400.0,COIN,2023-12-06,-0.0405396415737888
131.02000427246094,138.47999572753906,130.1699981689453,136.19000244140625,136.19000244140625,9795700.0,COIN,2023-12-07,0.011520676247811605
136.19000244140625,146.74000549316406,135.85000610351562,146.6199951171875,146.6199951171875,12023600.0,COIN,2023-12-08,0.07379318498560217
141.5,142.8699951171875,135.99000549316406,138.02000427246094,138.02000427246094,12160400.0,COIN,2023-12-11,-0.06044553934510944
139.88999938964844,141.75,135.99000549316406,139.6199951171875,139.6199951171875,8303500.0,COIN,2023-12-12,0.011525778422267319
139.6199951171875,150.64999389648438,137.14999389648438,150.4600067138672,150.4600067138672,12514900.0,COIN,2023-12-13,0.07477290118424931
152.10000610351562,154.74000549316406,149.10000610351562,153.6300048828125,153.6300048828125,12095100.0,COIN,2023-12-14,0.020849833171156955
151.80999755859375,151.9199981689453,146.83999633789062,147.89999389648438,147.89999389648438,11802300.0,COIN,2023-12-15,-0.03801081747660531
144.80999755859375,155.00999450683594,144.0,153.42999267578125,153.42999267578125,9959900.0,COIN,2023-12-18,0.0367080607716648
155.5,162.08999633789062,153.61000061035156,161.16000366210938,161.16000366210938,13906800.0,COIN,2023-12-19,0.049153293826020884
164.72999572753906,169.47999572753906,160.07000732421875,161.86000061035156,161.86000061035156,16021900.0,COIN,2023-12-20,0.004334084791831864
166.7100067138672,170.1699981689453,163.10000610351562,168.02999877929688,168.02999877929688,12081500.0,COIN,2023-12-21,0.0374107597866411
169.77000427246094,178.6999969482422,167.89999389648438,175.47999572753906,175.47999572753906,15832900.0,COIN,2023-12-22,0.043382524325673785
174.8000030517578,178.1199951171875,169.0500030517578,172.0500030517578,172.0500030517578,12544800.0,COIN,2023-12-26,-0.019739901969620628
176.32000732421875,186.97000122070312,175.5,185.24000549316406,185.24000549316406,15569900.0,COIN,2023-12-27,0.07386716128574812
179.30999755859375,187.38999938964844,177.75,186.36000061035156,186.36000061035156,17276300.0,COIN,2023-12-28,0.006027978956858115
186.05999755859375,187.25,171.0,173.9199981689453,173.9199981689453,19724400.0,COIN,2023-12-29,-0.06908487737896116
173.02000427246094,175.57000732421875,155.35000610351562,156.8800048828125,156.8800048828125,26549400.0,COIN,2024-01-02,-0.10311419983215961
146.0,156.25,144.11000061035156,152.24000549316406,152.24000549316406,18573800.0,COIN,2024-01-03,-0.030022953942437737
152.5,161.27999877929688,148.80999755859375,155.60000610351562,155.60000610351562,14874300.0,COIN,2024-01-04,0.021830391899810585
152.6699981689453,157.69000244140625,151.08999633789062,153.97999572753906,153.97999572753906,10875500.0,COIN,2024-01-05,-0.010465954866922504
157.8000030517578,161.3800048828125,146.50999450683594,159.4199981689453,159.4199981689453,18125700.0,COIN,2024-01-08,0.03471952141100274
159.60000610351562,159.99000549316406,151.32000732421875,151.99000549316406,151.99000549316406,12959700.0,COIN,2024-01-09,-0.047727452164065313
149.2100067138672,153.47000122070312,143.14999389648438,151.2899932861328,151.2899932861328,18718200.0,COIN,2024-01-10,-0.004616284970709847
159.19000244140625,161.0399932861328,140.00999450683594,141.16000366210938,141.16000366210938,31754200.0,COIN,2024-01-11,-0.06930445562923722
137.19000244140625,141.07000732421875,130.3699951171875,130.77999877929688,130.77999877929688,20392800.0,COIN,2024-01-12,-0.07637751195092711
129.44000244140625,136.39999389648438,126.87999725341797,133.8800048828125,133.8800048828125,14789700.0,COIN,2024-01-16,0.02342740001557573
130.50999450683594,134.25999450683594,129.41000366210938,133.86000061035156,133.86000061035156,8133100.0,COIN,2024-01-17,-0.00014943058256317227
133.25,137.30999755859375,123.93000030517578,124.33999633789062,124.33999633789062,14519500.0,COIN,2024-01-18,-0.07377476284331493
124.33999633789062,124.81999969482422,118.0199966430664,124.75,124.75,16692600.0,COIN,2024-01-19,0.003292015242820542
124.05000305175781,131.77999877929688,122.5,128.2100067138672,128.2100067138672,12042600.0,COIN,2024-01-22,0.027357862299154087
122.41000366210938,126.1500015258789,120.33000183105469,124.19000244140625,124.19000244140625,9737100.0,COIN,2024-01-23,-0.03185692631220314
127.27999877929688,127.97000122070312,120.79000091552734,121.33999633789062,121.33999633789062,9118900.0,COIN,2024-01-24,-0.02321617828498953
122.37999725341797,124.26000213623047,118.91999816894531,121.01000213623047,121.01000213623047,8166400.0,COIN,2024-01-25,-0.0027232878702901516
127.5199966430664,128.10000610351562,121.45999908447266,125.19999694824219,125.19999694824219,13956300.0,COIN,2024-01-26,0.034039229827636214
127.08999633789062,136.88999938964844,125.80000305175781,132.82000732421875,132.82000732421875,17813700.0,COIN,2024-01-29,0.059082448965575456
136.0500030517578,136.6999969482422,130.44000244140625,130.82000732421875,130.82000732421875,8745700.0,COIN,2024-01-30,-0.015172494736450267
129.08999633789062,135.5500030517578,127.56999969482422,128.1999969482422,128.1999969482422,9838800.0,COIN,2024-01-31,-0.020230867838154382
128.75,132.07000732421875,124.23999786376953,128.9499969482422,128.9499969482422,8464300.0,COIN,2024-02-01,0.005833187979237053
126.9000015258789,130.1300048828125,125.55000305175781,129.22000122070312,129.22000122070312,6110000.0,COIN,2024-02-02,0.0020916789155803147
128.6999969482422,128.88999938964844,115.80000305175781,117.30000305175781,117.30000305175781,13067300.0,COIN,2024-02-05,-0.09678160590060352
118.61000061035156,120.9000015258789,115.9000015258789,119.79000091552734,119.79000091552734,6740600.0,COIN,2024-02-06,0.02100543570988886
119.68000030517578,124.4000015258789,114.51000213623047,122.06999969482422,122.06999969482422,8985100.0,COIN,2024-02-07,0.01885443079569277
127.22000122070312,133.0500030517578,125.80999755859375,132.5500030517578,132.5500030517578,11315900.0,COIN,2024-02-08,0.08236530757677867
142.16000366210938,144.5500030517578,137.1699981689453,141.99000549316406,141.99000549316406,15985100.0,COIN,2024-02-09,0.06879671551476342
141.10000610351562,150.35000610351562,140.99000549316406,147.30999755859375,147.30999755859375,10977100.0,COIN,2024-02-12,0.03678252198034743
138.38999938964844,143.75,137.1300048828125,140.38999938964844,140.38999938964844,9568800.0,COIN,2024-02-13,-0.04811493361727466
151.8300018310547,161.1300048828125,150.39999389648438,160.3800048828125,160.3800048828125,18041800.0,COIN,2024-02-14,0.13312177018783589
168.7899932861328,172.82000732421875,162.0800018310547,165.6699981689453,165.6699981689453,22992800.0,COIN,2024-02-15,0.03245181707387152
189.0500030517578,193.63999938964844,178.8000030517578,180.30999755859375,180.30999755859375,33233300.0,COIN,2024-02-16,0.0846797313502034
179.8699951171875,181.30999755859375,163.38999938964844,173.3000030517578,173.3000030517578,16196500.0,COIN,2024-02-20,-0.03965336391698602
164.25,168.08999633789062,161.19000244140625,162.41000366210938,162.41000366210938,10622100.0,COIN,2024-02-21,-0.06490018959618443
164.85000610351562,171.99000549316406,163.8000030517578,170.91000366210938,170.91000366210938,9027300.0,COIN,2024-02-22,0.051013098852478
167.3800048828125,170.0,160.66000366210938,165.97999572753906,165.97999572753906,7191200.0,COIN,2024-02-23,-0.0292698501580516
168.66000366210938,196.9499969482422,168.39999389648438,193.94000244140625,193.94000244140625,22593700.0,COIN,2024-02-26,0.15568157203537797
205.17999267578125,209.94000244140625,192.08999633789062,199.22000122070312,199.22000122070312,22679100.0,COIN,2024-02-27,0.026860902379570357
209.41000366210938,212.22000122070312,197.66000366210938,200.8000030517578,200.8000030517578,25397100.0,COIN,2024-02-28,0.007899655171138987
206.4600067138672,211.30999755859375,193.8800048828125,203.55999755859375,203.55999755859375,16237800.0,COIN,2024-02-29,0.013651386711514679
202.6999969482422,206.38999938964844,196.00999450683594,205.77000427246094,205.77000427246094,9297400.0,COIN,2024-03-01,0.010798271215537746
217.38999938964844,236.4600067138672,212.25,229.14999389648438,229.14999389648438,23294900.0,COIN,2024-03-04,0.10761772337704942
230.0,239.97999572753906,215.39999389648438,216.77000427246094,216.77000427246094,23863300.0,COIN,2024-03-05,-0.05553988100319036
229.1999969482422,239.89999389648438,223.02999877929688,238.5500030517578,238.5500030517578,17936700.0,COIN,2024-03-06,0.09574204143858175
240.0,242.8699951171875,235.5,242.6199951171875,242.6199951171875,10553700.0,COIN,2024-03-07,0.0169174684623586
246.0,270.54998779296875,244.89999389648438,256.6199951171875,256.6199951171875,21884000.0,COIN,2024-03-08,0.056099959222044964
270.0799865722656,271.6499938964844,253.9600067138672,254.1699981689453,254.1699981689453,20296400.0,COIN,2024-03-11,-0.009593045161965153
257.8299865722656,260.7900085449219,242.08999633789062,256.1400146484375,256.1400146484375,14666200.0,COIN,2024-03-12,0.007720899909605175
253.36000061035156,269.3900146484375,250.52999877929688,251.72999572753906,251.72999572753906,17329800.0,COIN,2024-03-13,-0.017367159609414918
245.0,248.27000427246094,227.24000549316406,233.6699981689453,233.6699981689453,18789300.0,COIN,2024-03-14,-0.07444721181379693
225.05999755859375,244.64999389648438,222.8300018310547,242.36000061035156,242.36000061035156,17256300.0,COIN,2024-03-15,0.036514370831259906
238.61000061035156,244.0500030517578,230.2100067138672,239.6199951171875,239.6199951171875,9734500.0,COIN,2024-03-18,-0.011369911760719295
223.24000549316406,233.2899932861328,216.16000366210938,230.1199951171875,230.1199951171875,12928500.0,COIN,2024-03-19,-0.040453424057893164
231.3800048828125,256.9599914550781,228.8000030517578,256.8800048828125,256.8800048828125,13834300.0,COIN,2024-03-20,0.1100081780128607
260.239990234375,276.3800048828125,256.2699890136719,262.0,262.0,16199900.0,COIN,2024-03-21,0.01973543497169267
254.24000549316406,260.7200012207031,249.5500030517578,255.50999450683594,255.50999450683594,9828200.0,COIN,2024-03-22,-0.025082977438820105
261.0,283.4800109863281,260.25,279.7099914550781,279.7099914550781,13941700.0,COIN,2024-03-25,0.09049179528937272
280.1199951171875,280.8299865722656,266.69000244140625,266.80999755859375,266.80999755859375,10316200.0,COIN,2024-03-26,-0.047216536163570424
276.2200012207031,276.6099853515625,253.9499969482422,256.70001220703125,256.70001220703125,11092600.0,COIN,2024-03-27,-0.03862865001729912
260.2099914550781,270.7900085449219,257.9100036621094,265.1199951171875,265.1199951171875,11201600.0,COIN,2024-03-28,0.032274399830105285
261.8699951171875,268.80999755859375,249.22000122070312,252.11000061035156,252.11000061035156,10010700.0,COIN,2024-04-01,-0.05031703263385498
238.10000610351562,248.1300048828125,235.99000549316406,245.83999633789062,245.83999633789062,8817600.0,COIN,2024-04-02,-0.025184599701113076
244.0399932861328,256.0,243.0,251.5800018310547,251.5800018310547,6670200.0,COIN,2024-04-03,0.02308013476302966
260.1499938964844,261.5,249.4600067138672,249.61000061035156,249.61000061035156,8098300.0,COIN,2024-04-04,-0.007861335448433919
244.91000366210938,253.9600067138672,240.1999969482422,240.89999389648438,240.89999389648438,8438600.0,COIN,2024-04-05,-0.03551781795599135
252.86000061035156,261.6300048828125,249.67999267578125,256.989990234375,256.989990234375,10042200.0,COIN,2024-04-08,0.06465525134780829
253.22999572753906,254.5500030517578,241.10000610351562,242.9499969482422,242.9499969482422,7792700.0,COIN,2024-04-09,-0.05618148734167655
238.24000549316406,251.27000427246094,234.1199951171875,250.99000549316406,250.99000549316406,8416000.0,COIN,2024-04-10,0.03255747129600875
250.99000549316406,264.29998779296875,247.30999755859375,263.010009765625,263.010009765625,8655100.0,COIN,2024-04-11,0.04677897181218356
259.4200134277344,259.9700012207031,244.30999755859375,245.75,245.75,9051600.0,COIN,2024-04-12,-0.06787733237156954
247.94000244140625,249.74000549316406,222.13999938964844,223.41000366210938,223.41000366210938,11239800.0,COIN,2024-04-15,-0.09530609424473456
223.0,223.0,205.6699981689453,218.8300018310547,218.8300018310547,16472100.0,COIN,2024-04-16,-0.020713483748797158
222.0399932861328,224.8699951171875,205.89999389648438,213.77999877929688,213.77999877929688,9440200.0,COIN,2024-04-17,-0.0233477378980349
215.57000732421875,228.0500030517578,213.25,218.0800018310547,218.0800018310547,9403900.0,COIN,2024-04-18,0.019914533208765326
223.8300018310547,227.75999450683594,210.17999267578125,211.00999450683594,211.00999450683594,9364000.0,COIN,2024-04-19,-0.03295647665922879
216.7899932861328,227.13999938964844,215.02999877929688,225.86000061035156,225.86000061035156,8207000.0,COIN,2024-04-22,0.06800984131262292
223.6199951171875,238.6699981689453,223.61000061035156,236.42999267578125,236.42999267578125,7338400.0,COIN,2024-04-23,0.045736809057417005
236.8300018310547,239.0,223.8699951171875,224.3699951171875,224.3699951171875,6737400.0,COIN,2024-04-24,-0.05235569694592358
216.0500030517578,225.94000244140625,213.63999938964844,223.61000061035156,223.61000061035156,5143500.0,COIN,2024-04-25,-0.003392987379771719
220.77000427246094,237.02000427246094,218.66000366210938,236.32000732421875,236.32000732421875,6044900.0,COIN,2024-04-26,0.055283384046279783
229.94000244140625,230.32000732421875,216.5399932861328,218.16000366210938,218.16000366210938,9576100.0,COIN,2024-04-29,-0.07995809445219067
214.35000610351562,216.57000732421875,202.58999633789062,203.92999267578125,203.92999267578125,9127900.0,COIN,2024-04-30,-0.06745199353478137
199.0,218.52000427246094,198.1999969482422,210.08999633789062,210.08999633789062,10191500.0,COIN,2024-05-01,0.0297592311154921
216.47999572753906,232.7100067138672,210.75999450683594,228.85000610351562,228.85000610351562,12454200.0,COIN,2024-05-02,0.08553080086563668
230.89999389648438,232.25,216.5500030517578,223.25,223.25,13739100.0,COIN,2024-05-03,-0.024774574013418604
225.83999633789062,235.8000030517578,224.89999389648438,226.92999267578125,226.92999267578125,9690600.0,COIN,2024-05-06,0.01634934784968844
226.94000244140625,230.82000732421875,214.1199951171875,214.33999633789062,214.33999633789062,8169600.0,COIN,2024-05-07,-0.05707804540696152
209.5,214.89999389648438,206.52999877929688,211.1999969482422,211.1999969482422,4615400.0,COIN,2024-05-08,-0.014757984816839962
210.22000122070312,213.85000610351562,205.11000061035156,210.4499969482422,210.4499969482422,4649700.0,COIN,2024-05-09,-0.0035574566670221372
214.5,214.8699951171875,200.5,200.9199981689453,200.9199981689453,7423500.0,COIN,2024-05-10,-0.046341270946981344
204.0,206.6699981689453,197.63999938964844,199.50999450683594,199.50999450683594,7542200.0,COIN,2024-05-13,-0.007042476914799295
195.9600067138672,206.97000122070312,194.92999267578125,203.0500030517578,203.0500030517578,5356000.0,COIN,2024-05-14,0.017587936308201893
212.2100067138672,221.39999389648438,207.6999969482422,219.91000366210938,219.91000366210938,9339300.0,COIN,2024-05-15,0.07976611923362593
215.0,216.4499969482422,198.63999938964844,199.1699981689453,199.1699981689453,12185500.0,COIN,2024-05-16,-0.09905966618976911
205.66000366210938,210.6699981689453,199.8300018310547,207.60000610351562,207.60000610351562,8688600.0,COIN,2024-05-17,0.04145445848634599
207.9600067138672,226.25999450683594,203.72000122070312,225.19000244140625,225.19000244140625,11223300.0,COIN,2024-05-20,0.08133132045569022
231.97000122070312,233.64999389648438,220.1199951171875,225.77999877929688,225.77999877929688,10704500.0,COIN,2024-05-21,0.0026165672790088436
225.00999450683594,238.77000427246094,221.2100067138672,231.50999450683594,231.50999450683594,8933700.0,COIN,2024-05-22,0.025061976983279003
233.80999755859375,234.32000732421875,217.66000366210938,218.86000061035156,218.86000061035156,9428300.0,COIN,2024-05-23,-0.056190786631002416
221.0,237.7899932861328,220.0500030517578,237.64999389648438,237.64999389648438,10249200.0,COIN,2024-05-24,0.08236671859815253
235.4499969482422,247.1300048828125,231.0500030517578,245.0,245.0,10843100.0,COIN,2024-05-28,0.03045923316750142
239.02000427246094,240.49000549316406,233.17999267578125,236.64999389648438,236.64999389648438,6802000.0,COIN,2024-05-29,-0.034675979983789205
241.10000610351562,248.86000061035156,233.3800048828125,234.75999450683594,234.75999450683594,9318800.0,COIN,2024-05-30,-0.008018538269867356
239.27999877929688,240.41000366210938,219.1699981689453,225.9199981689453,225.9199981689453,10123100.0,COIN,2024-05-31,-0.03838274609107398
232.5,239.1999969482422,224.69000244140625,231.38999938964844,231.38999938964844,7333100.0,COIN,2024-06-03,0.023923649776259968
230.22999572753906,247.1999969482422,230.16000366210938,244.1999969482422,244.1999969482422,10854300.0,COIN,2024-06-04,0.05388295320338724
246.86000061035156,251.88999938964844,240.6999969482422,251.39999389648438,251.39999389648438,9383500.0,COIN,2024-06-05,0.029057722698398104
250.0,263.79998779296875,248.75,257.0799865722656,257.0799865722656,9494600.0,COIN,2024-06-06,0.022341996393307643
256.19000244140625,263.17999267578125,243.86000061035156,244.16000366210938,244.16000366210938,9315300.0,COIN,2024-06-07,-0.05156350517644757
241.11000061035156,253.42999267578125,239.52999877929688,249.80999755859375,249.80999755859375,6335900.0,COIN,2024-06-10,0.022876856047883407
242.92999267578125,245.66000366210938,234.08999633789062,244.1999969482422,244.1999969482422,8991300.0,COIN,2024-06-11,-0.022713069963141593
251.8000030517578,263.260009765625,250.5800018310547,254.9600067138672,254.9600067138672,11134700.0,COIN,2024-06-12,0.04311914726245875
253.77000427246094,257.1300048828125,243.25999450683594,247.63999938964844,247.63999938964844,8666200.0,COIN,2024-06-13,-0.029130620255743596
246.16000366210938,250.25,237.05999755859375,244.5,244.5,7146500.0,COIN,2024-06-14,-0.012760767271431899
239.8699951171875,248.63999938964844,234.22999572753906,245.10000610351562,245.10000610351562,6662900.0,COIN,2024-06-17,0.002451006521284424
238.25,242.8000030517578,234.60000610351562,235.9499969482422,235.9499969482422,6198900.0,COIN,2024-06-18,-0.03804641019773206
237.36000061035156,240.49000549316406,228.44000244140625,235.02999877929688,235.02999877929688,6888900.0,COIN,2024-06-20,-0.003906744861460446
227.0,228.25,220.7100067138672,225.86000061035156,225.86000061035156,11335400.0,COIN,2024-06-21,-0.039797819379149765
217.22000122070312,221.44000244140625,207.7100067138672,212.30999755859375,212.30999755859375,10762000.0,COIN,2024-06-24,-0.06186788174131818
217.0,222.8800048828125,213.22000122070312,221.7100067138672,221.7100067138672,8014400.0,COIN,2024-06-25,0.04332279262977026
220.0,223.72999572753906,212.4600067138672,214.5800018310547,214.5800018310547,6574900.0,COIN,2024-06-26,-0.03268761414451792
217.60000610351562,225.75999450683594,216.32000732421875,224.0,224.0,5641200.0,COIN,2024-06-27,0.04296341411323682
223.9499969482422,225.52999877929688,218.8000030517578,222.22999572753906,222.22999572753906,10944900.0,COIN,2024-06-28,-0.00793318948706408
226.0,236.0399932861328,224.0399932861328,233.3699951171875,233.3699951171875,7739800.0,COIN,2024-07-01,0.04891229359576501
231.33999633789062,234.97000122070312,226.32000732421875,227.50999450683594,227.50999450683594,4407000.0,COIN,2024-07-02,-0.025430986639533318
223.80999755859375,227.11000061035156,222.22000122070312,224.94000244140625,224.94000244140625,3241700.0,COIN,2024-07-03,-0.011360458494743167
213.47999572753906,225.1300048828125,209.4499969482422,223.67999267578125,223.67999267578125,10148500.0,COIN,2024-07-05,-0.005617284528201968
226.50999450683594,226.50999450683594,217.75,220.55999755859375,220.55999755859375,5615200.0,COIN,2024-07-08,-0.014046670654846282
223.5500030517578,225.63999938964844,218.67999267578125,219.97000122070312,219.97000122070312,5344900.0,COIN,2024-07-09,-0.0026785766793768024
221.63999938964844,223.3300018310547,215.13999938964844,219.55999755859375,219.55999755859375,4481900.0,COIN,2024-07-10,-0.0018656464048910385
224.3699951171875,227.14999389648438,213.57000732421875,214.6300048828125,214.6300048828125,7037900.0,COIN,2024-07-11,-0.02270989441866829
215.33999633789062,222.14999389648438,214.57000732421875,218.02000427246094,218.02000427246094,4949000.0,COIN,2024-07-12,0.01567118315337908
229.3800048828125,247.5,228.0,242.85000610351562,242.85000610351562,14439500.0,COIN,2024-07-15,0.10785717262775683
243.19000244140625,252.1199951171875,234.1999969482422,251.49000549316406,251.49000549316406,10270700.0,COIN,2024-07-16,0.03495925523573468
245.89999389648438,255.89999389648438,241.30999755859375,249.10000610351562,249.10000610351562,8883300.0,COIN,2024-07-17,-0.009548802389945456
251.2100067138672,253.8699951171875,230.57000732421875,233.24000549316406,233.24000549316406,8848500.0,COIN,2024-07-18,-0.06578645686489788
235.10000610351562,259.79998779296875,233.5,257.7900085449219,257.7900085449219,12501900.0,COIN,2024-07-19,0.10007734323456564
260.4700012207031,266.0,252.83999633789062,265.1499938964844,265.1499938964844,11282200.0,COIN,2024-07-22,0.028150347423961008
263.6000061035156,272.54998779296875,257.2900085449219,257.6300048828125,257.6300048828125,9275600.0,COIN,2024-07-23,-0.028771214534592148
261.0,265.0,243.75,245.05999755859375,245.05999755859375,8141100.0,COIN,2024-07-24,-0.05002139747062511
239.25999450683594,241.63999938964844,226.3000030517578,231.52000427246094,231.52000427246094,8482500.0,COIN,2024-07-25,-0.056836787221682714
243.33999633789062,249.16000366210938,237.55999755859375,242.92999267578125,242.92999267578125,7917400.0,COIN,2024-07-26,0.04810702451135465
251.5500030517578,255.4199981689453,234.0,234.1999969482422,234.1999969482422,9467700.0,COIN,2024-07-29,-0.03659786771543464
235.6199951171875,239.0,223.02999877929688,224.4600067138672,224.4600067138672,6053900.0,COIN,2024-07-30,-0.0424778906337481
233.0,234.11000061035156,224.0399932861328,224.36000061035156,224.36000061035156,4771700.0,COIN,2024-07-31,-0.0004456401387581264
226.60000610351562,227.10000610351562,207.82000732421875,212.63999938964844,212.63999938964844,8920000.0,COIN,2024-08-01,-0.053651315265964256
213.1199951171875,219.3000030517578,199.3800048828125,204.44000244140625,204.44000244140625,10063900.0,COIN,2024-08-02,-0.039326046252584186
162.00999450683594,197.8800048828125,161.1300048828125,189.47000122070312,189.47000122070312,18734600.0,COIN,2024-08-05,-0.07604383875500352
191.99000549316406,197.39999389648438,182.6999969482422,194.1699981689453,194.1699981689453,7050600.0,COIN,2024-08-06,0.024503347489203766
196.8000030517578,199.9499969482422,177.38999938964844,178.91000366210938,178.91000366210938,8324400.0,COIN,2024-08-07,-0.08185114800546513
185.6699981689453,194.97999572753906,182.4600067138672,192.32000732421875,192.32000732421875,7421600.0,COIN,2024-08-08,0.07227778285960768
191.2899932861328,199.10000610351562,189.77999877929688,196.2899932861328,196.2899932861328,5255900.0,COIN,2024-08-09,0.020432433915597584
194.3000030517578,197.69000244140625,188.2899932861328,191.74000549316406,191.74000549316406,5742800.0,COIN,2024-08-12,-0.02345280704806455
193.1300048828125,201.10000610351562,191.8699951171875,197.94000244140625,197.94000244140625,4795500.0,COIN,2024-08-13,0.031823650504741945
200.89999389648438,201.97000122070312,192.39999389648438,195.9600067138672,195.9600067138672,5027000.0,COIN,2024-08-14,-0.01005337577082717
198.52000427246094,205.07000732421875,196.1999969482422,197.1199951171875,197.1199951171875,6068300.0,COIN,2024-08-15,0.005902064542603274
199.0,205.9499969482422,197.13999938964844,205.30999755859375,205.30999755859375,6240500.0,COIN,2024-08-16,0.04070836457896303
203.33999633789062,207.49000549316406,200.35000610351562,204.4600067138672,204.4600067138672,6304200.0,COIN,2024-08-19,-0.004148629987419373
209.10000610351562,209.8000030517578,191.2100067138672,197.25,197.25,12353700.0,COIN,2024-08-20,-0.03590043043995318
197.16000366210938,207.0,195.11000061035156,206.22999572753906,206.22999572753906,7502400.0,COIN,2024-08-21,0.04452007037300085
204.77999877929688,207.10000610351562,197.42999267578125,198.42999267578125,198.42999267578125,5284900.0,COIN,2024-08-22,-0.038555673912668176
200.97000122070312,211.9199981689453,200.0,211.39999389648438,211.39999389648438,8304200.0,COIN,2024-08-23,0.06331568837793972
209.3000030517578,210.85000610351562,202.67999267578125,204.0,204.0,5437100.0,COIN,2024-08-26,-0.03563205072003953
201.83999633789062,202.5,194.10000610351562,198.3000030517578,198.3000030517578,5992900.0,COIN,2024-08-27,-0.028338942928865563
195.02000427246094,197.49000549316406,187.72999572753906,190.1999969482422,190.1999969482422,4995700.0,COIN,2024-08-28,-0.04170491684905481
194.0,196.5,187.60000610351562,188.27999877929688,188.27999877929688,3841800.0,COIN,2024-08-29,-0.010145924016800078
189.22000122070312,189.94000244140625,180.0399932861328,183.36000061035156,183.36000061035156,7307200.0,COIN,2024-08-30,-0.026478773194415082
182.0,182.6999969482422,168.07000732421875,169.1300048828125,169.1300048828125,9746600.0,COIN,2024-09-03,-0.08078375799895682
166.5,169.0399932861328,160.6699981689453,163.22000122070312,163.22000122070312,7826400.0,COIN,2024-09-04,-0.0355686873361452
161.6199951171875,166.3699951171875,158.1199951171875,159.6999969482422,159.6999969482422,5732700.0,COIN,2024-09-05,-0.02180195540832859
163.24000549316406,164.14999389648438,146.1199951171875,147.35000610351562,147.35000610351562,11026600.0,COIN,2024-09-06,-0.08048628550605645
151.27000427246094,157.39999389648438,150.05999755859375,155.0500030517578,155.0500030517578,9256700.0,COIN,2024-09-09,0.050936914623274904
155.00999450683594,159.13999938964844,149.50999450683594,158.4600067138672,158.4600067138672,5824800.0,COIN,2024-09-10,0.021754572677702467
153.55999755859375,158.83999633789062,149.9499969482422,157.14999389648438,157.14999389648438,6417400.0,COIN,2024-09-11,-0.008301513501783772
158.61000061035156,165.42999267578125,156.10000610351562,162.88999938964844,162.88999938964844,6689300.0,COIN,2024-09-12,0.035874398217709574
162.24000549316406,168.92999267578125,161.5800018310547,163.0500030517578,163.0500030517578,5953600.0,COIN,2024-09-13,0.0009817983295304377
158.5,163.16000366210938,155.8800048828125,161.5,161.5,4686200.0,COIN,2024-09-16,-0.009551778289315964
164.13999938964844,167.6699981689453,160.5,162.4499969482422,162.4499969482422,5225200.0,COIN,2024-09-17,0.005865100666569588
161.5399932861328,169.10000610351562,160.8000030517578,162.63999938964844,162.63999938964844,5027400.0,COIN,2024-09-18,0.0011689222380338482
172.0,175.38999938964844,167.0,168.24000549316406,168.24000549316406,9299100.0,COIN,2024-09-19,0.0338523984778902
168.99000549316406,173.38999938964844,165.39999389648438,170.08999633789062,170.08999633789062,8152300.0,COIN,2024-09-20,0.010936123150373614
171.3000030517578,173.57000732421875,168.6999969482422,170.22000122070312,170.22000122070312,4933200.0,COIN,2024-09-23,0.0007640380245622405
170.3800048828125,172.25,163.80999755859375,171.67999267578125,171.67999267578125,6035500.0,COIN,2024-09-24,0.00854051100020798
170.3000030517578,173.94000244140625,166.8800048828125,167.0800018310547,167.0800018310547,5359900.0,COIN,2024-09-25,-0.02715948563222511
170.61000061035156,181.49000549316406,170.25999450683594,179.92999267578125,179.92999267578125,12455200.0,COIN,2024-09-26,0.07409509507036821
183.07000732421875,192.4499969482422,179.5,191.22999572753906,191.22999572753906,10563400.0,COIN,2024-09-27,0.060909024074388876
184.19000244140625,185.41000366210938,177.0,178.1699981689453,178.1699981689453,11710000.0,COIN,2024-09-30,-0.07073872931401169
178.72000122070312,178.89999389648438,160.0,165.00999450683594,165.00999450683594,15210500.0,COIN,2024-10-01,-0.07673209558404234
163.02999877929688,169.2899932861328,161.38999938964844,164.47000122070312,164.47000122070312,7881100.0,COIN,2024-10-02,-0.0032778546596083065
162.8300018310547,166.41000366210938,161.41000366210938,163.10000610351562,163.10000610351562,4298600.0,COIN,2024-10-03,-0.008364643126328461
167.9600067138672,171.24000549316406,164.0,170.91000366210938,170.91000366210938,6852400.0,COIN,2024-10-04,0.04677357653864503
172.0,176.14999389648438,166.88999938964844,168.9199981689453,168.9199981689453,6797500.0,COIN,2024-10-07,-0.011711904361566989
166.36000061035156,170.0500030517578,165.02000427246094,167.69000244140625,167.69000244140625,5696100.0,COIN,2024-10-08,-0.007308167907905338
167.69000244140625,172.49000549316406,165.77999877929688,166.97000122070312,166.97000122070312,5725000.0,COIN,2024-10-09,-0.004302888446284449
166.0500030517578,167.30999755859375,161.8699951171875,164.27000427246094,164.27000427246094,5379900.0,COIN,2024-10-10,-0.01630272130989866
165.5399932861328,179.17999267578125,165.22000122070312,176.3800048828125,176.3800048828125,10767100.0,COIN,2024-10-11,0.07112934458163608
181.19000244140625,197.69000244140625,178.27000427246094,196.35000610351562,196.35000610351562,18131400.0,COIN,2024-10-14,0.10725802596537919
195.67999267578125,204.89999389648438,188.30999755859375,196.33999633789062,196.33999633789062,17324800.0,COIN,2024-10-15,-5.0980496396304984e-05
203.52999877929688,212.4199981689453,197.60000610351562,210.47999572753906,210.47999572753906,13970000.0,COIN,2024-10-16,0.06954278482088294
209.1999969482422,209.4499969482422,201.1300048828125,204.1999969482422,204.1999969482422,8908000.0,COIN,2024-10-17,-0.030290725647762046
208.0500030517578,220.25999450683594,207.13999938964844,220.2100067138672,220.2100067138672,13569600.0,COIN,2024-10-18,0.07548177622095589
215.39999389648438,216.86000061035156,208.1300048828125,213.72000122070312,213.72000122070312,12686400.0,COIN,2024-10-21,-0.02991491420531183
209.4499969482422,215.9499969482422,207.3000030517578,210.72000122070312,210.72000122070312,7485100.0,COIN,2024-10-22,-0.01413650901328282
206.3000030517578,209.6999969482422,194.60000610351562,198.92999267578125,198.92999267578125,10350100.0,COIN,2024-10-23,-0.057577276557166386
206.8699951171875,210.5500030517578,200.8000030517578,209.16000366210938,209.16000366210938,9925400.0,COIN,2024-10-24,0.050146559597765455
208.3000030517578,213.6699981689453,203.39999389648438,205.0399932861328,205.0399932861328,9261300.0,COIN,2024-10-25,-0.01989447751694777
213.35000610351562,218.0,210.5,216.10000610351562,216.10000610351562,10458700.0,COIN,2024-10-28,0.052536242445148235
220.91000366210938,223.89999389648438,216.11000061035156,219.66000366210938,219.66000366210938,11542200.0,COIN,2024-10-29,0.016339621275136
213.10000610351562,220.4600067138672,209.47000122070312,211.74000549316406,211.74000549316406,9515900.0,COIN,2024-10-30,-0.036721780173715315
203.72999572753906,206.0,178.82000732421875,179.25,179.25,18892000.0,COIN,2024-10-31,-0.16657765337847177
180.0,190.94000244140625,179.5399932861328,182.8800048828125,182.8800048828125,14443400.0,COIN,2024-11-01,0.020048747266313956
180.08999633789062,186.9499969482422,176.3800048828125,186.27000427246094,186.27000427246094,11348800.0,COIN,2024-11-04,0.01836703023579176
185.58999633789062,197.25,185.50999450683594,193.9600067138672,193.9600067138672,9950800.0,COIN,2024-11-05,0.04045472987001548
221.47999572753906,257.67999267578125,221.11000061035156,254.30999755859375,254.30999755859375,35456000.0,COIN,2024-11-06,0.27090199883645405
245.6300048828125,259.69000244140625,242.33999633789062,255.5800018310547,255.5800018310547,16655300.0,COIN,2024-11-07,0.0049814936565635475
257.6700134277344,273.5,257.1499938964844,270.739990234375,270.739990234375,17431700.0,COIN,2024-11-08,0.05762343534264834
300.30999755859375,334.8599853515625,296.0,324.239990234375,324.239990234375,42437500.0,COIN,2024-11-11,0.18032503751402792
310.04998779296875,327.0,306.1000061035156,319.1300048828125,319.1300048828125,24819600.0,COIN,2024-11-12,-0.015885393620494553
325.010009765625,332.3500061035156,282.6600036621094,284.7200012207031,284.7200012207031,27997400.0,COIN,2024-11-13,-0.11409231309173203
290.80999755859375,292.57000732421875,274.29998779296875,278.8399963378906,278.8399963378906,17375300.0,COIN,2024-11-14,-0.02086811800449214
282.510009765625,306.4599914550781,276.0199890136719,305.8500061035156,305.8500061035156,18020600.0,COIN,2024-11-15,0.09245667815965934
301.8299865722656,329.5899963378906,288.5,325.4100036621094,325.4100036621094,25607400.0,COIN,2024-11-18,0.061991131329582054
322.0799865722656,327.239990234375,315.5,324.57000732421875,324.57000732421875,13447900.0,COIN,2024-11-19,-0.0025846850405618444
332.25,341.75,303.79998779296875,320.010009765625,320.010009765625,22875200.0,COIN,2024-11-20,-0.01414897611138045
329.95001220703125,330.5,288.54998779296875,295.2300109863281,295.2300109863281,25187400.0,COIN,2024-11-21,-0.0805975250303451
294.8900146484375,311.3699951171875,290.79998779296875,304.6400146484375,304.6400146484375,12187200.0,COIN,2024-11-22,0.03137604889563869
309.0,317.4599914550781,291.20001220703125,312.2200012207031,312.2200012207031,14645900.0,COIN,2024-11-25,0.02457727175085505
298.260009765625,309.20001220703125,289.1300048828125,293.2900085449219,293.2900085449219,13215700.0,COIN,2024-11-26,-0.06254616168488773
302.7799987792969,314.2900085449219,295.3599853515625,310.9800109863281,310.9800109863281,13290800.0,COIN,2024-11-27,0.05856672700436952
311.95001220703125,316.29998779296875,295.80999755859375,296.20001220703125,296.20001220703125,9550200.0,COIN,2024-11-29,-0.04869369371193336
302.0299987792969,311.4700012207031,299.5,302.3999938964844,302.3999938964844,11221100.0,COIN,2024-12-02,0.020715681075972454
296.7799987792969,314.42999267578125,296.6499938964844,309.3500061035156,309.3500061035156,10069300.0,COIN,2024-12-03,0.02272271758533295
312.0,332.0,309.1199951171875,330.94000244140625,330.94000244140625,15798000.0,COIN,2024-12-04,0.06746375573375779
343.3599853515625,349.489990234375,315.1700134277344,320.57000732421875,320.57000732421875,19769900.0,COIN,2024-12-05,-0.03183641334404047
328.55999755859375,349.75,325.5,343.6199951171875,343.6199951171875,16759200.0,COIN,2024-12-06,0.06943569732705668
339.9100036621094,340.1600036621094,309.67999267578125,310.5199890136719,310.5199890136719,16974800.0,COIN,2024-12-09,-0.10128810526684284
318.0299987792969,318.739990234375,298.5199890136719,302.4200134277344,302.4200134277344,11930600.0,COIN,2024-12-10,-0.026431452071589517
311.8500061035156,320.8999938964844,308.82000732421875,313.80999755859375,313.80999755859375,10253400.0,COIN,2024-12-11,0.0369708753573056
317.760009765625,323.5,307.75,312.9599914550781,312.9599914550781,8324400.0,COIN,2024-12-12,-0.00271233989988173
316.0,317.17999267578125,305.25,310.5799865722656,310.5799865722656,5832600.0,COIN,2024-12-13,-0.0076338856362329075
316.8999938964844,326.2300109863281,314.7699890136719,315.30999755859375,315.30999755859375,11461400.0,COIN,2024-12-16,0.015114800224740101
319.8299865722656,323.07000732421875,303.5,311.6400146484375,311.6400146484375,7440600.0,COIN,2024-12-17,-0.011707551664387906
308.0,312.1400146484375,275.80999755859375,279.8599853515625,279.8599853515625,12615200.0,COIN,2024-12-18,-0.10755929668146554
290.6400146484375,295.4800109863281,268.8800048828125,273.9200134277344,273.9200134277344,11708600.0,COIN,2024-12-19,-0.021453283811528195
266.1300048828125,281.739990234375,261.8699951171875,278.7099914550781,278.7099914550781,10009800.0,COIN,2024-12-20,0.01733564208684596
274.5199890136719,275.3299865722656,263.07000732421875,268.1499938964844,268.1499938964844,6853500.0,COIN,2024-12-23,-0.038625281393502915
273.2200012207031,284.0,271.8599853515625,279.6199951171875,279.6199951171875,4805100.0,COIN,2024-12-24,0.041885018430001954
275.5799865722656,279.239990234375,271.3900146484375,274.4100036621094,274.4100036621094,4410400.0,COIN,2024-12-26,-0.018808169415587453
274.20001220703125,274.25,263.2099914550781,265.7099914550781,265.7099914550781,5554000.0,COIN,2024-12-27,-0.03221789535100202
259.9800109863281,260.5,247.60000610351562,255.55999755859375,255.55999755859375,7727100.0,COIN,2024-12-30,-0.038948250149794125
262.9700012207031,263.6600036621094,246.3699951171875,248.3000030517578,248.3000030517578,5414900.0,COIN,2024-12-31,-0.02881950137625161
256.4800109863281,262.30999755859375,251.0,257.2099914550781,257.2099914550781,6289500.0,COIN,2025-01-02,0.03525513383017472
259.8900146484375,271.5899963378906,258.5899963378906,270.6499938964844,270.6499938964844,5990800.0,COIN,2025-01-03,0.05093361205676054
279.07000732421875,293.6000061035156,271.75,287.760009765625,287.760009765625,10835000.0,COIN,2025-01-06,0.06130038263240516
286.739990234375,287.5799865722656,260.239990234375,264.3299865722656,264.3299865722656,11614700.0,COIN,2025-01-07,-0.08492856157645316
263.8800048828125,267.0,252.99000549316406,260.010009765625,260.010009765625,5951100.0,COIN,2025-01-08,-0.016478142374601407
257.7699890136719,261.8699951171875,248.0500030517578,258.7799987792969,258.7799987792969,5579200.0,COIN,2025-01-10,-0.004741854202353711
246.97999572753906,251.80999755859375,240.77000427246094,251.1999969482422,251.1999969482422,7019500.0,COIN,2025-01-13,-0.02972885272533434
261.7300109863281,263.0,251.0,255.3699951171875,255.3699951171875,5704100.0,COIN,2025-01-14,0.01646403232983084
266.8699951171875,278.32000732421875,264.44000244140625,274.92999267578125,274.92999267578125,9113900.0,COIN,2025-01-15,0.07380303839437179
274.0,285.0199890136719,268.1400146484375,281.6300048828125,281.6300048828125,6751100.0,COIN,2025-01-16,0.02407767686860038
292.0,300.3500061035156,289.3299865722656,295.4800109863281,295.4800109863281,11290100.0,COIN,2025-01-17,0.04800701980369913
298.5199890136719,303.1000061035156,273.6199951171875,294.19000244140625,294.19000244140625,12912400.0,COIN,2025-01-21,-0.00437536443610572
290.4599914550781,298.79998779296875,286.2799987792969,295.8500061035156,295.8500061035156,6668900.0,COIN,2025-01-22,0.0056267643474202465
289.739990234375,303.55999755859375,287.8999938964844,296.010009765625,296.010009765625,11534800.0,COIN,2025-01-23,0.0005406807749036198
300.0,310.6099853515625,297.6199951171875,298.0,298.0,9763300.0,COIN,2025-01-24,0.00670021597735816
283.70001220703125,289.7799987792969,265.20001220703125,277.989990234375,277.989990234375,12238800.0,COIN,2025-01-27,-0.06950837981418068
280.5,284.8399963378906,276.0,281.82000732421875,281.82000732421875,4516600.0,COIN,2025-01-28,0.013683488564730294
281.82000732421875,294.3800048828125,277.010009765625,291.0,291.0,6255900.0,COIN,2025-01-29,0.03205467191553859
293.7099914550781,306.0,293.0199890136719,301.29998779296875,301.29998779296875,8637500.0,COIN,2025-01-30,0.03478313845022109
300.8599853515625,304.7300109863281,287.2200012207031,291.3299865722656,291.3299865722656,6514500.0,COIN,2025-01-31,-0.03364980643849101
272.9800109863281,288.760009765625,269.29998779296875,284.4100036621094,284.4100036621094,9517700.0,COIN,2025-02-03,-0.02403972725211148
283.0,289.3900146484375,278.6300048828125,280.3900146484375,280.3900146484375,6013500.0,COIN,2025-02-04,-0.014235328501636791
283.6099853515625,285.760009765625,274.55999755859375,275.1400146484375,275.1400146484375,5344600.0,COIN,2025-02-05,-0.018901431156684738
279.5199890136719,284.6000061035156,269.0,270.3699951171875,270.3699951171875,6717700.0,COIN,2025-02-06,-0.01748873906433051
274.04998779296875,282.57000732421875,271.75,274.489990234375,274.489990234375,7885600.0,COIN,2025-02-07,0.01512342162770276
280.3999938964844,285.55999755859375,274.6000061035156,280.2200012207031,280.2200012207031,5521800.0,COIN,2025-02-10,0.020660218463154686
277.54998779296875,279.0,265.8299865722656,266.8999938964844,266.8999938964844,6915000.0,COIN,2025-02-11,-0.048700979757012375
264.3900146484375,277.79998779296875,263.4800109863281,274.8999938964844,274.8999938964844,6362800.0,COIN,2025-02-12,0.029533339426219638
284.0,302.3999938964844,282.5,298.1099853515625,298.1099853515625,18900200.0,COIN,2025-02-13,0.08105512380516425
288.0199890136719,291.54998779296875,274.0,274.30999755859375,274.30999755859375,19269700.0,COIN,2025-02-14,-0.08320365196026168
278.79998779296875,279.17999267578125,260.5,264.6300048828125,264.6300048828125,11564800.0,COIN,2025-02-18,-0.03592620242317126
265.760009765625,267.0,257.67999267578125,258.6700134277344,258.6700134277344,6813800.0,COIN,2025-02-19,-0.02277947244956546
260.6600036621094,262.25,250.3699951171875,256.5899963378906,256.5899963378906,6400700.0,COIN,2025-02-20,-0.008073703952111471
266.989990234375,267.79998779296875,234.75999450683594,235.3800048828125,235.3800048828125,17195500.0,COIN,2025-02-21,-0.08627821579468076
239.13999938964844,240.24000549316406,223.60000610351562,227.07000732421875,227.07000732421875,12125000.0,COIN,2025-02-24,-0.03594287794937794
219.97000122070312,222.85000610351562,205.1199951171875,212.49000549316406,212.49000549316406,15192600.0,COIN,2025-02-25,-0.0663634179594785
212.6300048828125,218.57000732421875,207.99000549316406,212.9600067138672,212.9600067138672,7871600.0,COIN,2025-02-26,0.0022094318881838086
218.1300048828125,221.5800018310547,207.7899932861328,208.3699951171875,208.3699951171875,8082400.0,COIN,2025-02-27,-0.02178906402449184
205.27000427246094,216.44000244140625,201.10000610351562,215.6199951171875,215.6199951171875,9031200.0,COIN,2025-02-28,0.034202254316786126
232.22999572753906,233.39999389648438,203.44000244140625,205.75,205.75,15997800.0,COIN,2025-03-03,-0.04685573690833977
200.52000427246094,218.94000244140625,193.08999633789062,212.5500030517578,212.5500030517578,13060900.0,COIN,2025-03-04,0.032515429605454824
214.88999938964844,223.14999389648438,208.0,222.4499969482422,222.4499969482422,9581600.0,COIN,2025-03-05,0.04552507437056833
214.50999450683594,226.60000610351562,213.0,214.1699981689453,214.1699981689453,8405400.0,COIN,2025-03-06,-0.037932259900262215
214.88999938964844,222.0500030517578,206.77000427246094,217.4499969482422,217.4499969482422,8615100.0,COIN,2025-03-07,0.015198841376410527
205.0800018310547,206.83999633789062,176.85000610351562,179.22999572753906,179.22999572753906,18664100.0,COIN,2025-03-10,-0.19329905160371216
186.0,195.69000244140625,183.3000030517578,191.69000244140625,191.69000244140625,11382200.0,COIN,2025-03-11,0.06720962318065164
195.39999389648438,199.1999969482422,183.75,191.72999572753906,191.72999572753906,9616800.0,COIN,2025-03-12,0.0002086134602724393
188.6199951171875,188.85000610351562,177.11000061035156,177.49000549316406,177.49000549316406,9559400.0,COIN,2025-03-13,-0.07717380979716122
183.80999755859375,186.74000549316406,179.16000366210938,183.1199951171875,183.1199951171875,9454400.0,COIN,2025-03-14,0.031227348730358782
182.0,193.24000549316406,180.77000427246094,188.9600067138672,188.9600067138672,7216500.0,COIN,2025-03-17,0.03139373899991767
185.0,186.49000549316406,178.77999877929688,181.13999938964844,181.13999938964844,7408200.0,COIN,2025-03-18,-0.042265178402377444
184.8300018310547,193.77999877929688,182.8000030517578,189.75,189.75,8194200.0,COIN,2025-03-19,0.04643720669843868
185.88999938964844,193.92999267578125,185.8800048828125,190.3800048828125,190.3800048828125,6718000.0,COIN,2025-03-20,0.003314684195137211
185.57000732421875,190.72000122070312,183.75,189.86000061035156,189.86000061035156,7344800.0,COIN,2025-03-21,-0.0027351388024787586
197.5,203.25,194.4199981689453,203.0399932861328,203.0399932861328,9489500.0,COIN,2025-03-24,0.06711600923095745
202.1300048828125,206.92999267578125,198.33999633789062,204.22999572753906,204.22999572753906,7877700.0,COIN,2025-03-25,0.005843817909861277
203.0,206.0,192.2899932861328,193.9499969482422,193.9499969482422,7113400.0,COIN,2025-03-26,-0.05164641065800612
192.97000122070312,195.3300018310547,187.8000030517578,188.5800018310547,188.5800018310547,5426300.0,COIN,2025-03-27,-0.028078048403981964
185.72000122070312,186.7899932861328,172.99000549316406,173.92999267578125,173.92999267578125,10040200.0,COIN,2025-03-28,-0.08086945243731934
169.3800048828125,173.5800018310547,163.52000427246094,172.22999572753906,172.22999572753906,7781300.0,COIN,2025-03-31,-0.009822109268971566
172.82000732421875,176.0500030517578,168.5500030517578,174.52000427246094,174.52000427246094,5489700.0,COIN,2025-04-01,0.013208604695682002
170.57000732421875,184.11000061035156,170.35000610351562,182.9499969482422,182.9499969482422,8208600.0,COIN,2025-04-02,0.04717350204776644
168.5800018310547,172.02999877929688,164.64999389648438,170.75999450683594,170.75999450683594,9556200.0,COIN,2025-04-03,-0.06895384506354084
166.02000427246094,167.5,147.1699981689453,160.5500030517578,160.5500030517578,14570800.0,COIN,2025-04-04,-0.06165359017717646
146.0399932861328,167.39999389648438,142.5800018310547,157.27999877929688,157.27999877929688,13251700.0,COIN,2025-04-07,-0.020577790906149425
165.1999969482422,167.8000030517578,147.35000610351562,151.47000122070312,151.47000122070312,11117400.0,COIN,2025-04-08,-0.03764005503954287
150.0800018310547,183.89999389648438,150.0800018310547,177.08999633789062,177.08999633789062,15258000.0,COIN,2025-04-09,0.15627046364336275
168.5,173.82000732421875,159.11000061035156,169.6199951171875,169.6199951171875,11196300.0,COIN,2025-04-10,-0.043097445094558796
171.3000030517578,178.0,167.0,175.5,175.5,7769300.0,COIN,2025-04-11,0.03407843075914029
180.5,182.38999938964844,172.00999450683594,176.5800018310547,176.5800018310547,6427100.0,COIN,2025-04-14,0.00613499893706323
177.74000549316406,179.77000427246094,172.3000030517578,175.57000732421875,175.57000732421875,5369500.0,COIN,2025-04-15,-0.005736176345066529
170.5,174.8000030517578,168.5,172.2100067138672,172.2100067138672,5226700.0,COIN,2025-04-16,-0.019323164194598286
172.60000610351562,177.5,171.3000030517578,175.02999877929688,175.02999877929688,5125300.0,COIN,2025-04-17,0.016242679525174174
175.10000610351562,177.97999572753906,171.41000366210938,175.0,175.0,5054700.0,COIN,2025-04-21,-0.00017140690497922774
178.7899932861328,193.49000549316406,178.39999389648438,190.0,190.0,12807000.0,COIN,2025-04-22,0.08223809823697201
197.75,200.8000030517578,191.52000427246094,194.8000030517578,194.8000030517578,9870200.0,COIN,2025-04-23,0.024949334714056293
193.4199981689453,204.2100067138672,193.10000610351562,203.8699951171875,203.8699951171875,6840600.0,COIN,2025-04-24,0.04550910498388671
205.57000732421875,211.6199951171875,203.74000549316406,209.63999938964844,209.63999938964844,8060900.0,COIN,2025-04-25,0.027909259164109294
208.1999969482422,208.77999877929688,197.4199981689453,205.27000427246094,205.27000427246094,7624200.0,COIN,2025-04-28,-0.021065564479591712
205.3000030517578,207.39999389648438,203.13999938964844,206.1300048828125,206.1300048828125,4254900.0,COIN,2025-04-29,0.004180854856171756
199.6699981689453,203.0399932861328,195.5500030517578,202.88999938964844,202.88999938964844,4769400.0,COIN,2025-04-30,-0.01584310415244835
208.4600067138672,208.75,201.16000366210938,201.3000030517578,201.3000030517578,6243200.0,COIN,2025-05-01,-0.007867609440677058
204.6999969482422,209.0,202.36000061035156,204.92999267578125,204.92999267578125,6133300.0,COIN,2025-05-02,0.017872073865773486
201.72999572753906,204.11000061035156,198.64999389648438,199.39999389648438,199.39999389648438,5108700.0,COIN,2025-05-05,-0.027355594753435616
195.3800048828125,198.75999450683594,193.33999633789062,196.88999938964844,196.88999938964844,4672600.0,COIN,2025-05-06,-0.01266763286455232
199.8300018310547,200.47999572753906,193.80999755859375,196.55999755859375,196.55999755859375,4825700.0,COIN,2025-05-07,-0.00167747826152196
205.30999755859375,210.47000122070312,202.80999755859375,206.5,206.5,14390000.0,COIN,2025-05-08,0.04933269660883063
204.52000427246094,214.1300048828125,198.77000427246094,199.32000732421875,199.32000732421875,16384200.0,COIN,2025-05-09,-0.03538880224185408
208.94000244140625,213.60000610351562,205.61000061035156,207.22000122070312,207.22000122070312,14944200.0,COIN,2025-05-12,0.0388694265552281
231.7100067138672,260.4200134277344,231.49000549316406,256.8999938964844,256.8999938964844,39119000.0,COIN,2025-05-13,0.21490584364304358
256.8599853515625,264.489990234375,253.5500030517578,263.4100036621094,263.4100036621094,18344700.0,COIN,2025-05-14,0.02502488720585083
256.5,257.8500061035156,240.0,244.44000244140625,244.44000244140625,25917200.0,COIN,2025-05-15,-0.07474187754888863
249.75999450683594,270.45001220703125,248.8300018310547,266.4599914550781,266.4599914550781,72627500.0,COIN,2025-05-16,0.08625421644928814
259.7799987792969,267.6000061035156,259.70001220703125,263.989990234375,263.989990234375,12437600.0,COIN,2025-05-19,-0.009312919815143187
265.1199951171875,265.3599853515625,257.25,261.3800048828125,261.3800048828125,8624600.0,COIN,2025-05-20,-0.009935880798826995
260.20001220703125,270.3800048828125,257.75,258.989990234375,258.989990234375,11748000.0,COIN,2025-05-21,-0.00918589264081673
265.1300048828125,277.010009765625,263.510009765625,271.95001220703125,271.95001220703125,15613700.0,COIN,2025-05-22,0.048828857547042845
263.0,268.0400085449219,260.3399963378906,263.1600036621094,263.1600036621094,9290300.0,COIN,2025-05-23,-0.03285604462231012
269.0199890136719,270.1000061035156,264.6700134277344,266.3999938964844,266.3999938964844,7884500.0,COIN,2025-05-27,0.012236689621437804
265.70001220703125,265.70001220703125,253.8000030517578,254.2899932861328,254.2899932861328,8305300.0,COIN,2025-05-28,-0.04652359413616715
258.7200012207031,258.94000244140625,246.75999450683594,248.83999633789062,248.83999633789062,7673400.0,COIN,2025-05-29,-0.02166521668887622
246.8699951171875,249.9600067138672,244.1300048828125,246.6199951171875,246.6199951171875,6070900.0,COIN,2025-05-30,-0.00896143428664314
247.4600067138672,249.86000061035156,240.91000366210938,246.72000122070312,246.72000122070312,6188000.0,COIN,2025-06-02,0.00040542467923862486
248.38999938964844,260.6000061035156,246.22000122070312,258.9100036621094,258.9100036621094,9946400.0,COIN,2025-06-03,0.048226429784928526
257.5199890136719,261.57000732421875,254.33999633789062,256.0,256.0,6026800.0,COIN,2025-06-04,-0.01130308062805737
261.04998779296875,265.6499938964844,240.0800018310547,244.1999969482422,244.1999969482422,11971900.0,COIN,2025-06-05,-0.04718989529991899
250.52999877929688,256.1700134277344,249.77999877929688,251.27000427246094,251.27000427246094,7360200.0,COIN,2025-06-06,0.028540526019087444
255.66000366210938,258.25,252.39999389648438,256.6300048828125,256.6300048828125,6064800.0,COIN,2025-06-09,0.021107302659640798
258.8800048828125,262.3999938964844,251.6300048828125,254.94000244140625,254.94000244140625,5858000.0,COIN,2025-06-10,-0.0066071449272013276
257.2099914550781,259.8999938964844,249.05999755859375,250.67999267578125,250.67999267578125,5986100.0,COIN,2025-06-11,-0.016851036792099955
246.52000427246094,247.75,239.35000610351562,241.0500030517578,241.0500030517578,7725300.0,COIN,2025-06-12,-0.03917280262717057
237.4499969482422,243.1999969482422,235.2899932861328,242.7100067138672,242.7100067138672,7062700.0,COIN,2025-06-13,0.006862949165363083
247.77000427246094,263.29998779296875,245.32000732421875,261.57000732421875,261.57000732421875,12034700.0,COIN,2025-06-16,0.07483461943155907
256.6300048828125,259.6300048828125,248.67999267578125,253.85000610351562,253.85000610351562,9050800.0,COIN,2025-06-17,-0.029958396671631003
254.0,299.32000732421875,251.8800048828125,295.2900085449219,295.2900085449219,37434300.0,COIN,2025-06-18,0.15121438780942797
303.5799865722656,310.75,298.1000061035156,308.3800048828125,308.3800048828125,31468800.0,COIN,2025-06-20,0.043374851330339435
302.0799865722656,314.25,294.55999755859375,307.5899963378906,307.5899963378906,17553700.0,COIN,2025-06-23,-0.00256508913266338
314.3900146484375,348.9700012207031,311.8999938964844,344.82000732421875,344.82000732421875,29670900.0,COIN,2025-06-24,0.11425484754411123
360.6000061035156,369.2799987792969,343.6199951171875,355.3699951171875,355.3699951171875,30154300.0,COIN,2025-06-25,0.030136923498956598
354.5299987792969,382.0,354.5299987792969,375.07000732421875,375.07000732421875,27371400.0,COIN,2025-06-26,0.0539532082572645
369.5400085449219,372.5,346.6600036621094,353.42999267578125,353.42999267578125,29000400.0,COIN,2025-06-27,-0.05942726954174172
359.2300109863281,360.45001220703125,347.8999938964844,350.489990234375,350.489990234375,11227600.0,COIN,2025-06-30,-0.008353277668497455
339.9800109863281,353.3999938964844,334.0,335.3299865722656,335.3299865722656,13132100.0,COIN,2025-07-01,-0.04421706599341649
340.5799865722656,357.1600036621094,338.67999267578125,354.45001220703125,354.45001220703125,12493100.0,COIN,2025-07-02,0.055452245199414225
350.3500061035156,357.8699951171875,348.5,355.79998779296875,355.79998779296875,6704300.0,COIN,2025-07-03,0.0038014141826597492
354.20001220703125,364.0,351.0,357.1000061035156,357.1000061035156,7885300.0,COIN,2025-07-07,0.0036471307692513386
362.75,368.7900085449219,348.0,354.82000732421875,354.82000732421875,9735000.0,COIN,2025-07-08,-0.006405232417726532
358.6300048828125,374.0,353.2900085449219,373.8500061035156,373.8500061035156,13238400.0,COIN,2025-07-09,0.05224402449746201
372.4100036621094,389.1600036621094,369.0,388.9599914550781,388.9599914550781,17241600.0,COIN,2025-07-10,0.03962182482714112
390.19000244140625,395.5,378.3699951171875,387.05999755859375,387.05999755859375,16694600.0,COIN,2025-07-11,-0.004896775134533955
392.5,398.5,388.5799865722656,394.010009765625,394.010009765625,12473500.0,COIN,2025-07-14,0.017796601007089803
391.5299987792969,400.8800048828125,373.0199890136719,388.0199890136719,388.0199890136719,16889300.0,COIN,2025-07-15,-0.015319458098993044
392.79998779296875,405.8800048828125,391.4599914550781,398.20001220703125,398.20001220703125,14355800.0,COIN,2025-07-16,0.025897565912886653
399.70001220703125,415.9599914550781,394.2799987792969,410.75,410.75,16840500.0,COIN,2025-07-17,0.031030334631754086
419.82000732421875,444.6499938964844,406.5,419.7799987792969,419.7799987792969,28063200.0,COIN,2025-07-18,0.021746004692133298
425.54998779296875,436.3800048828125,413.44000244140625,413.6300048828125,413.6300048828125,17018100.0,COIN,2025-07-21,-0.014758895391831122
419.1000061035156,420.9800109863281,394.3699951171875,404.44000244140625,404.44000244140625,14554900.0,COIN,2025-07-22,-0.022468465957971077
399.989990234375,400.7200012207031,387.1199951171875,397.80999755859375,397.80999755859375,12433200.0,COIN,2025-07-23,-0.01652890203248158
404.25,405.30999755859375,392.0,396.70001220703125,396.70001220703125,7904600.0,COIN,2025-07-24,-0.0027941399355005435
391.8999938964844,397.4800109863281,386.3900146484375,391.6600036621094,391.6600036621094,8643300.0,COIN,2025-07-25,-0.012786232452810591
394.6199951171875,395.3900146484375,375.260009765625,379.489990234375,379.489990234375,11270400.0,COIN,2025-07-28,-0.03156590554509446
383.5899963378906,384.7799987792969,365.739990234375,371.44000244140625,371.44000244140625,9334700.0,COIN,2025-07-29,-0.02144087000934061
382.95001220703125,386.5799865722656,372.7099914550781,377.4800109863281,377.4800109863281,11100000.0,COIN,2025-07-30,0.016130265973049
382.8900146484375,387.1400146484375,376.8299865722656,377.760009765625,377.760009765625,12371200.0,COIN,2025-07-31,0.0007414829310731113
335.1400146484375,337.5799865722656,310.54998779296875,314.69000244140625,314.69000244140625,31342200.0,COIN,2025-08-01,-0.18267106415987175
319.5400085449219,324.0,311.0,318.1700134277344,318.1700134277344,12106400.0,COIN,2025-08-04,0.010997838306465217
307.1099853515625,312.8500061035156,297.20001220703125,297.989990234375,297.989990234375,16863900.0,COIN,2025-08-05,-0.06552597721147582
297.54998779296875,304.7699890136719,293.30999755859375,303.5799865722656,303.5799865722656,15982700.0,COIN,2025-08-06,0.018585226843703888
311.2300109863281,317.94000244140625,306.9800109863281,310.7900085449219,310.7900085449219,13857200.0,COIN,2025-08-07,0.023472347470463558
311.44000244140625,313.70001220703125,301.2300109863281,310.5400085449219,310.5400085449219,9253800.0,COIN,2025-08-08,-0.0008047253685320538
322.1000061035156,333.6600036621094,318.79998779296875,319.6199951171875,319.6199951171875,14664400.0,COIN,2025-08-11,0.028820029810676558
329.3500061035156,329.8599853515625,314.1600036621094,322.6199951171875,322.6199951171875,9947800.0,COIN,2025-08-12,0.009342370034737146
328.2099914550781,345.3900146484375,321.5299987792969,327.010009765625,327.010009765625,15399800.0,COIN,2025-08-13,0.013515636418031994
320.489990234375,327.45001220703125,316.79998779296875,324.8900146484375,324.8900146484375,9403600.0,COIN,2025-08-14,-0.006504072745184608
322.8500061035156,323.3999938964844,314.55999755859375,317.54998779296875,317.54998779296875,7881200.0,COIN,2025-08-15,-0.02285146077992228
311.4800109863281,324.2900085449219,307.1099853515625,320.7300109863281,320.7300109863281,8798800.0,COIN,2025-08-18,0.009964434139956433
320.69000244140625,322.5899963378906,301.45001220703125,302.07000732421875,302.07000732421875,10327700.0,COIN,2025-08-19,-0.05994087910525802
304.2699890136719,306.45001220703125,291.4599914550781,304.3900146484375,304.3900146484375,8570300.0,COIN,2025-08-20,0.00765101921825637
301.4200134277344,305.0,297.79998779296875,300.2799987792969,300.2799987792969,5743400.0,COIN,2025-08-21,-0.013594453421063768
300.5899963378906,322.260009765625,297.19000244140625,319.8500061035156,319.8500061035156,13029200.0,COIN,2025-08-22,0.06313678633899233
312.17999267578125,315.5899963378906,305.1000061035156,306.0,306.0,8473900.0,COIN,2025-08-25,-0.04426705302619687
304.0,309.20001220703125,300.3699951171875,308.4800109863281,308.4800109863281,7745400.0,COIN,2025-08-26,0.008071945084192953
307.2099914550781,312.4100036621094,306.69000244140625,308.9700012207031,308.9700012207031,5746300.0,COIN,2025-08-27,0.0015871417201254964
312.55999755859375,315.95001220703125,306.0,308.4700012207031,308.4700012207031,6292500.0,COIN,2025-08-28,-0.0016195909151261111
306.19000244140625,308.2200012207031,301.5,304.5400085449219,304.5400085449219,6611400.0,COIN,2025-08-29,-0.012822128370532091
299.9700012207031,310.4100036621094,295.3999938964844,303.55999755859375,303.55999755859375,6814900.0,COIN,2025-09-02,-0.00322319297791117
305.010009765625,308.3699951171875,301.1499938964844,302.30999755859375,302.30999755859375,5220800.0,COIN,2025-09-03,-0.0041263036085460135
301.9599914550781,307.7699890136719,300.010009765625,306.79998779296875,306.79998779296875,6211800.0,COIN,2025-09-04,0.014743056820279106
313.8500061035156,315.739990234375,292.55999755859375,299.07000732421875,299.07000732421875,11367000.0,COIN,2025-09-05,-0.025518345512159438
301.8800048828125,306.6000061035156,297.1499938964844,302.20001220703125,302.20001220703125,8824100.0,COIN,2025-09-08,0.010411406039817255
303.7699890136719,319.3900146484375,303.6000061035156,318.7799987792969,318.7799987792969,10361300.0,COIN,2025-09-09,0.053412115629089665
321.3999938964844,328.6700134277344,312.5299987792969,315.3399963378906,315.3399963378906,8664800.0,COIN,2025-09-10,-0.010849795665483873
319.0,326.0,315.5299987792969,323.95001220703125,323.95001220703125,7702700.0,COIN,2025-09-11,0.02693781038167645
328.0299987792969,329.489990234375,319.79998779296875,323.0400085449219,323.0400085449219,6929400.0,COIN,2025-09-12,-0.002813039561685208
322.8699951171875,328.44000244140625,320.9599914550781,327.0199890136719,327.0199890136719,6896900.0,COIN,2025-09-15,0.01224511649504313
332.25,333.6000061035156,321.29998779296875,327.9100036621094,327.9100036621094,7434900.0,COIN,2025-09-16,0.002717894145221768
325.9599914550781,328.489990234375,311.29998779296875,320.55999755859375,320.55999755859375,8921200.0,COIN,2025-09-17,-0.0226697329445599
325.82000732421875,351.8900146484375,323.5199890136719,343.1300048828125,343.1300048828125,17324500.0,COIN,2025-09-18,0.0680399396250122
342.760009765625,349.70001220703125,337.6600036621094,342.4599914550781,342.4599914550781,13272100.0,COIN,2025-09-19,-0.0019545607276011683
333.44000244140625,336.20001220703125,328.19000244140625,331.95001220703125,331.95001220703125,8720700.0,COIN,2025-09-22,-0.031170445670361445
333.3800048828125,335.67999267578125,317.70001220703125,320.07000732421875,320.07000732421875,8245900.0,COIN,2025-09-23,-0.036444647184215105
323.760009765625,327.32000732421875,320.760009765625,321.7699890136719,321.7699890136719,4869800.0,COIN,2025-09-24,0.005297225708462075
314.3299865722656,317.989990234375,304.3599853515625,306.69000244140625,306.69000244140625,8865300.0,COIN,2025-09-25,-0.04799949706558528
308.5799865722656,314.239990234375,303.3999938964844,312.5899963378906,312.5899963378906,6714800.0,COIN,2025-09-26,0.019054942599506977
318.010009765625,334.3800048828125,316.3500061035156,333.989990234375,333.989990234375,12066100.0,COIN,2025-09-29,0.06621860717241057
330.0,338.1000061035156,329.6600036621094,337.489990234375,337.489990234375,6674700.0,COIN,2025-09-30,0.010424828138494172
343.260009765625,349.8699951171875,340.5,346.1700134277344,346.1700134277344,8843900.0,COIN,2025-10-01,0.02539417135616203
354.760009765625,376.1300048828125,353.3999938964844,372.07000732421875,372.07000732421875,15750400.0,COIN,2025-10-02,0.07215200563496707
373.3500061035156,383.5,370.0299987792969,380.0199890136719,380.0199890136719,13648200.0,COIN,2025-10-03,0.021141825705442326
390.3299865722656,392.8500061035156,380.5,386.07000732421875,386.07000732421875,8693000.0,COIN,2025-10-06,0.015794865140385465
386.8399963378906,388.0,363.010009765625,375.7799987792969,375.7799987792969,9146300.0,COIN,2025-10-07,-0.02701485662797771
378.6199951171875,390.489990234375,375.6400146484375,387.2699890136719,387.2699890136719,7122800.0,COIN,2025-10-08,0.030118233301149582
384.260009765625,392.1600036621094,381.79998779296875,387.0,387.0,6849000.0,COIN,2025-10-09,-0.0006974027882927266
387.6600036621094,402.1600036621094,351.6300048828125,357.010009765625,357.010009765625,17223600.0,COIN,2025-10-10,-0.08066087308404209
363.20001220703125,364.8999938964844,341.8399963378906,356.989990234375,356.989990234375,10318400.0,COIN,2025-10-13,-5.607711836200115e-05
340.8500061035156,353.5,334.7699890136719,341.54998779296875,341.54998779296875,9446000.0,COIN,2025-10-14,-0.04421369738962023
345.80999755859375,347.8299865722656,333.1000061035156,336.29998779296875,336.29998779296875,7947300.0,COIN,2025-10-15,-0.015490462989575338
338.489990234375,342.70001220703125,328.7099914550781,330.25,330.25,7611900.0,COIN,2025-10-16,-0.018153639045747412
319.4100036621094,336.29998779296875,317.7699890136719,336.0199890136719,336.0199890136719,9571100.0,COIN,2025-10-17,0.017320705903362203
342.2099914550781,354.05999755859375,338.75,343.7799987792969,343.7799987792969,7544100.0,COIN,2025-10-20,0.02283126504338745
342.2799987792969,344.7900085449219,335.5,338.6199951171875,338.6199951171875,6030900.0,COIN,2025-10-21,-0.015123394068839197
333.8800048828125,334.7200012207031,310.4800109863281,320.3299865722656,320.3299865722656,12737800.0,COIN,2025-10-22,-0.05552684777800915
323.0,328.3900146484375,318.5,322.760009765625,322.760009765625,5866800.0,COIN,2025-10-23,0.007557370734584099
335.0,356.8800048828125,333.0,354.4599914550781,354.4599914550781,13893100.0,COIN,2025-10-24,0.09368643728320117
362.82000732421875,373.25,357.29998779296875,361.42999267578125,361.42999267578125,9688300.0,COIN,2025-10-27,0.019472884442932933
363.2300109863281,368.1300048828125,354.07000732421875,355.2200012207031,355.2200012207031,6527800.0,COIN,2025-10-28,-0.017331045687402798
357.42999267578125,360.0,345.2099914550781,348.6099853515625,348.6099853515625,7560500.0,COIN,2025-10-29,-0.01878354244746393
343.4700012207031,344.2200012207031,328.2099914550781,328.510009765625,328.510009765625,8947700.0,COIN,2025-10-30,-0.05938646823952327
336.0,361.3999938964844,334.42999267578125,343.7799987792969,343.7799987792969,13757300.0,COIN,2025-10-31,0.04543460576052027
340.8699951171875,342.79998779296875,325.8800048828125,330.4200134277344,330.4200134277344,9341700.0,COIN,2025-11-03,-0.039637301208357484
319.0,325.45001220703125,306.8500061035156,307.32000732421875,307.32000732421875,12420300.0,COIN,2025-11-04,-0.07247503930884465
315.8900146484375,324.1400146484375,310.8399963378906,319.29998779296875,319.29998779296875,8215500.0,COIN,2025-11-05,0.03824148765815121
316.5,316.6000061035156,294.7200012207031,295.2200012207031,295.2200012207031,12191200.0,COIN,2025-11-06,-0.07841021624638972
290.20001220703125,310.92999267578125,283.6499938964844,309.1400146484375,309.1400146484375,11984200.0,COIN,2025-11-07,0.04607345086490558
323.0199890136719,324.79998779296875,311.6600036621094,317.92999267578125,317.92999267578125,8949800.0,COIN,2025-11-10,0.028036913616921323
312.20001220703125,317.0899963378906,303.5899963378906,304.010009765625,304.010009765625,7095200.0,COIN,2025-11-11,-0.04477058200081756
309.2300109863281,311.5,301.4599914550781,304.0,304.0,6967600.0,COIN,2025-11-12,-3.2926318531351675e-05
301.6600036621094,303.9599914550781,279.8299865722656,283.1400146484375,283.1400146484375,11109500.0,COIN,2025-11-13,-0.07108617470420225
269.5199890136719,292.760009765625,268.1600036621094,284.0,284.0,11748100.0,COIN,2025-11-14,0.003032711459186496
139.57000732421875,141.9600067138672,138.61000061035156,141.1999969482422,133.995849609375,3619200.0,LLY,2020-11-17,0.004329666427341316
141.89999389648438,142.4199981689453,140.1300048828125,140.1699981689453,133.0183563232422,2795100.0,LLY,2020-11-18,-0.007321690240664733
140.25,143.88999938964844,138.9199981689453,143.41000366210938,136.09307861328125,4626100.0,LLY,2020-11-19,0.022851917042141862
142.83999633789062,147.08999633789062,142.83999633789062,145.49000549316406,138.0669403076172,5063800.0,LLY,2020-11-20,0.01439958903103838
145.5399932861328,145.6199951171875,141.16000366210938,143.3800048828125,136.0645751953125,3794200.0,LLY,2020-11-23,-0.014609051580954392
143.38999938964844,145.63999938964844,143.11000061035156,144.89999389648438,137.5070343017578,4127000.0,LLY,2020-11-24,0.01054548369787868
144.89999389648438,145.33999633789062,142.61000061035156,144.75,137.3647003173828,3223700.0,LLY,2020-11-25,-0.0010356393849945533
145.64999389648438,147.9199981689453,145.36000061035156,147.44000244140625,139.91741943359375,1754000.0,LLY,2020-11-27,0.018412952412819986
146.33999633789062,148.1699981689453,144.89999389648438,145.64999389648438,138.21875,5842200.0,LLY,2020-11-30,-0.01221481231553542
146.69000244140625,148.05999755859375,145.25999450683594,145.55999755859375,138.13333129882812,3954400.0,LLY,2020-12-01,-0.0006181875199975803
145.36000061035156,147.08999633789062,144.3800048828125,145.16000366210938,137.75379943847656,3757400.0,LLY,2020-12-02,-0.0027513577654573905
145.6999969482422,146.5,143.1300048828125,144.11000061035156,136.75733947753906,4059600.0,LLY,2020-12-03,-0.007259919153168728
144.07000732421875,148.72000122070312,144.0,148.4499969482422,140.8759002685547,3058600.0,LLY,2020-12-04,0.029671252258291002
147.3000030517578,148.3300018310547,146.47999572753906,147.4199981689453,139.89846801757812,2637200.0,LLY,2020-12-07,-0.00696243183019855
146.97999572753906,150.13999938964844,146.91000366210938,149.3000030517578,141.6825408935547,2754400.0,LLY,2020-12-08,0.012671996286996943
154.58999633789062,158.94000244140625,153.67999267578125,158.0,149.9386749267578,8364400.0,LLY,2020-12-09,0.056637449334243146
159.8699951171875,162.0,158.17999267578125,161.0,152.7855987548828,6430600.0,LLY,2020-12-10,0.018809246625027188
159.72000122070312,161.17999267578125,159.05999755859375,160.0399932861328,151.8745574951172,3441900.0,LLY,2020-12-11,-0.005980722826165042
160.69000244140625,162.2899932861328,157.8300018310547,157.91000366210938,149.85324096679688,4390100.0,LLY,2020-12-14,-0.01339847887599656
159.42999267578125,168.22999572753906,158.0500030517578,167.42999267578125,158.8874969482422,6974300.0,LLY,2020-12-15,0.0585399638115771
169.69000244140625,173.19000244140625,166.75,172.0500030517578,163.27178955078125,6009900.0,LLY,2020-12-16,0.02721984734766891
171.72999572753906,173.89999389648438,171.10000610351562,172.6300048828125,163.82220458984375,3521100.0,LLY,2020-12-17,0.0033654886267914202
172.52000427246094,172.88999938964844,169.0,171.39999389648438,162.65496826171875,7356400.0,LLY,2020-12-18,-0.007150523213144802
168.8800048828125,169.0,165.8000030517578,168.77999877929688,160.16867065429688,3655900.0,LLY,2020-12-21,-0.015403746621632288
167.7100067138672,168.38999938964844,165.8699951171875,166.72000122070312,158.21372985839844,2447900.0,LLY,2020-12-22,-0.012280612005977867
167.4499969482422,168.0,165.47000122070312,165.47999572753906,157.03700256347656,1697300.0,LLY,2020-12-23,-0.007465376850838272
165.85000610351562,167.94000244140625,165.85000610351562,166.66000366210938,158.15679931640625,627200.0,LLY,2020-12-24,0.007105478963034479
167.2100067138672,167.60000610351562,165.2100067138672,166.5,158.00498962402344,1482000.0,LLY,2020-12-28,-0.000960329232438611
166.6300048828125,167.75,165.91000366210938,166.5800018310547,158.0808868408203,1712000.0,LLY,2020-12-29,0.0004802316326459471
167.44000244140625,168.38999938964844,166.67999267578125,167.00999450683594,158.4889678955078,1413300.0,LLY,2020-12-30,0.0025781436521445517
167.07000732421875,169.13999938964844,166.2899932861328,168.83999633789062,160.22557067871094,1643600.0,LLY,2020-12-31,0.010897651405198296
169.02000427246094,169.47999572753906,163.10000610351562,165.5,157.05599975585938,3164800.0,LLY,2021-01-04,-0.01998021102329335
165.19000244140625,166.66000366210938,163.1999969482422,166.32000732421875,157.83419799804688,2322600.0,LLY,2021-01-05,0.004942674189425175
162.97999572753906,167.27999877929688,162.97000122070312,164.32000732421875,155.9362030029297,3619700.0,LLY,2021-01-06,-0.012098133788169593
164.17999267578125,167.1199951171875,161.77999877929688,165.8300018310547,157.36912536621094,3025500.0,LLY,2021-01-07,0.009147194284350608
166.22000122070312,166.86000061035156,164.63999938964844,166.41000366210938,157.91954040527344,3438100.0,LLY,2021-01-08,0.0034915026004666855
185.0,189.3000030517578,182.02000427246094,185.94000244140625,176.453125,11396500.0,LLY,2021-01-11,0.11096959498401525
182.7899932861328,184.24000549316406,177.44000244140625,178.8000030517578,169.67742919921875,7179300.0,LLY,2021-01-12,-0.03915610109918148
179.8300018310547,187.6199951171875,179.33999633789062,185.5,176.0355682373047,7303900.0,LLY,2021-01-13,0.036786907612858286
185.27000427246094,188.9600067138672,184.5800018310547,186.69000244140625,177.16488647460938,4413200.0,LLY,2021-01-14,0.0063947940649975825
186.8000030517578,191.77999877929688,186.8000030517578,190.77000427246094,181.03668212890625,6624600.0,LLY,2021-01-15,0.02161881348525483
196.0,199.52000427246094,194.07000732421875,198.47999572753906,188.3533172607422,7729100.0,LLY,2021-01-19,0.03961987177027824
198.77000427246094,201.77000427246094,198.67999267578125,201.25999450683594,190.991455078125,5335800.0,LLY,2021-01-20,0.013909143036794348
203.6999969482422,204.72000122070312,198.00999450683594,202.35000610351562,192.02584838867188,8698800.0,LLY,2021-01-21,0.005401300755709392
202.0399932861328,206.5399932861328,200.55999755859375,206.13999938964844,195.6224822998047,6128800.0,LLY,2021-01-22,0.018556701187941088
208.24000549316406,212.52999877929688,208.08999633789062,212.35000610351562,201.5156707763672,5959100.0,LLY,2021-01-25,0.029680457786428898
212.5500030517578,213.22999572753906,210.60000610351562,212.72000122070312,201.86680603027344,6601500.0,LLY,2021-01-26,0.0017409548643494695
211.07000732421875,212.02000427246094,205.10000610351562,207.57000732421875,196.97950744628906,7358000.0,LLY,2021-01-27,-0.024508403617504122
208.0,211.83999633789062,207.57000732421875,210.1199951171875,199.39942932128906,5460400.0,LLY,2021-01-28,0.012210295332224163
211.9600067138672,218.0,204.4600067138672,207.97000122070312,197.35914611816406,8401700.0,LLY,2021-01-29,-0.010284849851641046
209.4600067138672,209.88999938964844,203.10000610351562,203.13999938964844,192.77554321289062,5383800.0,LLY,2021-02-01,-0.02349862211782178
204.3800048828125,205.89999389648438,197.35000610351562,197.55999755859375,187.480224609375,5314600.0,LLY,2021-02-02,-0.027853152476440723
197.80999755859375,200.58999633789062,196.88999938964844,196.9600067138672,186.91090393066406,3679000.0,LLY,2021-02-03,-0.0030413173504611726
196.80999755859375,201.8800048828125,195.63999938964844,201.6199951171875,191.3331298828125,2924300.0,LLY,2021-02-04,0.023383990572858483
201.6199951171875,202.9199981689453,200.85000610351562,201.77000427246094,191.47547912597656,2732200.0,LLY,2021-02-05,0.0007437097618772589
202.3800048828125,206.42999267578125,201.91000366210938,205.77000427246094,195.2713623046875,2909300.0,LLY,2021-02-08,0.019630438663639914
203.75,204.9499969482422,200.32000732421875,201.7100067138672,191.4185333251953,2661300.0,LLY,2021-02-09,-0.019927888084886075
204.47000122070312,205.5500030517578,201.63999938964844,204.38999938964844,193.9617919921875,3062700.0,LLY,2021-02-10,0.01319888651127374
202.8699951171875,204.17999267578125,201.6199951171875,202.5800018310547,193.04698181152344,3544700.0,LLY,2021-02-11,-0.004727602816461205
201.64999389648438,208.22000122070312,201.14999389648438,207.2899932861328,197.53526306152344,2611300.0,LLY,2021-02-12,0.02298352719439933
205.97999572753906,207.49000549316406,203.61000061035156,205.75999450683594,196.07733154296875,2741900.0,LLY,2021-02-16,-0.007407985445219565
205.00999450683594,206.69000244140625,204.27000427246094,206.4600067138672,196.74440002441406,3329900.0,LLY,2021-02-17,0.0033962943953883143
205.3000030517578,205.4199981689453,200.9499969482422,201.1199951171875,191.6556396484375,3919400.0,LLY,2021-02-18,-0.02620520629548018
201.1300048828125,202.8800048828125,200.3300018310547,200.9199981689453,191.465087890625,3434900.0,LLY,2021-02-19,-0.0009947348698622353
199.17999267578125,201.61000061035156,197.9600067138672,200.67999267578125,191.23635864257812,2263600.0,LLY,2021-02-22,-0.0011953405316527824
200.30999755859375,204.30999755859375,198.67999267578125,202.47999572753906,192.95164489746094,3287700.0,LLY,2021-02-23,0.00892947013694994
201.6699981689453,206.4600067138672,201.6300048828125,204.52000427246094,194.8956298828125,2848800.0,LLY,2021-02-24,0.010024570965504943
203.57000732421875,205.5500030517578,201.75,203.82000732421875,194.2286376953125,2386700.0,LLY,2021-02-25,-0.0034281739603638523
206.6999969482422,206.99000549316406,202.05999755859375,204.88999938964844,195.24827575683594,3887900.0,LLY,2021-02-26,0.005235947784147353
205.77999877929688,208.24000549316406,204.77999877929688,206.47000122070312,196.75389099121094,2797400.0,LLY,2021-03-01,0.007681705693341213
208.88999938964844,209.9499969482422,204.10000610351562,204.13999938964844,194.53355407714844,3445300.0,LLY,2021-03-02,-0.011349000708191953
203.3699951171875,204.30999755859375,199.7100067138672,202.0,192.49427795410156,3660300.0,LLY,2021-03-03,-0.010538234342760506
203.7899932861328,204.74000549316406,198.61000061035156,200.5399932861328,191.1029815673828,4308400.0,LLY,2021-03-04,-0.007253975115993292
201.02000427246094,207.6699981689453,200.8800048828125,206.9199981689453,197.18272399902344,3875900.0,LLY,2021-03-05,0.031318378578743915
207.0,210.88999938964844,206.32000732421875,207.02999877929688,197.28756713867188,3300300.0,LLY,2021-03-08,0.0005315641987374041
208.33999633789062,212.16000366210938,206.05999755859375,206.11000061035156,196.4108428955078,4227300.0,LLY,2021-03-09,-0.004453793411727473
206.88999938964844,208.0399932861328,204.38999938964844,205.4499969482422,195.7819061279297,3400200.0,LLY,2021-03-10,-0.0032072867654173278
206.50999450683594,207.25,204.27000427246094,205.2100067138672,195.55320739746094,4037300.0,LLY,2021-03-11,-0.001168812859364299
204.88999938964844,208.4600067138672,202.27999877929688,208.0800018310547,198.28814697265625,4541400.0,LLY,2021-03-12,0.013888757532999903
193.00999450683594,193.17999267578125,188.1999969482422,189.16000366210938,180.2584991455078,12388500.0,LLY,2021-03-15,-0.09532933349065341
191.5399932861328,191.6199951171875,187.22999572753906,190.89999389648438,181.9166259765625,6194200.0,LLY,2021-03-16,0.009156556047890441
189.72999572753906,189.8300018310547,186.55999755859375,186.72999572753906,177.9428253173828,5134200.0,LLY,2021-03-17,-0.022086190475259438
186.02000427246094,187.08999633789062,183.8000030517578,183.92999267578125,175.2746124267578,4240000.0,LLY,2021-03-18,-0.015108334751108619
184.6999969482422,185.8000030517578,183.8800048828125,184.2899932861328,175.61767578125,6048600.0,LLY,2021-03-19,0.0019553776205957236
184.0500030517578,185.91000366210938,183.1999969482422,185.83999633789062,177.09471130371094,2666600.0,LLY,2021-03-22,0.008375346092725585
185.35000610351562,186.66000366210938,183.25,183.67999267578125,175.03634643554688,3284700.0,LLY,2021-03-23,-0.01169103529892679
183.6999969482422,183.83999633789062,179.82000732421875,180.1699981689453,171.6915283203125,3931500.0,LLY,2021-03-24,-0.019294219599185668
181.0,183.63999938964844,180.22000122070312,183.08999633789062,174.47409057617188,2630500.0,LLY,2021-03-25,0.01607682586866462
184.0500030517578,185.91000366210938,182.6300048828125,185.30999755859375,176.58966064453125,2868200.0,LLY,2021-03-26,0.012052487164215345
184.66000366210938,187.6699981689453,183.50999450683594,186.33999633789062,177.57118225097656,3002600.0,LLY,2021-03-29,0.005542815582570299
185.52999877929688,186.86000061035156,184.7100067138672,185.5,176.77072143554688,2523600.0,LLY,2021-03-30,-0.004518021542017831
185.57000732421875,187.94000244140625,185.25999450683594,186.82000732421875,178.02859497070312,3621300.0,LLY,2021-03-31,0.007090649542964679
186.82000732421875,188.07000732421875,184.66000366210938,185.24000549316406,176.52291870117188,2340400.0,LLY,2021-04-01,-0.008493464351159146
185.58999633789062,185.89999389648438,183.10000610351562,184.88999938964844,176.18943786621094,2864800.0,LLY,2021-04-05,-0.001890951241829203
184.69000244140625,185.6300048828125,182.49000549316406,182.8000030517578,174.19775390625,2488400.0,LLY,2021-04-06,-0.01136859712882628
182.89999389648438,183.17999267578125,181.22000122070312,182.32000732421875,173.7404022216797,3406600.0,LLY,2021-04-07,-0.0026289266636701156
182.9499969482422,183.97000122070312,182.47000122070312,182.61000061035156,174.0167236328125,2393200.0,LLY,2021-04-08,0.0015891635209867438
182.52999877929688,185.13999938964844,182.41000366210938,184.49000549316406,175.8082733154297,2611200.0,LLY,2021-04-09,0.010242637667889689
183.42999267578125,183.94000244140625,180.8800048828125,181.82000732421875,173.26390075683594,2876100.0,LLY,2021-04-12,-0.014578174996102585
181.17999267578125,183.63999938964844,181.17999267578125,182.52999877929688,173.94046020507812,3089100.0,LLY,2021-04-13,0.0038971878271946087
182.58999633789062,184.47000122070312,182.0500030517578,183.0,174.38836669921875,2002100.0,LLY,2021-04-14,0.0025717466164828255
183.7899932861328,187.72000122070312,183.41000366210938,185.9199981689453,177.1709442138672,2586600.0,LLY,2021-04-15,0.01583024847740552
187.3800048828125,190.3000030517578,186.8800048828125,189.25,180.34425354003906,3731800.0,LLY,2021-04-16,0.017752490998731742
189.24000549316406,190.8800048828125,188.07000732421875,189.63999938964844,180.71588134765625,2966400.0,LLY,2021-04-19,0.0020585376392562205
190.41000366210938,193.5,190.1699981689453,190.61000061035156,181.64022827148438,2460900.0,LLY,2021-04-20,0.005101881294614538
191.55999755859375,193.00999450683594,189.8000030517578,190.9499969482422,181.96424865722656,2219800.0,LLY,2021-04-21,0.001782268877707568
190.0,191.27000427246094,186.75,187.0500030517578,178.24777221679688,2982600.0,LLY,2021-04-22,-0.02063567069760505
187.02999877929688,189.1300048828125,187.02999877929688,188.72000122070312,179.83914184570312,2482800.0,LLY,2021-04-23,0.00888823379468287
188.57000732421875,188.64999389648438,186.05999755859375,187.22000122070312,178.40975952148438,2797500.0,LLY,2021-04-26,-0.007979870440984433
184.0,185.8699951171875,180.7899932861328,182.2100067138672,173.63551330566406,6838700.0,LLY,2021-04-27,-0.027124573449713012
181.4499969482422,182.0,178.5800018310547,180.5500030517578,172.0536651611328,4682800.0,LLY,2021-04-28,-0.009151916137562085
181.05999755859375,182.6300048828125,180.0,182.1999969482422,173.6259765625,2432500.0,LLY,2021-04-29,0.00909699070848502
181.83999633789062,183.9499969482422,181.19000244140625,182.77000427246094,174.169189453125,3103900.0,LLY,2021-04-30,0.0031237543555504878
182.99000549316406,186.35000610351562,182.9199981689453,185.9199981689453,177.1709442138672,3197000.0,LLY,2021-05-03,0.01708787305683581
187.52999877929688,190.0800018310547,186.77999877929688,188.1999969482422,179.34368896484375,3703500.0,LLY,2021-05-04,0.012188961962496284
188.64999389648438,193.57000732421875,188.1699981689453,192.80999755859375,183.73672485351562,4274400.0,LLY,2021-05-05,0.024199874804338405
191.5500030517578,194.10000610351562,189.32000732421875,193.88999938964844,184.7659149169922,3101600.0,LLY,2021-05-06,0.0055858093180491475
194.82000732421875,196.27000427246094,193.89999389648438,195.4199981689453,186.22389221191406,2526700.0,LLY,2021-05-07,0.00785997228467849
196.1699981689453,196.61000061035156,193.5,194.75999450683594,185.594970703125,2242000.0,LLY,2021-05-10,-0.003382948910432888
193.38999938964844,195.75,193.00999450683594,194.75,185.58543395996094,1850200.0,LLY,2021-05-11,-5.138602709811331e-05
194.75,195.64999389648438,192.72999572753906,193.1999969482422,184.1083526611328,2397400.0,LLY,2021-05-12,-0.007990879003587692
192.25,196.11000061035156,191.75,194.94000244140625,186.58740234375,2174300.0,LLY,2021-05-13,0.013375317129213546
195.7100067138672,197.27000427246094,194.9199981689453,196.2100067138672,187.8030242919922,1823700.0,LLY,2021-05-14,0.0064938958569539275
196.47999572753906,199.61000061035156,195.08999633789062,195.52999877929688,187.152099609375,2466000.0,LLY,2021-05-17,-0.0034720172896806414
195.0,196.35000610351562,193.5800018310547,194.6300048828125,186.2906951904297,2369400.0,LLY,2021-05-18,-0.004613322086776167
193.61000061035156,197.38999938964844,193.11000061035156,196.50999450683594,188.09011840820312,3070500.0,LLY,2021-05-19,0.009612870152745319
197.16000366210938,201.0800018310547,196.1699981689453,199.52999877929688,190.98072814941406,3494400.0,LLY,2021-05-20,0.015251322002608722
200.0,201.9199981689453,199.47000122070312,199.8800048828125,191.31573486328125,2579000.0,LLY,2021-05-21,0.001752602140119765
201.0,203.6199951171875,200.0399932861328,201.02000427246094,192.4069061279297,2074900.0,LLY,2021-05-24,0.005687306868477692
201.42999267578125,201.85000610351562,199.13999938964844,199.22000122070312,190.68402099609375,2919100.0,LLY,2021-05-25,-0.008994714443245174
199.22999572753906,202.44000244140625,198.25,200.99000549316406,192.3782196044922,2891300.0,LLY,2021-05-26,0.00884561032475282
200.64999389648438,201.3800048828125,195.5,199.1999969482422,190.6648712158203,9340300.0,LLY,2021-05-27,-0.008946042137618265
199.1199951171875,202.27999877929688,198.52999877929688,199.74000549316406,191.18173217773438,2386000.0,LLY,2021-05-28,0.0027071670821883103
200.32000732421875,200.88999938964844,196.67999267578125,198.4199981689453,189.9182891845703,3070200.0,LLY,2021-06-01,-0.006630530313124189
199.00999450683594,200.9199981689453,198.25,199.1300048828125,190.5978546142578,2030300.0,LLY,2021-06-02,0.0035718124618076344
198.99000549316406,203.63999938964844,198.61000061035156,202.6999969482422,194.01490783691406,3066600.0,LLY,2021-06-03,0.017769265433135225
202.7899932861328,204.4499969482422,201.2899932861328,202.02000427246094,193.364013671875,2817700.0,LLY,2021-06-04,-0.0033605069426587792
201.99000549316406,233.3300018310547,201.8300018310547,222.52000427246094,212.98568725585938,17231400.0,LLY,2021-06-07,0.09665047378133712
221.7100067138672,222.27000427246094,217.3699951171875,220.6999969482422,211.24368286132812,4618500.0,LLY,2021-06-08,-0.008212605294646675
221.35000610351562,226.72999572753906,220.25999450683594,226.0,216.3165740966797,4934900.0,LLY,2021-06-09,0.02373059335304318
226.97000122070312,235.85000610351562,226.25,233.5399932861328,223.5334930419922,5598200.0,LLY,2021-06-10,0.03281830430914457
227.02999877929688,229.58999633789062,221.55999755859375,224.08999633789062,214.4884033203125,5636000.0,LLY,2021-06-11,-0.04130558670552785
224.22999572753906,226.66000366210938,223.02000427246094,226.10000610351562,216.4123077392578,2720700.0,LLY,2021-06-14,0.00892974717356124
226.10000610351562,226.66000366210938,222.8699951171875,223.52000427246094,213.9427947998047,2188900.0,LLY,2021-06-15,-0.01147675503788111
223.52999877929688,224.36000061035156,220.1999969482422,220.75999450683594,211.3010711669922,2548800.0,LLY,2021-06-16,-0.012424671245205045
220.27000427246094,223.10000610351562,220.27000427246094,222.2100067138672,212.68893432617188,1890700.0,LLY,2021-06-17,0.006546702035895081
220.42999267578125,221.0500030517578,218.32000732421875,218.5500030517578,209.18577575683594,4016600.0,LLY,2021-06-18,-0.01660795969324089
219.10000610351562,223.77000427246094,218.0800018310547,222.6699981689453,213.12925720214844,3671300.0,LLY,2021-06-21,0.01867608661539063
222.6300048828125,223.61000061035156,220.50999450683594,221.44000244140625,211.9519805908203,1658800.0,LLY,2021-06-22,-0.005539080611892594
222.19000244140625,222.24000549316406,217.0,217.10000610351562,207.7979278564453,2419600.0,LLY,2021-06-23,-0.019793635569939277
234.9199981689453,239.3699951171875,230.4199981689453,232.97000122070312,222.98789978027344,12290500.0,LLY,2021-06-24,0.07055140211443212
233.1199951171875,233.49000549316406,229.38999938964844,230.22000122070312,220.3557586669922,6992200.0,LLY,2021-06-25,-0.011874183784474402
229.0,229.8800048828125,226.8800048828125,228.22000122070312,218.4414520263672,2507500.0,LLY,2021-06-28,-0.008725300611660625
228.25,231.39999389648438,227.85000610351562,229.3699951171875,219.54217529296875,1621200.0,LLY,2021-06-29,0.005026332106194224
230.08999633789062,230.85000610351562,229.05999755859375,229.52000427246094,219.68572998046875,1786700.0,LLY,2021-06-30,0.0006536683616318635
229.50999450683594,231.5,228.66000366210938,231.1300048828125,221.22679138183594,1977300.0,LLY,2021-07-01,0.006990355692055986
231.97000122070312,234.2100067138672,231.3300018310547,233.9600067138672,223.93551635742188,1994000.0,LLY,2021-07-02,0.012169756330497633
233.6300048828125,235.5800018310547,233.22999572753906,235.4199981689453,225.33294677734375,3125400.0,LLY,2021-07-06,0.006220934881051127
234.67999267578125,236.58999633789062,233.4600067138672,235.82000732421875,225.7158203125,3141500.0,LLY,2021-07-07,0.001697703907213152
233.8300018310547,237.27000427246094,232.10000610351562,237.1199951171875,226.9600830078125,2431500.0,LLY,2021-07-08,0.005497380442723824
237.1699981689453,238.47000122070312,232.75,234.99000549316406,224.92137145996094,4030100.0,LLY,2021-07-09,-0.00902327528712758
235.1699981689453,238.0,235.14999389648438,236.00999450683594,225.8976593017578,2928600.0,LLY,2021-07-12,0.00433118081257196
235.97999572753906,236.64999389648438,234.02999877929688,235.3000030517578,225.21810913085938,1974000.0,LLY,2021-07-13,-0.00301275518373104
235.7899932861328,237.22999572753906,234.72999572753906,236.35000610351562,226.2230682373047,2103400.0,LLY,2021-07-14,0.004452233499658127
235.00999450683594,235.99000549316406,230.69000244140625,231.47000122070312,221.55218505859375,3611200.0,LLY,2021-07-15,-0.02086337988463595
232.5,233.0399932861328,231.2100067138672,232.4600067138672,222.49977111816406,2229100.0,LLY,2021-07-16,0.004267912728462791
231.8800048828125,234.3000030517578,230.57000732421875,234.13999938964844,224.10777282714844,2305600.0,LLY,2021-07-19,0.007200991919011519
235.0,237.75,233.94000244140625,235.02000427246094,224.95008850097656,2297800.0,LLY,2021-07-20,0.0037514838698366375
236.3800048828125,237.3699951171875,233.58999633789062,237.2899932861328,227.122802734375,1651500.0,LLY,2021-07-21,0.00961230370031685
237.27999877929688,239.6999969482422,236.3699951171875,238.49000549316406,228.27142333984375,1703500.0,LLY,2021-07-22,0.0050445217592432565
239.27999877929688,244.5500030517578,238.55999755859375,244.14999389648438,233.6888885498047,2448100.0,LLY,2021-07-23,0.023455320456679717
242.57000732421875,245.27999877929688,242.57000732421875,243.2100067138672,232.78921508789062,2678800.0,LLY,2021-07-26,-0.0038573067863388864
243.7100067138672,244.05999755859375,242.66000366210938,243.5800018310547,233.14332580566406,2116500.0,LLY,2021-07-27,0.001520008820475255
243.3699951171875,248.39999389648438,242.63999938964844,246.50999450683594,235.94778442382812,1688000.0,LLY,2021-07-28,0.011957131441689937
247.5,248.24000549316406,242.24000549316406,245.3300018310547,234.81834411621094,1924100.0,LLY,2021-07-29,-0.0047983166423791026
244.89999389648438,245.9499969482422,242.6300048828125,243.5,233.06674194335938,1905100.0,LLY,2021-07-30,-0.00748735280520726
245.72999572753906,247.88999938964844,244.25,246.60000610351562,236.03390502929688,1958900.0,LLY,2021-08-02,0.012650601428419266
244.75,259.3699951171875,243.5,255.99000549316406,245.02157592773438,5406200.0,LLY,2021-08-03,0.03737081159328771
256.0,270.6499938964844,255.4199981689453,262.4700012207031,251.2239227294922,3892400.0,LLY,2021-08-04,0.024998392176950573
263.2799987792969,265.510009765625,261.3299865722656,264.19000244140625,252.87026977539062,2262400.0,LLY,2021-08-05,0.006531925675666308
263.510009765625,264.2699890136719,260.739990234375,263.44000244140625,252.15240478515625,2155200.0,LLY,2021-08-06,-0.002842903932371692
264.5799865722656,273.0400085449219,264.5,267.1600036621094,255.7130126953125,3238500.0,LLY,2021-08-09,0.014022085881970769
266.75,271.0799865722656,266.17999267578125,269.45001220703125,257.9048767089844,2060200.0,LLY,2021-08-10,0.00853505052990672
269.5899963378906,270.94000244140625,262.6600036621094,264.1000061035156,252.78411865234375,2813300.0,LLY,2021-08-11,-0.0200549834977986
263.20001220703125,264.5400085449219,261.489990234375,263.4700012207031,252.9953155517578,2100900.0,LLY,2021-08-12,0.0008351344376874991
263.1499938964844,265.69000244140625,263.0199890136719,264.2099914550781,253.70590209960938,1482300.0,LLY,2021-08-13,0.002804757474134394
264.8800048828125,270.260009765625,264.2699890136719,269.94000244140625,259.2080993652344,2623200.0,LLY,2021-08-16,0.021455481116445303
271.1600036621094,275.8699951171875,267.17999267578125,272.7099914550781,261.8680419921875,2096100.0,LLY,2021-08-17,0.01020950882419711
272.010009765625,274.760009765625,268.0299987792969,268.5199890136719,257.84454345703125,2527400.0,LLY,2021-08-18,-0.015483861786787208
266.1499938964844,271.8500061035156,265.42999267578125,270.3999938964844,259.6498718261719,1901000.0,LLY,2021-08-19,0.006977218071034147
269.3800048828125,272.8699951171875,269.05999755859375,270.9100036621094,260.1395568847656,1536800.0,LLY,2021-08-20,0.0018841676125537113
272.29998779296875,272.9100036621094,267.70001220703125,267.82000732421875,257.17242431640625,2438800.0,LLY,2021-08-23,-0.011471472590438148
266.20001220703125,267.44000244140625,261.7799987792969,262.7699890136719,252.32322692871094,3736000.0,LLY,2021-08-24,-0.019035859505972898
262.7799987792969,264.5199890136719,261.2900085449219,263.8699951171875,253.37945556640625,2388500.0,LLY,2021-08-25,0.004177277321863316
264.0,265.5899963378906,260.5799865722656,261.32000732421875,250.93080139160156,1732900.0,LLY,2021-08-26,-0.009710980032509621
262.5199890136719,263.1300048828125,258.5799865722656,259.75,249.42323303222656,1839700.0,LLY,2021-08-27,-0.006026024845118544
261.0299987792969,264.07000732421875,259.6099853515625,262.30999755859375,251.8814239501953,1300700.0,LLY,2021-08-30,0.009807252282811735
262.8399963378906,263.6400146484375,257.8599853515625,258.2900085449219,248.02130126953125,2733400.0,LLY,2021-08-31,-0.015443802200308356
258.5400085449219,258.7699890136719,254.49000549316406,257.3999938964844,247.16664123535156,2956800.0,LLY,2021-09-01,-0.0034518646737995333
257.4100036621094,259.7300109863281,256.4700012207031,259.57000732421875,249.25042724609375,1469700.0,LLY,2021-09-02,0.008395352948724583
260.8299865722656,260.989990234375,256.7799987792969,259.5299987792969,249.21197509765625,1124500.0,LLY,2021-09-03,-0.00015428304455048135
259.0,260.82000732421875,254.41000366210938,254.8000030517578,244.67007446289062,2403700.0,LLY,2021-09-07,-0.018393171750834405
254.60000610351562,255.7100067138672,253.67999267578125,254.83999633789062,244.70843505859375,1542400.0,LLY,2021-09-08,0.00015677270266408112
253.2899932861328,254.02000427246094,239.6699981689453,240.0,230.4584503173828,4976600.0,LLY,2021-09-09,-0.05999685361315849
242.1999969482422,243.88999938964844,238.57000732421875,239.5,229.97830200195312,4633500.0,LLY,2021-09-10,-0.0020856219103169106
240.0399932861328,241.14999389648438,235.14999389648438,237.9600067138672,228.49954223632812,2832800.0,LLY,2021-09-13,-0.006450758360893703
238.72000122070312,239.7899932861328,231.97999572753906,233.08999633789062,223.82313537597656,3826000.0,LLY,2021-09-14,-0.020678041227392297
233.5800018310547,239.3800048828125,233.05999755859375,233.72999572753906,224.43772888183594,2802500.0,LLY,2021-09-15,0.002742126025139568
234.0800018310547,234.69000244140625,229.72999572753906,231.0399932861328,221.85464477539062,2958700.0,LLY,2021-09-16,-0.01157587762414679
229.7100067138672,230.8300018310547,228.22999572753906,230.10000610351562,220.95204162597656,4480000.0,LLY,2021-09-17,-0.00407674241254816
228.08999633789062,232.72999572753906,227.2899932861328,231.63999938964844,222.4307861328125,2803400.0,LLY,2021-09-20,0.006670307901289321
232.05999755859375,233.72000122070312,229.74000549316406,230.1699981689453,221.0192413330078,2172800.0,LLY,2021-09-21,-0.006366217069418245
230.0,231.02999877929688,227.5800018310547,228.3000030517578,219.22360229492188,2529600.0,LLY,2021-09-22,-0.008157538602600855
229.3000030517578,234.1999969482422,229.00999450683594,232.17999267578125,222.9493408203125,1912300.0,LLY,2021-09-23,0.016852350463003676
232.77000427246094,235.38999938964844,231.33999633789062,231.67999267578125,222.46917724609375,1642500.0,LLY,2021-09-24,-0.0021560116642746815
229.97000122070312,231.05999755859375,225.61000061035156,226.39999389648438,217.3990936279297,2785900.0,LLY,2021-09-27,-0.023053757245534937
226.38999938964844,226.39999389648438,220.1999969482422,221.60000610351562,212.78997802734375,3583300.0,LLY,2021-09-28,-0.021429144911376773
225.41000366210938,231.44000244140625,224.55999755859375,230.36000061035156,221.20167541503906,3971000.0,LLY,2021-09-29,0.03876918320624909
232.77999877929688,237.16000366210938,230.8000030517578,231.0500030517578,221.86424255371094,3786100.0,LLY,2021-09-30,0.002990830960782492
231.0,231.67999267578125,225.4499969482422,229.58999633789062,220.46229553222656,2215700.0,LLY,2021-10-01,-0.0063389898424814715
227.8000030517578,230.19000244140625,224.22000122070312,224.85000610351562,215.91075134277344,4784700.0,LLY,2021-10-04,-0.020861550876346592
226.44000244140625,232.55999755859375,226.1699981689453,230.92999267578125,221.7490234375,2802000.0,LLY,2021-10-05,0.026681083219989153
230.55999755859375,230.85000610351562,226.0500030517578,227.85000610351562,218.7914581298828,2462700.0,LLY,2021-10-06,-0.013427187130480446
229.1199951171875,234.11000061035156,229.0,233.17999267578125,223.90956115722656,2001800.0,LLY,2021-10-07,0.02312319533434367
233.4199981689453,235.80999755859375,231.5500030517578,233.94000244140625,224.6393585205078,2563000.0,LLY,2021-10-08,0.0032540397501218234
236.6999969482422,237.99000549316406,233.60000610351562,233.6699981689453,224.38006591796875,1892300.0,LLY,2021-10-11,-0.0011549283494137008
234.6999969482422,235.07000732421875,231.97999572753906,232.77999877929688,223.5254669189453,1719200.0,LLY,2021-10-12,-0.0038159833867064913
234.07000732421875,237.9199981689453,232.8000030517578,236.44000244140625,227.0399627685547,2105700.0,LLY,2021-10-13,0.015600695917096351
237.00999450683594,238.44000244140625,234.11000061035156,236.69000244140625,227.280029296875,1824700.0,LLY,2021-10-14,0.0010568170226115596
237.4199981689453,239.3000030517578,235.82000732421875,237.8800048828125,228.42266845703125,2598300.0,LLY,2021-10-15,0.0050148553451697915
237.9499969482422,242.66000366210938,236.6999969482422,238.97999572753906,229.47900390625,2546000.0,LLY,2021-10-18,0.004613817274981895
239.05999755859375,242.5500030517578,239.05999755859375,242.30999755859375,232.67662048339844,1573200.0,LLY,2021-10-19,0.013838055558232734
243.72999572753906,245.89999389648438,243.0399932861328,243.72000122070312,234.030517578125,1537500.0,LLY,2021-10-20,0.005801929228244039
244.9499969482422,244.9499969482422,239.8300018310547,241.1699981689453,231.58192443847656,1717700.0,LLY,2021-10-21,-0.010517827667612315
240.9600067138672,244.0399932861328,239.55999755859375,243.75,234.059326171875,1960700.0,LLY,2021-10-22,0.010640917686210427
244.66000366210938,246.27000427246094,240.52000427246094,245.0500030517578,235.30764770507812,2763100.0,LLY,2021-10-25,0.005319183265898187
244.5,248.9199981689453,237.08999633789062,248.44000244140625,238.56289672851562,4533000.0,LLY,2021-10-26,0.013739196361027278
248.61000061035156,254.4600067138672,248.32000732421875,250.1699981689453,240.22409057617188,3181300.0,LLY,2021-10-27,0.00693920493912327
250.16000366210938,256.75,250.0800018310547,253.35000610351562,243.27767944335938,3386500.0,LLY,2021-10-28,0.01263130625949441
253.77999877929688,256.4700012207031,251.77000427246094,254.75999450683594,244.63162231445312,3152000.0,LLY,2021-10-29,0.00554999194155989
255.11000061035156,256.4800109863281,248.0500030517578,249.30999755859375,239.39825439453125,2735800.0,LLY,2021-11-01,-0.021624995128172467
251.25,259.29998779296875,249.39999389648438,256.8500061035156,246.63853454589844,3987800.0,LLY,2021-11-02,0.029795340375552107
257.7699890136719,266.7900085449219,257.760009765625,266.260009765625,255.67440795898438,4382900.0,LLY,2021-11-03,0.035980949201692924
265.4800109863281,271.1099853515625,265.2699890136719,271.0,260.2259521484375,4133400.0,LLY,2021-11-04,0.017645509248368486
268.989990234375,269.489990234375,258.55999755859375,265.0,254.4645538330078,3745700.0,LLY,2021-11-05,-0.02238875171718847
263.989990234375,266.9100036621094,259.1499938964844,260.5299987792969,250.17221069335938,2386100.0,LLY,2021-11-08,-0.017012025128234375
260.5299987792969,262.1600036621094,258.3900146484375,262.0199890136719,251.60302734375,1963800.0,LLY,2021-11-09,0.005703033629345586
262.0,266.0,261.6000061035156,264.6499938964844,254.12840270996094,2215100.0,LLY,2021-11-10,0.009987104643512238
262.32000732421875,264.32000732421875,261.95001220703125,262.6300048828125,252.18873596191406,1739400.0,LLY,2021-11-11,-0.007661902348777482
261.7799987792969,262.5199890136719,258.92999267578125,259.6499938964844,250.13677978515625,1964000.0,LLY,2021-11-12,-0.008169872028714073
259.3900146484375,259.6099853515625,257.1600036621094,258.42999267578125,248.96148681640625,1903200.0,LLY,2021-11-15,-0.0047096743059686745
256.9599914550781,260.3500061035156,255.99000549316406,257.7200012207031,248.27749633789062,2565700.0,LLY,2021-11-16,-0.0027511556137270613
256.80999755859375,264.54998779296875,256.07000732421875,261.17999267578125,251.61068725585938,2873600.0,LLY,2021-11-17,0.013335943625640629
262.0,263.79998779296875,259.82000732421875,261.3299865722656,251.75518798828125,1689200.0,LLY,2021-11-18,0.0005741379918580035
266.42999267578125,270.79998779296875,260.29998779296875,260.70001220703125,251.14828491210938,2786800.0,LLY,2021-11-19,-0.002413597851275564
262.2200012207031,263.989990234375,259.1300048828125,260.44000244140625,250.89781188964844,1995400.0,LLY,2021-11-22,-0.0009978089455846874
259.4700012207031,262.760009765625,259.25,261.9599914550781,252.36212158203125,1986200.0,LLY,2021-11-23,0.005819314144926892
262.7699890136719,264.94000244140625,260.04998779296875,262.0,252.40065002441406,2518500.0,LLY,2021-11-24,0.00015265960417403546
261.79998779296875,265.8800048828125,259.0299987792969,260.3699951171875,250.8303985595703,1495500.0,LLY,2021-11-26,-0.00624069824606887
260.0199890136719,262.32000732421875,254.5,254.8300018310547,245.49334716796875,4041700.0,LLY,2021-11-29,-0.02150716003649408
253.27000427246094,254.0,246.47999572753906,248.0399932861328,238.95211791992188,8265900.0,LLY,2021-11-30,-0.027006659326448728
249.44000244140625,255.3000030517578,247.88999938964844,249.1300048828125,240.00222778320312,3241400.0,LLY,2021-12-01,0.0043850173001273975
246.52000427246094,249.97999572753906,245.1199951171875,247.8800048828125,238.79800415039062,3817700.0,LLY,2021-12-02,-0.005030182074587638
252.1300048828125,253.47999572753906,243.0800018310547,245.5800018310547,236.582275390625,4169700.0,LLY,2021-12-03,-0.009321988734381979
245.9199981689453,246.94000244140625,241.52999877929688,246.3300018310547,237.30479431152344,3491200.0,LLY,2021-12-06,0.0030493319060585595
244.24000549316406,245.44000244140625,241.4499969482422,245.11000061035156,236.12954711914062,4035800.0,LLY,2021-12-07,-0.004964783935587843
246.61000061035156,248.17999267578125,239.47000122070312,244.32000732421875,235.3684539794922,3636200.0,LLY,2021-12-08,-0.0032284073269588393
244.49000549316406,245.91000366210938,242.75,242.89999389648438,234.00045776367188,2291100.0,LLY,2021-12-09,-0.005829103952669093
241.1999969482422,244.58999633789062,241.1999969482422,244.13999938964844,235.19505310058594,2380800.0,LLY,2021-12-10,0.005092111456880873
245.50999450683594,250.6999969482422,245.4600067138672,248.52999877929688,239.42417907714844,3016700.0,LLY,2021-12-13,0.017821603607589265
247.74000549316406,250.00999450683594,246.38999938964844,249.3800048828125,240.2430877685547,3424000.0,LLY,2021-12-14,0.003414489766673349
262.07000732421875,275.5400085449219,257.2099914550781,275.2799987792969,265.194091796875,10016700.0,LLY,2021-12-15,0.09881070332927672
275.6700134277344,283.8999938964844,272.04998779296875,279.0400085449219,268.81640625,5546400.0,LLY,2021-12-16,0.01356666217145913
276.6700134277344,276.6700134277344,265.3299865722656,267.4200134277344,257.6221008300781,7582900.0,LLY,2021-12-17,-0.04253485624485097
269.2300109863281,270.010009765625,260.3500061035156,263.4800109863281,253.82643127441406,3479400.0,LLY,2021-12-20,-0.014843093702781578
264.0,265.95001220703125,260.57000732421875,264.8800048828125,255.1751708984375,2702500.0,LLY,2021-12-21,0.00529956202462724
264.739990234375,266.55999755859375,262.8500061035156,266.5,256.73583984375,2721000.0,LLY,2021-12-22,0.006097441734503005
269.04998779296875,275.2699890136719,266.67999267578125,273.1000061035156,263.093994140625,2632200.0,LLY,2021-12-23,0.024463664743899462
275.0400085449219,280.29998779296875,274.7200012207031,278.4100036621094,268.20941162109375,1677100.0,LLY,2021-12-27,0.01925670153504748
279.3399963378906,279.3999938964844,275.8900146484375,276.42999267578125,266.30194091796875,1033900.0,LLY,2021-12-28,-0.007137280775773047
275.82000732421875,279.3599853515625,275.739990234375,278.4200134277344,268.2190246582031,1112300.0,LLY,2021-12-29,0.007173121668836381
279.19000244140625,280.6499938964844,276.3699951171875,277.25,267.0919494628906,1181500.0,LLY,2021-12-30,-0.004210923800292449
277.4700012207031,278.7300109863281,276.010009765625,276.2200012207031,266.0997009277344,1315700.0,LLY,2021-12-31,-0.003721925052182098
274.4100036621094,274.4100036621094,267.05999755859375,271.7300109863281,261.7742004394531,2621300.0,LLY,2022-01-03,-0.01638875228569693
269.0,269.8800048828125,263.5799865722656,266.80999755859375,257.0344543457031,2340500.0,LLY,2022-01-04,-0.018272162276555766
268.1600036621094,268.7699890136719,260.4200134277344,260.6499938964844,251.1001434326172,3004200.0,LLY,2022-01-05,-0.02335830213096629
260.1000061035156,261.29998779296875,255.4600067138672,259.3299865722656,249.8284912109375,2863200.0,LLY,2022-01-06,-0.0050771901042926315
259.739990234375,261.25,256.7099914550781,259.5,249.99229431152344,2245100.0,LLY,2022-01-07,0.00065544735711236
258.19000244140625,260.1600036621094,255.88999938964844,260.1099853515625,250.57992553710938,2576700.0,LLY,2022-01-10,0.002347839021906768
261.5899963378906,262.4100036621094,257.05999755859375,262.32000732421875,252.7089385986328,2294000.0,LLY,2022-01-11,0.008460452486248706
252.89999389648438,257.44000244140625,250.97000122070312,255.9199981689453,246.54345703125,6562800.0,LLY,2022-01-12,-0.02470011192426223
254.07000732421875,255.5,248.5500030517578,249.6699981689453,240.52244567871094,3726500.0,LLY,2022-01-13,-0.02472485980087857
250.14999389648438,250.5399932861328,242.89999389648438,244.1199951171875,235.17578125,2894300.0,LLY,2022-01-14,-0.02248017456956701
242.75,248.52000427246094,242.08999633789062,247.07000732421875,238.01766967773438,3241200.0,LLY,2022-01-18,0.012011673412313146
246.3300018310547,250.41000366210938,244.72999572753906,245.0500030517578,236.0717010498047,2487600.0,LLY,2022-01-19,-0.008209336369158056
245.5800018310547,247.9499969482422,242.5,243.1300048828125,234.2220458984375,2655400.0,LLY,2022-01-20,-0.007865997370694293
246.8800048828125,247.8800048828125,242.1199951171875,243.05999755859375,234.1546173095703,2788600.0,LLY,2022-01-21,-0.0002879246325859481
242.5500030517578,243.75999450683594,232.67999267578125,240.4199981689453,231.61134338378906,3712800.0,LLY,2022-01-24,-0.010920932046133175
236.80999755859375,241.52999877929688,235.1199951171875,239.4600067138672,230.6865234375,2525100.0,LLY,2022-01-25,-0.004000975329357955
239.6300048828125,242.42999267578125,235.91000366210938,237.86000061035156,229.14512634277344,2913200.0,LLY,2022-01-26,-0.0067042051968749135
239.97999572753906,243.27000427246094,235.75999450683594,236.72000122070312,228.04689025878906,2178500.0,LLY,2022-01-27,-0.004804275474967489
237.49000549316406,245.22000122070312,235.0500030517578,245.10000610351562,236.11990356445312,3081100.0,LLY,2022-01-28,0.03478847511557842
243.27000427246094,245.49000549316406,241.9199981689453,245.38999938964844,236.39926147460938,3237100.0,LLY,2022-01-31,0.001182419522310972
247.0500030517578,248.83999633789062,243.25999450683594,248.27999877929688,239.183349609375,2449400.0,LLY,2022-02-01,0.011708249520035203
245.35000610351562,251.8800048828125,244.02999877929688,250.8300018310547,241.63992309570312,2586700.0,LLY,2022-02-02,0.010218286013472237
247.5,248.1199951171875,241.10000610351562,244.80999755859375,235.84046936035156,3473600.0,LLY,2022-02-03,-0.024293097847390418
242.72000122070312,244.10000610351562,241.22000122070312,242.27000427246094,233.39353942871094,3569300.0,LLY,2022-02-04,-0.010429559947977412
242.41000366210938,244.02999877929688,240.3000030517578,243.5500030517578,234.6266632080078,3948300.0,LLY,2022-02-07,0.005269544459008207
241.89999389648438,242.88999938964844,237.47000122070312,239.91000366210938,231.12001037597656,2615000.0,LLY,2022-02-08,-0.015058482622030632
241.25999450683594,244.4600067138672,241.05999755859375,243.27000427246094,234.35694885253906,1759900.0,LLY,2022-02-09,0.013908274477147934
239.89999389648438,244.08999633789062,238.11000061035156,239.63999938964844,230.8599395751953,2283100.0,LLY,2022-02-10,-0.015034171080590655
239.22999572753906,240.6300048828125,234.85000610351562,235.74000549316406,227.1028289794922,2054300.0,LLY,2022-02-11,-0.016408298437868375
234.0,236.8800048828125,231.8699951171875,234.69000244140625,227.0350799560547,2572000.0,LLY,2022-02-14,-0.00029836321789949923
236.64999389648438,244.7899932861328,236.64999389648438,243.83999633789062,235.88665771484375,3409600.0,LLY,2022-02-15,0.03824688294870778
242.5800018310547,247.02000427246094,242.5800018310547,245.5800018310547,237.56991577148438,2459000.0,LLY,2022-02-16,0.007110536606681116
245.5800018310547,245.58999633789062,240.41000366210938,240.97000122070312,233.11024475097656,2059100.0,LLY,2022-02-17,-0.01895046724690614
238.02000427246094,242.42999267578125,238.02000427246094,240.30999755859375,232.4717559814453,2517900.0,LLY,2022-02-18,-0.0027427571031136827
239.2100067138672,240.86000061035156,237.52000427246094,239.1300048828125,231.3302764892578,2936700.0,LLY,2022-02-22,-0.0049222802704555054
240.5500030517578,242.67999267578125,238.02000427246094,238.30999755859375,230.53700256347656,2296300.0,LLY,2022-02-23,-0.0034350764463948994
235.17999267578125,243.92999267578125,234.0,243.0800018310547,235.1514434814453,3272300.0,LLY,2022-02-24,0.019818365646611494
243.83999633789062,252.89999389648438,243.72999572753906,250.85000610351562,242.66799926757812,2442200.0,LLY,2022-02-25,0.031464504072546425
246.13999938964844,250.05999755859375,244.58999633789062,249.9499969482422,241.79736328125,3188800.0,LLY,2022-02-28,-0.0035942174235779416
247.55999755859375,250.33999633789062,245.44000244140625,249.5,241.36204528808594,2873200.0,LLY,2022-03-01,-0.00180196474801415
249.8800048828125,256.4800109863281,249.05999755859375,254.1699981689453,245.8797149658203,2452000.0,LLY,2022-03-02,0.0185443839679476
254.8300018310547,259.5799865722656,254.38999938964844,258.6400146484375,250.2039031982422,3153700.0,LLY,2022-03-03,0.01743374542671952
256.2099914550781,263.4599914550781,255.52000427246094,262.8699951171875,254.2958984375,3497100.0,LLY,2022-03-04,0.01622234524010289
259.8599853515625,263.6300048828125,257.8599853515625,261.6400146484375,253.1060791015625,3074800.0,LLY,2022-03-07,-0.0046898576254028835
259.92999267578125,265.29998779296875,258.9100036621094,259.92999267578125,251.4517822265625,3482600.0,LLY,2022-03-08,-0.006557435448663074
263.29998779296875,267.7900085449219,262.07000732421875,262.7900085449219,254.21856689453125,2965900.0,LLY,2022-03-09,0.010943146195906271
262.8399963378906,267.7300109863281,262.8399963378906,266.0199890136719,257.34320068359375,2797200.0,LLY,2022-03-10,0.01221620866110537
265.07000732421875,271.7200012207031,265.07000732421875,266.29998779296875,257.6140441894531,2469600.0,LLY,2022-03-11,0.0010519068661722975
268.989990234375,270.8999938964844,267.32000732421875,269.0,260.2259521484375,2713800.0,LLY,2022-03-14,0.010087788224753333
269.8699951171875,276.4800109863281,269.8699951171875,275.4599914550781,266.4753112792969,4396900.0,LLY,2022-03-15,0.023731298373659695
277.8500061035156,278.6099853515625,273.010009765625,276.44000244140625,267.42333984375,3148600.0,LLY,2022-03-16,0.0035513465293147534
277.010009765625,285.8900146484375,276.45001220703125,285.510009765625,276.1974792480469,3270100.0,LLY,2022-03-17,0.032283169146938295
285.8399963378906,291.3500061035156,284.8599853515625,287.6400146484375,278.258056640625,4557900.0,LLY,2022-03-18,0.007432830032030861
287.760009765625,295.3299865722656,287.760009765625,289.6400146484375,280.19281005859375,3495700.0,LLY,2022-03-21,0.006929029120348589
289.6700134277344,290.55999755859375,283.3900146484375,285.0199890136719,275.72344970703125,3791600.0,LLY,2022-03-22,-0.016079603969452766
284.4200134277344,288.17999267578125,283.3500061035156,284.19000244140625,274.92059326171875,3149200.0,LLY,2022-03-23,-0.002916065376477512
286.2900085449219,288.8500061035156,284.6600036621094,287.69000244140625,278.3063659667969,2412400.0,LLY,2022-03-24,0.01224023855249893
288.5,291.6499938964844,286.5799865722656,289.0199890136719,279.593017578125,2399800.0,LLY,2022-03-25,0.004612494404597234
291.3299865722656,292.45001220703125,288.30999755859375,291.6600036621094,282.14691162109375,2195000.0,LLY,2022-03-28,0.0090928613279893
292.0299987792969,293.1400146484375,287.5799865722656,288.3900146484375,278.9835510253906,2798100.0,LLY,2022-03-29,-0.01127507529417001
290.5799865722656,292.2900085449219,287.989990234375,289.8900146484375,280.4346618652344,2220100.0,LLY,2022-03-30,0.005187940117398896
289.3699951171875,291.79998779296875,285.9200134277344,286.3699951171875,277.02947998046875,3227600.0,LLY,2022-03-31,-0.012216836855725097
286.1499938964844,293.1400146484375,284.0,292.6700134277344,283.1239318847656,3066200.0,LLY,2022-04-01,0.021760797190971223
292.75,294.9800109863281,290.95001220703125,291.4200134277344,281.9147033691406,3014100.0,LLY,2022-04-04,-0.004280168775199854
291.7200012207031,295.8299865722656,289.1000061035156,292.489990234375,282.9497375488281,2324200.0,LLY,2022-04-05,0.0036647211723811286
296.0899963378906,306.55999755859375,294.7699890136719,305.8399963378906,295.8643798828125,4672900.0,LLY,2022-04-06,0.04463189722282862
305.0,314.0,305.0,308.42999267578125,298.3699035644531,4270800.0,LLY,2022-04-07,0.008432830616750115
308.0,312.3800048828125,307.95001220703125,311.69000244140625,301.5235595703125,3024700.0,LLY,2022-04-08,0.010514150434939409
313.0899963378906,313.760009765625,308.04998779296875,308.9599914550781,298.8825988769531,2178100.0,LLY,2022-04-11,-0.008797303920817916
306.5799865722656,309.6099853515625,304.17999267578125,308.0799865722656,298.03131103515625,2688100.0,LLY,2022-04-12,-0.0028522988149749257
307.2799987792969,308.29998779296875,300.4100036621094,302.6700134277344,292.7976989746094,2528700.0,LLY,2022-04-13,-0.017716628210646714
303.75,304.4700012207031,300.19000244140625,301.8599853515625,292.01422119140625,1898100.0,LLY,2022-04-14,-0.0026794195703641454
301.07000732421875,302.05999755859375,296.79998779296875,298.82000732421875,289.0733642578125,1581400.0,LLY,2022-04-18,-0.010121992332712926
298.4100036621094,299.69000244140625,293.79998779296875,297.010009765625,287.3223876953125,2021700.0,LLY,2022-04-19,-0.0060756240577539864
297.0199890136719,299.0,292.29998779296875,292.9200134277344,283.3658142089844,2608600.0,LLY,2022-04-20,-0.013866194771746006
292.9200134277344,293.45001220703125,286.6600036621094,289.6099853515625,280.1637268066406,2716800.0,LLY,2022-04-21,-0.011364521759028077
289.29998779296875,289.6199951171875,278.3999938964844,278.7300109863281,269.63861083984375,2772600.0,LLY,2022-04-22,-0.0382915868062555
278.75,285.95001220703125,276.8299865722656,285.20001220703125,275.8976135253906,2410200.0,LLY,2022-04-25,0.022947247339574577
286.17999267578125,290.2099914550781,282.7900085449219,282.8299865722656,273.6048583984375,2166600.0,LLY,2022-04-26,-0.00834488850974983
283.1000061035156,288.1300048828125,280.5899963378906,285.0899963378906,275.7912292480469,2352100.0,LLY,2022-04-27,0.00795922082748321
295.989990234375,300.510009765625,288.55999755859375,297.2699890136719,287.5738830566406,5886900.0,LLY,2022-04-28,0.041835648044919876
295.7900085449219,297.30999755859375,289.1400146484375,292.1300048828125,282.6015930175781,3910900.0,LLY,2022-04-29,-0.01744170452795427
291.2300109863281,292.8399963378906,284.2799987792969,289.55999755859375,280.1153259277344,2789900.0,LLY,2022-05-02,-0.008836710555417945
288.6300048828125,289.80999755859375,284.1099853515625,288.07000732421875,278.67401123046875,2109500.0,LLY,2022-05-03,-0.005158716524522643
288.5,296.9800109863281,284.1199951171875,294.8999938964844,285.28118896484375,2743600.0,LLY,2022-05-04,0.023432641658545483
293.4200134277344,294.989990234375,288.29998779296875,292.3699951171875,282.8337707519531,3120200.0,LLY,2022-05-05,-0.008615979253399506
290.1700134277344,298.25,288.5199890136719,296.8999938964844,287.21600341796875,2931200.0,LLY,2022-05-06,0.015375215264435513
293.510009765625,294.92999267578125,286.6499938964844,289.2300109863281,279.7961120605469,3460500.0,LLY,2022-05-09,-0.0261733911175674
292.0,293.42999267578125,285.0,285.70001220703125,276.3812561035156,3140800.0,LLY,2022-05-10,-0.012279891504175678
283.6700134277344,294.5,283.0,286.69000244140625,277.3389892578125,2625200.0,LLY,2022-05-11,0.003459270696289871
283.3299865722656,291.989990234375,283.3299865722656,291.79998779296875,282.2823181152344,2370000.0,LLY,2022-05-12,0.01766715230822446
292.6300048828125,292.79998779296875,286.510009765625,291.6300048828125,283.0685729980469,2337700.0,LLY,2022-05-13,0.0027814774933030187
292.1099853515625,309.44000244140625,291.6000061035156,299.3800048828125,290.5910339355469,5118300.0,LLY,2022-05-16,0.02622772132653077
300.0,303.3999938964844,293.3900146484375,301.3999938964844,292.5517272949219,2553000.0,LLY,2022-05-17,0.006724599457660126
300.0,302.6000061035156,294.0299987792969,295.19000244140625,286.5240783691406,2161400.0,LLY,2022-05-18,-0.020818920692691426
293.5799865722656,293.5799865722656,284.3699951171875,286.2699890136719,277.865966796875,3157400.0,LLY,2022-05-19,-0.03068371219406747
290.7300109863281,299.239990234375,288.9200134277344,298.8500061035156,290.0765686035156,3129100.0,LLY,2022-05-20,0.04300605419555364
300.6000061035156,304.9200134277344,299.3500061035156,302.6000061035156,293.7165222167969,2873600.0,LLY,2022-05-23,0.012470174243986653
303.7099914550781,307.6700134277344,299.79998779296875,305.9599914550781,296.9778747558594,2804900.0,LLY,2022-05-24,0.011042548214131505
307.0,310.4200134277344,304.6400146484375,307.010009765625,297.9970397949219,3195700.0,LLY,2022-05-25,0.0034259126257440175
305.2300109863281,313.9100036621094,303.6099853515625,313.4599914550781,304.2576904296875,3284200.0,LLY,2022-05-26,0.020791455345542692
312.6499938964844,324.0799865722656,311.260009765625,323.4800109863281,313.9834899902344,3694300.0,LLY,2022-05-27,0.031465396649438974
316.6300048828125,318.4599914550781,309.0299987792969,313.44000244140625,304.2383117675781,6298900.0,LLY,2022-05-31,-0.031529090287674706
313.44000244140625,313.8999938964844,305.5899963378906,311.0799865722656,301.94757080078125,2731500.0,LLY,2022-06-01,-0.007557918905718951
310.57000732421875,310.6700134277344,298.1700134277344,302.42999267578125,293.5514831542969,3703300.0,LLY,2022-06-02,-0.02820036071024734
302.1600036621094,305.80999755859375,300.70001220703125,301.6499938964844,292.79443359375,2490000.0,LLY,2022-06-03,-0.0025822640171803907
315.1300048828125,315.1300048828125,303.0899963378906,303.3599853515625,294.4542236328125,3734400.0,LLY,2022-06-06,0.005652782474246174
303.989990234375,312.1499938964844,303.0199890136719,312.1000061035156,302.93756103515625,3652800.0,LLY,2022-06-07,0.02840316165290793
312.42999267578125,315.5,310.80999755859375,313.489990234375,304.2867431640625,2684500.0,LLY,2022-06-08,0.004443775849494569
311.6000061035156,311.9200134277344,303.1099853515625,303.25,294.3474426269531,1963300.0,LLY,2022-06-09,-0.03320964370093718
299.2300109863281,301.6600036621094,296.8699951171875,297.010009765625,288.2906494140625,2469800.0,LLY,2022-06-10,-0.02079167664083041
290.42999267578125,293.1600036621094,288.510009765625,291.2799987792969,282.7287902832031,2898800.0,LLY,2022-06-13,-0.01948107066934704
289.1700134277344,292.0,287.2900085449219,290.7900085449219,282.25323486328125,2422600.0,LLY,2022-06-14,-0.0016834359716388489
291.6000061035156,296.3399963378906,288.5299987792969,292.989990234375,284.38861083984375,1970100.0,LLY,2022-06-15,0.0075369869037742515
290.20001220703125,290.20001220703125,283.1099853515625,288.07000732421875,279.6130676269531,2628600.0,LLY,2022-06-16,-0.016934904723077272
290.010009765625,300.989990234375,289.67999267578125,290.8999938964844,282.3599853515625,6900000.0,LLY,2022-06-17,0.009776054517953528
292.3800048828125,299.2799987792969,290.30999755859375,297.3399963378906,288.61090087890625,2821300.0,LLY,2022-06-21,0.021896616560939615
296.9599914550781,309.6499938964844,296.42999267578125,306.69000244140625,297.6864318847656,4535700.0,LLY,2022-06-22,0.03096127330308021
309.5,313.19000244140625,307.19000244140625,312.7200012207031,303.5394592285156,3729300.0,LLY,2022-06-23,0.019470925468276012
319.54998779296875,325.82000732421875,319.010009765625,325.6199951171875,316.06072998046875,5449900.0,LLY,2022-06-24,0.04042276262354815
324.2300109863281,330.8500061035156,322.0,327.2699890136719,317.6622619628906,3218900.0,LLY,2022-06-27,0.005054370481310919
326.5199890136719,329.07000732421875,316.760009765625,317.6199951171875,308.2956237792969,2742900.0,LLY,2022-06-28,-0.02992960897726685
318.1600036621094,324.70001220703125,317.6499938964844,323.0,313.5176086425781,2562500.0,LLY,2022-06-29,0.016796386305953887
322.1300048828125,327.04998779296875,320.010009765625,324.2300109863281,314.71148681640625,2732900.0,LLY,2022-06-30,0.0038007778362354836
323.8800048828125,325.3999938964844,317.760009765625,324.7099914550781,315.1773986816406,1817800.0,LLY,2022-07-01,0.0014793464718316186
322.44000244140625,327.42999267578125,318.92999267578125,327.17999267578125,317.57489013671875,2107700.0,LLY,2022-07-05,0.0075780142425076885
328.0,332.739990234375,326.75,330.1499938964844,320.4577331542969,2252500.0,LLY,2022-07-06,0.009036724865270407
327.25,330.5,326.239990234375,327.95001220703125,318.3222351074219,2395000.0,LLY,2022-07-07,-0.006686202162392776
326.54998779296875,334.5199890136719,326.1600036621094,330.4700012207031,320.768310546875,1898200.0,LLY,2022-07-08,0.007654900860505731
330.6099853515625,332.67999267578125,329.42999267578125,331.07000732421875,321.3507080078125,1342600.0,LLY,2022-07-11,0.0018139865159232003
330.0,331.989990234375,323.3599853515625,323.5899963378906,314.0903015136719,2058200.0,LLY,2022-07-12,-0.022852546042186825
322.010009765625,324.67999267578125,320.8299865722656,322.4599914550781,312.9934387207031,2564200.0,LLY,2022-07-13,-0.0034983012354490336
317.5400085449219,327.760009765625,315.510009765625,326.8900146484375,317.2934875488281,2615700.0,LLY,2022-07-14,0.01364494602563862
331.9700012207031,335.3299865722656,328.1700134277344,331.6000061035156,321.8651428222656,3340300.0,LLY,2022-07-15,0.014305472915153697
330.1199951171875,331.9700012207031,319.7099914550781,321.7699890136719,312.32373046875,2116300.0,LLY,2022-07-18,-0.03009239917420712
324.0899963378906,327.3800048828125,321.8399963378906,326.20001220703125,316.6236572265625,1628100.0,LLY,2022-07-19,0.013673619884306043
327.0899963378906,327.82000732421875,320.30999755859375,322.0299987792969,312.5761413574219,2051000.0,LLY,2022-07-20,-0.012865775575868531
321.45001220703125,328.04998779296875,319.7099914550781,326.9200134277344,317.32257080078125,1692100.0,LLY,2022-07-21,0.015070738162559395
326.95001220703125,329.2200012207031,325.8299865722656,328.75,319.0988464355469,1850800.0,LLY,2022-07-22,0.005582088217047687
328.75,332.2699890136719,328.05999755859375,331.54998779296875,321.8166198730469,1741700.0,LLY,2022-07-25,0.00848096159443782
330.989990234375,332.57000732421875,328.6099853515625,331.55999755859375,321.8263244628906,1812300.0,LLY,2022-07-26,3.0155196852235913e-05
328.9800109863281,330.8699951171875,325.19000244140625,328.94000244140625,319.2832336425781,1643000.0,LLY,2022-07-27,-0.007933446402621726
330.239990234375,333.5899963378906,321.739990234375,330.79998779296875,321.088623046875,2350900.0,LLY,2022-07-28,0.00563858067387771
331.05999755859375,331.05999755859375,326.82000732421875,329.69000244140625,320.01123046875,3399900.0,LLY,2022-07-29,-0.0033610788911544853
327.510009765625,330.42999267578125,323.4599914550781,324.1499938964844,314.63385009765625,2464300.0,LLY,2022-08-01,-0.016946508297865676
327.19000244140625,328.9800109863281,319.3599853515625,320.20001220703125,310.79986572265625,3405700.0,LLY,2022-08-02,-0.012260395639314189
320.6300048828125,320.9800109863281,310.2200012207031,313.8299865722656,304.61676025390625,5152200.0,LLY,2022-08-03,-0.02009472369377525
310.20001220703125,310.25,302.239990234375,305.7900085449219,296.8128662109375,4696300.0,LLY,2022-08-04,-0.025952602640877228
302.4800109863281,305.32000732421875,300.30999755859375,301.32000732421875,292.47412109375,2814300.0,LLY,2022-08-05,-0.014725672256346424
300.6499938964844,306.1199951171875,296.5299987792969,302.5,293.6194763183594,3218900.0,LLY,2022-08-08,0.003908442909789431
305.0899963378906,306.70001220703125,301.29998779296875,303.0199890136719,294.1241760253906,2122900.0,LLY,2022-08-09,0.0017174148255627722
304.5,307.1300048828125,302.5899963378906,304.6099853515625,295.6674499511719,2351000.0,LLY,2022-08-10,0.005233297252780466
301.0299987792969,305.4200134277344,299.6300048828125,301.1700134277344,292.3284912109375,2198800.0,LLY,2022-08-11,-0.011357202988461712
302.9200134277344,308.489990234375,301.29998779296875,308.0799865722656,300.0118408203125,2305100.0,LLY,2022-08-12,0.02594380341406092
309.2099914550781,314.6099853515625,307.30999755859375,313.94000244140625,305.7183532714844,2795800.0,LLY,2022-08-15,0.018842320687365997
313.92999267578125,314.3699951171875,309.6300048828125,310.30999755859375,302.1834716796875,2248000.0,LLY,2022-08-16,-0.011629908939526272
310.010009765625,320.6000061035156,310.010009765625,316.82000732421875,308.52301025390625,2747200.0,LLY,2022-08-17,0.020762073070665986
316.75,318.9599914550781,314.20001220703125,316.7200012207031,308.4256286621094,2261600.0,LLY,2022-08-18,-0.00031568784324327657
317.510009765625,325.75,317.5,322.7699890136719,314.3171691894531,3393100.0,LLY,2022-08-19,0.018921828814060675
322.2799987792969,325.7699890136719,320.3900146484375,323.1000061035156,314.63848876953125,2488000.0,LLY,2022-08-22,0.0010217559981103752
321.239990234375,321.8399963378906,313.8699951171875,315.1000061035156,306.8480224609375,2962000.0,LLY,2022-08-23,-0.025071740895607382
316.4700012207031,320.8599853515625,315.2200012207031,318.8699951171875,310.51934814453125,1827000.0,LLY,2022-08-24,0.011893628126829738
320.6000061035156,323.3699951171875,315.8299865722656,323.1400146484375,314.677490234375,1977900.0,LLY,2022-08-25,0.013302061520104021
323.5899963378906,324.5899963378906,315.2699890136719,315.55999755859375,307.2959289550781,1858000.0,LLY,2022-08-26,-0.023737052555344737
313.3399963378906,314.8699951171875,309.67999267578125,310.1499938964844,302.02764892578125,1697000.0,LLY,2022-08-29,-0.01729265534321299
310.1400146484375,311.9700012207031,306.010009765625,307.0400085449219,298.9990539550781,1980300.0,LLY,2022-08-30,-0.010078156562706954
307.1400146484375,308.82000732421875,301.1099853515625,301.2300109863281,293.34124755859375,3183500.0,LLY,2022-08-31,-0.019103810602273688
301.0,309.4100036621094,300.5,309.1300048828125,301.034423828125,2939200.0,LLY,2022-09-01,0.025888024333635316
310.1099853515625,310.2200012207031,299.760009765625,301.3299865722656,293.4385681152344,2525400.0,LLY,2022-09-02,-0.025556313681927758
302.95001220703125,312.8299865722656,302.2300109863281,306.82000732421875,298.784912109375,2322200.0,LLY,2022-09-06,0.018055647629929478
308.7699890136719,312.3999938964844,304.8800048828125,311.6000061035156,303.43963623046875,2228100.0,LLY,2022-09-07,0.015458741526069453
311.95001220703125,315.7300109863281,307.5899963378906,315.5,307.237548828125,2212500.0,LLY,2022-09-08,0.01243852450107485
316.45001220703125,320.1700134277344,315.2200012207031,317.70001220703125,309.3799743652344,2177000.0,LLY,2022-09-09,0.006948988887656715
318.8900146484375,320.45001220703125,314.8800048828125,315.2200012207031,306.9648742675781,2077400.0,LLY,2022-09-12,-0.0078368869753471
310.010009765625,312.30999755859375,304.989990234375,306.4800109863281,298.45379638671875,2272400.0,LLY,2022-09-13,-0.028118190096728925
307.2099914550781,311.80999755859375,305.8999938964844,309.6099853515625,301.5018005371094,2002900.0,LLY,2022-09-14,0.010160853202189143
309.7099914550781,312.2799987792969,305.75,309.4700012207031,301.365478515625,2348100.0,LLY,2022-09-15,-0.00045224555567858804
307.9700012207031,311.9599914550781,306.739990234375,308.8900146484375,300.8006591796875,4380200.0,LLY,2022-09-16,-0.0018759590293235945
306.4800109863281,306.5199890136719,297.6499938964844,305.0899963378906,297.10015869140625,2515300.0,LLY,2022-09-19,-0.012378466892041933
303.82000732421875,303.82000732421875,298.94000244140625,301.7300109863281,293.82818603515625,1816800.0,LLY,2022-09-20,-0.011074121334322196
301.0,304.5299987792969,296.32000732421875,296.4800109863281,288.71563720703125,2241200.0,LLY,2022-09-21,-0.017552945858062097
300.79998779296875,312.6099853515625,299.9599914550781,310.8699951171875,302.7287902832031,5918300.0,LLY,2022-09-22,0.047395073700381256
311.8699951171875,315.17999267578125,305.1199951171875,311.4599914550781,303.3033447265625,4572600.0,LLY,2022-09-23,0.0018961193055872436
308.79998779296875,311.7300109863281,304.8800048828125,307.5,299.4470520019531,3760000.0,LLY,2022-09-26,-0.012795828463436408
309.1499938964844,313.95001220703125,308.32000732421875,311.1000061035156,302.9527587890625,3019600.0,LLY,2022-09-27,0.011639267813418676
333.5299987792969,341.70001220703125,328.1000061035156,334.3800048828125,325.6230773925781,9436300.0,LLY,2022-09-28,0.0721636263629542
333.9700012207031,334.67999267578125,327.2699890136719,330.010009765625,321.3675842285156,3743100.0,LLY,2022-09-29,-0.01315491794469574
327.1499938964844,329.510009765625,322.4200134277344,323.3500061035156,314.8819580078125,4474100.0,LLY,2022-09-30,-0.020387758073663994
325.989990234375,329.3500061035156,317.04998779296875,321.54998779296875,313.1291198730469,3340500.0,LLY,2022-10-03,-0.005582203079471552
322.17999267578125,330.1000061035156,321.7799987792969,329.8900146484375,321.2507019042969,2622500.0,LLY,2022-10-04,0.025606192091377156
328.29998779296875,333.8500061035156,327.5199890136719,331.7799987792969,323.0911865234375,2186100.0,LLY,2022-10-05,0.005712773475274014
327.94000244140625,339.260009765625,326.8699951171875,332.95001220703125,324.2305908203125,4299200.0,LLY,2022-10-06,0.0035203681182154603
332.9700012207031,333.07000732421875,324.8999938964844,326.6600036621094,318.1053466796875,2601600.0,LLY,2022-10-07,-0.019072355930240627
326.2300109863281,327.010009765625,320.239990234375,323.8900146484375,315.4078063964844,1956200.0,LLY,2022-10-10,-0.008516181782250411
320.0,329.0299987792969,319.42999267578125,327.6000061035156,319.0206604003906,2598900.0,LLY,2022-10-11,0.011389441828893282
327.3800048828125,333.6499938964844,323.8800048828125,324.57000732421875,316.0700378417969,1764700.0,LLY,2022-10-12,-0.009292039064494715
319.1199951171875,333.3699951171875,319.1000061035156,332.1000061035156,323.40283203125,2657400.0,LLY,2022-10-13,0.0229348763900829
331.55999755859375,335.2900085449219,328.2300109863281,331.3900146484375,322.7114562988281,2231400.0,LLY,2022-10-14,-0.002140104340012398
332.7900085449219,337.5799865722656,331.75,332.760009765625,324.0455322265625,2230000.0,LLY,2022-10-17,0.0041254376635495105
334.1400146484375,335.3299865722656,330.3699951171875,335.0299987792969,326.25604248046875,2087100.0,LLY,2022-10-18,0.00679844199616366
335.25,335.6300048828125,325.9700012207031,329.2900085449219,320.6664123535156,2419000.0,LLY,2022-10-19,-0.017281110557394667
331.1499938964844,331.44000244140625,325.8999938964844,329.07000732421875,320.4522399902344,1761200.0,LLY,2022-10-20,-0.000668120855524176
329.07000732421875,342.42999267578125,326.7699890136719,340.7699890136719,331.8457336425781,3274700.0,LLY,2022-10-21,0.0349369551611639
344.2200012207031,351.7699890136719,344.2200012207031,347.8999938964844,338.7890319824219,3375900.0,LLY,2022-10-24,0.020707385893963152
346.5199890136719,352.3299865722656,343.04998779296875,351.30999755859375,342.1097717285156,2513100.0,LLY,2022-10-25,0.009754066408654345
352.5,361.4800109863281,350.44000244140625,357.8599853515625,348.4881896972656,2373500.0,LLY,2022-10-26,0.018472685136649267
358.989990234375,361.1199951171875,355.32000732421875,356.3299865722656,346.998291015625,2347600.0,LLY,2022-10-27,-0.004284485758120551
360.32000732421875,362.0,357.0400085449219,359.8999938964844,350.47479248046875,2942100.0,LLY,2022-10-28,0.009968930237340889
358.6499938964844,363.9200134277344,350.4599914550781,362.0899963378906,352.6073913574219,4258200.0,LLY,2022-10-31,0.0060664470420629365
345.8299865722656,358.989990234375,340.75,352.5799865722656,343.34649658203125,7013000.0,LLY,2022-11-01,-0.026615100807173872
354.1600036621094,363.1499938964844,350.2099914550781,354.9599914550781,345.6641540527344,3774400.0,LLY,2022-11-02,0.006727519262290467
354.05999755859375,362.8299865722656,351.510009765625,361.67999267578125,352.2080993652344,2602500.0,LLY,2022-11-03,0.018754541649591096
365.20001220703125,365.8800048828125,353.3399963378906,357.4100036621094,348.0499572753906,3004600.0,LLY,2022-11-04,-0.011876167431386466
358.0,367.0,357.5,365.07000732421875,355.5093688964844,2560300.0,LLY,2022-11-07,0.021205578174788926
365.1499938964844,368.75,361.92999267578125,366.6600036621094,357.0577392578125,3278600.0,LLY,2022-11-08,0.004345900282499657
368.44000244140625,369.79998779296875,361.9100036621094,363.2699890136719,353.7565002441406,2323700.0,LLY,2022-11-09,-0.00928867928064882
367.239990234375,369.0,363.0,368.7200012207031,359.0638122558594,2994000.0,LLY,2022-11-10,0.014891298671859248
366.1600036621094,367.8299865722656,344.5199890136719,352.29998779296875,343.0738220214844,6646300.0,LLY,2022-11-11,-0.04555447414804667
359.07000732421875,360.79998779296875,340.1199951171875,356.05999755859375,347.70257568359375,4717400.0,LLY,2022-11-14,0.01340179820113778
356.94000244140625,356.989990234375,346.3599853515625,349.95001220703125,341.7359313964844,4180700.0,LLY,2022-11-15,-0.017309138365285887
350.0,356.8800048828125,349.9599914550781,352.92999267578125,344.64605712890625,3563800.0,LLY,2022-11-16,0.00847966065159369
352.9100036621094,362.29998779296875,352.7099914550781,360.7699890136719,352.30206298828125,2929700.0,LLY,2022-11-17,0.02197097205315845
362.54998779296875,364.6700134277344,359.3500061035156,361.6700134277344,353.18084716796875,2420900.0,LLY,2022-11-18,0.0024912995667400123
360.3900146484375,363.760009765625,355.3699951171875,361.1700134277344,352.692626953125,1999200.0,LLY,2022-11-21,-0.0013833082290112052
362.0,362.79998779296875,357.29998779296875,360.8800048828125,352.409423828125,2460400.0,LLY,2022-11-22,-0.0008032968842315055
361.3399963378906,362.4700012207031,358.6300048828125,361.7200012207031,353.2297058105469,1993000.0,LLY,2022-11-23,0.0023249344245760335
362.8999938964844,365.8299865722656,361.54998779296875,365.25,356.6768798828125,1039100.0,LLY,2022-11-25,0.009711703583750076
363.45001220703125,369.510009765625,361.0,365.7699890136719,357.1846618652344,2481300.0,LLY,2022-11-28,0.0014226346101224327
364.6199951171875,366.1099853515625,360.6400146484375,363.95001220703125,355.4073486328125,2207000.0,LLY,2022-11-29,-0.004988315590652088
365.07000732421875,372.3500061035156,361.79998779296875,371.0799865722656,362.3699951171875,5556400.0,LLY,2022-11-30,0.019401183227847587
374.7900085449219,375.19000244140625,368.489990234375,370.3299865722656,361.6375732421875,2516100.0,LLY,2022-12-01,-0.002023244388199319
366.0799865722656,375.0400085449219,365.0,374.760009765625,365.9636535644531,1925600.0,LLY,2022-12-02,0.011891489846694643
373.760009765625,375.25,368.2799987792969,369.2900085449219,360.62200927734375,2296500.0,LLY,2022-12-05,-0.014703677206234368
367.0,370.6400146484375,365.5199890136719,368.5400085449219,359.8896484375,1971000.0,LLY,2022-12-06,-0.002032891721370079
369.32000732421875,375.239990234375,368.760009765625,371.9700012207031,363.2390441894531,1629100.0,LLY,2022-12-07,0.009263689129465888
373.260009765625,373.260009765625,366.5,371.7900085449219,363.06341552734375,2090900.0,LLY,2022-12-08,-0.0004836240417002667
373.0,374.0,360.80999755859375,360.989990234375,352.5168151855469,2787200.0,LLY,2022-12-09,-0.029479193660671324
362.92999267578125,367.8299865722656,362.5,367.25,358.62994384765625,2639200.0,LLY,2022-12-12,0.01719273600123684
361.6300048828125,372.739990234375,358.32000732421875,358.6600036621094,350.24151611328125,5032600.0,LLY,2022-12-13,-0.02366809722075165
359.010009765625,369.42999267578125,357.05999755859375,363.5,354.96795654296875,5095500.0,LLY,2022-12-14,0.013404559593092941
360.6600036621094,363.9700012207031,356.69000244140625,360.010009765625,351.55987548828125,3437100.0,LLY,2022-12-15,-0.009647482615003181
357.92999267578125,360.4800109863281,355.1700134277344,359.8699951171875,351.4230651855469,6612200.0,LLY,2022-12-16,-0.0003892279500565248
357.80999755859375,359.70001220703125,354.6099853515625,357.7799987792969,349.3822021484375,2658400.0,LLY,2022-12-19,-0.005824353501895579
358.5,361.45001220703125,356.3399963378906,359.6400146484375,351.1985778808594,2276000.0,LLY,2022-12-20,0.005185354363337033
362.6300048828125,370.67999267578125,361.2099914550781,368.010009765625,359.3720703125,2211200.0,LLY,2022-12-21,0.023006446905891386
367.32000732421875,369.760009765625,362.2900085449219,365.30999755859375,356.7354431152344,1958100.0,LLY,2022-12-22,-0.0073638079819612345
364.82000732421875,367.8999938964844,362.4700012207031,367.8999938964844,359.2646789550781,1030300.0,LLY,2022-12-23,0.007064932762093167
369.5,369.7300109863281,364.3299865722656,364.8800048828125,356.3155822753906,1372100.0,LLY,2022-12-27,-0.008242578886751454
366.1700134277344,368.010009765625,363.94000244140625,365.2200012207031,356.6475524902344,996000.0,LLY,2022-12-28,0.0009312409650565305
368.1000061035156,370.95001220703125,366.4599914550781,367.0199890136719,358.4052734375,1077900.0,LLY,2022-12-29,0.004916348621928597
367.489990234375,367.95001220703125,362.1099853515625,365.8399963378906,357.25299072265625,1388000.0,LLY,2022-12-30,-0.0032202065379184947
366.260009765625,369.0,361.4599914550781,364.989990234375,356.4229431152344,2006700.0,LLY,2023-01-03,-0.0023261201403528393
364.6400146484375,367.1199951171875,360.3399963378906,363.1000061035156,354.5773010253906,1886200.0,LLY,2023-01-04,-0.0051916894561323005
360.95001220703125,361.489990234375,352.9599914550781,358.9200134277344,350.4953918457031,2008500.0,LLY,2023-01-05,-0.011578819675389613
360.0,366.70001220703125,357.5799865722656,362.94000244140625,354.4211120605469,2131300.0,LLY,2023-01-06,0.011138229218520805
364.0,364.9700012207031,348.7900085449219,349.8299865722656,341.6188049316406,2980600.0,LLY,2023-01-09,-0.036790278268630225
349.0,353.2099914550781,343.3399963378906,352.75,344.47027587890625,2465200.0,LLY,2023-01-10,0.008312294847283744
354.3399963378906,361.760009765625,351.0,360.4100036621094,351.9504699707031,2602800.0,LLY,2023-01-11,0.021482650574750756
359.25,360.5,353.0799865722656,359.1199951171875,350.6907043457031,2019700.0,LLY,2023-01-12,-0.003585804592404167
359.57000732421875,363.30999755859375,358.6400146484375,361.6199951171875,353.13201904296875,1690900.0,LLY,2023-01-13,0.006937327844436426
361.6199951171875,362.0,356.54998779296875,357.739990234375,349.3430480957031,2435200.0,LLY,2023-01-17,-0.010787593378535111
356.32000732421875,359.0,351.5799865722656,352.010009765625,343.74761962890625,2302300.0,LLY,2023-01-18,-0.01614666101957132
352.3699951171875,355.79998779296875,350.4200134277344,351.0799865722656,342.8394470214844,2658300.0,LLY,2023-01-19,-0.002645471146165374
347.0,349.07000732421875,341.5799865722656,346.07000732421875,337.9470520019531,5391900.0,LLY,2023-01-20,-0.014373020764538214
346.6099853515625,346.6099853515625,340.2200012207031,342.2099914550781,334.1776428222656,3403100.0,LLY,2023-01-23,-0.011216516006087805
346.0,346.6300048828125,341.3599853515625,346.3900146484375,338.25958251953125,2242500.0,LLY,2023-01-24,0.012140880021098545
345.54998779296875,349.7799987792969,345.1000061035156,349.7300109863281,341.52117919921875,2503300.0,LLY,2023-01-25,0.0095960988955055
351.0,352.17999267578125,346.7300109863281,348.010009765625,339.8415222167969,2576200.0,LLY,2023-01-26,-0.004930297421128453
346.1099853515625,348.0899963378906,341.5299987792969,342.1000061035156,334.0702819824219,2363600.0,LLY,2023-01-27,-0.01712800188206374
344.3299865722656,347.79998779296875,339.4599914550781,340.5,332.5077819824219,2647700.0,LLY,2023-01-30,-0.004688131657076072
340.67999267578125,344.3999938964844,339.3800048828125,344.1499938964844,336.0721435546875,2406700.0,LLY,2023-01-31,0.010662585595614657
342.7900085449219,345.94000244140625,337.5199890136719,342.57000732421875,334.5292663574219,2990900.0,LLY,2023-02-01,-0.00460148128774774
334.0,335.29998779296875,317.0,330.70001220703125,322.9378356933594,13036600.0,LLY,2023-02-02,-0.03526452304197645
332.95001220703125,342.3299865722656,329.3699951171875,339.0799865722656,331.12109375,5670700.0,LLY,2023-02-03,0.025024305071826573
341.9800109863281,343.4200134277344,334.6199951171875,337.6600036621094,329.7344665527344,3055700.0,LLY,2023-02-06,-0.004196466869534516
336.04998779296875,340.9599914550781,332.69000244140625,339.67999267578125,331.7070617675781,2464100.0,LLY,2023-02-07,0.005964551599644518
338.55999755859375,342.8699951171875,337.82000732421875,340.7300109863281,332.73236083984375,2399400.0,LLY,2023-02-08,0.0030862102734570754
340.8900146484375,347.3500061035156,340.5,341.7900085449219,333.76751708984375,3072800.0,LLY,2023-02-09,0.003106248377863522
343.2699890136719,348.42999267578125,342.7300109863281,345.1199951171875,337.0193786621094,1980000.0,LLY,2023-02-10,0.009695738147909215
346.4700012207031,350.80999755859375,346.0,350.3999938964844,342.1754150390625,2291600.0,LLY,2023-02-13,0.015183082892948618
350.5400085449219,353.82000732421875,347.2799987792969,347.55999755859375,340.5002136230469,2028900.0,LLY,2023-02-14,-0.004907762070615259
345.8500061035156,346.8699951171875,334.3500061035156,335.010009765625,328.205078125,3600700.0,LLY,2023-02-15,-0.036777101779671084
331.0,332.94000244140625,325.7200012207031,326.07000732421875,319.4466552734375,3654200.0,LLY,2023-02-16,-0.027048354462899167
323.1499938964844,331.5899963378906,320.5,328.3999938964844,321.7293395996094,3695600.0,LLY,2023-02-17,0.007120335098632144
327.1499938964844,331.7200012207031,326.3299865722656,327.510009765625,320.857421875,2515600.0,LLY,2023-02-21,-0.002713775981682013
328.7099914550781,332.6000061035156,326.3299865722656,329.07000732421875,322.3857727050781,2379800.0,LLY,2023-02-22,0.004752024487854305
328.010009765625,332.8299865722656,325.69000244140625,327.5199890136719,320.8672790527344,2229500.0,LLY,2023-02-23,-0.0047213035954812195
326.0,327.2300109863281,320.0899963378906,321.6400146484375,315.1067199707031,2594600.0,LLY,2023-02-24,-0.018116201730741414
322.6000061035156,323.3999938964844,315.8999938964844,316.6199951171875,310.1886901855469,3043500.0,LLY,2023-02-27,-0.015730584678086884
315.489990234375,315.489990234375,309.6400146484375,311.2200012207031,304.8983154296875,3966900.0,LLY,2023-02-28,-0.01720246134163482
310.0,316.9100036621094,309.20001220703125,314.1700134277344,307.78839111328125,3580800.0,LLY,2023-03-01,0.009434176026056467
311.7900085449219,316.29998779296875,310.5299987792969,315.04998779296875,308.6504821777344,2885200.0,LLY,2023-03-02,0.002797006041749291
316.3699951171875,320.1600036621094,315.239990234375,318.42999267578125,311.96185302734375,3002800.0,LLY,2023-03-03,0.010671403342466128
316.94000244140625,320.239990234375,316.5,318.9599914550781,312.48114013671875,2673700.0,LLY,2023-03-06,0.0016632013963348662
319.0,320.3500061035156,309.6000061035156,310.6300048828125,304.3203125,2620800.0,LLY,2023-03-07,-0.026463309556628713
310.5,313.0299987792969,309.32000732421875,312.5400085449219,306.1915283203125,2313200.0,LLY,2023-03-08,0.006130009460106313
312.30999755859375,318.7699890136719,312.30999755859375,316.8500061035156,310.4139404296875,3920300.0,LLY,2023-03-09,0.013695882782498833
318.8500061035156,326.5299987792969,314.3399963378906,315.0199890136719,308.62115478515625,4597300.0,LLY,2023-03-10,-0.005792210072325255
317.239990234375,331.79998779296875,317.239990234375,324.489990234375,317.8987731933594,5275600.0,LLY,2023-03-13,0.029618520406862154
324.04998779296875,327.2799987792969,321.44000244140625,327.07000732421875,320.4263916015625,4214300.0,LLY,2023-03-14,0.007919573780069626
326.0,331.3599853515625,324.5,329.4700012207031,322.77764892578125,4743500.0,LLY,2023-03-15,0.007311110159166744
327.6400146484375,331.70001220703125,325.0400085449219,329.5299987792969,322.83636474609375,3498200.0,LLY,2023-03-16,0.00018189140641612414
331.5,334.95001220703125,328.1000061035156,329.17999267578125,322.49346923828125,8679800.0,LLY,2023-03-17,-0.0010626985520428187
329.17999267578125,333.94000244140625,329.010009765625,333.6000061035156,326.82366943359375,3540900.0,LLY,2023-03-20,0.013337902643598392
334.3900146484375,334.44000244140625,328.0799865722656,331.0799865722656,324.3549499511719,3240400.0,LLY,2023-03-21,-0.007582347566561514
331.7699890136719,335.6000061035156,330.6499938964844,330.9700012207031,324.2471008300781,2472200.0,LLY,2023-03-22,-0.00033255868358053397
330.8900146484375,335.3399963378906,330.2099914550781,332.6400146484375,325.88323974609375,2703400.0,LLY,2023-03-23,0.005033274923629904
332.989990234375,336.92999267578125,328.7699890136719,336.1300048828125,329.30230712890625,2791900.0,LLY,2023-03-24,0.010437038595108847
327.79998779296875,336.2200012207031,323.260009765625,334.6000061035156,327.8033752441406,3102300.0,LLY,2023-03-27,-0.004562232605399755
335.79998779296875,338.8299865722656,334.7200012207031,337.6499938964844,330.7914733886719,2433200.0,LLY,2023-03-28,0.009074224174161687
339.0,339.7699890136719,334.5799865722656,335.8699951171875,329.0475769042969,2743800.0,LLY,2023-03-29,-0.005285836126189778
336.07000732421875,341.30999755859375,336.07000732421875,340.69000244140625,333.76971435546875,2146900.0,LLY,2023-03-30,0.014248926238192003
342.0,343.6499938964844,340.69000244140625,343.4200134277344,336.4442443847656,2933600.0,LLY,2023-03-31,0.00798116539196895
343.239990234375,351.5400085449219,342.29998779296875,350.739990234375,343.61553955078125,3039600.0,LLY,2023-04-03,0.021090972196430493
352.07000732421875,359.0,351.2699890136719,354.6199951171875,347.4167785644531,3585900.0,LLY,2023-04-04,0.011001735389792463
358.0799865722656,364.8500061035156,357.92999267578125,362.239990234375,354.8819885253906,3442700.0,LLY,2023-04-05,0.021260157342373246
364.8500061035156,369.5,364.25,368.2900085449219,360.80908203125,3531700.0,LLY,2023-04-06,0.016563652278253606
368.17999267578125,368.3500061035156,363.0400085449219,367.0,359.5452575683594,1868000.0,LLY,2023-04-10,-0.003508900245723045
367.760009765625,368.79998779296875,363.5899963378906,364.0400085449219,356.6454162597656,2027000.0,LLY,2023-04-11,-0.00809800312015322
364.0199890136719,372.44000244140625,363.3299865722656,369.04998779296875,361.5536804199219,2672600.0,LLY,2023-04-12,0.013668467696407612
372.6199951171875,375.55999755859375,370.30999755859375,375.1499938964844,367.5296936035156,2839900.0,LLY,2023-04-13,0.01639359018080515
374.239990234375,376.30999755859375,372.510009765625,374.7300109863281,367.1182861328125,2287900.0,LLY,2023-04-14,-0.0011200126456688394
375.0,375.8999938964844,371.1600036621094,372.3500061035156,364.7866516113281,2059700.0,LLY,2023-04-17,-0.006371435111305263
373.0,374.260009765625,369.6600036621094,369.9100036621094,362.39617919921875,1925300.0,LLY,2023-04-18,-0.006574635488258676
370.54998779296875,371.2799987792969,367.3500061035156,370.4700012207031,362.9447937011719,2173000.0,LLY,2023-04-19,0.0015127081664089537
371.3900146484375,376.05999755859375,369.760009765625,374.80999755859375,367.1966552734375,2766500.0,LLY,2023-04-20,0.011646810741240608
378.010009765625,386.2699890136719,378.0,385.239990234375,377.414794921875,3682500.0,LLY,2023-04-21,0.027447284424403938
385.239990234375,387.04998779296875,381.6300048828125,383.3500061035156,375.5632019042969,2059700.0,LLY,2023-04-24,-0.004918063363006055
385.04998779296875,390.4800109863281,384.0,384.8399963378906,377.0229187011719,2648600.0,LLY,2023-04-25,0.0038792068772540464
381.1199951171875,381.5,370.67999267578125,376.2699890136719,368.6269836425781,3161200.0,LLY,2023-04-26,-0.02252072959623519
391.260009765625,398.5299987792969,380.7699890136719,390.3500061035156,382.4210510253906,4981300.0,LLY,2023-04-27,0.036736981099856035
398.0,404.30999755859375,392.510009765625,395.8599853515625,387.8190612792969,5350100.0,LLY,2023-04-28,0.014016664530716998
397.260009765625,407.3500061035156,392.260009765625,405.80999755859375,397.56695556640625,4091100.0,LLY,2023-05-01,0.024824467640802258
407.0,411.5400085449219,399.260009765625,404.20001220703125,395.9896240234375,3884600.0,LLY,2023-05-02,-0.003975352635987221
415.0299987792969,434.20001220703125,414.30999755859375,431.19000244140625,422.4314270019531,10129800.0,LLY,2023-05-03,0.06463912172053497
431.45001220703125,432.70001220703125,425.2200012207031,428.44000244140625,419.7372741699219,4070700.0,LLY,2023-05-04,-0.006398152814299822
428.1000061035156,431.2699890136719,424.55999755859375,427.80999755859375,419.12005615234375,2753400.0,LLY,2023-05-05,-0.001471568779696808
426.20001220703125,435.0,423.0,432.7200012207031,423.9302978515625,2478600.0,LLY,2023-05-08,0.011411640781887536
431.7699890136719,435.6000061035156,428.04998779296875,428.3800048828125,419.6784973144531,2601600.0,LLY,2023-05-09,-0.010080114297228538
426.05999755859375,438.3900146484375,426.05999755859375,435.9200134277344,427.06536865234375,2766300.0,LLY,2023-05-10,0.017448154129232053
436.70001220703125,436.8500061035156,431.1199951171875,435.54998779296875,426.7028503417969,2595900.0,LLY,2023-05-11,-0.0008492195522586685
440.1600036621094,445.5400085449219,434.4200134277344,434.42999267578125,426.712646484375,3939200.0,LLY,2023-05-12,2.2957498697884756e-05
435.3699951171875,436.0,430.6700134277344,434.510009765625,426.7912292480469,2234800.0,LLY,2023-05-15,0.00018414155138195775
434.20001220703125,438.4800109863281,430.6600036621094,436.6499938964844,428.89324951171875,2128800.0,LLY,2023-05-16,0.004913083137836493
438.79998779296875,438.95001220703125,432.7300109863281,437.4700012207031,429.6986999511719,2274200.0,LLY,2023-05-17,0.0018762129699310787
436.510009765625,439.5199890136719,433.5899963378906,437.8900146484375,430.1112365722656,2268100.0,LLY,2023-05-18,0.0009595996399348219
439.0,447.510009765625,439.0,442.3800048828125,434.5214538574219,3442800.0,LLY,2023-05-19,0.010201454516802707
444.30999755859375,454.95001220703125,432.3900146484375,433.989990234375,426.2804870605469,4398000.0,LLY,2023-05-22,-0.019147769517216542
432.9200134277344,435.8900146484375,421.510009765625,423.2099914550781,415.6920471191406,4492100.0,LLY,2023-05-23,-0.025152835158815123
424.0,428.9599914550781,420.260009765625,425.7699890136719,418.2064514160156,3133000.0,LLY,2023-05-24,0.006030498727078089
426.3800048828125,428.20001220703125,419.79998779296875,427.30999755859375,419.7191467285156,2882200.0,LLY,2023-05-25,0.003610575829579908
424.8999938964844,431.6700134277344,423.6700134277344,425.7900085449219,418.22613525390625,2338400.0,LLY,2023-05-26,-0.003563509662603826
423.7900085449219,428.7300109863281,422.05999755859375,427.239990234375,419.650390625,2595700.0,LLY,2023-05-30,0.0033996816926581876
427.0,430.55999755859375,424.010009765625,429.4599914550781,421.8309631347656,3950900.0,LLY,2023-05-31,0.005182711134260136
430.2699890136719,436.7900085449219,428.1300048828125,436.489990234375,428.7361145019531,2914400.0,LLY,2023-06-01,0.01623693945655318
439.9599914550781,444.70001220703125,436.7799987792969,442.3299865722656,434.47235107421875,2499000.0,LLY,2023-06-02,0.013290696834962168
443.0,447.79998779296875,441.7099914550781,444.260009765625,436.3680419921875,2113800.0,LLY,2023-06-05,0.00435371148934286
447.8299865722656,448.8699951171875,440.0199890136719,443.07000732421875,435.19921875,1495300.0,LLY,2023-06-06,-0.0026821198902743084
440.20001220703125,446.69000244140625,435.67999267578125,436.3699951171875,428.61822509765625,2458300.0,LLY,2023-06-07,-0.015237295860003441
435.8800048828125,447.4700012207031,432.3399963378906,445.6600036621094,437.7431640625,2040300.0,LLY,2023-06-08,0.0210657504390377
449.29998779296875,449.29998779296875,442.6000061035156,446.0400085449219,438.1164245605469,2082000.0,LLY,2023-06-09,0.0008523295868243637
446.1499938964844,446.989990234375,438.67999267578125,445.30999755859375,437.3993835449219,2566600.0,LLY,2023-06-12,-0.0016379856749699179
443.6700134277344,447.3999938964844,442.25,445.7200012207031,437.80206298828125,1766300.0,LLY,2023-06-13,0.0009201983688875858
444.2900085449219,448.7799987792969,443.5400085449219,447.7200012207031,439.7666320800781,2163300.0,LLY,2023-06-14,0.004477307325784636
448.0,456.5799865722656,447.69000244140625,453.92999267578125,445.8662414550781,2287100.0,LLY,2023-06-15,0.013774795413528313
455.79998779296875,456.9800109863281,447.5,447.7099914550781,439.7567443847656,4295700.0,LLY,2023-06-16,-0.013797279626176875
445.8599853515625,454.8800048828125,445.1099853515625,451.95001220703125,443.92144775390625,2506300.0,LLY,2023-06-20,0.009425906945565159
454.5,455.3399963378906,450.2099914550781,453.0,444.9528503417969,2347500.0,LLY,2023-06-21,0.002320694957646742
455.0,462.260009765625,453.82000732421875,457.67999267578125,449.5496520996094,2912500.0,LLY,2023-06-22,0.0102779862800263
457.0,460.010009765625,452.32000732421875,458.8399963378906,450.68902587890625,4832100.0,LLY,2023-06-23,0.002531271796092858
465.260009765625,465.260009765625,448.9200134277344,452.760009765625,444.7170715332031,3214700.0,LLY,2023-06-26,-0.013339294684790295
462.5,467.9800109863281,451.70001220703125,464.5,456.24847412109375,4138700.0,LLY,2023-06-27,0.025599274843065595
468.510009765625,468.5299987792969,457.32000732421875,458.70001220703125,450.551513671875,2854700.0,LLY,2023-06-28,-0.012565142214493778
459.05999755859375,465.8299865722656,457.510009765625,464.489990234375,456.2386474609375,2112400.0,LLY,2023-06-29,0.012543604025243271
464.6499938964844,469.8699951171875,464.0,468.9800109863281,460.6489562988281,3173200.0,LLY,2023-06-30,0.009620247528600651
466.260009765625,466.260009765625,457.3699951171875,461.4200134277344,453.2232360839844,2113200.0,LLY,2023-07-03,-0.016251470851443003
462.1000061035156,467.25,460.0,465.70001220703125,457.42718505859375,2130200.0,LLY,2023-07-05,0.009232914719778666
463.1199951171875,467.6000061035156,461.6199951171875,463.2099914550781,454.98138427734375,2191700.0,LLY,2023-07-06,-0.00536120926887587
462.3299865722656,463.6099853515625,451.239990234375,452.0799865722656,444.0491027832031,2914700.0,LLY,2023-07-07,-0.02432135626633795
452.9599914550781,454.6700134277344,449.7099914550781,453.1600036621094,445.1099853515625,2011400.0,LLY,2023-07-10,0.0023862615496516304
450.0,450.55999755859375,437.6099853515625,439.3900146484375,431.5845642089844,3570900.0,LLY,2023-07-11,-0.030857941089321345
438.4700012207031,444.29998779296875,435.010009765625,440.6000061035156,432.7730407714844,3107800.0,LLY,2023-07-12,0.0027499666911508006
440.2300109863281,442.239990234375,434.3399963378906,434.70001220703125,426.9778137207031,2865100.0,LLY,2023-07-13,-0.013481381943728115
441.1000061035156,450.45001220703125,440.8699951171875,449.4599914550781,441.4756164550781,2955000.0,LLY,2023-07-14,0.033390736272313676
449.45001220703125,450.6199951171875,443.260009765625,447.1400146484375,439.1968994140625,2347900.0,LLY,2023-07-17,-0.005174959103020602
446.95001220703125,453.32000732421875,445.0400085449219,451.20001220703125,443.1847839355469,2237000.0,LLY,2023-07-18,0.009038972019813435
451.3999938964844,455.0,448.55999755859375,453.55999755859375,445.5028381347656,2212800.0,LLY,2023-07-19,0.005216814995128577
455.1499938964844,465.2200012207031,455.0,463.82000732421875,455.5805969238281,2624200.0,LLY,2023-07-20,0.02236902513918523
465.4100036621094,467.0400085449219,461.9700012207031,462.0400085449219,453.8321838378906,2226700.0,LLY,2023-07-21,-0.0038451521182526704
462.0,465.6400146484375,457.6700134277344,459.32000732421875,451.1605529785156,2190700.0,LLY,2023-07-24,-0.005904221131802658
457.760009765625,460.9200134277344,456.6000061035156,457.5400085449219,449.4121398925781,1737800.0,LLY,2023-07-25,-0.003882896509067999
455.0,455.0,446.55999755859375,453.5899963378906,445.5323181152344,1959800.0,LLY,2023-07-26,-0.008670585195254479
453.32000732421875,458.67999267578125,452.25,454.989990234375,446.9074401855469,1883500.0,LLY,2023-07-27,0.003081716487446639
455.1300048828125,459.57000732421875,451.7799987792969,458.4800109863281,450.3354797363281,1437600.0,LLY,2023-07-28,0.0076413112989051615
459.0199890136719,459.0199890136719,450.79998779296875,454.54998779296875,446.4752502441406,2110200.0,LLY,2023-07-31,-0.008608847338614478
455.3500061035156,457.3699951171875,451.45001220703125,453.0899963378906,445.04119873046875,1738200.0,LLY,2023-08-01,-0.0032171088983615963
455.2300109863281,461.6400146484375,451.32000732421875,454.4800109863281,446.4064636230469,2366600.0,LLY,2023-08-02,0.003063031106955286
450.7799987792969,454.1000061035156,448.260009765625,449.1600036621094,441.1810302734375,2414100.0,LLY,2023-08-03,-0.011774599703348975
449.239990234375,452.4700012207031,446.8900146484375,449.489990234375,441.5051574707031,1870400.0,LLY,2023-08-04,0.0007344109748955586
453.25,455.0,450.5799865722656,454.0799865722656,446.0135803222656,2446400.0,LLY,2023-08-07,0.010159699033429
506.0,538.0,502.7099914550781,521.5999755859375,512.3341674804688,15094500.0,LLY,2023-08-08,0.13862768229324193
520.3699951171875,532.530029296875,516.8900146484375,526.22998046875,516.8818969726562,5376600.0,LLY,2023-08-09,0.008837326284980247
523.469970703125,528.739990234375,519.989990234375,521.3400268554688,512.078857421875,4108500.0,LLY,2023-08-10,-0.009335777705790967
523.719970703125,531.8099975585938,520.0,528.280029296875,518.8955078125,2524300.0,LLY,2023-08-11,0.013223897618943624
531.280029296875,542.2999877929688,529.25,538.0,529.5756225585938,3981100.0,LLY,2023-08-14,0.020373444450434156
537.72998046875,547.2899780273438,533.780029296875,546.6199951171875,538.060546875,2826800.0,LLY,2023-08-15,0.01589512083804208
547.4000244140625,552.8699951171875,542.5,546.239990234375,537.6865844726562,2597100.0,LLY,2023-08-16,-0.0006952608220099685
543.2100219726562,548.7999877929688,537.3900146484375,537.6599731445312,529.240966796875,2549900.0,LLY,2023-08-17,-0.015831991730300497
535.030029296875,547.77001953125,533.9000244140625,546.4299926757812,537.87353515625,2958600.0,LLY,2023-08-18,0.01617962582729716
546.989990234375,553.5,545.75,550.0499877929688,541.4368286132812,2305400.0,LLY,2023-08-21,0.00660293187740088
549.530029296875,556.0999755859375,547.280029296875,553.6599731445312,544.9904174804688,1936600.0,LLY,2023-08-22,0.006541812262225344
556.719970703125,557.4000244140625,548.2100219726562,553.3599853515625,544.6951293945312,2121300.0,LLY,2023-08-23,-0.0005419693672404642
552.7000122070312,556.97998046875,547.2999877929688,548.0,539.4190673828125,1776700.0,LLY,2023-08-24,-0.00973348321081332
549.6300048828125,556.0999755859375,547.0800170898438,553.6500244140625,544.9805908203125,1847600.0,LLY,2023-08-25,0.010257421529371383
550.1300048828125,556.22998046875,550.1199951171875,553.9199829101562,545.2462768554688,1373700.0,LLY,2023-08-28,0.000487395877487837
553.4500122070312,556.3499755859375,549.8599853515625,553.9000244140625,545.2266235351562,1701200.0,LLY,2023-08-29,-3.6045499723229334e-05
555.010009765625,557.75,547.0399780273438,547.989990234375,539.4091796875,2191100.0,LLY,2023-08-30,-0.010727102341734072
547.02001953125,557.4099731445312,543.0,554.2000122070312,545.52197265625,3043400.0,LLY,2023-08-31,0.01126865541701352
556.3200073242188,559.2100219726562,553.510009765625,557.1099853515625,548.3863525390625,2030800.0,LLY,2023-09-01,0.005236977109249947
559.22998046875,561.9299926757812,556.7100219726562,558.1900024414062,549.4493408203125,2257200.0,LLY,2023-09-05,0.0019365167663472338
561.02001953125,561.5900268554688,552.7000122070312,559.9500122070312,551.1819458007812,2424300.0,LLY,2023-09-06,0.003148386626311818
564.1900024414062,576.3099975585938,562.6199951171875,573.22998046875,564.2539672851562,3707100.0,LLY,2023-09-07,0.02343948193956029
572.3300170898438,587.5499877929688,571.219970703125,586.4600219726562,577.27685546875,4308300.0,LLY,2023-09-08,0.022817523518651295
587.1500244140625,598.1599731445312,584.47998046875,595.5599975585938,586.2343139648438,3876500.0,LLY,2023-09-11,0.015397592570853887
590.969970703125,601.1300048828125,587.8499755859375,599.2999877929688,589.915771484375,3212100.0,LLY,2023-09-12,0.006260203673224251
594.6599731445312,600.75,591.7000122070312,598.8800048828125,589.5023193359375,3126600.0,LLY,2023-09-13,-0.0007011121307902891
599.239990234375,601.8400268554688,590.010009765625,591.6099853515625,582.3461303710938,3244800.0,LLY,2023-09-14,-0.012213657706083462
592.0,594.0599975585938,575.0599975585938,575.6599731445312,566.6458740234375,5941200.0,LLY,2023-09-15,-0.02733044887252952
578.0,578.0,564.4099731445312,571.280029296875,562.3345336914062,2723600.0,LLY,2023-09-18,-0.007637619325218132
571.6199951171875,578.4099731445312,570.6300048828125,574.9600219726562,565.956787109375,2185100.0,LLY,2023-09-19,0.006420798947278905
573.4199829101562,575.25,569.1900024414062,569.6400146484375,560.7203369140625,1869900.0,LLY,2023-09-20,-0.009295454373632028
567.1900024414062,568.0,542.5,550.1300048828125,541.5156860351562,4049900.0,LLY,2023-09-21,-0.03485023928283347
548.8099975585938,555.489990234375,547.6300048828125,550.5399780273438,541.9192504882812,2353800.0,LLY,2023-09-22,0.0007449722326368823
550.0999755859375,552.6599731445312,545.75,552.2899780273438,543.6417846679688,1686500.0,LLY,2023-09-25,0.0031735398924431484
550.7000122070312,554.1300048828125,548.0,550.010009765625,541.3974609375,1864300.0,LLY,2023-09-26,-0.004136858533481093
549.8900146484375,551.6900024414062,543.6699829101562,549.760009765625,541.1514282226562,2004200.0,LLY,2023-09-27,-0.00045454338652669424
551.3200073242188,551.6799926757812,541.4000244140625,544.4500122070312,535.924560546875,2178800.0,LLY,2023-09-28,-0.00970573805695541
545.489990234375,546.0900268554688,532.2000122070312,537.1300048828125,528.71923828125,2967700.0,LLY,2023-09-29,-0.013535855440310834
536.010009765625,540.6400146484375,526.8099975585938,538.2899780273438,529.8610229492188,2810100.0,LLY,2023-10-02,0.0021572008331565257
536.0,537.3400268554688,516.5700073242188,525.1900024414062,516.9662475585938,3266100.0,LLY,2023-10-03,-0.024637164118952223
525.5599975585938,536.1699829101562,523.6300048828125,531.4600219726562,523.1380004882812,2220400.0,LLY,2023-10-04,0.011867705334659834
533.5399780273438,542.5,531.6099853515625,541.47998046875,533.0010986328125,2950700.0,LLY,2023-10-05,0.0186781928630632
544.0,566.3599853515625,542.7100219726562,565.219970703125,556.369384765625,4745200.0,LLY,2023-10-06,0.042908949361193854
564.02001953125,579.7899780273438,563.5800170898438,571.760009765625,562.806884765625,4208100.0,LLY,2023-10-09,0.011504123474742898
570.0,585.9500122070312,569.72998046875,579.3099975585938,570.23876953125,3526700.0,LLY,2023-10-10,0.013118608807061454
596.2000122070312,608.7899780273438,585.010009765625,605.280029296875,595.8021850585938,5850600.0,LLY,2023-10-11,0.04385354067732702
605.4600219726562,613.0,602.2000122070312,610.5,600.9403076171875,4063500.0,LLY,2023-10-12,0.008586900125232853
617.8900146484375,629.969970703125,602.5599975585938,609.2000122070312,599.6607666015625,3963800.0,LLY,2023-10-13,-0.0021315015079464788
610.989990234375,621.97998046875,608.4299926757812,616.6400146484375,606.9841918945312,2941500.0,LLY,2023-10-16,0.012138641386890437
619.0,620.4000244140625,602.530029296875,608.3099975585938,598.78466796875,2911700.0,LLY,2023-10-17,-0.01360070008994701
607.239990234375,615.8800048828125,603.239990234375,607.239990234375,597.7314453125,2049100.0,LLY,2023-10-18,-0.0017604826488841748
605.0,605.0,578.3400268554688,590.7999877929688,581.5487670898438,3493700.0,LLY,2023-10-19,-0.0274467322329172
590.0,596.9199829101562,580.8800048828125,584.6400146484375,575.4852905273438,3666900.0,LLY,2023-10-20,-0.01048116437192778
586.0599975585938,588.3400268554688,576.1400146484375,576.6500244140625,567.6204223632812,2781900.0,LLY,2023-10-23,-0.013760743527616472
580.0,594.52001953125,579.1099853515625,592.4299926757812,583.1531982421875,2633000.0,LLY,2023-10-24,0.02699700270487004
596.9400024414062,599.7000122070312,585.8699951171875,586.4600219726562,577.27685546875,2283300.0,LLY,2023-10-25,-0.010127957278082982
580.0,581.0,566.1599731445312,568.0999755859375,559.204345703125,2846500.0,LLY,2023-10-26,-0.03180700809311262
563.010009765625,570.8099975585938,556.6400146484375,560.22998046875,551.45751953125,2717400.0,LLY,2023-10-27,-0.013950153590464422
571.2100219726562,573.2100219726562,562.5499877929688,565.7100219726562,556.8517456054688,2290900.0,LLY,2023-10-30,0.009734230035059802
568.969970703125,569.6099853515625,547.6099853515625,553.9299926757812,545.2560424804688,3661400.0,LLY,2023-10-31,-0.0210435515630324
555.0,558.4299926757812,551.260009765625,554.4600219726562,545.77783203125,2935900.0,LLY,2023-11-01,0.0009565048395897526
578.3300170898438,597.4400024414062,571.989990234375,580.2899780273438,571.2034301757812,5181300.0,LLY,2023-11-02,0.04553342432049857
578.4299926757812,583.0,567.1799926757812,567.8099975585938,558.918701171875,3056500.0,LLY,2023-11-03,-0.021741389825083165
571.0999755859375,597.7100219726562,571.010009765625,595.1900024414062,585.8699951171875,3978500.0,LLY,2023-11-06,0.047093887236545735
597.0,601.9400024414062,590.1300048828125,599.9299926757812,590.535888671875,3168200.0,LLY,2023-11-07,0.007932496913771228
607.6599731445312,625.8699951171875,592.1799926757812,619.1300048828125,609.4351806640625,7776400.0,LLY,2023-11-08,0.03150218434640216
614.760009765625,615.6500244140625,583.4299926757812,591.3200073242188,582.0607299804688,6279800.0,LLY,2023-11-09,-0.04595780555553811
595.0,598.8599853515625,586.0,597.7100219726562,588.3505859375,3645900.0,LLY,2023-11-10,0.010748215475849077
594.3499755859375,618.75,578.1500244140625,612.7100219726562,603.11572265625,5744800.0,LLY,2023-11-13,0.024786085041600427
608.219970703125,616.0399780273438,602.6699829101562,610.8200073242188,602.3662719726562,3827600.0,LLY,2023-11-14,-0.0012434043535956263
610.8800048828125,612.9099731445312,584.4199829101562,588.5399780273438,580.3947143554688,4287000.0,LLY,2023-11-15,-0.03715727142803745
591.5,595.0900268554688,581.75,588.75,580.601806640625,3030500.0,LLY,2023-11-16,0.00035674919538085517
592.4500122070312,596.1799926757812,587.2100219726562,591.7100219726562,583.5209350585938,2628200.0,LLY,2023-11-17,0.005015166239553377
591.4400024414062,604.8599853515625,590.6900024414062,597.5999755859375,589.3291625976562,2827200.0,LLY,2023-11-20,0.009904547960367549
598.4400024414062,601.5599975585938,591.77001953125,592.5999755859375,584.3983764648438,1851600.0,LLY,2023-11-21,-0.008401975714703679
595.4000244140625,599.1799926757812,586.75,595.0900268554688,586.8540649414062,2052200.0,LLY,2023-11-22,0.00419327548538569
598.3599853515625,603.5,596.97998046875,601.0999755859375,592.78076171875,1341700.0,LLY,2023-11-24,0.010048442979341553
601.1699829101562,603.6900024414062,591.1400146484375,591.530029296875,583.3433837890625,2630700.0,LLY,2023-11-27,-0.016048612760579214
592.0,595.3800048828125,589.3599853515625,591.5999755859375,583.4122314453125,1793900.0,LLY,2023-11-28,0.00011801555601014624
592.2000122070312,594.5399780273438,584.4400024414062,591.8599853515625,583.668701171875,1908600.0,LLY,2023-11-29,0.0004395063333195882
591.4600219726562,596.22998046875,586.2100219726562,591.0399780273438,582.8599243164062,5658400.0,LLY,2023-11-30,-0.0013866389000458863
591.7000122070312,601.969970703125,583.0,584.0399780273438,575.9568481445312,3638600.0,LLY,2023-12-01,-0.011914148969216809
582.1300048828125,587.0900268554688,574.3300170898438,585.6799926757812,577.5743408203125,2577100.0,LLY,2023-12-04,0.0028044213305310926
583.280029296875,591.7999877929688,579.3699951171875,588.1500244140625,580.0100708007812,2157300.0,LLY,2023-12-05,0.00420830403504172
590.739990234375,593.9000244140625,584.4000244140625,589.25,581.0947875976562,2093100.0,LLY,2023-12-06,0.0018684223127505898
588.280029296875,588.8699951171875,577.6099853515625,588.27001953125,580.1283569335938,2095000.0,LLY,2023-12-07,-0.0016645050380622644
589.0,598.2999877929688,584.77001953125,598.0499877929688,589.77294921875,2446800.0,LLY,2023-12-08,0.016488246886332374
598.6599731445312,601.1900024414062,567.4099731445312,584.0399780273438,575.9568481445312,5614100.0,LLY,2023-12-11,-0.023704889526593546
582.0,585.8499755859375,578.1699829101562,584.760009765625,576.6668701171875,2846100.0,LLY,2023-12-12,0.0012320101542519586
583.260009765625,598.6699829101562,582.3099975585938,597.5,589.2306518554688,3112500.0,LLY,2023-12-13,0.021552954444154778
594.5,594.5,568.6900024414062,573.6699829101562,565.73046875,5275900.0,LLY,2023-12-14,-0.04069994491185779
572.0999755859375,573.7100219726562,561.6500244140625,572.0399780273438,564.1229858398438,5317000.0,LLY,2023-12-15,-0.0028454734341651954
576.469970703125,583.0499877929688,575.7000122070312,579.760009765625,571.7361450195312,3033900.0,LLY,2023-12-18,0.01340531229812967
580.25,585.1099853515625,577.25,579.8099975585938,571.7854614257812,2192700.0,LLY,2023-12-19,8.625356268329787e-05
576.47998046875,579.8599853515625,570.030029296875,570.2100219726562,562.318359375,2647100.0,LLY,2023-12-20,-0.016695688323873713
571.4099731445312,575.0,567.02001953125,572.0,564.0835571289062,1786500.0,LLY,2023-12-21,0.003134226199474571
573.02001953125,575.9000244140625,567.4199829101562,570.3900146484375,562.4957885742188,2226100.0,LLY,2023-12-22,-0.002818744391188607
569.5,572.77001953125,567.6400146484375,570.6699829101562,562.7719116210938,1678700.0,LLY,2023-12-26,0.000490768645308445
570.5,583.6799926757812,570.5,581.510009765625,573.4619750976562,2163400.0,LLY,2023-12-27,0.018817215424686354
581.97998046875,586.6900024414062,580.0,580.8499755859375,572.81103515625,1973500.0,LLY,2023-12-28,-0.0011357503937639312
582.8499755859375,586.1699829101562,579.469970703125,582.9199829101562,574.8523559570312,2000100.0,LLY,2023-12-29,0.003557354829459238
580.4099731445312,592.719970703125,579.0499877929688,592.2000122070312,584.0039672851562,3226700.0,LLY,2024-01-02,0.015794540524582026
600.0,619.8400268554688,598.7999877929688,617.7000122070312,609.151123046875,5130300.0,LLY,2024-01-03,0.04215861032650654
625.260009765625,636.4099731445312,613.27001953125,614.5,605.995361328125,6272500.0,LLY,2024-01-04,-0.005194054962192765
614.0,619.9400024414062,610.1900024414062,618.5499877929688,609.9893188476562,2404000.0,LLY,2024-01-05,0.006569115462277316
622.4299926757812,626.0599975585938,609.5900268554688,626.030029296875,617.3657836914062,2453900.0,LLY,2024-01-08,0.01202024360310797
630.1099853515625,634.4199829101562,623.719970703125,625.47998046875,616.8233642578125,2918900.0,LLY,2024-01-09,-0.0008789892042380264
628.489990234375,637.0499877929688,625.760009765625,630.1900024414062,621.4681396484375,2679100.0,LLY,2024-01-10,0.0075019446707486935
634.3900146484375,639.760009765625,628.1400146484375,635.719970703125,626.921630859375,2690300.0,LLY,2024-01-11,0.008736896168170619
638.2000122070312,644.0,633.010009765625,642.9199829101562,634.02197265625,2067800.0,LLY,2024-01-12,0.011262068857160109
643.9099731445312,647.72998046875,633.6699829101562,634.5700073242188,625.78759765625,2413600.0,LLY,2024-01-16,-0.013072598367269123
639.4500122070312,640.52001953125,625.1900024414062,628.9099731445312,620.2058715820312,2124100.0,LLY,2024-01-17,-0.008959538794739536
621.280029296875,623.8800048828125,612.7000122070312,623.3499755859375,614.722900390625,3385000.0,LLY,2024-01-18,-0.008879876061669505
622.3900146484375,629.5900268554688,620.0,628.5800170898438,619.8805541992188,3125000.0,LLY,2024-01-19,0.008355207161967207
630.0,632.6400146484375,625.0,630.8800048828125,622.1486206054688,2030200.0,LLY,2024-01-22,0.0036521991162847644
627.6900024414062,630.0,614.8200073242188,629.6799926757812,620.9652709960938,2525000.0,LLY,2024-01-23,-0.0019038480300221838
633.52001953125,643.1699829101562,632.0,633.7000122070312,624.9296264648438,2276900.0,LLY,2024-01-24,0.006363889692814151
627.3699951171875,632.6099853515625,624.6799926757812,627.6199951171875,618.9337768554688,2407900.0,LLY,2024-01-25,-0.009640762857570777
637.3499755859375,639.5999755859375,630.5,639.25,630.40283203125,2410300.0,LLY,2024-01-26,0.018360748085948148
641.5,645.6500244140625,639.77001953125,645.0,636.0732421875,2718500.0,LLY,2024-01-29,0.008954686412873834
645.7000122070312,646.7999877929688,641.0,644.97998046875,636.0535278320312,2006100.0,LLY,2024-01-30,-3.099432530619767e-05
650.3800048828125,663.5499877929688,637.0,645.6099853515625,636.6748046875,4719000.0,LLY,2024-01-31,0.0009762914660445495
647.3300170898438,660.52001953125,643.1699829101562,660.4299926757812,651.2896728515625,2494300.0,LLY,2024-02-01,0.022695494695838956
662.3800048828125,672.6199951171875,659.739990234375,667.6500244140625,658.4097290039062,3019200.0,LLY,2024-02-02,0.010872916772699987
691.02001953125,711.8800048828125,682.530029296875,706.2000122070312,696.4262084960938,7602400.0,LLY,2024-02-05,0.05613441545110397
742.0,742.0,691.0999755859375,705.030029296875,695.2724609375,8187300.0,LLY,2024-02-06,-0.0016580425752332891
710.3800048828125,740.989990234375,707.02001953125,725.3800048828125,715.3408203125,5798000.0,LLY,2024-02-07,0.02845530202088632
728.3200073242188,741.0,725.75,735.6799926757812,725.498291015625,4636900.0,LLY,2024-02-08,0.014099615838343703
735.5,745.7000122070312,733.6099853515625,740.1599731445312,729.9161376953125,2833900.0,LLY,2024-02-09,0.006070930947615197
740.7999877929688,740.7999877929688,726.4500122070312,737.260009765625,727.0563354492188,2932300.0,LLY,2024-02-12,-0.003925682840964313
730.1799926757812,742.97998046875,730.1799926757812,742.969970703125,732.6873168945312,2860300.0,LLY,2024-02-13,0.007715066089809802
745.8200073242188,764.0499877929688,745.0,757.3099975585938,748.1380615234375,3394300.0,LLY,2024-02-14,0.020868504249294737
755.7999877929688,762.989990234375,750.010009765625,757.780029296875,748.602294921875,2507000.0,LLY,2024-02-15,0.0006203259120060151
771.030029296875,794.469970703125,763.5,782.0599975585938,772.588134765625,5009400.0,LLY,2024-02-16,0.03153823149163415
790.0,793.3800048828125,753.2000122070312,755.6599731445312,746.5078735351562,4701100.0,LLY,2024-02-20,-0.03433992838450505
738.0800170898438,749.5,733.239990234375,745.9099731445312,736.8759765625,3541800.0,LLY,2024-02-21,-0.012986567624665024
763.5800170898438,775.1199951171875,756.27001953125,769.6400146484375,760.3185424804688,3167400.0,LLY,2024-02-22,0.031317883744212044
774.0,777.6500244140625,762.260009765625,769.5399780273438,760.2197875976562,2394800.0,LLY,2024-02-23,-0.00012989463139188046
771.2999877929688,780.219970703125,769.1199951171875,771.9199829101562,762.5709228515625,2243800.0,LLY,2024-02-26,0.0030879320526571935
754.9000244140625,772.9500122070312,745.4400024414062,765.0,755.73486328125,2716700.0,LLY,2024-02-27,-0.00900491301091099
762.25,763.0,751.6599731445312,757.6400146484375,748.4639282226562,2716300.0,LLY,2024-02-28,-0.009667594109873454
753.0800170898438,756.4600219726562,744.030029296875,753.6799926757812,744.5518798828125,3905400.0,LLY,2024-02-29,-0.005240476720364729
769.02001953125,784.0800170898438,764.1300048828125,782.1199951171875,772.6473999023438,4247500.0,LLY,2024-03-01,0.03704026561452104
796.4400024414062,800.780029296875,786.1599731445312,792.280029296875,782.684326171875,3855600.0,LLY,2024-03-04,0.0129066557720369
785.3099975585938,788.530029296875,769.280029296875,777.5900268554688,768.17236328125,3168700.0,LLY,2024-03-05,-0.018715315954783523
784.2899780273438,787.8499755859375,774.0,779.77001953125,770.325927734375,2518600.0,LLY,2024-03-06,0.0027995687382468986
771.8400268554688,792.989990234375,761.1199951171875,780.1599731445312,770.7111206054688,3977400.0,LLY,2024-03-07,0.000499913846368244
780.0,780.0,755.0,762.1400146484375,752.9094848632812,4054900.0,LLY,2024-03-08,-0.023368607357421068
752.2100219726562,756.7999877929688,727.6199951171875,734.3699951171875,725.4757080078125,3968900.0,LLY,2024-03-11,-0.03711742589036511
740.9600219726562,755.969970703125,738.010009765625,754.9500122070312,745.8065795898438,2701700.0,LLY,2024-03-12,0.027638701237185235
757.0,760.77001953125,745.7100219726562,757.8400268554688,748.6615600585938,2357500.0,LLY,2024-03-13,0.003820735773610633
764.9500122070312,768.0,749.4000244140625,760.72998046875,751.5164184570312,2647500.0,LLY,2024-03-14,0.0038060308651120056
755.3800048828125,760.8900146484375,747.7100219726562,754.1699829101562,745.0359497070312,3730100.0,LLY,2024-03-15,-0.008660584679601914
762.280029296875,769.6799926757812,758.25,762.6599731445312,753.4229736328125,2521400.0,LLY,2024-03-18,0.0111943162116182
758.4400024414062,773.8499755859375,755.0,772.780029296875,763.4205932617188,2557100.0,LLY,2024-03-19,0.013182327596183712
770.1099853515625,773.1599731445312,756.6400146484375,772.8599853515625,763.4995727539062,2038000.0,LLY,2024-03-20,0.00010344940621744406
774.0,780.5399780273438,758.8800048828125,770.260009765625,760.93115234375,3013200.0,LLY,2024-03-21,-0.0033696812825731175
770.0,777.0,767.280029296875,770.6099853515625,761.2767333984375,1981000.0,LLY,2024-03-22,0.0004540523851723711
771.0999755859375,778.489990234375,768.1500244140625,773.1400146484375,763.7761840820312,1806600.0,LLY,2024-03-25,0.0032778573029934085
774.2000122070312,778.3300170898438,769.0,774.9000244140625,765.514892578125,2099000.0,LLY,2024-03-26,0.0022738761401247492
778.7100219726562,785.260009765625,767.3800048828125,778.1799926757812,768.755126953125,2297700.0,LLY,2024-03-27,0.004223818690416548
780.3200073242188,793.6699829101562,776.4400024414062,777.9600219726562,768.537841796875,3209400.0,LLY,2024-03-28,-0.0002826854244622116
776.0,777.5,753.8200073242188,760.5499877929688,751.3387451171875,2921300.0,LLY,2024-04-01,-0.0226331940690341
755.0700073242188,765.0700073242188,753.5,763.9600219726562,754.7073974609375,2596800.0,LLY,2024-04-02,0.00447351228675951
765.6900024414062,787.25,765.4099731445312,775.989990234375,766.5916748046875,3044900.0,LLY,2024-04-03,0.015624171893670609
781.5399780273438,787.9000244140625,767.8200073242188,768.0800170898438,758.7775268554688,2354000.0,LLY,2024-04-04,-0.010245672060672898
765.469970703125,786.7100219726562,763.0900268554688,784.2100219726562,774.712158203125,2113400.0,LLY,2024-04-05,0.020782930661799363
785.02001953125,785.2000122070312,773.3499755859375,777.2899780273438,767.8759155273438,1664200.0,LLY,2024-04-08,-0.008863399823532372
777.6400146484375,777.8200073242188,750.6500244140625,757.239990234375,748.0687255859375,2464100.0,LLY,2024-04-09,-0.02613329889089951
751.280029296875,765.260009765625,746.8300170898438,761.97998046875,752.7513427734375,1700300.0,LLY,2024-04-10,0.006240098304714008
759.780029296875,763.3300170898438,750.6699829101562,759.5900268554688,750.3902587890625,1594800.0,LLY,2024-04-11,-0.003141534934250681
759.5700073242188,763.5,749.7899780273438,751.6400146484375,742.53662109375,2495000.0,LLY,2024-04-12,-0.010521225450915881
760.0700073242188,768.0,749.52001953125,750.77001953125,741.6771240234375,2358600.0,LLY,2024-04-15,-0.0011581851592697668
751.6799926757812,753.1400146484375,743.0,746.739990234375,737.6959228515625,2569800.0,LLY,2024-04-16,-0.005382294602788901
759.2000122070312,771.8300170898438,744.8800048828125,750.77001953125,741.6771240234375,3069400.0,LLY,2024-04-17,0.005382294602788986
749.4199829101562,752.2000122070312,743.77001953125,745.9500122070312,736.9155883789062,1717300.0,LLY,2024-04-18,-0.006440654095513147
749.1599731445312,750.010009765625,722.0700073242188,726.3099975585938,717.5133056640625,3505500.0,LLY,2024-04-19,-0.02668185960283944
729.739990234375,737.8800048828125,725.4199829101562,731.3300170898438,722.4725341796875,2354100.0,LLY,2024-04-22,0.006887912346429557
741.2000122070312,746.1599731445312,731.4400024414062,745.6900024414062,736.6586303710938,2042000.0,LLY,2024-04-23,0.019445192497881274
752.6400146484375,752.6400146484375,728.7899780273438,732.2000122070312,723.33203125,2133400.0,LLY,2024-04-24,-0.01825623903610205
725.0,727.989990234375,718.2999877929688,724.8699951171875,716.0908203125,2608800.0,LLY,2024-04-25,-0.010061354821072307
723.47998046875,737.4500122070312,721.0,733.510009765625,724.6261596679688,2009200.0,LLY,2024-04-26,0.011848877099923943
735.75,740.5800170898438,729.6099853515625,737.2000122070312,728.2714233398438,2665600.0,LLY,2024-04-29,0.00501793294087195
775.0,795.5,767.6599731445312,781.0999755859375,771.6397705078125,7437100.0,LLY,2024-04-30,0.057844009641991885
774.760009765625,782.6099853515625,768.25,776.75,767.3424072265625,2802100.0,LLY,2024-05-01,-0.0055846968373839635
777.3400268554688,777.3400268554688,754.2899780273438,755.9099731445312,746.7548828125,3205600.0,LLY,2024-05-02,-0.02719612994780249
743.0,745.0,730.3400268554688,734.969970703125,726.0684204101562,4595100.0,LLY,2024-05-03,-0.02809274245269651
738.0399780273438,766.989990234375,736.0,766.6799926757812,757.3944702148438,3398300.0,LLY,2024-05-06,0.04223996105740088
768.9000244140625,779.0900268554688,762.1099853515625,777.77001953125,768.35009765625,2879400.0,LLY,2024-05-07,0.014361271169184842
779.0999755859375,781.3499755859375,772.2000122070312,775.0,765.6135864257812,2089800.0,LLY,2024-05-08,-0.0035678995035228938
777.0,784.0,769.2000122070312,771.5499877929688,762.2054443359375,2522100.0,LLY,2024-05-09,-0.004461454759178793
774.02001953125,777.4199829101562,760.0,760.0,750.7953491210938,2082300.0,LLY,2024-05-10,-0.01508302120845697
763.5,763.5499877929688,750.530029296875,757.7000122070312,748.5232543945312,1848900.0,LLY,2024-05-13,-0.003030838756379004
751.52001953125,764.5,751.52001953125,763.97998046875,754.7271118164062,1956200.0,LLY,2024-05-14,0.008253971238151503
764.1500244140625,787.6599731445312,763.0999755859375,787.02001953125,778.8132934570312,3038300.0,LLY,2024-05-15,0.031415099895634846
784.7100219726562,786.47998046875,770.1400146484375,771.1199951171875,763.0791015625,2299700.0,LLY,2024-05-16,-0.020409644822716497
772.8900146484375,774.8699951171875,767.0999755859375,770.0,761.9708251953125,1670300.0,LLY,2024-05-17,-0.001453429875102711
766.9000244140625,784.3300170898438,766.1199951171875,783.1799926757812,775.0133666992188,2188800.0,LLY,2024-05-20,0.01697200875002819
792.4600219726562,816.6099853515625,791.3900146484375,803.1699829101562,794.794921875,4334500.0,LLY,2024-05-21,0.025203844912848303
801.0,804.8800048828125,795.25,802.9099731445312,794.53759765625,1767500.0,LLY,2024-05-22,-0.0003238142022971273
810.0,820.6099853515625,802.1599731445312,808.4500122070312,800.019775390625,3025800.0,LLY,2024-05-23,0.006876139331698206
808.0,810.1199951171875,804.1500244140625,807.4299926757812,799.0104370117188,1778100.0,LLY,2024-05-24,-0.0012624383268439346
809.0,809.0,788.25,807.8599853515625,799.4359741210938,2483500.0,LLY,2024-05-28,0.0005324383932601501
803.0,815.6099853515625,802.0900268554688,811.530029296875,803.0678100585938,2380000.0,LLY,2024-05-29,0.004532709615410975
812.7899780273438,819.989990234375,806.1099853515625,815.0599975585938,806.5609130859375,1984600.0,LLY,2024-05-30,0.004340266125571229
818.7999877929688,826.2100219726562,811.0999755859375,820.3400268554688,811.7858276367188,4472100.0,LLY,2024-05-31,0.006457123894965282
823.8300170898438,838.280029296875,818.5,831.260009765625,822.5919799804688,2537200.0,LLY,2024-06-03,0.013223759847476
834.0,835.469970703125,825.3099975585938,832.5900268554688,823.9080810546875,1748300.0,LLY,2024-06-04,0.0015986654184408672
830.489990234375,838.4500122070312,817.6199951171875,831.760009765625,823.0867309570312,2169000.0,LLY,2024-06-05,-0.000997392535489939
834.8800048828125,846.969970703125,831.8800048828125,837.2899780273438,828.55908203125,2109000.0,LLY,2024-06-06,0.006626567337925476
837.760009765625,856.8099975585938,837.010009765625,849.989990234375,841.126708984375,2468800.0,LLY,2024-06-07,0.015054166919077842
853.97998046875,871.6300048828125,849.3900146484375,865.0,855.9801635742188,3417500.0,LLY,2024-06-10,0.017504889188143694
882.1400146484375,882.1400146484375,852.22998046875,865.8200073242188,856.7916259765625,4109100.0,LLY,2024-06-11,0.0009475430036947254
872.0,872.0,853.8499755859375,867.2999877929688,858.2562255859375,2594600.0,LLY,2024-06-12,0.0017079406432512858
869.030029296875,885.0599975585938,861.5,883.3300170898438,874.1190185546875,2243400.0,LLY,2024-06-13,0.018313857094762093
882.3300170898438,884.6099853515625,876.0,878.4500122070312,869.2898559570312,2023300.0,LLY,2024-06-14,-0.00553992241192849
878.0,892.2000122070312,876.8599853515625,885.010009765625,875.781494140625,2532200.0,LLY,2024-06-17,0.007440003101141324
887.0,894.8699951171875,884.0,891.4600219726562,882.164306640625,2437000.0,LLY,2024-06-18,0.007261703455844589
893.0,905.4500122070312,870.1300048828125,885.989990234375,876.7513427734375,3360000.0,LLY,2024-06-20,-0.006154906811137532
885.6599731445312,891.969970703125,879.7999877929688,883.8800048828125,874.663330078125,3445900.0,LLY,2024-06-21,-0.002384373862930272
889.97998046875,903.5800170898438,882.9400024414062,890.1099853515625,880.828369140625,2878200.0,LLY,2024-06-24,0.007023746577919224
891.77001953125,909.4199829101562,891.5,904.6099853515625,895.1771850585938,2830100.0,LLY,2024-06-25,0.016158877544218016
904.0,906.3499755859375,897.8400268554688,901.260009765625,891.8619995117188,2232100.0,LLY,2024-06-26,-0.0037102592697184455
903.530029296875,909.5700073242188,899.719970703125,909.0399780273438,899.5609130859375,1948100.0,LLY,2024-06-27,0.008595358382192695
911.3099975585938,915.5399780273438,905.3800048828125,905.3800048828125,895.9390258789062,3375400.0,LLY,2024-06-28,-0.004034410741051057
911.77001953125,916.8300170898438,904.3099975585938,914.3699951171875,904.8353881835938,2546100.0,LLY,2024-07-01,0.009880676460929294
902.7100219726562,912.0,878.5,906.7100219726562,897.2553100585938,4584600.0,LLY,2024-07-02,-0.008412587487278439
911.0,918.5,884.0,898.0999755859375,888.7349853515625,3078400.0,LLY,2024-07-03,-0.00954136130299462
898.4299926757812,916.4600219726562,896.9000244140625,914.5700073242188,905.033203125,2880900.0,LLY,2024-07-05,0.018172544707284764
917.8900146484375,928.6099853515625,912.0,918.0,908.4275512695312,2364600.0,LLY,2024-07-08,0.0037435076555090963
929.0499877929688,935.0,920.780029296875,932.5,922.7763061523438,2416000.0,LLY,2024-07-09,0.015671710713852257
936.5700073242188,945.6900024414062,933.0,939.780029296875,929.98046875,2683300.0,LLY,2024-07-10,0.00777673465049309
934.0900268554688,942.8800048828125,918.6199951171875,934.1400146484375,924.399169921875,2855100.0,LLY,2024-07-11,-0.006019604147081878
937.0,950.7899780273438,936.030029296875,948.4000244140625,938.510498046875,2315100.0,LLY,2024-07-12,0.015150061513347681
956.2000122070312,966.0999755859375,948.0900268554688,950.4600219726562,940.549072265625,2358700.0,LLY,2024-07-15,0.0021697822152641037
955.75,956.3900146484375,938.3800048828125,941.5999755859375,931.7814331054688,2111800.0,LLY,2024-07-16,-0.009365550816626426
910.010009765625,925.0,902.6400146484375,905.5900268554688,896.14697265625,4200600.0,LLY,2024-07-17,-0.0389938418420101
907.030029296875,909.8699951171875,836.6599731445312,848.9000244140625,840.0480346679688,7649600.0,LLY,2024-07-18,-0.06464535717463409
867.6599731445312,880.2100219726562,853.0,857.469970703125,848.5286865234375,3782200.0,LLY,2024-07-19,0.010044818285027604
864.7999877929688,874.4199829101562,856.8200073242188,865.969970703125,856.9400634765625,2904500.0,LLY,2024-07-22,0.00986408593578344
870.0,887.719970703125,864.0800170898438,878.2899780273438,869.1315307617188,2087700.0,LLY,2024-07-23,0.014126494019226143
872.5,878.3400268554688,854.27001953125,859.8800048828125,850.9136352539062,2726100.0,LLY,2024-07-24,-0.02118383533580257
847.0,851.6199951171875,806.3800048828125,821.1900024414062,812.6270141601562,5468000.0,LLY,2024-07-25,-0.04603841012859174
811.8699951171875,822.010009765625,801.2999877929688,804.6199951171875,796.2297973632812,4173900.0,LLY,2024-07-26,-0.020384392770312027
814.010009765625,824.77001953125,804.0,807.7899780273438,799.36669921875,2473700.0,LLY,2024-07-29,0.003931953853785618
815.1799926757812,821.9000244140625,775.8099975585938,790.2100219726562,781.9700927734375,3848600.0,LLY,2024-07-30,-0.022003292911335945
800.1699829101562,811.1400146484375,792.0900268554688,804.27001953125,795.8834228515625,2961700.0,LLY,2024-07-31,0.01763622613620081
833.6199951171875,840.8900146484375,820.1799926757812,832.4400024414062,823.7597045898438,4060700.0,LLY,2024-08-01,0.03442614532158498
816.6699829101562,820.1900024414062,787.02001953125,804.4600219726562,796.0714721679688,3515900.0,LLY,2024-08-02,-0.034189895767192155
758.0,792.9400024414062,747.5499877929688,775.260009765625,767.1759033203125,4661800.0,LLY,2024-08-05,-0.03697285649565352
789.1400146484375,806.27001953125,785.0,793.1799926757812,784.9091186523438,3437600.0,LLY,2024-08-06,0.02285182418920426
778.2999877929688,786.5800170898438,763.02001953125,772.1400146484375,764.0885620117188,4407700.0,LLY,2024-08-07,-0.026884237350913918
875.0,877.780029296875,825.239990234375,845.3099975585938,836.4955444335938,9434900.0,LLY,2024-08-08,0.09053749266152017
860.0,908.489990234375,860.0,891.6799926757812,882.3819580078125,6587600.0,LLY,2024-08-09,0.05340382725611976
904.2100219726562,904.719970703125,883.0,884.3800048828125,875.1580810546875,4206100.0,LLY,2024-08-12,-0.00822048712726634
894.0800170898438,914.6900024414062,890.3300170898438,908.0499877929688,898.5812377929688,3506800.0,LLY,2024-08-13,0.026412582940023997
910.0,934.3800048828125,903.7899780273438,931.6799926757812,921.96484375,3562900.0,LLY,2024-08-14,0.025689975364265174
936.0,937.9600219726562,920.0,931.5800170898438,923.154052734375,3080000.0,LLY,2024-08-15,0.0012890325401872529
928.3900146484375,936.2999877929688,919.3900146484375,922.1199951171875,913.7796020507812,2364900.0,LLY,2024-08-16,-0.01020671818235739
922.1199951171875,926.0,916.5,921.8099975585938,913.4723510742188,2374600.0,LLY,2024-08-19,-0.0003362984277376149
932.0999755859375,967.0,930.510009765625,949.969970703125,941.3776245117188,4961500.0,LLY,2024-08-20,0.030091252036536724
955.6199951171875,956.5,939.1699829101562,951.969970703125,943.3595581054688,2617000.0,LLY,2024-08-21,0.0021031413213158327
951.97998046875,972.530029296875,948.1400146484375,954.1699829101562,945.5397338867188,3183700.0,LLY,2024-08-22,0.0023084097269005515
955.4400024414062,960.5,943.1099853515625,952.739990234375,944.1226196289062,2063300.0,LLY,2024-08-23,-0.0014998600367260183
949.2000122070312,955.0,942.77001953125,950.530029296875,941.9326171875,2166000.0,LLY,2024-08-26,-0.0023223110149731044
952.5,972.47998046875,949.9500122070312,954.47998046875,945.8468627929688,2912900.0,LLY,2024-08-27,0.0041469369239840684
954.1500244140625,958.3400268554688,943.260009765625,948.9400024414062,940.35693359375,1701800.0,LLY,2024-08-28,-0.0058211575147018016
955.0,957.52001953125,936.0,940.2000122070312,931.6961059570312,1762800.0,LLY,2024-08-29,-0.009252824834426214
945.0,961.0,940.510009765625,960.02001953125,951.3367919921875,2555100.0,LLY,2024-08-30,0.02086145000839039
957.77001953125,969.6500244140625,951.5800170898438,956.530029296875,947.8782958984375,2529400.0,LLY,2024-09-03,-0.0036420307933560814
949.75,954.0,938.010009765625,946.3099975585938,937.7507934570312,1891700.0,LLY,2024-09-04,-0.01074187906948292
941.1599731445312,943.0,906.1699829101562,912.75,904.4943237304688,3201100.0,LLY,2024-09-05,-0.036108205862717714
917.760009765625,927.9000244140625,893.0,902.7100219726562,894.545166015625,3440000.0,LLY,2024-09-06,-0.011060634523085472
912.5700073242188,915.4299926757812,895.9199829101562,908.27001953125,900.0548706054688,2405900.0,LLY,2024-09-09,0.006140334100919781
914.1099853515625,915.1099853515625,895.0,901.25,893.098388671875,1930400.0,LLY,2024-09-10,-0.0077589763138334305
902.1500244140625,921.5399780273438,897.2000122070312,920.8900146484375,912.5606689453125,2721100.0,LLY,2024-09-11,0.02155781727047277
924.3099975585938,937.6199951171875,918.6300048828125,935.02001953125,926.5628662109375,2510800.0,LLY,2024-09-12,0.015227327100227388
937.010009765625,942.3499755859375,922.0999755859375,923.7100219726562,915.355224609375,2045400.0,LLY,2024-09-13,-0.012169683309119956
931.1300048828125,932.6099853515625,920.4299926757812,923.5399780273438,915.1867065429688,1760300.0,LLY,2024-09-16,-0.00018411822642729555
921.5,921.5,902.2999877929688,906.1799926757812,897.9837036132812,2248000.0,LLY,2024-09-17,-0.01897617461303715
906.3099975585938,915.5,903.4600219726562,904.969970703125,896.7847290039062,1777000.0,LLY,2024-09-18,-0.001336077419173595
912.8499755859375,916.8099975585938,903.8599853515625,915.0399780273438,906.7636108398438,2446500.0,LLY,2024-09-19,0.011065945332019166
921.989990234375,939.8599853515625,913.2000122070312,921.489990234375,913.1552734375,9921800.0,LLY,2024-09-20,0.00702414699085315
921.0,922.0,909.4500122070312,918.52001953125,910.212158203125,2292000.0,LLY,2024-09-23,-0.003228222396930368
922.1199951171875,925.6799926757812,909.2000122070312,924.4299926757812,916.0686645507812,2767400.0,LLY,2024-09-24,0.00641360994431338
931.7899780273438,939.2999877929688,921.1900024414062,924.5599975585938,916.1975708007812,1805100.0,LLY,2024-09-25,0.00014070689916736886
920.260009765625,921.8499755859375,905.2999877929688,909.3200073242188,901.0953979492188,2693000.0,LLY,2024-09-26,-0.016620897983556704
893.6199951171875,901.2100219726562,875.6099853515625,877.7899780273438,869.8505249023438,4377300.0,LLY,2024-09-27,-0.035289745649816635
864.52001953125,887.4299926757812,858.8099975585938,885.9400024414062,877.9268798828125,3244600.0,LLY,2024-09-30,0.009241923420969305
888.8300170898438,891.27001953125,878.8699951171875,884.47998046875,876.4800415039062,2455200.0,LLY,2024-10-01,-0.0016493764237615275
880.0,893.3499755859375,878.7000122070312,891.0700073242188,883.0104370117188,1751600.0,LLY,2024-10-02,0.007423087051772545
889.5399780273438,892.0,880.8800048828125,885.5499877929688,877.5404052734375,1974700.0,LLY,2024-10-03,-0.006214020303829947
885.9099731445312,888.969970703125,876.8900146484375,887.1599731445312,879.1358032226562,1970500.0,LLY,2024-10-04,0.0018163829852501064
890.510009765625,905.280029296875,889.5700073242188,898.4000244140625,890.274169921875,2915700.0,LLY,2024-10-07,0.012590088217797763
903.0,921.969970703125,902.22998046875,913.719970703125,905.4554443359375,2200000.0,LLY,2024-10-08,0.0169085991416293
916.2899780273438,921.3499755859375,912.0,919.739990234375,911.4210815429688,1820100.0,LLY,2024-10-09,0.006566938986658362
920.0,922.0,905.1500244140625,910.6900024414062,902.4529418945312,1682100.0,LLY,2024-10-10,-0.009888462604452345
916.0399780273438,932.239990234375,911.1799926757812,932.0599975585938,923.6296997070312,2293900.0,LLY,2024-10-11,0.023194686521475497
936.0,937.0,926.0,929.510009765625,921.102783203125,1550400.0,LLY,2024-10-14,-0.0027396038263345548
924.4400024414062,926.52001953125,907.7999877929688,913.3200073242188,905.0591430664062,2284200.0,LLY,2024-10-15,-0.01757133657841537
910.030029296875,917.8099975585938,897.8400268554688,916.4199829101562,908.131103515625,1645400.0,LLY,2024-10-16,0.0033884622910149488
921.0,930.510009765625,916.0399780273438,917.1199951171875,908.8248291015625,2191200.0,LLY,2024-10-17,0.0007636130378217132
917.1799926757812,920.9199829101562,905.6199951171875,917.969970703125,909.6670532226562,2286900.0,LLY,2024-10-18,0.0009262886345546788
917.97998046875,918.8599853515625,904.5599975585938,906.1300048828125,897.9342041015625,1592200.0,LLY,2024-10-21,-0.01298186073938098
901.6799926757812,911.1199951171875,900.2000122070312,909.1500244140625,900.9268798828125,1391800.0,LLY,2024-10-22,0.003327303668831444
905.6199951171875,907.9500122070312,891.72998046875,903.25,895.0802612304688,2646600.0,LLY,2024-10-23,-0.00651070830548637
898.3300170898438,900.0,888.280029296875,891.3200073242188,883.2581787109375,1797100.0,LLY,2024-10-24,-0.013295845618570388
899.72998046875,900.9600219726562,889.4500122070312,892.7000122070312,884.625732421875,2228300.0,LLY,2024-10-25,0.0015471083537789804
894.8699951171875,898.2100219726562,890.780029296875,895.5900268554688,887.4895629882812,2084100.0,LLY,2024-10-28,0.003232106925447545
898.2100219726562,907.97998046875,898.2100219726562,903.5800170898438,895.4072875976562,3187500.0,LLY,2024-10-29,0.008881923436230342
798.5,860.5,769.0,846.8300170898438,839.1705932617188,18257200.0,LLY,2024-10-30,-0.06486466962984411
836.510009765625,853.5,825.239990234375,829.739990234375,822.2351684570312,6582800.0,LLY,2024-10-31,-0.020387567920805736
828.0,833.0,816.72998046875,818.9299926757812,811.5228881835938,5266300.0,LLY,2024-11-01,-0.013113855810201434
805.0,820.1900024414062,803.6799926757812,806.1400146484375,798.8486328125,3918100.0,LLY,2024-11-04,-0.015741109315056716
803.8300170898438,809.2100219726562,797.489990234375,806.0599975585938,798.769287109375,3733300.0,LLY,2024-11-05,-9.933001151382063e-05
817.3300170898438,820.72998046875,767.6099853515625,776.3800048828125,769.3577270507812,8257900.0,LLY,2024-11-06,-0.037516105953819025
784.6500244140625,802.5499877929688,778.1900024414062,797.4500122070312,790.2371826171875,4557600.0,LLY,2024-11-07,0.026777085499501065
803.5,847.27001953125,801.260009765625,831.5399780273438,824.0188598632812,7212900.0,LLY,2024-11-08,0.04186028626942714
831.2999877929688,844.0,824.6300048828125,832.4400024414062,824.9107055664062,3342800.0,LLY,2024-11-11,0.001081726968559165
830.2000122070312,833.989990234375,810.719970703125,818.8599853515625,811.4535522460938,3378600.0,LLY,2024-11-12,-0.016447996394918778
820.3200073242188,829.1099853515625,811.2899780273438,811.8099975585938,804.46728515625,3059300.0,LLY,2024-11-13,-0.008646847614276013
809.1900024414062,809.1900024414062,783.510009765625,786.22998046875,779.11865234375,3998800.0,LLY,2024-11-14,-0.032016952854948974
775.1900024414062,777.97998046875,744.2000122070312,746.2000122070312,740.6754150390625,7334600.0,LLY,2024-11-15,-0.05060085498995704
733.1900024414062,734.0,711.4000244140625,727.2000122070312,721.8160400390625,9148100.0,LLY,2024-11-18,-0.025792178707475938
716.3099975585938,730.0,712.4199829101562,729.72998046875,724.3273315429688,5832500.0,LLY,2024-11-19,0.003473091365071359
735.7899780273438,757.3699951171875,735.4600219726562,753.4099731445312,747.83203125,5158900.0,LLY,2024-11-20,0.03193499000214951
746.1199951171875,753.0,735.0,749.9199829101562,744.3678588867188,4143200.0,LLY,2024-11-21,-0.004643048976929571
757.0499877929688,761.280029296875,745.0800170898438,748.010009765625,742.4720458984375,4015500.0,LLY,2024-11-22,-0.002550125281914125
750.0,755.0,740.010009765625,755.0,749.4102783203125,5690500.0,LLY,2024-11-25,0.009301380318440007
785.2000122070312,807.0,773.9500122070312,789.3200073242188,783.4761352539062,6622600.0,LLY,2024-11-26,0.044454000514611035
788.1199951171875,794.8300170898438,780.2999877929688,788.1900024414062,782.3544921875,2714700.0,LLY,2024-11-27,-0.0014326495325810405
791.3300170898438,800.3300170898438,789.3300170898438,795.3499755859375,789.46142578125,2206900.0,LLY,2024-11-29,0.00904302080664153
798.1099853515625,805.3499755859375,795.219970703125,799.7999877929688,793.8786010742188,2895600.0,LLY,2024-12-02,0.00557958073132011
802.9299926757812,817.1300048828125,801.6099853515625,813.3300170898438,807.3084106445312,2782100.0,LLY,2024-12-03,0.01677521040100524
828.0999755859375,846.4600219726562,820.5,829.8400268554688,823.6962280273438,3871100.0,LLY,2024-12-04,0.020096042046845626
827.780029296875,831.1300048828125,817.4600219726562,825.6199951171875,819.5073852539062,2423400.0,LLY,2024-12-05,-0.005098396587234374
827.6799926757812,841.0,825.6900024414062,826.7100219726562,820.5892944335938,3047100.0,LLY,2024-12-06,0.0013193238545254906
823.7000122070312,823.7000122070312,801.280029296875,803.5800170898438,797.630615234375,3176000.0,LLY,2024-12-09,-0.02837713179353838
809.27001953125,814.0,797.0,799.5800170898438,793.6602172851562,2695200.0,LLY,2024-12-10,-0.004990170378975114
795.25,799.5,786.3699951171875,796.030029296875,790.1365356445312,3510900.0,LLY,2024-12-11,-0.004449671270072676
796.72998046875,801.8400268554688,778.3900146484375,782.3499755859375,776.5577392578125,2823800.0,LLY,2024-12-12,-0.01733476228442464
777.1300048828125,794.25,772.989990234375,789.1199951171875,783.2776489257812,3059400.0,LLY,2024-12-13,0.008616231292548156
792.0,799.780029296875,775.25,779.0,773.2325439453125,3426200.0,LLY,2024-12-16,-0.012907393072395447
777.8599853515625,788.0,772.4299926757812,778.6199951171875,772.8554077148438,3924800.0,LLY,2024-12-17,-0.00048785871145793383
775.0,779.0,762.5,764.7100219726562,759.0484008789062,3354200.0,LLY,2024-12-18,-0.01802643304537465
765.0999755859375,772.969970703125,752.4000244140625,757.5399780273438,751.9314575195312,4032600.0,LLY,2024-12-19,-0.009420371756187207
811.3499755859375,811.3499755859375,766.6099853515625,767.760009765625,762.0757446289062,9942300.0,LLY,2024-12-20,0.013400780266504058
785.1699829101562,799.3599853515625,773.0700073242188,796.280029296875,790.3846435546875,3622300.0,LLY,2024-12-23,0.03647376439717073
791.3699951171875,797.75,787.0999755859375,795.6699829101562,789.7791748046875,1165400.0,LLY,2024-12-24,-0.0007663367210367201
794.1199951171875,803.9099731445312,791.5,794.1400146484375,788.260498046875,1274200.0,LLY,2024-12-26,-0.0019247643171402817
790.0,793.2999877929688,779.219970703125,783.1699829101562,777.3717041015625,2096500.0,LLY,2024-12-27,-0.01390999686992802
777.9199829101562,779.760009765625,771.0,773.8400268554688,768.1107788085938,1719100.0,LLY,2024-12-30,-0.01198465364978746
771.0,773.9099731445312,764.2999877929688,772.0,766.2843627929688,2327000.0,LLY,2024-12-31,-0.0023806343342659244
780.5900268554688,787.0,771.77001953125,778.0700073242188,772.3094482421875,1938900.0,LLY,2025-01-02,0.007831977750254323
778.1699829101562,785.8400268554688,775.530029296875,781.97998046875,776.1905517578125,1799100.0,LLY,2025-01-03,0.005012737026155917
783.719970703125,784.77001953125,763.3499755859375,765.0999755859375,759.4354858398438,3991100.0,LLY,2025-01-06,-0.021822670936492868
764.9000244140625,783.9600219726562,761.6199951171875,773.2899780273438,767.5648193359375,3576100.0,LLY,2025-01-07,0.010647555564422408
773.8300170898438,792.5599975585938,770.6699829101562,787.219970703125,781.3916625976562,3478400.0,LLY,2025-01-08,0.01785358168160725
791.9299926757812,800.0,784.8599853515625,799.9000244140625,793.9778442382812,3973100.0,LLY,2025-01-10,0.015979044138144886
794.4000244140625,805.3400268554688,783.6099853515625,797.47998046875,791.57568359375,3683800.0,LLY,2025-01-13,-0.003030061666506247
784.22998046875,784.22998046875,729.0,744.9099731445312,739.3948974609375,10373000.0,LLY,2025-01-14,-0.06819334964896907
749.0,754.5999755859375,735.27001953125,746.739990234375,741.21142578125,5736900.0,LLY,2025-01-15,0.002453763979301847
747.5,765.510009765625,746.4000244140625,757.5999755859375,751.990966796875,3070300.0,LLY,2025-01-16,0.014438402099868899
747.8300170898438,755.280029296875,725.010009765625,725.719970703125,720.3469848632812,5560100.0,LLY,2025-01-17,-0.04299129229596568
731.27001953125,743.280029296875,726.530029296875,742.3499755859375,736.8538818359375,5122800.0,LLY,2025-01-21,0.02265659245133746
745.5800170898438,760.3699951171875,739.0499877929688,753.97998046875,748.397705078125,3737800.0,LLY,2025-01-22,0.015544916162800135
747.6599731445312,766.5999755859375,744.25,766.5999755859375,760.9243774414062,3127200.0,LLY,2025-01-23,0.01659945235310205
761.9500122070312,789.2899780273438,760.489990234375,785.4099731445312,779.5950927734375,4170600.0,LLY,2025-01-24,0.024240692758749648
778.7100219726562,809.25,778.7100219726562,808.1699829101562,802.1865844726562,3915200.0,LLY,2025-01-27,0.02856655670682129
807.239990234375,816.1500244140625,800.1099853515625,804.989990234375,799.0301513671875,2808800.0,LLY,2025-01-28,-0.003942548342605092
806.989990234375,809.1199951171875,799.0,804.0800170898438,798.1268920898438,1827600.0,LLY,2025-01-29,-0.0011310839811813041
808.4099731445312,824.6199951171875,805.0,823.22998046875,817.1350708007812,2643000.0,LLY,2025-01-30,0.023536809080276038
823.0,827.3499755859375,811.030029296875,811.0800170898438,805.0750732421875,2561600.0,LLY,2025-01-31,-0.01486887477663917
804.27001953125,817.9600219726562,801.75,810.4299926757812,804.4298706054688,2808800.0,LLY,2025-02-03,-0.0008017405274158539
811.0499877929688,829.0399780273438,805.9400024414062,826.0700073242188,819.9541015625,4299700.0,LLY,2025-02-04,0.019114573758670428
835.1500244140625,846.9000244140625,831.0599975585938,842.1799926757812,835.94482421875,4578900.0,LLY,2025-02-05,0.01931424618084158
839.52001953125,887.739990234375,835.6099853515625,870.3699951171875,863.9261474609375,7138500.0,LLY,2025-02-06,0.0329246765065955
876.530029296875,889.3599853515625,869.6199951171875,878.3099975585938,871.807373046875,4426100.0,LLY,2025-02-07,0.009081209362374169
877.72998046875,880.0,859.3699951171875,868.8800048828125,862.4472045898438,3065600.0,LLY,2025-02-10,-0.010794562075022081
867.030029296875,874.1900024414062,860.5,865.0,858.5958862304688,1944200.0,LLY,2025-02-11,-0.0044755704359080795
856.9299926757812,877.780029296875,856.1099853515625,872.969970703125,866.5067749023438,2533400.0,LLY,2025-02-12,0.009171563297377602
877.0700073242188,883.5,867.7999877929688,871.8599853515625,865.4050903320312,2472900.0,LLY,2025-02-13,-0.0012722179933291802
869.0999755859375,873.5,841.489990234375,844.27001953125,839.4636840820312,3222300.0,LLY,2025-02-14,-0.030434493233547924
856.4199829101562,862.72998046875,851.3599853515625,857.2000122070312,852.3200073242188,4289400.0,LLY,2025-02-18,0.01519883516513656
857.1799926757812,881.3300170898438,857.1799926757812,867.0499877929688,862.1139526367188,3205500.0,LLY,2025-02-19,0.011425405798902433
866.8400268554688,880.3200073242188,864.0,873.1199951171875,868.1494140625,2990300.0,LLY,2025-02-20,0.006976378302486371
880.6199951171875,894.4000244140625,873.4299926757812,873.6799926757812,868.7061767578125,3940400.0,LLY,2025-02-21,0.0006411157235242616
879.2899780273438,893.1099853515625,870.02001953125,881.4000244140625,876.3822631835938,3017100.0,LLY,2025-02-24,0.008797417663544025
890.739990234375,912.0,890.739990234375,901.7999877929688,896.6661376953125,5111300.0,LLY,2025-02-25,0.02288122474630362
898.3699951171875,922.4299926757812,896.5999755859375,915.010009765625,909.8009643554688,3032800.0,LLY,2025-02-26,0.014542261102862634
915.719970703125,925.5,904.0599975585938,905.1599731445312,900.0068969726562,3085400.0,LLY,2025-02-27,-0.010823428501686256
901.8400268554688,921.219970703125,892.6099853515625,920.6300048828125,915.388916015625,4071100.0,LLY,2025-02-28,0.0169465931974784
912.7999877929688,935.6300048828125,910.0,929.719970703125,924.4271240234375,3979800.0,LLY,2025-03-03,0.00982520047579658
922.239990234375,929.1599731445312,902.7899780273438,911.0599975585938,905.8733520507812,3343500.0,LLY,2025-03-04,-0.020274712022871233
904.7999877929688,930.489990234375,901.6400146484375,929.719970703125,924.4271240234375,3109500.0,LLY,2025-03-05,0.02027471202287132
920.4199829101562,931.3800048828125,898.280029296875,912.760009765625,907.563720703125,3273100.0,LLY,2025-03-06,-0.018410440946345162
905.3900146484375,908.0,861.3900146484375,869.5800170898438,864.6295776367188,4818100.0,LLY,2025-03-07,-0.04846259805728124
853.9099731445312,863.1900024414062,825.780029296875,829.760009765625,825.0362548828125,5962900.0,LLY,2025-03-10,-0.04687385058593366
827.2000122070312,832.3499755859375,811.6400146484375,824.0599975585938,819.36865234375,3796500.0,LLY,2025-03-11,-0.006893223142551482
814.9500122070312,834.6500244140625,813.260009765625,821.8599853515625,817.18115234375,3014800.0,LLY,2025-03-12,-0.002673308562313216
818.239990234375,821.1099853515625,795.3800048828125,801.6500244140625,797.0863037109375,3566300.0,LLY,2025-03-13,-0.024897840338923886
803.1099853515625,815.2100219726562,800.0,813.47998046875,808.848876953125,3102300.0,LLY,2025-03-14,0.014649138688035655
816.9500122070312,829.0,814.5700073242188,824.760009765625,820.064697265625,2546600.0,LLY,2025-03-17,0.013771138924487877
833.4199829101562,836.2899780273438,812.6199951171875,822.510009765625,817.8275146484375,2354900.0,LLY,2025-03-18,-0.0027317841701534986
821.719970703125,842.1300048828125,819.5,837.010009765625,832.2449340820312,3790500.0,LLY,2025-03-19,0.017475337341731418
839.030029296875,854.3900146484375,832.4600219726562,842.5700073242188,837.7733154296875,4402700.0,LLY,2025-03-20,0.006620767819482769
837.7999877929688,850.4299926757812,825.3200073242188,837.5700073242188,832.8017578125,5963800.0,LLY,2025-03-21,-0.00595192921701358
845.3200073242188,866.8699951171875,837.760009765625,864.9000244140625,859.9762573242188,3102400.0,LLY,2025-03-24,0.03210915307951965
869.5499877929688,874.9199829101562,847.9199829101562,852.3499755859375,847.49755859375,2670600.0,LLY,2025-03-25,-0.01461682256879895
845.6900024414062,851.4099731445312,826.4000244140625,826.760009765625,822.0532836914062,2562100.0,LLY,2025-03-26,-0.030482743570782515
822.8200073242188,826.77001953125,815.2899780273438,821.6699829101562,816.9922485351562,2128200.0,LLY,2025-03-27,-0.006175607866407117
820.0,829.780029296875,817.4299926757812,822.510009765625,817.8275146484375,2124700.0,LLY,2025-03-28,0.0010218449822682345
808.97998046875,828.010009765625,789.4000244140625,825.9099731445312,821.2081298828125,3737000.0,LLY,2025-03-31,0.004125133019003201
818.5999755859375,820.6599731445312,797.0,805.22998046875,800.6458129882812,2987700.0,LLY,2025-04-01,-0.02535791686005381
795.0399780273438,819.8499755859375,795.0399780273438,818.219970703125,813.5618896484375,2683800.0,LLY,2025-04-02,0.01600333376638786
810.510009765625,818.7899780273438,787.0599975585938,789.0900268554688,784.5977783203125,2675100.0,LLY,2025-04-03,-0.03625079984215416
762.1099853515625,768.27001953125,734.7000122070312,738.2100219726562,734.0074462890625,5299400.0,LLY,2025-04-04,-0.06665202879233417
697.9299926757812,748.0,677.0900268554688,723.72998046875,719.60986328125,6274400.0,LLY,2025-04-07,-0.019809964772078085
754.97998046875,763.5,713.280029296875,726.239990234375,722.1055908203125,4115200.0,LLY,2025-04-08,0.003462167274274446
704.4000244140625,754.8300170898438,689.0,753.7100219726562,749.419189453125,6619000.0,LLY,2025-04-09,0.03712711658114547
738.9000244140625,741.9500122070312,691.77001953125,720.9099731445312,716.8058471679688,4182700.0,LLY,2025-04-10,-0.04449347350555129
722.8900146484375,735.8400268554688,711.97998046875,732.4099731445312,728.2403564453125,3603400.0,LLY,2025-04-11,0.01582613470939986
750.4500122070312,759.5599975585938,734.52001953125,754.3499755859375,750.0554809570312,3461200.0,LLY,2025-04-14,0.029516024745509923
755.5700073242188,765.3099975585938,751.489990234375,757.1799926757812,752.8694458007812,2458100.0,LLY,2025-04-15,0.003744655613693306
755.6400146484375,756.2999877929688,730.3400268554688,734.9000244140625,730.71630859375,3302600.0,LLY,2025-04-16,-0.029866536331863192
840.7999877929688,858.0,821.8400268554688,839.9600219726562,835.1781616210938,10853400.0,LLY,2025-04-17,0.13361977161662547
841.510009765625,843.9099731445312,807.0,818.02001953125,813.363037109375,3326600.0,LLY,2025-04-21,-0.026467519313822338
821.8800048828125,832.0,814.0,827.5399780273438,822.8287963867188,3086500.0,LLY,2025-04-22,0.011570605217286136
836.9600219726562,846.010009765625,818.6400146484375,829.4199829101562,824.6981201171875,2714600.0,LLY,2025-04-23,0.0022692491563144268
836.0,862.25,829.2100219726562,859.72998046875,854.8355712890625,2939500.0,LLY,2025-04-24,0.035891731798220854
859.6599731445312,885.5800170898438,851.0700073242188,884.5399780273438,879.50439453125,3398900.0,LLY,2025-04-25,0.028449424629433187
870.4400024414062,882.25,864.4099731445312,877.2899780273438,872.2955932617188,3457600.0,LLY,2025-04-28,-0.008230211224140983
877.7000122070312,892.469970703125,874.030029296875,885.2000122070312,880.16064453125,2454400.0,LLY,2025-04-29,0.008976091850120107
888.2000122070312,902.5,882.1199951171875,898.9500122070312,893.8323364257812,4374100.0,LLY,2025-04-30,0.0154137730215918
844.0,850.9299926757812,792.0700073242188,794.0999755859375,789.5791625976562,12601100.0,LLY,2025-05-01,-0.12401811648674625
825.1199951171875,831.530029296875,807.5900268554688,823.6199951171875,818.93115234375,6059400.0,LLY,2025-05-02,0.036499919296770066
817.0,829.6400146484375,812.030029296875,821.4600219726562,816.7835083007812,2889600.0,LLY,2025-05-05,-0.002625941221587307
816.8900146484375,818.4199829101562,770.3499755859375,775.1199951171875,770.7073364257812,5982000.0,LLY,2025-05-06,-0.05806536411510183
780.5,784.3400268554688,772.260009765625,776.719970703125,772.2981567382812,3807800.0,LLY,2025-05-07,0.0020619769445994218
765.0,769.97998046875,739.0800170898438,751.4500122070312,747.172119140625,6162000.0,LLY,2025-05-08,-0.03307511642064119
752.010009765625,762.010009765625,733.0,734.5700073242188,730.38818359375,4072600.0,LLY,2025-05-09,-0.022719421277825547
727.8699951171875,765.3300170898438,722.1799926757812,755.5700073242188,751.2686157226562,9176100.0,LLY,2025-05-12,0.028187114049837425
755.5499877929688,759.5,740.8499755859375,746.0599975585938,741.812744140625,4523900.0,LLY,2025-05-13,-0.012666420276180828
749.239990234375,759.5,714.030029296875,715.5599975585938,711.486328125,7558500.0,LLY,2025-05-14,-0.041740643150747804
725.7000122070312,738.6799926757812,712.2100219726562,733.2899780273438,729.1154174804688,5212900.0,LLY,2025-05-15,0.024475840715787848
740.0,758.8699951171875,738.0,757.3900146484375,754.6218872070312,4645100.0,LLY,2025-05-16,0.03438476965930279
753.0,758.719970703125,747.5599975585938,755.1099853515625,752.3501586914062,4062700.0,LLY,2025-05-19,-0.003014960022170422
756.0,763.5,743.0,747.010009765625,744.27978515625,3873500.0,LLY,2025-05-20,-0.010784832672946743
747.0499877929688,750.52001953125,723.969970703125,724.9500122070312,722.3004150390625,4060000.0,LLY,2025-05-21,-0.029975879795326784
717.0999755859375,722.1900024414062,711.5499877929688,715.2000122070312,712.5860595703125,4249900.0,LLY,2025-05-22,-0.0135404494535432
710.0,719.6400146484375,709.0,713.7100219726562,711.1015625,2635700.0,LLY,2025-05-23,-0.0020854260236671824
717.030029296875,731.3099975585938,714.3300170898438,725.219970703125,722.5693969726562,3792700.0,LLY,2025-05-27,0.015998202360179334
725.219970703125,729.989990234375,714.739990234375,719.3900146484375,716.7608032226562,2948800.0,LLY,2025-05-28,-0.008071289385751305
719.22998046875,727.3300170898438,716.9600219726562,722.5700073242188,719.9291381835938,2785500.0,LLY,2025-05-29,0.0044106108157176095
725.0,745.9000244140625,717.1099853515625,737.6699829101562,734.973876953125,6106200.0,LLY,2025-05-30,0.02068216904368469
732.5,747.3699951171875,730.7000122070312,747.1199951171875,744.389404296875,2946900.0,LLY,2025-06-02,0.01272933376211405
746.25,757.0,741.4600219726562,750.780029296875,748.0360717773438,3056500.0,LLY,2025-06-03,0.004886910330024335
756.3900146484375,772.6199951171875,756.0,765.8400268554688,763.041015625,3135900.0,LLY,2025-06-04,0.01986058446062951
769.5,770.0,753.0499877929688,765.6799926757812,762.881591796875,3636400.0,LLY,2025-06-05,-0.00020895401631728223
768.47998046875,772.5999755859375,765.2000122070312,769.8800048828125,767.0662231445312,2069900.0,LLY,2025-06-06,0.0054703065581038195
771.9500122070312,779.2899780273438,767.5900268554688,773.7100219726562,770.8822021484375,2262200.0,LLY,2025-06-09,0.004962437975297401
777.0900268554688,808.6300048828125,777.0,807.1900024414062,804.2398681640625,4744400.0,LLY,2025-06-10,0.042361992080339514
809.6500244140625,820.719970703125,805.030029296875,808.6099853515625,805.6546630859375,3125400.0,LLY,2025-06-11,0.0017576248116044876
810.3300170898438,818.5599975585938,806.3499755859375,812.030029296875,809.0621948242188,2271100.0,LLY,2025-06-12,0.0042205997663494
810.3400268554688,825.0,808.0999755859375,819.3599853515625,816.3653564453125,2754600.0,LLY,2025-06-13,0.008986202750943915
821.6799926757812,825.0,805.760009765625,807.5800170898438,804.62841796875,2821800.0,LLY,2025-06-16,-0.014481417233427977
805.1599731445312,805.1599731445312,788.9400024414062,791.239990234375,788.34814453125,2875600.0,LLY,2025-06-17,-0.02044077819617508
789.9500122070312,790.6300048828125,779.4400024414062,785.030029296875,782.160888671875,2442900.0,LLY,2025-06-18,-0.00787934069698041
786.0,786.0,755.5599975585938,762.72998046875,759.9423217773438,6210600.0,LLY,2025-06-20,-0.028817921371180725
770.530029296875,793.2100219726562,763.8300170898438,770.6400146484375,767.8234252929688,3951500.0,LLY,2025-06-23,0.010317253727885844
772.8900146484375,784.4400024414062,763.02001953125,778.0800170898438,775.2362670898438,2788500.0,LLY,2025-06-24,0.009608051923779405
779.0,798.9500122070312,773.5999755859375,792.2999877929688,789.404296875,3023100.0,LLY,2025-06-25,0.0181107627764631
793.9500122070312,798.7999877929688,788.25,795.1199951171875,792.2139282226562,3118200.0,LLY,2025-06-26,0.0035528603028549513
795.7999877929688,802.5,774.6400146484375,775.4500122070312,772.6159057617188,4115100.0,LLY,2025-06-27,-0.025049429395106772
778.5399780273438,785.0,774.0,779.530029296875,776.6809692382812,3041500.0,LLY,2025-06-30,0.005247635712288165
779.530029296875,790.0,773.0,775.9000244140625,773.0642700195312,2734000.0,LLY,2025-07-01,-0.004667484297508408
776.5,779.8400268554688,768.0,779.280029296875,776.431884765625,1978300.0,LLY,2025-07-02,0.0043467291454925725
780.4600219726562,783.5499877929688,773.0,780.6699829101562,777.8167114257812,1450800.0,LLY,2025-07-03,0.0017819890975069393
780.6799926757812,781.1500244140625,762.030029296875,772.8699951171875,770.0452270507812,2576900.0,LLY,2025-07-07,-0.010041657443427806
774.8499755859375,792.6900024414062,768.7999877929688,777.6599731445312,774.8177490234375,3301800.0,LLY,2025-07-08,0.006178589595496412
783.7999877929688,794.0,781.989990234375,786.9199829101562,784.0439453125,2703100.0,LLY,2025-07-09,0.01183723232613413
789.6699829101562,799.489990234375,786.4299926757812,790.6500244140625,787.7603149414062,3130400.0,LLY,2025-07-10,0.004728803259037055
786.3499755859375,795.72998046875,777.2000122070312,793.010009765625,790.1116943359375,2852500.0,LLY,2025-07-11,0.002980445969414067
790.0,800.8800048828125,787.3599853515625,799.3400268554688,796.4185791015625,2401400.0,LLY,2025-07-14,0.007950580072255782
801.6699829101562,805.4199829101562,764.3800048828125,771.75,768.9293823242188,4174100.0,LLY,2025-07-15,-0.035125766013447475
773.5,796.0399780273438,772.1599731445312,789.7999877929688,786.9133911132812,3255400.0,LLY,2025-07-16,0.02311905818890078
786.7899780273438,790.0,760.02001953125,761.5,758.7168579101562,4107300.0,LLY,2025-07-17,-0.03648953138529325
763.8599853515625,775.9600219726562,760.5,771.7100219726562,768.8895263671875,3357700.0,LLY,2025-07-18,0.013318638800528278
768.1699829101562,772.0,760.5,762.1799926757812,759.3943481445312,3058000.0,LLY,2025-07-21,-0.012426095123030972
763.3400268554688,778.2899780273438,762.5,776.4400024414062,773.6022338867188,2496600.0,LLY,2025-07-22,0.018536626543398847
780.0,800.0900268554688,777.0800170898438,798.8900146484375,795.97021484375,2683600.0,LLY,2025-07-23,0.02850393482049687
801.3599853515625,810.1400146484375,797.6500244140625,805.4299926757812,802.4862670898438,2786400.0,LLY,2025-07-24,0.008152975590827383
809.0,815.1900024414062,802.3699951171875,812.6900024414062,809.7197875976562,2976900.0,LLY,2025-07-25,0.008973504380432543
812.6500244140625,820.219970703125,802.5,808.1099853515625,805.156494140625,2587700.0,LLY,2025-07-28,-0.00565158539357282
774.5,779.489990234375,755.1799926757812,762.9500122070312,760.1615600585938,7100700.0,LLY,2025-07-29,-0.05750567147085353
774.0,778.0999755859375,758.4099731445312,760.0800170898438,757.3020629882812,4338700.0,LLY,2025-07-30,-0.003768789460939738
747.2999877929688,766.4500122070312,735.4400024414062,740.0700073242188,737.3651733398438,5810300.0,LLY,2025-07-31,-0.026678944561436987
746.8200073242188,768.0,745.989990234375,762.3300170898438,759.5438232421875,4859500.0,LLY,2025-08-01,0.029634764801872517
759.969970703125,774.47998046875,752.5700073242188,769.0,766.1893920898438,3353400.0,LLY,2025-08-04,0.008711366846248694
765.5700073242188,769.9400024414062,759.52001953125,765.9500122070312,763.1505737304688,3615200.0,LLY,2025-08-05,-0.003974031185489693
756.5599975585938,763.0,740.1900024414062,746.3699951171875,743.6421508789062,4752100.0,LLY,2025-08-06,-0.02589541702974055
675.6599731445312,678.2899780273438,633.2000122070312,640.8599853515625,638.5177001953125,26101600.0,LLY,2025-08-07,-0.15241054250777183
655.0,656.1799926757812,623.780029296875,625.6500244140625,623.3634033203125,14125100.0,LLY,2025-08-08,-0.024019735978061955
629.4199829101562,654.4400024414062,625.9000244140625,635.219970703125,632.8983154296875,11294200.0,LLY,2025-08-11,0.015180109470910115
639.5,646.1799926757812,629.4000244140625,639.4299926757812,637.0929565429688,6897400.0,LLY,2025-08-12,0.006605803455785154
650.4000244140625,661.75,644.5,660.489990234375,658.0760498046875,6310000.0,LLY,2025-08-13,0.03240492829305847
662.0,685.47998046875,655.0999755859375,684.4299926757812,681.9285278320312,8395900.0,LLY,2025-08-14,0.035604352593973695
694.2000122070312,706.7899780273438,685.7999877929688,701.22998046875,700.20166015625,8224600.0,LLY,2025-08-15,0.02644352504058797
695.02001953125,707.75,693.5,698.0499877929688,697.0263061523438,4997300.0,LLY,2025-08-18,-0.004545227474876002
706.6099853515625,714.27001953125,698.5499877929688,703.2100219726562,702.1787719726562,5941000.0,LLY,2025-08-19,0.007364880517687371
701.52001953125,705.7999877929688,685.1500244140625,705.4400024414062,704.405517578125,4139400.0,LLY,2025-08-20,0.0031661770747918082
705.2000122070312,718.4000244140625,705.2000122070312,709.8200073242188,708.7791137695312,3617300.0,LLY,2025-08-21,0.0061897222175453515
715.0399780273438,719.4600219726562,709.4299926757812,711.6799926757812,710.6363525390625,3222700.0,LLY,2025-08-22,0.002616907978687221
711.0,713.5,694.22998046875,695.3300170898438,694.3103637695312,2898100.0,LLY,2025-08-25,-0.023241769225205388
716.239990234375,736.1799926757812,713.0999755859375,736.030029296875,734.95068359375,7695600.0,LLY,2025-08-26,0.05688432922961244
736.9600219726562,746.5900268554688,731.5499877929688,734.1699829101562,733.0933837890625,4326200.0,LLY,2025-08-27,-0.0025303065989535937
735.7999877929688,738.5900268554688,726.3400268554688,731.9600219726562,730.8866577148438,3117000.0,LLY,2025-08-28,-0.0030146964889650094
732.3200073242188,737.4199829101562,728.5,732.5800170898438,731.5057373046875,2551200.0,LLY,2025-08-29,0.0008466669122928023
727.989990234375,737.1400146484375,723.6400146484375,735.1900024414062,734.1118774414062,3222500.0,LLY,2025-09-02,0.003556374947088082
732.02001953125,737.8300170898438,729.02001953125,737.8300170898438,736.748046875,2222500.0,LLY,2025-09-03,0.0035845320314483405
736.3200073242188,747.0,735.3300170898438,742.9099731445312,741.820556640625,2423400.0,LLY,2025-09-04,0.006861405895169278
744.7000122070312,744.7000122070312,722.5700073242188,727.2100219726562,726.1436157226562,3958200.0,LLY,2025-09-05,-0.021359563447204424
729.7100219726562,742.7000122070312,719.219970703125,738.6400146484375,737.5568237304688,4534600.0,LLY,2025-09-08,0.015595321310665688
734.1799926757812,752.8400268554688,733.8699951171875,750.6099853515625,749.50927734375,2986900.0,LLY,2025-09-09,0.01607556113783803
748.0900268554688,755.7999877929688,742.489990234375,754.6199951171875,753.5133666992188,2477400.0,LLY,2025-09-10,0.005328061880845095
752.47998046875,761.1300048828125,750.3699951171875,756.280029296875,755.1709594726562,2197500.0,LLY,2025-09-11,0.0021974026132134724
760.1699829101562,761.5999755859375,748.0,755.3900146484375,754.2822875976562,2198300.0,LLY,2025-09-12,-0.0011774753267775517
753.0700073242188,756.3400268554688,742.1099853515625,748.1900024414062,747.0928344726562,2790900.0,LLY,2025-09-15,-0.009577230863392048
745.4099731445312,770.3800048828125,744.5399780273438,764.7100219726562,763.588623046875,3881300.0,LLY,2025-09-16,0.02183973882649193
761.489990234375,776.9600219726562,756.3400268554688,760.1300048828125,759.0153198242188,3471200.0,LLY,2025-09-17,-0.006007231226558545
761.3800048828125,772.5399780273438,759.010009765625,762.9299926757812,761.8112182617188,3464000.0,LLY,2025-09-18,0.0036768185158439753
765.0,765.0,749.2000122070312,751.989990234375,750.88720703125,7349500.0,LLY,2025-09-19,-0.014443329816147444
748.5599975585938,762.0399780273438,746.27001953125,754.9500122070312,753.8428955078125,2527400.0,LLY,2025-09-22,0.003928534788970805
750.5700073242188,753.0,743.1699829101562,746.97998046875,745.8845825195312,2910100.0,LLY,2025-09-23,-0.010613111789360469
745.989990234375,746.9400024414062,736.1599731445312,741.8499755859375,740.7620849609375,2243000.0,LLY,2025-09-24,-0.006891372298940887
737.6699829101562,740.0,712.0499877929688,714.5900268554688,713.5421142578125,5136400.0,LLY,2025-09-25,-0.0374380407506236
724.1199951171875,729.0,717.0800170898438,724.5399780273438,723.4774780273438,3559700.0,LLY,2025-09-26,0.013827956328607512
725.5499877929688,727.8599853515625,716.0800170898438,726.510009765625,725.4446411132812,3309200.0,LLY,2025-09-29,0.0027153485596330823
726.9600219726562,766.3499755859375,725.3099975585938,763.0,761.881103515625,6234300.0,LLY,2025-09-30,0.049005746429094894
763.2999877929688,833.2999877929688,763.2999877929688,825.4199829101562,824.2095336914062,10124500.0,LLY,2025-10-01,0.07863427466344457
814.3599853515625,834.4600219726562,812.8099975585938,819.8499755859375,818.647705078125,4291800.0,LLY,2025-10-02,-0.006770947262916527
824.9400024414062,848.1300048828125,816.0999755859375,839.8699951171875,838.6383666992188,5088500.0,LLY,2025-10-03,0.024125745802369123
839.9500122070312,856.5700073242188,838.6599731445312,845.0499877929688,843.810791015625,3651400.0,LLY,2025-10-06,0.0061487036189359036
845.0,848.5399780273438,836.5800170898438,843.6300048828125,842.3928833007812,2610800.0,LLY,2025-10-07,-0.001681775541873116
850.0,856.0,844.989990234375,845.719970703125,844.479736328125,2180900.0,LLY,2025-10-08,0.0024742284244461286
851.6900024414062,860.25,845.7000122070312,855.3499755859375,854.0956420898438,3071700.0,LLY,2025-10-09,0.011322439512208259
858.0,864.3499755859375,830.1099853515625,833.489990234375,832.2677001953125,3431000.0,LLY,2025-10-10,-0.025889036485656935
832.6799926757812,835.3200073242188,817.3499755859375,819.4000244140625,818.1984252929688,2167500.0,LLY,2025-10-13,-0.01704926321731062
822.0900268554688,822.0900268554688,806.0,812.3499755859375,811.15869140625,1928400.0,LLY,2025-10-14,-0.008641172176650254
812.5,830.1900024414062,808.5800170898438,826.5700073242188,825.35791015625,2355800.0,LLY,2025-10-15,0.0173534140322275
825.0700073242188,834.7000122070312,815.3699951171875,819.3800048828125,818.1784057617188,2272900.0,LLY,2025-10-16,-0.008736709974253935
788.9600219726562,804.4400024414062,783.8499755859375,802.8300170898438,801.6527099609375,3983000.0,LLY,2025-10-17,-0.020404928667544682
805.5999755859375,809.4099731445312,799.77001953125,808.9600219726562,807.7737426757812,2279700.0,LLY,2025-10-20,0.007606513758839806
806.9299926757812,812.989990234375,798.7100219726562,799.5700073242188,798.3974609375,2099500.0,LLY,2025-10-21,-0.011675453063210934
798.4000244140625,815.9400024414062,793.8200073242188,812.4299926757812,811.2385864257812,2930600.0,LLY,2025-10-22,0.015955653994870724
806.4000244140625,824.7000122070312,806.02001953125,821.0399780273438,819.8359375,2632900.0,LLY,2025-10-23,0.010542045222303608
815.2100219726562,834.1500244140625,812.5,825.4500122070312,824.239501953125,2211200.0,LLY,2025-10-24,0.005356901365936388
825.0,826.4199829101562,811.47998046875,826.4099731445312,825.1980590820312,2114800.0,LLY,2025-10-27,0.0011622837498796276
826.0,829.4600219726562,814.0499877929688,820.0999755859375,818.8973388671875,2493500.0,LLY,2025-10-28,-0.007664702509018237
827.3099975585938,830.2899780273438,809.6300048828125,813.530029296875,812.3370361328125,3591200.0,LLY,2025-10-29,-0.00804340345427198
837.5,853.0,812.25,844.5,843.2615966796875,6037200.0,LLY,2025-10-30,0.03736190303631244
839.1599731445312,869.9099731445312,834.1900024414062,862.8599853515625,861.5946655273438,5015000.0,LLY,2025-10-31,0.021507708256925356
866.530029296875,901.3400268554688,862.6199951171875,896.530029296875,895.21533203125,5401500.0,LLY,2025-11-03,0.03827934931834344
891.4099731445312,915.219970703125,883.6400146484375,906.8599853515625,905.5300903320312,5911500.0,LLY,2025-11-04,0.0114562236125743
911.0,955.4600219726562,907.8599853515625,925.8099975585938,924.4523315429688,7272900.0,LLY,2025-11-05,0.020680980762242673
928.0,949.9000244140625,916.260009765625,937.4400024414062,936.0653076171875,6417400.0,LLY,2025-11-06,0.012483758979054843
931.1699829101562,932.0,900.9000244140625,924.3699951171875,923.0144653320312,4373400.0,LLY,2025-11-07,-0.014040340676428271
939.739990234375,981.989990234375,938.4099731445312,966.6400146484375,965.2224731445312,5696600.0,LLY,2025-11-10,0.044713710424500216
966.5499877929688,999.9500122070312,965.2899780273438,988.6199951171875,987.1702270507812,4166400.0,LLY,2025-11-11,0.022483876825194815
993.1199951171875,1022.4199829101562,990.0999755859375,1017.780029296875,1016.2874755859375,5185200.0,LLY,2025-11-12,0.029069042815315266
1010.0900268554688,1032.949951171875,1010.0900268554688,1022.8699951171875,1021.3699951171875,4153600.0,LLY,2025-11-13,0.004988601023163783
1009.0,1033.6199951171875,1007.7899780273438,1025.280029296875,1025.280029296875,3860600.0,LLY,2025-11-14,0.003820916023801682
