open,high,low,close,adj_close,volume,ticker,date,log_ret,hl_log_range,hl_range
83.93000030517578,84.80999755859375,82.91000366210938,83.36000061035156,83.36000061035156,29473500.0,AMD,2020-11-17,-0.004428790981770655,0.022657705289013896,1.899993896484375
83.01000213623047,83.95999908447266,82.22000122070312,82.54000091552734,82.54000091552734,29968000.0,AMD,2020-11-18,-0.00988554991057361,0.02094188773158168,1.7399978637695312
82.38999938964844,85.63999938964844,81.72000122070312,85.54000091552734,85.54000091552734,50116800.0,AMD,2020-11-19,0.03570107808531844,0.04685367170748579,3.9199981689453125
85.27999877929688,86.0999984741211,84.47000122070312,84.63999938964844,84.63999938964844,35008400.0,AMD,2020-11-20,-0.010577152602836195,0.019112937520787496,1.6299972534179688
85.5199966430664,87.54000091552734,84.62000274658203,85.30999755859375,85.30999755859375,46505000.0,AMD,2020-11-23,0.007884691403706866,0.033925164471381636,2.9199981689453125
85.72000122070312,86.11000061035156,83.31999969482422,85.06999969482422,85.06999969482422,36839200.0,AMD,2020-11-24,-0.002817208902104262,0.03293694306604313,2.7900009155273438
85.76000213623047,87.83999633789062,85.5199966430664,86.70999908447266,86.70999908447266,41349700.0,AMD,2020-11-25,0.0190947634301272,0.026766708606949303,2.3199996948242188
87.98999786376953,88.0,86.36000061035156,87.19000244140625,87.19000244140625,22717600.0,AMD,2020-11-27,0.005520466610141221,0.018812201764073656,1.6399993896484375
87.33000183105469,92.73999786376952,86.52999877929688,92.66000366210938,92.66000366210938,84483000.0,AMD,2020-11-30,0.060847246069798376,0.06930869541733127,6.209999084472642
92.25,93.9000015258789,90.77999877929688,92.62999725341795,92.62999725341795,58583600.0,AMD,2020-12-01,-0.0003238858956820725,0.033791418882768,3.1200027465820312
92.88999938964844,96.37000274658205,92.52999877929688,93.73999786376952,93.73999786376952,57988800.0,AMD,2020-12-02,0.011911936090841886,0.04066207529515321,3.8400039672851705
94.05999755859376,94.6999969482422,92.01000213623048,92.30999755859376,92.30999755859376,35859700.0,AMD,2020-12-03,-0.015372518151517058,0.028816677954858302,2.6899948120117188
92.58000183105467,94.58000183105467,90.62999725341795,94.04000091552734,94.04000091552734,45570300.0,AMD,2020-12-04,0.018567781853225097,0.042660802814330434,3.9500045776367188
94.9499969482422,95.0,92.97000122070312,94.06999969482422,94.06999969482422,39815700.0,AMD,2020-12-07,0.00031894933234651826,0.02160001800269876,2.029998779296875
94.0500030517578,94.73999786376952,91.9000015258789,92.91999816894533,92.91999816894533,33907500.0,AMD,2020-12-08,-0.012300294543227874,0.030435228981928488,2.839996337890611
92.76000213623048,94.6999969482422,89.16000366210938,89.83000183105469,89.83000183105469,52170400.0,AMD,2020-12-09,-0.033819872571827725,0.06028141837537726,5.539993286132827
89.55000305175781,92.08999633789062,89.02999877929688,91.66000366210938,91.66000366210938,33804400.0,AMD,2020-12-10,0.020167103409497466,0.033792942092204355,3.05999755859375
91.54000091552734,92.33000183105467,90.16000366210938,91.6500015258789,91.6500015258789,28368100.0,AMD,2020-12-11,-0.00010912809947430651,0.023783225266754766,2.1699981689452983
92.20999908447266,95.41000366210938,91.8499984741211,94.77999877929688,94.77999877929688,48026400.0,AMD,2020-12-14,0.03358141272541708,0.03802663809821301,3.5600051879882812
95.93000030517578,97.9800033569336,95.4499969482422,97.12000274658205,97.12000274658205,57232700.0,AMD,2020-12-15,0.024388951931370837,0.026160892272406994,2.530006408691392
97.04000091552734,97.2699966430664,95.45999908447266,96.8499984741211,96.8499984741211,34909000.0,AMD,2020-12-16,-0.002783981493549794,0.018783280382788908,1.80999755859375
97.5500030517578,97.91999816894533,96.25,96.83999633789062,96.83999633789062,32023700.0,AMD,2020-12-17,-0.00010327984415574736,0.01720182689662581,1.6699981689453267
97.2699966430664,97.68000030517578,93.55999755859376,95.91999816894533,95.91999816894533,51823100.0,AMD,2020-12-18,-0.00954560262391043,0.043093917305263046,4.120002746582017
94.25,95.27999877929688,91.08000183105467,93.2300033569336,93.2300033569336,47093900.0,AMD,2020-12-21,-0.028444897314252416,0.045081650935953926,4.199996948242202
93.36000061035156,93.5500030517578,90.52999877929688,93.16000366210938,93.16000366210938,35673700.0,AMD,2020-12-22,-0.000751109989582482,0.03281481133838773,3.0200042724609233
93.08000183105467,93.12999725341795,91.45999908447266,91.5500030517578,91.5500030517578,25993300.0,AMD,2020-12-23,-0.017433179871181762,0.018094628821881325,1.6699981689452983
91.8000030517578,92.51000213623048,91.30999755859376,91.80999755859376,91.80999755859376,16705900.0,AMD,2020-12-24,0.0028358931088180044,0.013056485984421842,1.2000045776367188
92.93000030517578,93.13999938964844,90.81999969482422,91.5999984741211,91.5999984741211,30627300.0,AMD,2020-12-28,-0.0022899425416480763,0.025224208691597447,2.3199996948242188
91.66000366210938,92.45999908447266,89.43000030517578,90.62000274658205,90.62000274658205,31748200.0,AMD,2020-12-29,-0.010756285474241694,0.03331990888766056,3.029998779296875
90.77999877929688,92.8499984741211,90.19000244140624,92.29000091552734,92.29000091552734,25845000.0,AMD,2020-12-30,0.01826083364982352,0.02906668811770309,2.659996032714858
92.0999984741211,92.3000030517578,90.87000274658205,91.70999908447266,91.70999908447266,24930700.0,AMD,2020-12-31,-0.006304388609598648,0.01561423063961621,1.4300003051757528
92.11000061035156,96.05999755859376,90.91999816894533,92.3000030517578,92.3000030517578,51802600.0,AMD,2021-01-04,0.00641275998426984,0.054992991976090186,5.1399993896484375
92.0999984741211,93.20999908447266,91.41000366210938,92.7699966430664,92.7699966430664,34208000.0,AMD,2021-01-05,0.0050791009073575775,0.01950008052267927,1.7999954223632812
91.62000274658205,92.27999877929688,89.45999908447266,90.33000183105467,90.33000183105467,51911700.0,AMD,2021-01-06,-0.02665362404715031,0.031035832306528184,2.8199996948242188
91.33000183105467,95.51000213623048,91.1999969482422,95.16000366210938,95.16000366210938,42897200.0,AMD,2021-01-07,0.05209007248598334,0.04617611279518085,4.310005187988281
95.9800033569336,96.4000015258789,93.2699966430664,94.58000183105467,94.58000183105467,39816400.0,AMD,2021-01-08,-0.00611366734288111,0.0330077406979162,3.1300048828125
94.02999877929688,99.2300033569336,93.76000213623048,97.25,97.25,48600200.0,AMD,2021-01-11,0.02783892592297551,0.056702073143244845,5.470001220703111
97.86000061035156,98.97000122070312,94.06999969482422,95.36000061035156,95.36000061035156,67672300.0,AMD,2021-01-12,-0.01962577278101733,0.05077760350294692,4.900001525878906
93.01000213623048,93.88999938964844,90.83999633789062,91.77999877929688,91.77999877929688,60712900.0,AMD,2021-01-13,-0.03826481405116833,0.03302420084623181,3.0500030517578125
91.7699966430664,92.36000061035156,90.4499969482422,90.79000091552734,90.79000091552734,53408200.0,AMD,2021-01-14,-0.010845238198693414,0.020896812993109533,1.9100036621093608
90.75,91.58999633789062,87.86000061035156,88.20999908447266,88.20999908447266,49340300.0,AMD,2021-01-15,-0.02882883257595297,0.041577409936671784,3.7299957275390625
89.55999755859375,89.58000183105469,87.23999786376953,89.44999694824219,89.44999694824219,45115100.0,AMD,2021-01-19,0.013959450946091589,0.026469184372989896,2.3400039672851562
90.5500030517578,90.77999877929688,88.5999984741211,88.75,88.75,35185800.0,AMD,2021-01-20,-0.007856347482289998,0.024307143192565106,2.1800003051757812
89.33999633789062,92.06999969482422,88.43000030517578,91.52999877929688,91.52999877929688,54221900.0,AMD,2021-01-21,0.030843345704517678,0.040337871946461025,3.6399993896484375
94.41999816894533,95.9499969482422,91.87999725341795,92.79000091552734,92.79000091552734,71294700.0,AMD,2021-01-22,0.013672111171704734,0.04334384272024579,4.069999694824247
94.13999938964844,95.73999786376952,91.4000015258789,94.12999725341795,94.12999725341795,55086900.0,AMD,2021-01-25,0.014337891148776412,0.04639066649690947,4.339996337890611
94.91000366210938,95.72000122070312,93.62999725341795,94.70999908447266,94.70999908447266,59449100.0,AMD,2021-01-26,0.006142805190847452,0.02207646017665179,2.0900039672851705
91.0999984741211,91.87999725341795,86.22000122070312,88.83999633789062,88.83999633789062,73341200.0,AMD,2021-01-27,-0.06398262376654773,0.06358116445076059,5.6599960327148295
89.83000183105469,89.87999725341797,87.30000305175781,87.5199966430664,87.5199966430664,47048400.0,AMD,2021-01-28,-0.014969657487341454,0.029124918956115388,2.5799942016601562
87.55999755859375,88.33000183105469,85.0199966430664,85.63999938964844,85.63999938964844,56735800.0,AMD,2021-01-29,-0.021714843722945035,0.038193338040146685,3.3100051879882812
86.83000183105469,87.94999694824219,84.66000366210938,87.66000366210938,87.66000366210938,42359300.0,AMD,2021-02-01,0.023313280172412826,0.038125158135342285,3.2899932861328125
88.48999786376953,89.27999877929688,86.94999694824219,88.86000061035156,88.86000061035156,33850000.0,AMD,2021-02-02,0.013596367609499834,0.02644427925780632,2.3300018310546875
88.5999984741211,89.4800033569336,87.33999633789062,87.88999938964844,87.88999938964844,32312900.0,AMD,2021-02-03,-0.010976078744389824,0.024206668009884805,2.1400070190429688
88.22000122070312,88.5999984741211,87.05999755859375,87.83999633789062,87.83999633789062,30791600.0,AMD,2021-02-04,-0.0005690895615208195,0.017534332307575347,1.5400009155273438
88.1500015258789,88.36000061035156,86.87999725341797,87.9000015258789,87.9000015258789,30268700.0,AMD,2021-02-05,0.0006828859798514419,0.01689156088735983,1.4800033569335938
88.30999755859375,91.98999786376952,87.9800033569336,91.47000122070312,91.47000122070312,47639900.0,AMD,2021-02-08,0.03981124096327563,0.04457029819042744,4.009994506835923
91.38999938964844,93.3000030517578,90.5500030517578,90.91000366210938,90.91000366210938,37596400.0,AMD,2021-02-09,-0.00614101659709999,0.02991792253050203,2.75
91.5,93.2699966430664,90.45999908447266,92.3499984741211,92.3499984741211,42441300.0,AMD,2021-02-10,0.015715643705900683,0.03059072281830353,2.80999755859375
92.9000015258789,93.6500015258789,91.33000183105467,92.66000366210938,92.66000366210938,35571000.0,AMD,2021-02-11,0.003351229388043698,0.02508510443115585,2.319999694824233
92.75,94.22000122070312,91.9000015258789,93.7699966430664,93.7699966430664,38538400.0,AMD,2021-02-12,0.01190802012136789,0.024931440262447053,2.3199996948242188
93.9000015258789,94.0,90.75,91.45999908447266,91.45999908447266,35105900.0,AMD,2021-02-16,-0.02494323141210899,0.035186309125043766,3.25
90.55999755859376,90.95999908447266,88.56999969482422,89.94000244140625,89.94000244140625,32245500.0,AMD,2021-02-17,-0.016758899732376147,0.026626643001213215,2.3899993896484375
89.08999633789062,89.5999984741211,87.30999755859375,88.63999938964844,88.63999938964844,35624900.0,AMD,2021-02-18,-0.014559592374155134,0.025890327090774486,2.2900009155273438
89.75,90.41999816894533,88.69000244140625,89.58000183105469,89.58000183105469,29548300.0,AMD,2021-02-19,0.010548885106356144,0.019318290700136055,1.7299957275390767
88.1500015258789,88.30000305175781,85.20999908447266,85.37000274658203,85.37000274658203,36930200.0,AMD,2021-02-22,-0.04813731802469617,0.03562135507565791,3.0900039672851562
83.4000015258789,85.11000061035156,79.36000061035156,84.73999786376953,84.73999786376953,49720900.0,AMD,2021-02-23,-0.007407063205719413,0.06995007399265657,5.75
84.33000183105469,87.08999633789062,82.80999755859375,86.94000244140625,86.94000244140625,40821200.0,AMD,2021-02-24,0.025630533652973943,0.05039322709134959,4.279998779296875
86.16999816894531,87.08999633789062,81.91999816894531,82.41999816894531,82.41999816894531,54625100.0,AMD,2021-02-25,-0.053390149947627134,0.06119888571548023,5.1699981689453125
83.56999969482422,85.58999633789062,82.91000366210938,84.51000213623047,84.51000213623047,48962900.0,AMD,2021-02-26,0.025041792139707184,0.03181268480904658,2.67999267578125
85.37000274658203,86.5,83.97000122070312,86.38999938964844,86.38999938964844,32746200.0,AMD,2021-03-01,0.022002025471487753,0.029684807204989824,2.529998779296875
86.91999816894531,86.94999694824219,84.04000091552734,84.12999725341797,84.12999725341797,34828200.0,AMD,2021-03-02,-0.026508732389879372,0.03404031883169726,2.9099960327148438
84.27999877929688,84.37999725341797,80.8499984741211,80.86000061035156,80.86000061035156,43541000.0,AMD,2021-03-03,-0.03964391715496586,0.042734806995883036,3.529998779296875
80.2300033569336,81.80999755859375,76.77999877929688,77.75,77.75,60549400.0,AMD,2021-03-04,-0.03922072070153211,0.06345528200927307,5.029998779296875
79.0,79.4800033569336,74.19999694824219,78.5199966430664,78.5199966430664,58548900.0,AMD,2021-03-05,0.009854775596323051,0.06874135087529795,5.280006408691406
78.02999877929688,79.0,73.86000061035156,73.95999908447266,73.95999908447266,54563900.0,AMD,2021-03-08,-0.05982893251542483,0.06727643477897641,5.1399993896484375
76.7300033569336,79.22000122070312,75.7699966430664,78.52999877929688,78.52999877929688,45088300.0,AMD,2021-03-09,0.05995630770212372,0.04452641596377409,3.4500045776367188
79.75,80.04000091552734,77.41000366210938,77.5199966430664,77.5199966430664,45416600.0,AMD,2021-03-10,-0.012944777563952436,0.0334105026293218,2.6299972534179688
79.4000015258789,81.88999938964844,79.37000274658203,81.2300033569336,81.2300033569336,43583700.0,AMD,2021-03-11,0.04674875411072705,0.0312563781212152,2.5199966430664062
79.7300033569336,81.19000244140625,79.2300033569336,81.05000305175781,81.05000305175781,32938000.0,AMD,2021-03-12,-0.0022183925546756704,0.024437059598011585,1.9599990844726562
81.91000366210938,83.38999938964844,81.19999694824219,82.5,82.5,39086800.0,AMD,2021-03-15,0.017732007506170884,0.026613181195245084,2.19000244140625
83.66000366210938,84.75,82.26000213623047,82.75,82.75,42971600.0,AMD,2021-03-16,0.00302572091653689,0.029820757489032446,2.4899978637695312
81.75,83.25,80.41000366210938,82.62999725341797,82.62999725341797,43320600.0,AMD,2021-03-17,-0.001451236783605814,0.03470953675753695,2.839996337890625
81.05999755859375,81.62000274658203,78.01000213623047,78.12000274658203,78.12000274658203,51036500.0,AMD,2021-03-18,-0.05612663630658876,0.045237312644224086,3.6100006103515625
78.48999786376953,79.33999633789062,77.58999633789062,79.05999755859375,79.05999755859375,42283400.0,AMD,2021-03-19,0.011960885821138191,0.022303863221375862,1.75
79.98999786376953,81.2699966430664,79.22000122070312,80.30000305175781,80.30000305175781,39648600.0,AMD,2021-03-22,0.015562631969055283,0.025548095856376938,2.0499954223632812
80.12999725341797,80.33999633789062,77.94999694824219,78.37999725341797,78.37999725341797,40466600.0,AMD,2021-03-23,-0.02420090122755976,0.030200026994905784,2.3899993896484375
77.55000305175781,78.80000305175781,76.4000015258789,76.4800033569336,76.4800033569336,43753600.0,AMD,2021-03-24,-0.024539445093506425,0.03093031944701216,2.4000015258789062
75.8499984741211,76.94999694824219,74.95999908447266,76.22000122070312,76.22000122070312,44735100.0,AMD,2021-03-25,-0.003405401174868497,0.02620119490929509,1.9899978637695312
76.62000274658203,77.5,75.02999877929688,77.41000366210938,77.41000366210938,49148700.0,AMD,2021-03-26,0.015492107063346779,0.03238991907119797,2.470001220703125
77.02999877929688,78.0199966430664,76.26000213623047,77.13999938964844,77.13999938964844,37144300.0,AMD,2021-03-29,-0.003494073656759481,0.022816578610050927,1.7599945068359375
76.47000122070312,76.55999755859375,74.8499984741211,76.0,76.0,39169300.0,AMD,2021-03-30,-0.014888604581492923,0.022588624776088577,1.7099990844726562
76.56999969482422,79.12999725341797,76.5199966430664,78.5,78.5,43659500.0,AMD,2021-03-31,0.032365284502031716,0.03353993420932207,2.6100006103515625
80.16000366210938,81.30999755859375,79.4800033569336,81.08999633789062,81.08999633789062,40182400.0,AMD,2021-04-01,0.03246097900705424,0.02276352027402138,1.8299942016601562
81.73999786376953,81.9000015258789,80.38999938964844,81.43000030517578,81.43000030517578,32610600.0,AMD,2021-04-05,0.00418415543132996,0.018609226742535984,1.5100021362304688
81.20999908447266,82.45999908447266,80.87999725341797,81.44000244140625,81.44000244140625,29327900.0,AMD,2021-04-06,0.00012282355343984345,0.019346775422583708,1.5800018310546875
81.31999969482422,83.0999984741211,80.3499984741211,82.19999694824219,82.19999694824219,35590900.0,AMD,2021-04-07,0.009288682155939337,0.03365261030632383,2.75
83.31999969482422,83.79000091552734,82.44000244140625,83.3499984741211,83.3499984741211,41925300.0,AMD,2021-04-08,0.013893325953791202,0.016242893915047525,1.3499984741210938
82.80000305175781,83.58999633789062,82.16000366210938,82.76000213623047,82.76000213623047,32759900.0,AMD,2021-04-09,-0.007103712200220717,0.017255241707486633,1.42999267578125
82.05999755859375,82.18000030517578,78.02999877929688,78.58000183105469,78.58000183105469,62098800.0,AMD,2021-04-12,-0.05182764125759277,0.05181861468412129,4.150001525878906
79.66999816894531,80.72000122070312,78.9800033569336,80.19000244140625,80.19000244140625,37767300.0,AMD,2021-04-13,0.020281611832103735,0.02179169280594523,1.7399978637695312
79.87999725341797,80.12999725341797,77.94000244140625,78.55000305175781,78.55000305175781,34263800.0,AMD,2021-04-14,-0.020663445711428332,0.027710950278664426,2.1899948120117188
80.31999969482422,83.94999694824219,79.97000122070312,83.01000213623047,83.01000213623047,68942800.0,AMD,2021-04-15,0.055225704648780724,0.048569767563149235,3.9799957275390625
83.30000305175781,83.58999633789062,81.52999877929688,82.1500015258789,82.1500015258789,47280600.0,AMD,2021-04-16,-0.010414245143980906,0.02495281619830904,2.05999755859375
82.12999725341797,83.18000030517578,80.38999938964844,81.11000061035156,81.11000061035156,39115500.0,AMD,2021-04-19,-0.012740597450340225,0.03411715523613783,2.7900009155273438
80.81999969482422,81.11000061035156,78.51000213623047,79.2699966430664,79.2699966430664,34977800.0,AMD,2021-04-20,-0.022946561106271423,0.03258023318741407,2.5999984741210938
78.98999786376953,81.66000366210938,78.86000061035156,81.61000061035156,81.61000061035156,35069000.0,AMD,2021-04-21,0.029092106459066295,0.03489019454807905,2.8000030517578125
81.61000061035156,81.79000091552734,78.58999633789062,79.05999755859375,79.05999755859375,38846100.0,AMD,2021-04-22,-0.03174478397191768,0.03991057966008511,3.2000045776367188
80.20999908447266,83.30000305175781,79.95999908447266,82.76000213623047,82.76000213623047,49194000.0,AMD,2021-04-23,0.0457378517015806,0.04092208762616193,3.3400039672851562
83.3499984741211,85.9000015258789,82.69999694824219,85.41000366210938,85.41000366210938,57594500.0,AMD,2021-04-26,0.031518354145180415,0.03796428162554328,3.2000045776367188
85.66999816894531,87.1500015258789,85.12999725341797,85.20999908447266,85.20999908447266,61909900.0,AMD,2021-04-27,-0.0023444457393775025,0.023451321842101042,2.0200042724609375
88.8499984741211,89.19999694824219,83.91999816894531,84.0199966430664,84.0199966430664,108920300.0,AMD,2021-04-28,-0.014063961308246628,0.061017063104440154,5.279998779296875
84.69999694824219,85.2699966430664,82.62999725341797,83.91000366210938,83.91000366210938,51294500.0,AMD,2021-04-29,-0.0013099862619749456,0.031449875912106844,2.6399993896484375
82.97000122070312,84.0999984741211,81.41999816894531,81.62000274658203,81.62000274658203,46601900.0,AMD,2021-04-30,-0.027670475896773156,0.03238562824944799,2.6800003051757812
81.97000122070312,82.0,78.45999908447266,78.55000305175781,78.55000305175781,66323300.0,AMD,2021-05-03,-0.03833896007572568,0.044130318151561244,3.5400009155273438
77.94999694824219,78.66999816894531,77.04000091552734,78.61000061035156,78.61000061035156,59194300.0,AMD,2021-05-04,0.0007635220171852443,0.02093708569235604,1.6299972534179688
79.05000305175781,79.30000305175781,77.36000061035156,77.83000183105469,77.83000183105469,42310200.0,AMD,2021-05-05,-0.009971941072332376,0.024768308089711196,1.94000244140625
77.62999725341797,78.05999755859375,76.47000122070312,77.88999938964844,77.88999938964844,38661300.0,AMD,2021-05-06,0.0007705825981542196,0.02057920745714955,1.589996337890625
78.75,79.56999969482422,78.22000122070312,78.80999755859375,78.80999755859375,36954200.0,AMD,2021-05-07,0.011742294291389961,0.01711174862074035,1.3499984741210938
78.19999694824219,78.30000305175781,75.91999816894531,75.98999786376953,75.98999786376953,45134500.0,AMD,2021-05-10,-0.03643813681747763,0.030867511788492417,2.3800048828125
73.56999969482422,76.93000030517578,72.75,76.83000183105469,76.83000183105469,51008200.0,AMD,2021-05-11,0.010993488142393083,0.055867015386169554,4.180000305175781
75.08999633789062,76.12999725341797,74.16000366210938,74.63999938964844,74.63999938964844,42531400.0,AMD,2021-05-12,-0.028918664350275007,0.026217398601801934,1.9699935913085938
75.20999908447266,75.69999694824219,72.5,73.08999633789062,73.08999633789062,48646800.0,AMD,2021-05-13,-0.020985039973627197,0.04319155826893156,3.1999969482421875
74.0199966430664,75.02999877929688,72.72000122070312,74.58999633789062,74.58999633789062,38355800.0,AMD,2021-05-14,0.02031489248236191,0.03127155063253358,2.30999755859375
74.22000122070312,75.5199966430664,73.41000366210938,74.6500015258789,74.6500015258789,40779200.0,AMD,2021-05-17,0.0008041435550885848,0.028337261377932146,2.1099929809570312
74.73999786376953,75.7699966430664,74.23999786376953,74.44000244140625,74.44000244140625,31982500.0,AMD,2021-05-18,-0.002817079854623155,0.020399331935734878,1.529998779296875
73.16000366210938,76.97000122070312,72.76000213623047,76.2300033569336,76.2300033569336,73966200.0,AMD,2021-05-19,0.02376166546607382,0.05624936839581414,4.209999084472656
76.80999755859375,78.2699966430664,76.25,78.05999755859375,78.05999755859375,49135000.0,AMD,2021-05-20,0.023722600439356055,0.026146929440077196,2.0199966430664062
78.55000305175781,78.80999755859375,77.04000091552734,77.16999816894531,77.16999816894531,40201100.0,AMD,2021-05-21,-0.01146697373448092,0.02271508201351402,1.7699966430664062
77.26000213623047,78.01000213623047,76.80000305175781,77.44000244140625,77.44000244140625,33194300.0,AMD,2021-05-24,0.0034927177527787753,0.015632371094225134,1.2099990844726562
77.33000183105469,78.7699966430664,76.83999633789062,77.86000061035156,77.86000061035156,47353100.0,AMD,2021-05-25,0.005408875526655007,0.024806880856865852,1.9300003051757812
77.83000183105469,78.58999633789062,77.58999633789062,78.33999633789062,78.33999633789062,30354000.0,AMD,2021-05-26,0.006145931469930392,0.012805912572788241,1.0
78.11000061035156,78.43000030517578,77.47000122070312,78.41999816894531,78.41999816894531,35883200.0,AMD,2021-05-27,0.001020692023522268,0.012315730714715815,0.9599990844726562
78.66000366210938,81.08999633789062,78.66000366210938,80.08000183105469,80.08000183105469,40952700.0,AMD,2021-05-28,0.020947184357430877,0.03042479023557134,2.42999267578125
81.01000213623047,82.91000366210938,80.66000366210938,80.80999755859375,80.80999755859375,43433000.0,AMD,2021-06-01,0.009074532161387903,0.027512891450797557,2.25
81.0,82.5999984741211,80.66000366210938,81.97000122070312,81.97000122070312,35203200.0,AMD,2021-06-02,0.014252651523339899,0.02376682720679856,1.9399948120117188
81.12999725341797,81.88999938964844,80.26000213623047,80.27999877929688,80.27999877929688,29812000.0,AMD,2021-06-03,-0.02083283283444329,0.020105484373638845,1.6299972534179688
80.91999816894531,82.19000244140625,80.80999755859375,81.58000183105469,81.58000183105469,26387800.0,AMD,2021-06-04,0.016063647611741335,0.016932979831156922,1.3800048828125
81.4000015258789,81.68000030517578,80.37999725341797,81.3499984741211,81.3499984741211,29006800.0,AMD,2021-06-07,-0.0028233414262249855,0.016043822741559913,1.3000030517578125
81.87000274658203,82.6500015258789,80.44999694824219,80.88999938964844,80.88999938964844,26956600.0,AMD,2021-06-08,-0.005670615423674207,0.026979007224172364,2.2000045776367188
81.08999633789062,81.68000030517578,79.80000305175781,79.95999908447266,79.95999908447266,28454600.0,AMD,2021-06-09,-0.011563701302027277,0.023285634894304963,1.8799972534179688
80.0199966430664,81.70999908447266,79.69999694824219,81.55999755859375,81.55999755859375,28606400.0,AMD,2021-06-10,0.01981241759000372,0.024906834686416125,2.0100021362304688
81.61000061035156,82.33000183105469,80.69999694824219,81.30999755859375,81.30999755859375,24310900.0,AMD,2021-06-11,-0.003069935578544554,0.019997046090944975,1.6300048828125
81.51000213623047,81.55000305175781,80.19999694824219,81.55000305175781,81.55000305175781,27830200.0,AMD,2021-06-14,0.0029473862951033903,0.016692889668319943,1.350006103515625
81.58999633789062,81.68000030517578,80.22000122070312,80.47000122070312,80.47000122070312,26194300.0,AMD,2021-06-15,-0.013331907161236407,0.018036302033797302,1.4599990844726562
80.75,81.44999694824219,78.95999908447266,80.11000061035156,80.11000061035156,29598300.0,AMD,2021-06-16,-0.0044837614817647194,0.03104791404978438,2.4899978637695312
80.7699966430664,85.37000274658203,80.56999969482422,84.55999755859375,84.55999755859375,77822800.0,AMD,2021-06-17,0.054060614844156946,0.057868415193503726,4.8000030517578125
84.27999877929688,85.7699966430664,83.4800033569336,84.6500015258789,84.6500015258789,58736800.0,AMD,2021-06-18,0.0010638139147835012,0.0270621334421158,2.2899932861328125
83.48999786376953,84.19000244140625,82.20999908447266,82.58999633789062,82.58999633789062,44417100.0,AMD,2021-06-21,-0.02463656312309244,0.023799240320745367,1.9800033569335938
82.9000015258789,84.04000091552734,82.4800033569336,83.58000183105469,83.58000183105469,32107700.0,AMD,2021-06-22,0.011915715445786316,0.01873700646207249,1.55999755859375
83.83000183105469,84.48999786376953,83.16000366210938,83.81999969482422,83.81999969482422,25992400.0,AMD,2021-06-23,0.002867359928500396,0.01586665185420658,1.3299942016601562
84.38999938964844,87.13999938964844,84.37000274658203,86.0999984741211,86.0999984741211,42217700.0,AMD,2021-06-24,0.026837754855435637,0.03230409295348487,2.7699966430664062
86.33999633789062,86.36000061035156,85.0999984741211,85.62000274658203,85.62000274658203,27804500.0,AMD,2021-06-25,-0.005590460915970975,0.014697595065226452,1.2600021362304688
86.37999725341797,88.0,86.1500015258789,87.08000183105469,87.08000183105469,30262000.0,AMD,2021-06-28,0.01690832459807357,0.021246833792382864,1.8499984741210938
87.41000366210938,90.3000030517578,86.66000366210938,89.5199966430664,89.5199966430664,46181000.0,AMD,2021-06-29,0.027634769110794186,0.041145035648585224,3.6399993896484233
90.81999969482422,94.33999633789062,90.5999984741211,93.93000030517578,93.93000030517578,70721500.0,AMD,2021-06-30,0.04808780075098334,0.04045104283090781,3.7399978637695312
94.04000091552734,94.18000030517578,91.6999969482422,93.30999755859376,93.30999755859376,58059000.0,AMD,2021-07-01,-0.0066225701739291145,0.026685502073137385,2.4800033569335795
93.27999877929688,95.2699966430664,92.20999908447266,94.6999969482422,94.6999969482422,51316700.0,AMD,2021-07-02,0.014786710885035656,0.032646355860359674,3.05999755859375
94.87999725341795,95.41000366210938,93.31999969482422,94.47000122070312,94.47000122070312,44930100.0,AMD,2021-07-06,-0.002431631263862545,0.02214898926359974,2.0900039672851562
95.0199966430664,95.44000244140624,90.30999755859376,90.54000091552734,90.54000091552734,51498500.0,AMD,2021-07-07,-0.04249058458297099,0.05524963414110815,5.130004882812472
87.86000061035156,90.33999633789062,87.44999694824219,89.73999786376953,89.73999786376953,45673500.0,AMD,2021-07-08,-0.00887517537649346,0.032513123122055704,2.8899993896484375
90.04000091552734,91.26000213623048,88.52999877929688,90.9000015258789,90.9000015258789,35278400.0,AMD,2021-07-09,0.012843441226605693,0.03037113507305995,2.730003356933608
91.22000122070312,91.9000015258789,89.6500015258789,90.80999755859376,90.80999755859376,28526600.0,AMD,2021-07-12,-0.0009906331528159507,0.02478782889378664,2.25
90.4800033569336,91.41000366210938,89.83000183105469,90.26000213623048,90.26000213623048,30367600.0,AMD,2021-07-13,-0.006074966750587357,0.01743590610351622,1.5800018310546875
90.76000213623048,91.4000015258789,88.94000244140625,89.05000305175781,89.05000305175781,28108500.0,AMD,2021-07-14,-0.013496374060545435,0.027283482622035116,2.4599990844726562
89.77999877929688,89.77999877929688,86.18000030517578,86.93000030517578,86.93000030517578,38944700.0,AMD,2021-07-15,-0.024094843404265567,0.04092408402834603,3.5999984741210938
87.31999969482422,88.02999877929688,85.68000030517578,85.88999938964844,85.88999938964844,35860700.0,AMD,2021-07-16,-0.012035799929632291,0.027058221904613374,2.3499984741210938
84.98999786376953,87.2300033569336,84.23999786376953,86.58000183105469,86.58000183105469,39244800.0,AMD,2021-07-19,0.008001462490604131,0.03487850446197287,2.9900054931640625
87.08999633789062,87.7699966430664,85.16999816894531,87.11000061035156,87.11000061035156,28089000.0,AMD,2021-07-20,0.006102831674939754,0.03007048070292228,2.5999984741210938
87.25,89.48999786376953,86.9000015258789,89.41000366210938,89.41000366210938,29469900.0,AMD,2021-07-21,0.02606087886835969,0.029368813493235484,2.589996337890625
89.4000015258789,91.36000061035156,89.08000183105469,91.20999908447266,91.20999908447266,33730100.0,AMD,2021-07-22,0.01993195644865417,0.02527288964409254,2.279998779296875
91.3499984741211,92.37000274658205,90.19000244140624,92.1500015258789,92.1500015258789,31708900.0,AMD,2021-07-23,0.010253170519984001,0.023883697091880814,2.1800003051758097
92.01000213623048,92.75,91.12000274658205,91.81999969482422,91.81999969482422,27668500.0,AMD,2021-07-26,-0.003587565177029519,0.01773035220614627,1.6299972534179545
92.94000244140624,94.0999984741211,89.0999984741211,91.02999877929688,91.02999877929688,69427000.0,AMD,2021-07-27,-0.008641026390147015,0.0545987130245313,5.0
93.44000244140624,98.70999908447266,89.6500015258789,97.93000030517578,97.93000030517578,140561000.0,AMD,2021-07-28,0.07306383174166953,0.09627303208333432,9.05999755859375
96.58000183105467,105.73999786376952,96.58000183105467,102.9499969482422,102.9499969482422,164091800.0,AMD,2021-07-29,0.04999046298172411,0.09061153120029419,9.159996032714844
101.5999984741211,106.97000122070312,101.37999725341795,106.19000244140624,106.19000244140624,125632000.0,AMD,2021-07-30,0.030986561575986404,0.05367262677742791,5.5900039672851705
105.93000030517578,110.33000183105467,103.83000183105467,108.62999725341795,108.62999725341795,115581900.0,AMD,2021-08-02,0.022717621755154807,0.060720927417893616,6.5
108.1500015258789,114.8499984741211,107.66000366210938,112.55999755859376,112.55999755859376,157723100.0,AMD,2021-08-03,0.03553880395447956,0.0646487687009489,7.189994812011719
114.36000061035156,122.48999786376952,114.16000366210938,118.7699966430664,118.7699966430664,225368700.0,AMD,2021-08-04,0.05370243040568184,0.07042837131223004,8.329994201660142
116.62999725341795,117.68000030517578,111.58999633789062,112.3499984741211,112.3499984741211,137860900.0,AMD,2021-08-05,-0.05556983647213301,0.05313767150638151,6.090003967285156
110.5500030517578,116.26000213623048,109.6999969482422,110.11000061035156,110.11000061035156,143899000.0,AMD,2021-08-06,-0.020139113381254195,0.05807974118573871,6.560005187988281
111.30999755859376,112.33000183105467,107.05999755859376,107.58000183105467,107.58000183105467,115749900.0,AMD,2021-08-09,-0.02324509780311045,0.0480515817930099,5.270004272460909
107.9000015258789,109.16999816894533,104.36000061035156,106.4800033569336,106.4800033569336,113012300.0,AMD,2021-08-10,-0.010277568252217362,0.04505981740262241,4.809997558593764
107.5999984741211,109.79000091552734,105.62000274658205,107.68000030517578,107.68000030517578,91788300.0,AMD,2021-08-11,0.011206663117237222,0.038721685302375304,4.169998168945298
107.38999938964844,108.44000244140624,105.86000061035156,106.5,106.5,60578700.0,AMD,2021-08-12,-0.011018883581036924,0.02407957494886456,2.5800018310546733
107.16999816894533,111.70999908447266,106.56999969482422,110.5500030517578,110.5500030517578,100135700.0,AMD,2021-08-13,0.03732294975920166,0.047104176017938315,5.1399993896484375
110.1999969482422,111.58000183105467,105.87000274658205,107.4800033569336,107.4800033569336,73325400.0,AMD,2021-08-16,-0.028163119928291493,0.052529886529366666,5.709999084472628
106.63999938964844,108.6999969482422,105.3499984741211,107.55999755859376,107.55999755859376,74053900.0,AMD,2021-08-17,0.0007439937221865503,0.03130364028581698,3.349998474121108
107.3499984741211,108.06999969482422,103.2699966430664,103.44000244140624,103.44000244140624,79387900.0,AMD,2021-08-18,-0.039057050636826504,0.04543227731426818,4.8000030517578125
103.31999969482422,106.18000030517578,101.9800033569336,103.6999969482422,103.6999969482422,71117500.0,AMD,2021-08-19,0.0025103277410154397,0.040359021485084474,4.1999969482421875
104.31999969482422,105.9800033569336,103.98999786376952,104.6500015258789,104.6500015258789,55227600.0,AMD,2021-08-20,0.009119377666025642,0.01895570861028856,1.9900054931640767
105.3000030517578,109.0199966430664,104.86000061035156,108.7699966430664,108.7699966430664,68835300.0,AMD,2021-08-23,0.03861406677028818,0.03890518787920867,4.159996032714844
109.4499969482422,109.61000061035156,107.27999877929688,107.6500015258789,107.6500015258789,51239300.0,AMD,2021-08-24,-0.010350292258263406,0.021486389201266425,2.3300018310546875
108.12999725341795,109.91000366210938,107.4499969482422,108.3000030517578,108.3000030517578,45485500.0,AMD,2021-08-25,0.006019944200870888,0.022636287713108563,2.4600067138671733
108.56999969482422,109.2300033569336,106.83999633789062,107.2699966430664,107.2699966430664,51442500.0,AMD,2021-08-26,-0.009556192870593873,0.02212342762297475,2.3900070190429688
108.01000213623048,111.77999877929688,107.8000030517578,111.4000015258789,111.4000015258789,61030000.0,AMD,2021-08-27,0.03777835187538774,0.03625495613662798,3.9799957275390767
112.61000061035156,114.48999786376952,111.26000213623048,111.31999969482422,111.31999969482422,56130500.0,AMD,2021-08-30,-0.0007184072742188927,0.028617640429563523,3.229995727539034
111.26000213623048,111.26000213623048,109.02999877929688,110.72000122070312,110.72000122070312,49339000.0,AMD,2021-08-31,-0.005404431021765876,0.020246761325232225,2.230003356933608
111.3000030517578,111.8499984741211,109.8499984741211,109.98999786376952,109.98999786376952,38579600.0,AMD,2021-09-01,-0.006615069747513665,0.018042889353897994,2.0
110.31999969482422,110.87999725341795,108.7699966430664,109.1999969482422,109.1999969482422,40090500.0,AMD,2021-09-02,-0.007208397782678043,0.019212980427751773,2.1100006103515483
108.8499984741211,111.16999816894533,108.5,109.91999816894533,109.91999816894533,42605800.0,AMD,2021-09-03,0.006571776451668316,0.024310371794246645,2.6699981689453267
109.95999908447266,110.58000183105467,108.66000366210938,109.1500015258789,109.1500015258789,28815200.0,AMD,2021-09-07,-0.00702971484036872,0.01751548264259204,1.9199981689452983
108.87999725341795,109.3000030517578,105.5199966430664,106.16999816894533,106.16999816894533,43067900.0,AMD,2021-09-08,-0.027681531196563577,0.03519594650760996,3.780006408691392
106.55999755859376,107.3000030517578,105.83999633789062,106.1500015258789,106.1500015258789,31857900.0,AMD,2021-09-09,-0.00018836325503282227,0.013700192871740308,1.4600067138671733
106.98999786376952,106.98999786376952,104.9800033569336,105.1999969482422,105.1999969482422,32602300.0,AMD,2021-09-10,-0.008989931229502833,0.018965464382838006,2.0099945068359233
105.26000213623048,105.27999877929688,102.62999725341795,104.8000030517578,104.8000030517578,37767800.0,AMD,2021-09-13,-0.0038094702877368397,0.025493195086540243,2.6500015258789205
105.5199966430664,106.81999969482422,104.41999816894533,105.7300033569336,105.7300033569336,40629500.0,AMD,2021-09-14,0.008834905487724502,0.022723961607780493,2.400001525878892
106.0,106.31999969482422,104.02999877929688,105.5999984741211,105.5999984741211,37998900.0,AMD,2021-09-15,-0.0012303496719421306,0.021774104185979706,2.2900009155273438
104.91999816894533,106.75,103.76000213623048,106.22000122070312,106.22000122070312,38150300.0,AMD,2021-09-16,0.0058540696639183135,0.028409091512356745,2.989997863769517
105.55999755859376,105.9800033569336,103.70999908447266,103.87999725341795,103.87999725341795,44528300.0,AMD,2021-09-17,-0.022276066131871504,0.02165189496589747,2.2700042724609375
101.58000183105467,102.51000213623048,99.51000213623048,101.5500030517578,101.5500030517578,45228400.0,AMD,2021-09-20,-0.022685042276428206,0.029702212539983747,3.0
102.1500015258789,103.43000030517578,101.18000030517578,102.81999969482422,102.81999969482422,35481500.0,AMD,2021-09-21,0.012428565581131227,0.021993946460308944,2.25
102.81999969482422,104.55999755859376,102.20999908447266,104.37999725341795,104.37999725341795,34126300.0,AMD,2021-09-22,0.015058176242668884,0.022731534582965365,2.349998474121108
104.88999938964844,106.86000061035156,103.88999938964844,106.1500015258789,106.1500015258789,32816700.0,AMD,2021-09-23,0.016815142622038478,0.0281869310338574,2.970001220703125
105.19000244140624,106.0500030517578,104.68000030517578,105.8000030517578,105.8000030517578,26482600.0,AMD,2021-09-24,-0.0033026542552171165,0.013002629210019075,1.370002746582017
105.06999969482422,108.44000244140624,103.44000244140624,108.16000366210938,108.16000366210938,51944300.0,AMD,2021-09-27,0.022061097884122926,0.04720528907860445,5.0
106.83999633789062,107.6500015258789,101.41999816894533,101.5199966430664,101.5199966430664,74469000.0,AMD,2021-09-28,-0.06335585581350323,0.059614945672120556,6.2300033569335795
102.3000030517578,102.66000366210938,99.80999755859376,100.3499984741211,100.3499984741211,52224700.0,AMD,2021-09-29,-0.011591730302632455,0.0281542385664119,2.850006103515611
102.08000183105467,104.44000244140624,101.98999786376952,102.9000015258789,102.9000015258789,57636700.0,AMD,2021-09-30,0.02509359763198144,0.023738018890151726,2.4500045776367188
102.5999984741211,103.0,100.63999938964844,102.4499969482422,102.4499969482422,41491600.0,AMD,2021-10-01,-0.0043828127716281015,0.02317920134220703,2.3600006103515625
101.73999786376952,101.8499984741211,99.81999969482422,100.33999633789062,100.33999633789062,41967100.0,AMD,2021-10-04,-0.020810462338028583,0.020132566706983525,2.029998779296875
100.91999816894533,102.87000274658205,100.61000061035156,101.80999755859376,101.80999755859376,31455200.0,AMD,2021-10-05,0.014543924579977824,0.022214419472012643,2.260002136230483
100.4499969482422,103.72000122070312,100.3499984741211,103.63999938964844,103.63999938964844,39071700.0,AMD,2021-10-06,0.017815042665678533,0.03303091240290252,3.3700027465820312
104.5999984741211,107.9499969482422,104.45999908447266,106.4499969482422,106.4499969482422,41543100.0,AMD,2021-10-07,0.02675201286626728,0.03286391444694056,3.4899978637695455
106.5500030517578,107.27999877929688,104.88999938964844,105.05999755859376,105.05999755859376,30623000.0,AMD,2021-10-08,-0.01314377038341962,0.022530051440214183,2.3899993896484375
104.62000274658205,107.1999969482422,104.0199966430664,104.68000030517578,104.68000030517578,31284400.0,AMD,2021-10-11,-0.0036235117103402847,0.030113064095886852,3.1800003051757955
105.16999816894533,106.04000091552734,104.33999633789062,105.04000091552734,105.04000091552734,34039900.0,AMD,2021-10-12,0.0034331581332624427,0.016161627558218178,1.7000045776367188
106.27999877929688,109.87999725341795,106.25,109.16000366210938,109.16000366210938,55631900.0,AMD,2021-10-13,0.03847349067769757,0.03359402842635023,3.6299972534179545
110.5,112.22000122070312,109.62999725341795,111.98999786376952,111.98999786376952,46900200.0,AMD,2021-10-14,0.02559483313118643,0.023350206567343015,2.5900039672851705
112.51000213623048,112.83999633789062,111.11000061035156,112.12000274658205,112.12000274658205,34203000.0,AMD,2021-10-15,0.0011601882739823374,0.015450146590658454,1.7299957275390625
111.9000015258789,116.87999725341795,111.37000274658205,116.43000030517578,116.43000030517578,47537800.0,AMD,2021-10-18,0.037720485876639585,0.048289727876496887,5.509994506835909
116.16000366210938,117.16999816894533,114.47000122070312,116.33000183105467,116.33000183105467,39593900.0,AMD,2021-10-19,-0.0008592411011832497,0.023313065458388956,2.6999969482422017
116.29000091552734,118.3000030517578,115.41999816894533,116.38999938964844,116.38999938964844,34244800.0,AMD,2021-10-20,0.0005156201410134345,0.024646163362565254,2.8800048828124716
116.5,119.68000030517578,116.26000213623048,119.33000183105467,119.33000183105467,34794900.0,AMD,2021-10-21,0.024946164016162075,0.028992436128298518,3.4199981689452983
120.83000183105467,121.55999755859376,118.37000274658205,119.81999969482422,119.81999969482422,38992700.0,AMD,2021-10-22,0.0040978343828004,0.02659261279546701,3.1899948120117188
120.5199966430664,123.45999908447266,118.5999984741211,122.36000061035156,122.36000061035156,47834100.0,AMD,2021-10-25,0.020976910162038186,0.04016073585230409,4.8600006103515625
122.98999786376952,127.1999969482422,122.58000183105467,122.93000030517578,122.93000030517578,59458900.0,AMD,2021-10-26,0.004647565890901225,0.03699673391899936,4.619995117187528
121.62999725341795,128.0800018310547,121.0500030517578,122.27999877929688,122.27999877929688,98245300.0,AMD,2021-10-27,-0.005301603121984538,0.056451374389850324,7.029998779296889
122.86000061035156,123.5,120.26000213623048,121.16000366210938,121.16000366210938,58002500.0,AMD,2021-10-28,-0.009201470655346473,0.026585072693176122,3.239997863769517
120.9499969482422,122.56999969482422,119.87999725341795,120.2300033569336,120.2300033569336,43320100.0,AMD,2021-10-29,-0.0077054134766865665,0.022191073325898272,2.690002441406264
119.4499969482422,125.66999816894533,118.12999725341795,125.2300033569336,125.2300033569336,54559800.0,AMD,2021-11-01,0.04074547047433724,0.06187371934678856,7.540000915527372
124.9800033569336,128.4600067138672,124.1999969482422,127.62999725341795,127.62999725341795,53491900.0,AMD,2021-11-02,0.018983358092634763,0.03372447916584855,4.260009765624986
127.75,130.60000610351562,126.79000091552734,130.52999877929688,130.52999877929688,59537800.0,AMD,2021-11-03,0.022467644574080268,0.029607081816079222,3.8100051879882812
132.00999450683594,139.0,130.77000427246094,137.5,137.5,84825200.0,AMD,2021-11-04,0.05202084105782461,0.06103384554071337,8.229995727539062
139.19000244140625,141.22000122070312,134.4199981689453,136.33999633789062,136.33999633789062,64920600.0,AMD,2021-11-05,-0.008472178032111685,0.049349753812254704,6.8000030517578125
137.6999969482422,153.60000610351562,137.6999969482422,150.16000366210938,150.16000366210938,141493800.0,AMD,2021-11-08,0.09654967759178731,0.10927447687775795,15.900009155273438
154.00999450683594,155.64999389648438,143.88999938964844,148.9199981689453,148.9199981689453,98442600.0,AMD,2021-11-09,-0.00829217995734485,0.07856074314100475,11.759994506835938
143.92999267578125,146.3000030517578,138.52000427246094,139.8699951171875,139.8699951171875,82989200.0,AMD,2021-11-10,-0.06269585182739311,0.0546445785078068,7.779998779296875
142.9600067138672,146.47000122070312,140.83999633789062,146.00999450683594,146.00999450683594,67934800.0,AMD,2021-11-11,0.04296169001007367,0.03919616937942815,5.6300048828125
146.02999877929688,148.58999633789062,144.25,147.88999938964844,147.88999938964844,52162100.0,AMD,2021-11-12,0.012793675159975934,0.02964290523431443,4.339996337890625
148.0,148.97999572753906,142.86000061035156,146.49000549316406,146.49000549316406,52271300.0,AMD,2021-11-15,-0.009511545811375345,0.041946906070844066,6.1199951171875
145.92999267578125,153.0800018310547,145.33999633789062,152.4499969482422,152.4499969482422,53100800.0,AMD,2021-11-16,0.03987944917593564,0.051884872527279656,7.7400054931640625
151.97999572753906,154.66000366210938,149.69000244140625,151.33999633789062,151.33999633789062,54527500.0,AMD,2021-11-17,-0.00730771634769305,0.03266267762244822,4.970001220703125
157.07000732421875,158.88999938964844,152.55999755859375,155.02000427246094,155.02000427246094,60612700.0,AMD,2021-11-18,0.024025231345592386,0.04065418976969062,6.3300018310546875
155.75999450683594,156.9199981689453,153.4499969482422,155.41000366210938,155.41000366210938,41668900.0,AMD,2021-11-19,0.002512641077628392,0.02236134849452867,3.470001220703125
157.13999938964844,161.8800048828125,152.38999938964844,152.52000427246094,152.52000427246094,58674100.0,AMD,2021-11-22,-0.01877104648987518,0.060412329874250326,9.490005493164062
150.41000366210938,152.66000366210938,145.3000030517578,149.9199981689453,149.9199981689453,62852700.0,AMD,2021-11-23,-0.01719395672525925,0.049412658779599695,7.3600006103515625
149.4600067138672,157.92999267578125,147.19000244140625,157.8000030517578,157.8000030517578,60677100.0,AMD,2021-11-24,0.05122662147461004,0.07042756471433846,10.739990234375
155.8000030517578,158.10000610351562,152.80999755859375,154.80999755859375,154.80999755859375,36245100.0,AMD,2021-11-26,-0.019129884969142252,0.03403247918041587,5.290008544921875
157.5,162.50999450683594,156.10000610351562,161.91000366210938,161.91000366210938,57438900.0,AMD,2021-11-29,0.04484210513480531,0.040242637914488524,6.4099884033203125
163.27999877929688,164.4600067138672,155.67999267578125,158.3699951171875,158.3699951171875,75182500.0,AMD,2021-11-30,-0.022106611244881672,0.05486484897538979,8.780014038085938
160.3699951171875,160.8800048828125,148.9199981689453,149.11000061035156,149.11000061035156,64039100.0,AMD,2021-12-01,-0.060249743975844865,0.077249539106089,11.960006713867188
147.67999267578125,152.52999877929688,146.47000122070312,150.67999267578125,150.67999267578125,56161200.0,AMD,2021-12-02,0.010474041519956056,0.04054065234443847,6.05999755859375
151.64999389648438,152.3800048828125,140.72000122070312,144.00999450683594,144.00999450683594,65910000.0,AMD,2021-12-03,-0.04527563075110258,0.07960532398452239,11.660003662109375
141.13999938964844,141.30999755859375,134.1999969482422,139.05999755859375,139.05999755859375,66776500.0,AMD,2021-12-06,-0.03497722635059061,0.05162483952049156,7.1100006103515625
143.89999389648438,145.75999450683594,141.0,144.85000610351562,144.85000610351562,53359400.0,AMD,2021-12-07,0.040793289237783234,0.03320150544711773,4.7599945068359375
144.9600067138672,147.0399932861328,142.6999969482422,145.24000549316406,145.24000549316406,40977500.0,AMD,2021-12-08,0.0026888180152641076,0.02996010985027319,4.339996337890625
145.16000366210938,146.69000244140625,137.8000030517578,138.10000610351562,138.10000610351562,53019900.0,AMD,2021-12-09,-0.05040947975583045,0.06251815241713418,8.889999389648438
141.2899932861328,141.3699951171875,135.82000732421875,138.5500030517578,138.5500030517578,42224300.0,AMD,2021-12-10,0.0032531887237945587,0.040049998728133605,5.54998779296875
138.25,139.39999389648438,133.4199981689453,133.8000030517578,133.8000030517578,42174000.0,AMD,2021-12-13,-0.03488512283290566,0.043845420984856186,5.9799957275390625
131.6699981689453,137.24000549316406,130.60000610351562,135.60000610351562,135.60000610351562,50754600.0,AMD,2021-12-14,0.013363250014989109,0.0495919944394653,6.6399993896484375
135.11000061035156,146.69000244140625,133.80999755859375,146.5,146.5,72425800.0,AMD,2021-12-15,0.0773160079396506,0.0919006680713977,12.8800048828125
147.0,147.92999267578125,137.02000427246094,138.63999938964844,138.63999938964844,63369600.0,AMD,2021-12-16,-0.05514478745219176,0.07661220763671431,10.909988403320312
136.3000030517578,142.0399932861328,136.11000061035156,137.75,137.75,55642100.0,AMD,2021-12-17,-0.006440192971906411,0.042645273979211515,5.92999267578125
135.97000122070312,138.25999450683594,133.52000427246094,135.8000030517578,135.8000030517578,38195400.0,AMD,2021-12-20,-0.014257210435985006,0.03488461943419833,4.739990234375
138.19000244140625,144.5,135.14999389648438,144.25,144.25,57785200.0,AMD,2021-12-21,0.06036466779117012,0.06689427999107908,9.350006103515625
142.64999389648438,144.5,140.27000427246094,143.8800048828125,143.8800048828125,46923700.0,AMD,2021-12-22,-0.002568252624085571,0.02971034036207122,4.2299957275390625
143.88999938964844,149.02000427246094,143.85000610351562,146.13999938964844,146.13999938964844,48653800.0,AMD,2021-12-23,0.015585409422463125,0.03530942136868822,5.1699981689453125
147.50999450683594,154.88999938964844,147.25,154.36000061035156,154.36000061035156,53296400.0,AMD,2021-12-27,0.054722478436910034,0.05058336108742284,7.6399993896484375
155.8800048828125,156.72999572753906,151.3800048828125,153.14999389648438,153.14999389648438,58699100.0,AMD,2021-12-28,-0.007869747197900307,0.03473128826961409,5.3499908447265625
152.82000732421875,154.33999633789062,147.2899932861328,148.25999450683594,148.25999450683594,51300200.0,AMD,2021-12-29,-0.03245034124790718,0.046754550383101584,7.0500030517578125
147.44000244140625,148.85000610351562,144.85000610351562,145.14999389648438,145.14999389648438,44358000.0,AMD,2021-12-30,-0.021199803756762524,0.02724036211409689,4.0
146.16000366210938,148.61000061035156,143.5500030517578,143.89999389648438,143.89999389648438,49448100.0,AMD,2021-12-31,-0.008649076942585331,0.03464200105127703,5.05999755859375
145.13999938964844,151.64999389648438,145.02000427246094,150.24000549316406,150.24000549316406,59396600.0,AMD,2022-01-03,0.04311548054420459,0.0447035004825759,6.6299896240234375
151.00999450683594,152.4199981689453,140.6999969482422,144.4199981689453,144.4199981689453,80200500.0,AMD,2022-01-04,-0.03950834367818823,0.08000991379423121,11.720001220703125
142.82000732421875,143.75999450683594,135.2899932861328,136.14999389648438,136.14999389648438,65403200.0,AMD,2022-01-05,-0.058968534053937004,0.06072463127512412,8.470001220703125
136.19000244140625,138.0,131.77000427246094,136.22999572753906,136.22999572753906,64802900.0,AMD,2022-01-06,0.0005874281254335956,0.04619567417642035,6.2299957275390625
136.27999877929688,137.44000244140625,131.1300048828125,132.0,132.0,58441100.0,AMD,2022-01-07,-0.03154267982948299,0.04699824121962045,6.30999755859375
129.0800018310547,132.4199981689453,125.02999877929688,132.0,132.0,84671300.0,AMD,2022-01-10,0.0,0.05742497692544407,7.3899993896484375
133.4499969482422,138.99000549316406,131.58999633789062,137.30999755859375,137.30999755859375,77153900.0,AMD,2022-01-11,0.039439202967038435,0.054711027286319804,7.4000091552734375
138.58999633789062,140.57000732421875,135.77000427246094,137.47000122070312,137.47000122070312,69669600.0,AMD,2022-01-12,0.0011645948096974897,0.03474332836682286,4.8000030517578125
139.44000244140625,141.25,131.80999755859375,132.74000549316406,132.74000549316406,76618100.0,AMD,2022-01-13,-0.03501335126244453,0.06916989682433873,9.44000244140625
131.67999267578125,137.0,131.42999267578125,136.8800048828125,136.8800048828125,71078400.0,AMD,2022-01-14,0.03071229615548802,0.04150659106135524,5.57000732421875
134.5,136.38999938964844,131.58999633789062,131.92999267578125,131.92999267578125,56527400.0,AMD,2022-01-18,-0.036833241876412584,0.035827424131382235,4.8000030517578125
133.5500030517578,134.57000732421875,128.02000427246094,128.27000427246094,128.27000427246094,69831800.0,AMD,2022-01-19,-0.02813397275963759,0.049898029093036984,6.5500030517578125
126.04000091552734,128.50999450683594,121.41000366210938,121.88999938964844,121.88999938964844,91157300.0,AMD,2022-01-20,-0.05101845695975154,0.056833401854972425,7.0999908447265625
120.13999938964844,125.0199966430664,118.38999938964844,118.80999755859376,118.80999755859376,95685300.0,AMD,2022-01-21,-0.025593435738980572,0.0544894433843802,6.629997253417969
115.4000015258789,116.7699966430664,107.5,116.52999877929688,116.52999877929688,116210100.0,AMD,2022-01-24,-0.019376817811636905,0.0827153117716519,9.269996643066406
114.0999984741211,114.81999969482422,109.86000061035156,111.12999725341795,111.12999725341795,85102900.0,AMD,2022-01-25,-0.047448077627213085,0.04415884861143231,4.959999084472656
114.5500030517578,117.16000366210938,108.62999725341795,110.70999908447266,110.70999908447266,94752600.0,AMD,2022-01-26,-0.0037865008807418995,0.07559296605503431,8.53000640869142
111.95999908447266,112.75,101.94000244140624,102.5999984741211,102.5999984741211,125954100.0,AMD,2022-01-27,-0.07607624373722109,0.10078854952144921,10.809997558593764
101.5500030517578,105.4000015258789,99.3499984741211,105.23999786376952,105.23999786376952,98749500.0,AMD,2022-01-28,0.02540551800888152,0.0591136969450857,6.0500030517578125
107.93000030517578,114.30999755859376,106.9000015258789,114.25,114.25,97206000.0,AMD,2022-01-31,0.0821455939008777,0.06702020237503079,7.409996032714858
116.75,117.26000213623048,112.7300033569336,116.77999877929688,116.77999877929688,122467900.0,AMD,2022-02-01,0.021902782628062088,0.0393981009189961,4.529998779296889
129.88999938964844,130.05999755859375,120.63999938964844,122.76000213623048,122.76000213623048,180065000.0,AMD,2022-02-02,0.04993943475084113,0.07518496446925546,9.419998168945312
120.31999969482422,125.37000274658205,118.81999969482422,120.08000183105467,120.08000183105467,103599500.0,AMD,2022-02-03,-0.022073044579387628,0.05365964667653463,6.550003051757827
120.33999633789062,124.95999908447266,118.58000183105467,123.5999984741211,123.5999984741211,86212000.0,AMD,2022-02-04,0.028892330104462197,0.05240582504407756,6.379997253417983
123.55999755859376,127.62999725341795,122.79000091552734,123.66999816894533,123.66999816894533,81672500.0,AMD,2022-02-07,0.00056618026970084,0.038659844846258146,4.839996337890611
122.37999725341795,128.7100067138672,122.0500030517578,128.22999572753906,128.22999572753906,84902800.0,AMD,2022-02-08,0.03620878020429975,0.05313104198090278,6.660003662109389
129.60000610351562,132.9600067138672,127.6500015258789,132.85000610351562,132.85000610351562,92948900.0,AMD,2022-02-09,0.035395224996439205,0.04075622596142037,5.310005187988281
128.83999633789062,131.75999450683594,124.61000061035156,125.7699966430664,125.7699966430664,108939900.0,AMD,2022-02-10,-0.05476590278071969,0.05579317932583268,7.149993896484375
126.13999938964844,127.16999816894533,111.80999755859376,113.18000030517578,113.18000030517578,164723200.0,AMD,2022-02-11,-0.1054753409572586,0.12872377931021117,15.360000610351562
115.51000213623048,118.37000274658205,113.45999908447266,114.2699966430664,114.2699966430664,135146400.0,AMD,2022-02-14,0.009584565370660275,0.0423649913399076,4.910003662109389
117.19000244140624,121.87999725341795,114.36000061035156,121.47000122070312,121.47000122070312,143975900.0,AMD,2022-02-15,0.061103288980186396,0.06368555879115656,7.519996643066392
119.0500030517578,119.54000091552734,114.22000122070312,117.69000244140624,117.69000244140624,119109600.0,AMD,2022-02-16,-0.03161325912764804,0.045524627130846776,5.319999694824219
116.26000213623048,116.9800033569336,112.26000213623048,112.37000274658205,112.37000274658205,98179600.0,AMD,2022-02-17,-0.046257047271834204,0.041185380168160535,4.720001220703111
113.9000015258789,115.63999938964844,109.88999938964844,113.83000183105467,113.83000183105467,114321200.0,AMD,2022-02-18,0.012909101060878142,0.05100205196548595,5.75
115.2699966430664,119.1999969482422,113.61000061035156,115.6500015258789,115.6500015258789,141648500.0,AMD,2022-02-22,0.015862278448389985,0.048031193075100835,5.589996337890639
117.4000015258789,118.6500015258789,109.04000091552734,109.76000213623048,109.76000213623048,120299400.0,AMD,2022-02-23,-0.05227221843106976,0.08446319995757942,9.610000610351562
104.55999755859376,116.95999908447266,104.26000213623048,116.61000061035156,116.61000061035156,142956600.0,AMD,2022-02-24,0.0605388553260524,0.11494418834435853,12.699996948242173
117.16000366210938,121.2300033569336,116.04000091552734,121.05999755859376,121.05999755859376,127821000.0,AMD,2022-02-25,0.03745123153026154,0.04375462830614967,5.19000244140625
120.30999755859376,124.61000061035156,119.1999969482422,123.33999633789062,123.33999633789062,124666100.0,AMD,2022-02-28,0.018658469575542513,0.04438613582361674,5.410003662109361
122.33000183105467,122.43000030517578,112.8000030517578,113.83000183105467,113.83000183105467,126552200.0,AMD,2022-03-01,-0.0802386164491766,0.08192307445993063,9.629997253417983
115.47000122070312,119.4800033569336,113.30999755859376,118.27999877929688,118.27999877929688,118354500.0,AMD,2022-03-02,0.038348561240827944,0.05302161759788629,6.1700057983398295
118.12999725341795,118.26000213623048,111.0500030517578,111.9800033569336,111.9800033569336,123916700.0,AMD,2022-03-03,-0.054734370765102465,0.06290503063515934,7.209999084472685
112.0,113.0,106.80999755859376,108.41000366210938,108.41000366210938,100609400.0,AMD,2022-03-04,-0.03239994444534096,0.05633628646820543,6.190002441406236
108.52999877929688,109.52999877929688,102.81999969482422,102.9499969482422,102.9499969482422,92600000.0,AMD,2022-03-07,-0.05167696562268875,0.06321858953143475,6.709999084472656
102.80999755859376,109.9000015258789,100.08000183105467,105.52999877929688,105.52999877929688,135348300.0,AMD,2022-03-08,0.02475185728495075,0.09360099083925848,9.819999694824233
108.41000366210938,111.70999908447266,106.8499984741211,111.0500030517578,111.0500030517578,102310300.0,AMD,2022-03-09,0.05098531670572843,0.04448025190259852,4.8600006103515625
108.88999938964844,109.06999969482422,103.06999969482422,106.45999908447266,106.45999908447266,102557400.0,AMD,2022-03-10,-0.042211258676490324,0.05658150905482872,6.0
108.12999725341795,108.19000244140624,104.08000183105467,104.29000091552734,104.29000091552734,87584400.0,AMD,2022-03-11,-0.02059383023309044,0.03872911146838409,4.1100006103515625
102.98999786376952,105.23999786376952,101.04000091552734,102.25,102.25,89731700.0,AMD,2022-03-14,-0.0197546939888789,0.04072694877016228,4.199996948242173
102.66000366210938,109.69000244140624,101.79000091552734,109.33000183105467,109.33000183105467,112425500.0,AMD,2022-03-15,0.06695005327144413,0.07474635122204559,7.900001525878892
111.5999984741211,115.41999816894533,109.88999938964844,115.37000274658205,115.37000274658205,113689800.0,AMD,2022-03-16,0.05377353055156938,0.049097773513916906,5.529998779296889
112.13999938964844,114.2699966430664,109.70999908447266,111.69000244140624,111.69000244140624,103201700.0,AMD,2022-03-17,-0.032417180334417726,0.04072352729699035,4.55999755859375
111.27999877929688,114.93000030517578,110.5500030517578,113.45999908447266,113.45999908447266,105834800.0,AMD,2022-03-18,0.01572314541775015,0.03885531512730461,4.379997253417983
113.7300033569336,117.56999969482422,112.54000091552734,115.91999816894533,115.91999816894533,101905900.0,AMD,2022-03-21,0.021449938387321975,0.04372517614369413,5.029998779296875
115.43000030517578,117.9499969482422,113.80999755859376,114.77999877929688,114.77999877929688,101672600.0,AMD,2022-03-22,-0.009883040171517848,0.03573041013816492,4.1399993896484375
114.29000091552734,117.5500030517578,112.20999908447266,113.91999816894533,113.91999816894533,90579200.0,AMD,2022-03-23,-0.007520810454558131,0.04649169342971573,5.340003967285142
114.95999908447266,120.5500030517578,113.70999908447266,120.52999877929688,120.52999877929688,121961300.0,AMD,2022-03-24,0.05640224288195418,0.058413290357258174,6.840003967285142
119.91999816894533,121.4000015258789,117.25,119.66999816894533,119.66999816894533,95852400.0,AMD,2022-03-25,-0.007160735187898686,0.034782483868028034,4.150001525878906
117.6999969482422,120.41000366210938,116.70999908447266,120.23999786376952,120.23999786376952,92966100.0,AMD,2022-03-28,0.004751788393772371,0.031210398737993295,3.7000045776367188
122.27999877929688,123.70999908447266,119.58999633789062,123.2300033569336,123.2300033569336,94143000.0,AMD,2022-03-29,0.024562827512904544,0.033870914115635586,4.120002746582031
123.04000091552734,125.66999816894533,118.58999633789062,119.22000122070312,119.22000122070312,99476900.0,AMD,2022-03-30,-0.03308201916037515,0.05798727396043257,7.080001831054702
116.30999755859376,116.37999725341795,109.0199966430664,109.33999633789062,109.33999633789062,147004800.0,AMD,2022-03-31,-0.08650827605686844,0.0653293547841745,7.360000610351548
110.4800033569336,111.41999816894533,106.0999984741211,108.19000244140624,108.19000244140624,111867100.0,AMD,2022-04-01,-0.010573296708596235,0.04892479692044233,5.319999694824233
109.97000122070312,110.94000244140624,107.02999877929688,110.52999877929688,110.52999877929688,90123900.0,AMD,2022-04-04,0.021398003013379473,0.035880379042592996,3.910003662109361
109.69000244140624,110.4800033569336,106.0500030517578,106.81999969482422,106.81999969482422,79532000.0,AMD,2022-04-05,-0.034141794224067094,0.04092382969874032,4.4300003051757955
104.4499969482422,105.73999786376952,101.70999908447266,103.66999816894533,103.66999816894533,105256600.0,AMD,2022-04-06,-0.029932412382026454,0.03885761296847808,4.029998779296861
103.91999816894533,105.23999786376952,100.91000366210938,103.72000122070312,103.72000122070312,91895500.0,AMD,2022-04-07,0.00048221276699823807,0.04201436910615271,4.329994201660142
102.51000213623048,102.98999786376952,100.41999816894533,101.0,101.0,92746700.0,AMD,2022-04-08,-0.02657445559842054,0.025270503022999373,2.5699996948241903
98.5999984741211,98.66999816894533,95.94000244140624,97.37000274658205,97.37000274658205,95527700.0,AMD,2022-04-11,-0.03660233364291247,0.028057908790578547,2.729995727539091
98.77999877929688,99.58999633789062,94.5999984741211,95.0999984741211,95.0999984741211,89246400.0,AMD,2022-04-12,-0.02358922969199619,0.05140426124365483,4.989997863769531
95.3000030517578,98.33000183105467,94.70999908447266,97.73999786376952,97.73999786376952,77728400.0,AMD,2022-04-13,0.027381916479401594,0.03750960584221963,3.620002746582017
98.37000274658205,98.38999938964844,92.91999816894533,93.05999755859376,93.05999755859376,73354400.0,AMD,2022-04-14,-0.049066449804004535,0.05720027847778667,5.470001220703111
92.02999877929688,95.16000366210938,91.63999938964844,93.88999938964844,93.88999938964844,80605800.0,AMD,2022-04-18,0.008879457587999325,0.03769187299348464,3.5200042724609375
93.38999938964844,97.06999969482422,92.83999633789062,96.93000030517578,96.93000030517578,77069500.0,AMD,2022-04-19,0.031865193883183686,0.04455482261940937,4.230003356933594
97.83999633789062,97.91000366210938,93.1999969482422,94.0199966430664,94.0199966430664,62489000.0,AMD,2022-04-20,-0.030481581761409672,0.04930103782142925,4.710006713867173
95.16000366210938,96.2300033569336,89.23999786376953,89.8499984741211,89.8499984741211,76680600.0,AMD,2022-04-21,-0.04536589364446734,0.0754118486264957,6.9900054931640625
90.02999877929688,91.45999908447266,87.94000244140625,88.13999938964844,88.13999938964844,75017700.0,AMD,2022-04-22,-0.019215143758009243,0.0392469167049245,3.5199966430664062
89.86000061035156,91.37000274658205,88.61000061035156,90.69000244140624,90.69000244140624,93481000.0,AMD,2022-04-25,0.028520671890778268,0.030672502123249762,2.760002136230483
89.73999786376953,90.12000274658205,85.08000183105469,85.16000366210938,85.16000366210938,89127400.0,AMD,2022-04-26,-0.06291524135185138,0.05755013418738504,5.040000915527358
84.25,87.9000015258789,84.0199966430664,84.91000366210938,84.91000366210938,83125100.0,AMD,2022-04-27,-0.0029399678873941195,0.04514499626313779,3.8800048828125
86.66999816894531,90.58000183105467,84.77999877929688,89.63999938964844,89.63999938964844,91495400.0,AMD,2022-04-28,0.054209726983229255,0.06617380681683538,5.800003051757798
88.05000305175781,91.79000091552734,85.37999725341797,85.5199966430664,85.5199966430664,82647700.0,AMD,2022-04-29,-0.04705141466021663,0.07239152004425109,6.410003662109375
85.66000366210938,90.37000274658205,85.31999969482422,89.83999633789062,89.83999633789062,98304100.0,AMD,2022-05-02,0.04928004220402605,0.057503494280182546,5.050003051757827
89.8499984741211,92.20999908447266,89.01000213623047,91.12999725341795,91.12999725341795,126381800.0,AMD,2022-05-03,0.01425675870125477,0.03531982765159618,3.1999969482421875
98.18000030517578,99.69000244140624,91.6999969482422,99.41999816894533,99.41999816894533,225394100.0,AMD,2022-05-04,0.0870662538802882,0.08354304954197646,7.990005493164034
97.6500015258789,97.83999633789062,92.16999816894533,93.87000274658205,93.87000274658205,153129800.0,AMD,2022-05-05,-0.057442406640835796,0.059698775809830136,5.669998168945298
94.33999633789062,98.18000030517578,92.6500015258789,95.33999633789062,95.33999633789062,144286600.0,AMD,2022-05-06,0.015538535757307195,0.05797356253758603,5.529998779296875
92.87000274658205,93.73999786376952,85.37999725341797,86.36000061035156,86.36000061035156,144523700.0,AMD,2022-05-09,-0.09892479865149745,0.09341312054477086,8.360000610351548
89.18000030517578,90.7699966430664,85.41000366210938,88.7300033569336,88.7300033569336,137235500.0,AMD,2022-05-10,0.02707347596624255,0.06086556472080477,5.359992980957031
87.83999633789062,93.45999908447266,86.52999877929688,87.91999816894531,87.91999816894531,136137900.0,AMD,2022-05-11,-0.009170799411382354,0.0770423669649877,6.930000305175781
86.5999984741211,88.55000305175781,83.2699966430664,87.05999755859375,87.05999755859375,129214200.0,AMD,2022-05-12,-0.009829781187642815,0.06147909875862463,5.280006408691406
88.30000305175781,96.56999969482422,88.22000122070312,95.12000274658205,95.12000274658205,138068100.0,AMD,2022-05-13,0.08854177317609224,0.09043442230484817,8.349998474121094
93.86000061035156,98.16999816894533,93.08000183105467,94.23999786376952,94.23999786376952,131065700.0,AMD,2022-05-16,-0.009294584022146574,0.053241292946625135,5.089996337890653
97.87999725341795,103.1999969482422,97.54000091552734,102.47000122070312,102.47000122070312,164227200.0,AMD,2022-05-17,0.08372538748911619,0.056406263808085694,5.659996032714858
100.0,104.22000122070312,95.70999908447266,96.27999877929688,96.27999877929688,142603200.0,AMD,2022-05-18,-0.062309484488218846,0.0851812845516459,8.510002136230469
96.69000244140624,100.69000244140624,95.08999633789062,96.66999816894533,96.66999816894533,141506200.0,AMD,2022-05-19,0.0040424972990291035,0.05722274113496547,5.600006103515611
98.38999938964844,98.63999938964844,88.26000213623047,93.5,93.5,164126800.0,AMD,2022-05-20,-0.033341661240580855,0.11118982462318511,10.379997253417969
91.66000366210938,95.19000244140624,90.91999816894533,95.06999969482422,95.06999969482422,128773000.0,AMD,2022-05-23,0.016652022866286274,0.0458949410657736,4.270004272460909
92.54000091552734,93.41999816894533,89.62000274658203,91.16000366210938,91.16000366210938,123341400.0,AMD,2022-05-24,-0.041997214611117537,0.041526895468746,3.7999954223632955
90.43000030517578,93.88999938964844,89.5199966430664,92.6500015258789,92.6500015258789,111771100.0,AMD,2022-05-25,0.01621272465083974,0.047661851265336216,4.370002746582031
91.33999633789062,100.33000183105467,90.73999786376952,98.75,98.75,128792700.0,AMD,2022-05-26,0.06376243458058146,0.10046652049434839,9.590003967285156
100.13999938964844,102.4000015258789,99.37999725341795,102.26000213623048,102.26000213623048,104348400.0,AMD,2022-05-27,0.03492720676080838,0.02993586896956537,3.0200042724609517
102.43000030517578,104.5500030517578,100.04000091552734,101.86000061035156,101.86000061035156,125102900.0,AMD,2022-05-31,-0.003919283093517838,0.04409533990306884,4.5100021362304545
102.12999725341795,103.56999969482422,99.5500030517578,101.22000122070312,101.22000122070312,99351400.0,AMD,2022-06-01,-0.006302949602689425,0.03958764848848926,4.0199966430664205
100.77999877929688,109.5,100.77999877929688,108.58999633789062,108.58999633789062,120953800.0,AMD,2022-06-02,0.07028291065879007,0.08298463811665692,8.720001220703125
105.8000030517578,109.38999938964844,104.6500015258789,106.3000030517578,106.3000030517578,110844700.0,AMD,2022-06-03,-0.021313974447804286,0.04429800907931615,4.739997863769531
108.2699966430664,109.56999969482422,104.2300033569336,105.6500015258789,105.6500015258789,96726900.0,AMD,2022-06-06,-0.006133555551980027,0.0499635836738779,5.339996337890625
104.23999786376952,106.23999786376952,102.61000061035156,105.27999877929688,105.27999877929688,79022900.0,AMD,2022-06-07,-0.003508302522655502,0.03476526579814878,3.6299972534179545
104.56999969482422,105.8499984741211,100.41000366210938,101.9000015258789,101.9000015258789,97641900.0,AMD,2022-06-08,-0.0326315007792257,0.05276114280248619,5.439994812011719
101.56999969482422,103.94000244140624,98.73999786376952,98.8000030517578,98.8000030517578,95299000.0,AMD,2022-06-09,-0.030894319560898362,0.0513237218730947,5.200004577636719
98.81999969482422,99.93000030517578,94.25,94.81999969482422,94.81999969482422,102135400.0,AMD,2022-06-10,-0.041117281386561,0.058519117599473404,5.680000305175781
91.26000213623048,92.02999877929688,86.63999938964844,86.98999786376953,86.98999786376953,98148800.0,AMD,2022-06-13,-0.0861872092932443,0.06035300193852904,5.3899993896484375
87.41000366210938,88.30000305175781,85.81999969482422,86.98999786376953,86.98999786376953,84066600.0,AMD,2022-06-14,0.0,0.028488066163777005,2.4800033569335938
87.9000015258789,90.86000061035156,86.19000244140625,89.30000305175781,89.30000305175781,95774800.0,AMD,2022-06-15,0.026208377094419113,0.05276567706358004,4.6699981689453125
86.62999725341797,86.7300033569336,80.63999938964844,82.05000305175781,82.05000305175781,102433300.0,AMD,2022-06-16,-0.08467266732669369,0.07280508664771328,6.090003967285156
82.19000244140625,82.94000244140625,79.43000030517578,81.56999969482422,81.56999969482422,105212300.0,AMD,2022-06-17,-0.005867311158764454,0.0432413497669341,3.5100021362304688
84.16999816894531,85.80999755859375,82.5999984741211,83.79000091552734,83.79000091552734,87780600.0,AMD,2022-06-21,0.026852135980431832,0.03812585931390481,3.2099990844726562
84.4000015258789,86.37999725341797,83.30000305175781,83.75,83.75,86634700.0,AMD,2022-06-22,-0.0004775088464703896,0.036307549927506,3.0799942016601562
84.31999969482422,84.41000366210938,80.2300033569336,82.43000030517578,82.43000030517578,100614600.0,AMD,2022-06-23,-0.015886718677797975,0.05078836977346901,4.180000305175781
83.55999755859375,87.52999877929688,83.08000183105469,87.08000183105469,87.08000183105469,88553900.0,AMD,2022-06-24,0.05487780536623891,0.052177556750667035,4.4499969482421875
87.36000061035156,88.22000122070312,85.25,86.16000366210938,86.16000366210938,74663500.0,AMD,2022-06-27,-0.010621182041893737,0.0342455923502012,2.970001220703125
85.70999908447266,86.7300033569336,80.43000030517578,80.77999877929688,80.77999877929688,95618600.0,AMD,2022-06-28,-0.06447668032790861,0.07541263869164745,6.3000030517578125
79.55000305175781,79.75,76.51000213623047,77.98999786376953,77.98999786376953,104140900.0,AMD,2022-06-29,-0.035148809072489795,0.04147526250026228,3.2399978637695312
77.7300033569336,78.91000366210938,75.4800033569336,76.47000122070312,76.47000122070312,105368600.0,AMD,2022-06-30,-0.019682062932027213,0.04444024396680166,3.4300003051757812
75.19000244140625,75.44999694824219,72.69000244140625,73.66999816894531,73.66999816894531,87734200.0,AMD,2022-07-01,-0.037302887179396726,0.0372662876833449,2.7599945068359375
71.9800033569336,75.20999908447266,71.5999984741211,75.19999694824219,75.19999694824219,95589000.0,AMD,2022-07-05,0.020555554534006978,0.04918913600992294,3.6100006103515625
75.16999816894531,76.27999877929688,73.55000305175781,75.3499984741211,75.3499984741211,85458900.0,AMD,2022-07-06,0.0019927144480472907,0.036445276189559,2.7299957275390625
77.19000244140625,79.98999786376953,76.9000015258789,79.30000305175781,79.30000305175781,83640900.0,AMD,2022-07-07,0.05109426230255185,0.039395703800534365,3.089996337890625
78.30999755859375,80.47000122070312,77.4000015258789,79.3499984741211,79.3499984741211,83405900.0,AMD,2022-07-08,0.0006302606181832836,0.0388976590178296,3.0699996948242188
77.8499984741211,78.29000091552734,75.83999633789062,76.94999694824219,76.94999694824219,76150300.0,AMD,2022-07-11,-0.03071260711677352,0.03179408295441698,2.4500045776367188
76.9800033569336,77.44000244140625,74.43000030517578,76.36000061035156,76.36000061035156,77873200.0,AMD,2022-07-12,-0.0076968137752899835,0.0396443840227538,3.0100021362304688
74.94000244140625,79.11000061035156,74.4800033569336,77.5199966430664,77.5199966430664,79355000.0,AMD,2022-07-13,0.015076917427786404,0.06030861870810976,4.629997253417969
78.2300033569336,79.25,76.0,78.5999984741211,78.5999984741211,83493600.0,AMD,2022-07-14,0.01383575574353011,0.041874072471059016,3.25
79.36000061035156,81.19999694824219,77.9000015258789,81.11000061035156,81.11000061035156,76050600.0,AMD,2022-07-15,0.03143458558529574,0.041489237120042516,3.2999954223632812
82.20999908447266,84.47000122070312,80.94000244140625,81.43000030517578,81.43000030517578,90464300.0,AMD,2022-07-18,0.003937493619508253,0.04268828657984669,3.529998779296875
82.76000213623047,86.41000366210938,82.19000244140625,85.87999725341797,85.87999725341797,85047500.0,AMD,2022-07-19,0.053207181802207,0.05006978236909918,4.220001220703125
85.38999938964844,89.91999816894531,85.08000183105469,89.43000030517578,89.43000030517578,88348600.0,AMD,2022-07-20,0.04050525874159007,0.0553283539286276,4.839996337890625
89.5999984741211,91.58000183105467,88.22000122070312,91.08999633789062,91.08999633789062,90449300.0,AMD,2022-07-21,0.018391788782975007,0.03737921870916706,3.3600006103515483
90.1999969482422,90.69000244140624,87.04000091552734,88.0999984741211,88.0999984741211,76989700.0,AMD,2022-07-22,-0.03337547293123661,0.04107933075372352,3.650001525878892
86.56999969482422,87.5999984741211,85.12000274658203,87.54000091552734,87.54000091552734,70083000.0,AMD,2022-07-25,-0.006376673401144364,0.028718922663126874,2.4799957275390625
87.0,87.75,84.70999908447266,85.25,85.25,69180400.0,AMD,2022-07-26,-0.0265077260575117,0.03525821471029929,3.0400009155273438
86.94000244140625,90.62000274658205,86.29000091552734,89.81999969482422,89.81999969482422,78301600.0,AMD,2022-07-27,0.05221954809832848,0.048961242417670685,4.330001831054702
90.41999816894533,92.22000122070312,88.58999633789062,91.66999816894533,91.66999816894533,79009200.0,AMD,2022-07-28,0.02038748773731374,0.040158096929206764,3.6300048828125
90.6999969482422,94.80999755859376,90.55999755859376,94.47000122070312,94.47000122070312,76630700.0,AMD,2022-07-29,0.0300871847033699,0.045862275683472044,4.25
95.58999633789062,98.38999938964844,93.95999908447266,96.77999877929688,96.77999877929688,96477500.0,AMD,2022-08-01,0.0241580120493586,0.046070016627370675,4.430000305175781
95.70999908447266,100.91999816894533,95.36000061035156,99.29000091552734,99.29000091552734,116734100.0,AMD,2022-08-02,0.025604521514246557,0.05666889591169309,5.559997558593764
94.83000183105467,98.7699966430664,93.62000274658205,98.08999633789062,98.08999633789062,131142000.0,AMD,2022-08-03,-0.01215948302419638,0.05354981572317394,5.149993896484361
97.5,104.58999633789062,97.26000213623048,103.91000366210938,103.91000366210938,125855800.0,AMD,2022-08-04,0.0576397878655967,0.07266008281246164,7.329994201660142
101.0500030517578,103.86000061035156,100.9800033569336,102.30999755859376,102.30999755859376,93859900.0,AMD,2022-08-05,-0.015517779079626322,0.028121333618530465,2.8799972534179688
100.05999755859376,101.8000030517578,97.98999786376952,100.06999969482422,100.06999969482422,92606800.0,AMD,2022-08-08,-0.02213745797527574,0.038144723247164315,3.8100051879882812
97.9499969482422,98.0500030517578,93.66999816894533,95.54000091552734,95.54000091552734,89473700.0,AMD,2022-08-09,-0.04632492050826578,0.045699636093752286,4.380004882812472
98.4499969482422,99.3499984741211,95.61000061035156,99.0500030517578,99.0500030517578,83416100.0,AMD,2022-08-10,0.03607978641035924,0.03837153015808817,3.7399978637695312
99.93000030517578,102.37000274658205,98.0,98.12000274658205,98.12000274658205,77516900.0,AMD,2022-08-11,-0.009433556572475518,0.04362624909105776,4.3700027465820455
99.1999969482422,101.4000015258789,98.4800033569336,100.83000183105467,100.83000183105467,72316300.0,AMD,2022-08-12,0.02724470118258442,0.029219590241535157,2.9199981689453125
100.51000213623048,101.8499984741211,99.8000030517578,101.01000213623048,101.01000213623048,61327100.0,AMD,2022-08-15,0.001783594424851373,0.020332913795032607,2.0499954223632955
100.83999633789062,101.4499969482422,98.31999969482422,100.1999969482422,100.1999969482422,60220700.0,AMD,2022-08-16,-0.008051384795696228,0.03133857403654965,3.129997253417983
99.26000213623048,99.63999938964844,96.7300033569336,98.2699966430664,98.2699966430664,63735600.0,AMD,2022-08-17,-0.01944939998007374,0.02964005736979493,2.9099960327148438
97.73999786376952,101.06999969482422,96.7300033569336,100.44000244140624,100.44000244140624,76059500.0,AMD,2022-08-18,0.021841800382469453,0.04388971616850432,4.339996337890625
98.66999816894533,99.25,94.58999633789062,95.9499969482422,95.9499969482422,67221700.0,AMD,2022-08-19,-0.0457333679484958,0.04809019605782965,4.660003662109375
94.4000015258789,95.0199966430664,92.36000061035156,92.83999633789062,92.83999633789062,61837300.0,AMD,2022-08-22,-0.03294964868714686,0.028393369335377425,2.6599960327148438
92.38999938964844,94.44000244140624,92.11000061035156,92.48999786376952,92.48999786376952,52927000.0,AMD,2022-08-23,-0.0037770344915644587,0.02498121644223459,2.3300018310546733
92.20999908447266,93.37999725341795,90.9000015258789,92.7300033569336,92.7300033569336,56520400.0,AMD,2022-08-24,0.0025915735440064976,0.026917142160052688,2.4799957275390483
93.13999938964844,97.56999969482422,93.13999938964844,97.18000030517578,97.18000030517578,61016200.0,AMD,2022-08-25,0.04687285110477742,0.046466334990920274,4.430000305175781
96.29000091552734,97.5999984741211,91.12000274658205,91.18000030517578,91.18000030517578,65552500.0,AMD,2022-08-26,-0.06372935398581657,0.0687001285036432,6.479995727539048
90.05000305175781,91.19000244140624,88.26000213623047,88.48999786376953,88.48999786376953,61142500.0,AMD,2022-08-29,-0.029946050993921617,0.032658240673078896,2.930000305175767
90.05999755859375,90.1500015258789,85.33999633789062,86.94000244140625,86.94000244140625,69087100.0,AMD,2022-08-30,-0.017671273496180372,0.054831731727465055,4.810005187988281
86.27999877929688,86.72000122070312,83.72000122070312,84.87000274658203,84.87000274658203,64991700.0,AMD,2022-08-31,-0.024097547298343052,0.03520663960912813,3.0
82.3499984741211,82.76000213623047,78.5199966430664,82.33000183105469,82.33000183105469,94854700.0,AMD,2022-09-01,-0.030385122793044495,0.052591552034030056,4.2400054931640625
83.31999969482422,83.6500015258789,79.80999755859375,80.23999786376953,80.23999786376953,84924400.0,AMD,2022-09-02,-0.025713466520097577,0.046992666376375836,3.8400039672851562
80.41000366210938,80.88999938964844,78.37000274658203,78.72000122070312,78.72000122070312,68727300.0,AMD,2022-09-06,-0.019124848779770644,0.03164896337329252,2.5199966430664062
79.23999786376953,80.25,77.73999786376953,79.61000061035156,79.61000061035156,67891200.0,AMD,2022-09-07,0.01124245251635944,0.03177686406521575,2.5100021362304688
80.02999877929688,83.44999694824219,79.23999786376953,82.77999877929688,82.77999877929688,89089300.0,AMD,2022-09-08,0.039046750806976026,0.05176641866658907,4.209999084472656
84.02999877929688,85.68000030517578,83.83999633789062,85.44999694824219,85.44999694824219,68907700.0,AMD,2022-09-09,0.03174490227340706,0.021709252808310854,1.8400039672851562
84.88999938964844,85.3499984741211,83.45999908447266,84.63999938964844,84.63999938964844,71922500.0,AMD,2022-09-12,-0.009524412948798786,0.022392967168795633,1.8899993896484375
80.95999908447266,81.47000122070312,76.80000305175781,77.02999877929688,77.02999877929688,80921200.0,AMD,2022-09-13,-0.09421202038108016,0.059030189415962664,4.6699981689453125
77.0999984741211,78.08000183105469,75.87000274658203,77.44999694824219,77.44999694824219,71483000.0,AMD,2022-09-14,0.0054375869421743215,0.02871258000470138,2.2099990844726562
76.63999938964844,77.97000122070312,74.91000366210938,76.66000366210938,76.66000366210938,81818000.0,AMD,2022-09-15,-0.010252419736729506,0.04003671113099056,3.05999755859375
75.62000274658203,76.81999969482422,74.68000030517578,76.51000213623047,76.51000213623047,75300200.0,AMD,2022-09-16,-0.0019586285585143364,0.02825269618518248,2.1399993896484375
75.38999938964844,77.33999633789062,75.3499984741211,76.7699966430664,76.7699966430664,64966900.0,AMD,2022-09-19,0.003392415947960866,0.02606733400641448,1.9899978637695312
76.08000183105469,76.58000183105469,74.7300033569336,75.25,75.25,51129100.0,AMD,2022-09-20,-0.019997991483667366,0.02445430709647193,1.8499984741210938
75.44000244140625,78.41000366210938,74.44999694824219,74.4800033569336,74.4800033569336,82069700.0,AMD,2022-09-21,-0.01028522558856342,0.05182379880813648,3.9600067138671875
73.88999938964844,74.29000091552734,69.16999816894531,69.5,69.5,101436900.0,AMD,2022-09-22,-0.0692039254696753,0.07140914934672145,5.120002746582031
68.0,69.08000183105469,66.81999969482422,67.95999908447266,67.95999908447266,87690000.0,AMD,2022-09-23,-0.02240746923857711,0.03326284742329182,2.2600021362304688
67.87000274658203,68.73999786376953,66.25,66.30000305175781,66.30000305175781,82898700.0,AMD,2022-09-26,-0.024729340110824,0.03689577547839232,2.4899978637695312
67.9000015258789,68.77999877929688,66.0,67.16999816894531,67.16999816894531,94871800.0,AMD,2022-09-27,0.013036748797420086,0.041258245229757164,2.779998779296875
67.11000061035156,68.80000305175781,66.55999755859375,68.36000061035156,68.36000061035156,72389500.0,AMD,2022-09-28,0.017561175157114278,0.033100029463070925,2.2400054931640625
67.1500015258789,67.19999694824219,62.83000183105469,64.13999938964844,64.13999938964844,102552400.0,AMD,2022-09-29,-0.06371968242679818,0.06724050655818496,4.3699951171875
63.619998931884766,65.91000366210938,63.34000015258789,63.36000061035156,63.36000061035156,81664100.0,AMD,2022-09-30,-0.012235427609837438,0.0397731871073767,2.5700035095214844
64.45999908447266,66.91000366210938,63.38999938964844,66.11000061035156,66.11000061035156,83841600.0,AMD,2022-10-03,0.04248727343860618,0.05404237685903344,3.5200042724609375
68.2699966430664,69.18000030517578,67.33000183105469,67.9000015258789,67.9000015258789,77160500.0,AMD,2022-10-04,0.02671602645924321,0.027105878167935256,1.8499984741210938
66.58999633789062,68.69000244140625,64.5199966430664,67.94000244140625,67.94000244140625,87127400.0,AMD,2022-10-05,0.0005889416300838184,0.06262846254051432,4.170005798339844
67.81999969482422,70.29000091552734,67.66000366210938,67.8499984741211,67.8499984741211,98325900.0,AMD,2022-10-06,-0.0013256348753033303,0.03813433673507886,2.6299972534179688
64.01000213623047,64.02999877929688,58.220001220703125,58.43999862670898,58.43999862670898,163786300.0,AMD,2022-10-07,-0.14929880040853757,0.09512274518160856,5.80999755859375
57.310001373291016,58.790000915527344,56.29999923706055,57.810001373291016,57.810001373291016,112241800.0,AMD,2022-10-10,-0.010838768533701916,0.04327726639268273,2.490001678466797
57.209999084472656,58.91999816894531,56.04999923706055,57.630001068115234,57.630001068115234,114054800.0,AMD,2022-10-11,-0.0031185108670457305,0.04993642461106218,2.8699989318847656
57.45000076293945,58.31999969482422,56.31999969482422,57.84999847412109,57.84999847412109,89264200.0,AMD,2022-10-12,0.003810143280624138,0.03489537603643889,2.0
55.52000045776367,60.13999938964844,54.56999969482422,58.93999862670898,58.93999862670898,131159800.0,AMD,2022-10-13,0.018666526746521517,0.09719089180576969,5.569999694824219
59.59999847412109,59.93999862670898,55.84000015258789,55.93999862670898,55.93999862670898,96959300.0,AMD,2022-10-14,-0.05224029078527811,0.07085357779071394,4.099998474121087
57.34999847412109,58.5099983215332,57.09999847412109,57.959999084472656,57.959999084472656,76977600.0,AMD,2022-10-17,0.03547343843217706,0.024393561174266987,1.4099998474121165
59.90999984741211,60.4900016784668,56.400001525878906,57.91999816894531,57.91999816894531,103064500.0,AMD,2022-10-18,-0.0006903851926863856,0.07000890430805834,4.090000152587891
57.33000183105469,59.040000915527344,56.56999969482422,57.22999954223633,57.22999954223633,75704800.0,AMD,2022-10-19,-0.011984488041602558,0.04273639183870966,2.470001220703125
57.470001220703125,60.20000076293945,57.400001525878906,57.77000045776367,57.77000045776367,79552600.0,AMD,2022-10-20,0.009391389294729111,0.047628035079411435,2.799999237060547
57.220001220703125,58.90999984741211,55.709999084472656,58.81999969482422,58.81999969482422,95366400.0,AMD,2022-10-21,0.018012310220475704,0.05585120534449161,3.200000762939453
58.56999969482422,59.0,56.65999984741211,58.70000076293945,58.70000076293945,76305400.0,AMD,2022-10-24,-0.002042188106233722,0.04046895219639329,2.3400001525878906
58.77000045776367,61.97999954223633,58.68999862670898,61.470001220703125,61.470001220703125,85501900.0,AMD,2022-10-25,0.04610953094612056,0.05454241380275512,3.290000915527351
59.68999862670898,61.77000045776367,59.150001525878906,59.72999954223633,59.72999954223633,79761600.0,AMD,2022-10-26,-0.028714871697103673,0.04334120089741957,2.6199989318847656
61.59999847412109,62.720001220703125,58.5099983215332,58.59999847412109,58.59999847412109,83871400.0,AMD,2022-10-27,-0.019099728536255273,0.06948274439158535,4.210002899169922
59.09999847412109,62.34999847412109,58.91999816894531,62.0099983215332,62.0099983215332,78198600.0,AMD,2022-10-28,0.05656096475002968,0.056583087135782216,3.430000305175774
60.75,61.86000061035156,59.52999877929688,60.060001373291016,60.060001373291016,73274100.0,AMD,2022-10-31,-0.03195154987360462,0.03839341046396427,2.3300018310546804
61.4900016784668,61.9900016784668,59.43000030517578,59.65999984741211,59.65999984741211,83806700.0,AMD,2022-11-01,-0.006682308891524457,0.04217395427662466,2.5600013732910156
63.0,63.93000030517578,58.56999969482422,58.630001068115234,58.630001068115234,142669400.0,AMD,2022-11-02,-0.017415247334958372,0.0875661246609826,5.3600006103515625
58.11000061035156,62.27999877929688,58.02999877929688,60.11000061035156,60.11000061035156,95279900.0,AMD,2022-11-03,0.024929698010961704,0.07068023019876288,4.25
62.5,63.0,60.52999877929688,62.18999862670898,62.18999862670898,84791300.0,AMD,2022-11-04,0.03401796582863249,0.039995636654847844,2.470001220703118
62.93000030517578,63.52999877929688,61.400001525878906,63.08000183105469,63.08000183105469,62722500.0,AMD,2022-11-07,0.014209598088723437,0.0341023560593039,2.129997253417976
64.08999633789062,64.95999908447266,62.369998931884766,63.84999847412109,63.84999847412109,75938000.0,AMD,2022-11-08,0.012132767458342313,0.04068730834714684,2.5900001525878906
62.27999877929688,63.04999923706055,59.79999923706055,59.91999816894531,59.91999816894531,62940300.0,AMD,2022-11-09,-0.06352624993003834,0.05292240211198089,3.25
64.30000305175781,68.80000305175781,63.619998931884766,68.47000122070312,68.47000122070312,107996300.0,AMD,2022-11-10,0.13338540231062204,0.07827591976422911,5.180004119873047
69.58000183105469,73.31999969482422,68.29000091552734,72.37000274658203,72.37000274658203,111709500.0,AMD,2022-11-11,0.05539617586871442,0.07107006242979906,5.029998779296875
75.22000122070312,75.25,72.66999816894531,73.52999877929688,73.52999877929688,108892800.0,AMD,2022-11-14,0.01590158277672371,0.03488728419728538,2.5800018310546875
77.26000213623047,79.16000366210938,75.38999938964844,76.37000274658203,76.37000274658203,108946300.0,AMD,2022-11-15,0.03789651525773973,0.04879653486879482,3.7700042724609375
73.66000366210938,74.83000183105469,71.93000030517578,72.69999694824219,72.69999694824219,79968000.0,AMD,2022-11-16,-0.04924864230237936,0.03952547043985151,2.9000015258789062
70.55999755859375,74.37999725341797,70.16000366210938,73.9000015258789,73.9000015258789,82320800.0,AMD,2022-11-17,0.016371506039982244,0.058408651310103574,4.219993591308594
75.06999969482422,75.3499984741211,72.18000030517578,73.56999969482422,73.56999969482422,73223200.0,AMD,2022-11-18,-0.004475518805971448,0.042980901379329646,3.1699981689453125
72.20999908447266,72.9800033569336,71.56999969482422,72.45999908447266,72.45999908447266,51536300.0,AMD,2022-11-21,-0.015202656964075502,0.019509489519806446,1.410003662109375
72.72000122070312,75.33000183105469,72.11000061035156,75.25,75.25,55450200.0,AMD,2022-11-22,0.03778123079698833,0.0436857467518725,3.220001220703125
75.48999786376953,78.22000122070312,75.30000305175781,76.4000015258789,76.4000015258789,81623600.0,AMD,2022-11-23,0.015166812515726574,0.038045209599551794,2.9199981689453125
75.66999816894531,76.04000091552734,74.75,75.13999938964844,75.13999938964844,26018900.0,AMD,2022-11-25,-0.016629684121746972,0.017110317389507985,1.2900009155273438
73.80999755859375,75.47000122070312,72.56999969482422,73.19000244140625,73.19000244140625,45383800.0,AMD,2022-11-28,-0.02629419905272802,0.03918363338667245,2.9000015258789062
73.62000274658203,74.48999786376953,72.77999877929688,73.38999938964844,73.38999938964844,51846400.0,AMD,2022-11-29,0.00272884527018541,0.023223684098594845,1.7099990844726562
73.37999725341797,77.69999694824219,72.80999755859375,77.62999725341797,77.62999725341797,88468400.0,AMD,2022-11-30,0.05616623679674595,0.06500194322201379,4.8899993896484375
78.30999755859375,79.2300033569336,76.44000244140625,77.4800033569336,77.4800033569336,59833400.0,AMD,2022-12-01,-0.001934033171920614,0.03584890603569679,2.7900009155273438
75.05000305175781,76.27999877929688,73.6500015258789,74.9800033569336,74.9800033569336,64377200.0,AMD,2022-12-02,-0.03279842578642893,0.03508660110267844,2.6299972534179688
74.54000091552734,75.16999816894531,72.81999969482422,73.62000274658203,73.62000274658203,47022200.0,AMD,2022-12-05,-0.01830469082039139,0.03176155227406438,2.3499984741210938
73.08000183105469,73.38999938964844,69.4000015258789,70.2699966430664,70.2699966430664,64965200.0,AMD,2022-12-06,-0.04657184782625293,0.0559007887409357,3.9899978637695312
69.52999877929688,71.37000274658203,69.27999877929688,70.13999938964844,70.13999938964844,59180100.0,AMD,2022-12-07,-0.0018516814220463878,0.029721404832349568,2.0900039672851562
70.13999938964844,71.22000122070312,69.0,70.47000122070312,70.47000122070312,56734100.0,AMD,2022-12-08,0.00469386865111235,0.03166719039226436,2.220001220703125
69.48999786376953,70.66999816894531,68.5199966430664,68.58999633789062,68.58999633789062,59058300.0,AMD,2022-12-09,-0.027040406541313053,0.030895504328941257,2.1500015258789062
68.54000091552734,70.66999816894531,67.52999877929688,70.66999816894531,70.66999816894531,60968300.0,AMD,2022-12-12,0.02987443067290646,0.04544920328253986,3.1399993896484375
74.87000274658203,75.20999908447266,70.66000366210938,71.6500015258789,71.6500015258789,72458000.0,AMD,2022-12-13,0.013772046777633181,0.062404494907174916,4.549995422363281
70.93000030517578,72.0,68.31999969482422,68.93000030517578,68.93000030517578,67278000.0,AMD,2022-12-14,-0.03870167424557754,0.05246357400259951,3.6800003051757812
67.5999984741211,68.20999908447266,66.12000274658203,66.52999877929688,66.52999877929688,58557000.0,AMD,2022-12-15,-0.03543854591925399,0.031119853752265527,2.089996337890625
66.25,67.19000244140625,64.80000305175781,65.41000366210938,65.41000366210938,62438600.0,AMD,2022-12-16,-0.01697774744552009,0.03621881281465931,2.3899993896484375
65.12000274658203,65.58999633789062,63.709999084472656,64.58999633789062,64.58999633789062,46246900.0,AMD,2022-12-19,-0.01261566461351191,0.029081667714126406,1.8799972534179688
63.7599983215332,66.05999755859375,63.52000045776367,65.05000305175781,65.05000305175781,52431300.0,AMD,2022-12-20,0.007096708525942241,0.03920855885974967,2.539997100830078
65.43000030517578,67.8499984741211,65.20999908447266,67.68000030517578,67.68000030517578,44167600.0,AMD,2022-12-21,0.039634467934520634,0.0396865464264404,2.6399993896484375
66.08000183105469,66.30999755859375,62.2599983215332,63.86000061035156,63.86000061035156,73917700.0,AMD,2022-12-22,-0.058097522962779834,0.06302154050823461,4.049999237060547
63.11000061035156,64.66000366210938,62.720001220703125,64.5199966430664,64.5199966430664,45923000.0,AMD,2022-12-23,0.010282004383371391,0.030462433428788203,1.94000244140625
63.869998931884766,64.27999877929688,62.970001220703125,63.27000045776367,63.27000045776367,36086000.0,AMD,2022-12-27,-0.019563910833782443,0.020590079992785865,1.30999755859375
62.540000915527344,63.540000915527344,61.959999084472656,62.56999969482422,62.56999969482422,39526500.0,AMD,2022-12-28,-0.011125365260953146,0.025180642477482255,1.5800018310546875
63.63999938964844,65.18000030517578,63.060001373291016,64.81999969482422,64.81999969482422,41428500.0,AMD,2022-12-29,0.035328267872429334,0.03306600219701769,2.1199989318847656
63.77000045776367,64.81999969482422,63.13999938964844,64.7699966430664,64.7699966430664,37127000.0,AMD,2022-12-30,-0.0007717116390527107,0.026259719542144757,1.6800003051757812
66.0,66.87999725341797,63.59000015258789,64.0199966430664,64.0199966430664,46851800.0,AMD,2023-01-03,-0.01164699926028446,0.05044370003025588,3.289997100830078
65.0,65.79000091552734,63.310001373291016,64.66000366210938,64.66000366210938,47477100.0,AMD,2023-01-04,0.009947346827667153,0.03842454876624186,2.479999542236328
64.1500015258789,64.3499984741211,62.29999923706055,62.33000183105469,62.33000183105469,46159500.0,AMD,2023-01-05,-0.03669994873614295,0.03237549678276516,2.049999237060547
63.150001525878906,64.30000305175781,60.04999923706055,63.959999084472656,63.959999084472656,70161300.0,AMD,2023-01-06,0.025814993454153806,0.06838214288389144,4.250003814697266
66.22000122070312,69.31999969482422,65.66999816894531,67.23999786376953,67.23999786376953,69741300.0,AMD,2023-01-09,0.050010403118488936,0.05409128812477025,3.6500015258789062
66.66999816894531,68.1500015258789,66.55999755859375,68.05000305175781,68.05000305175781,41149600.0,AMD,2023-01-10,0.01197449717310929,0.023607420699376283,1.5900039672851562
68.38999938964844,69.12999725341797,67.22000122070312,69.05999755859375,69.05999755859375,44470100.0,AMD,2023-01-11,0.014732882666596715,0.0280179097697113,1.9099960327148438
70.06999969482422,71.6500015258789,67.18000030517578,70.80000305175781,70.80000305175781,70066200.0,AMD,2023-01-12,0.02488338719370984,0.06441758684366182,4.470001220703125
69.83999633789062,71.0999984741211,69.2300033569336,71.0,71.0,45757400.0,AMD,2023-01-13,0.0028208332377184604,0.026652972168657137,1.8699951171875
70.87000274658203,72.66000366210938,70.6500015258789,71.58999633789062,71.58999633789062,42621300.0,AMD,2023-01-17,0.008275471212853493,0.028052946465423025,2.0100021362304688
71.87000274658203,72.77999877929688,70.5,70.52999877929688,70.52999877929688,39538700.0,AMD,2023-01-18,-0.014917214341654312,0.03182846559328273,2.279998779296875
68.97000122070312,69.25,67.2699966430664,67.70999908447266,67.70999908447266,47189900.0,AMD,2023-01-19,-0.04080426793626249,0.029008822932322084,1.9800033569335938
68.01000213623047,70.12999725341797,67.44999694824219,70.06999969482422,70.06999969482422,47757600.0,AMD,2023-01-20,0.03426087205089168,0.0389640859756432,2.6800003051757812
72.22000122070312,76.58999633789062,71.54000091552734,76.52999877929688,76.52999877929688,84293200.0,AMD,2023-01-23,0.08818806684403728,0.06820972547875209,5.049995422363281
73.75,75.63999938964844,73.41999816894531,74.69999694824219,74.69999694824219,60822600.0,AMD,2023-01-24,-0.02420275358592863,0.029788882591858447,2.220001220703125
72.9000015258789,75.12000274658203,72.08999633789062,74.91000366210938,74.91000366210938,49932600.0,AMD,2023-01-25,0.0028073905613269514,0.041171583845245656,3.0300064086914062
76.5,77.08000183105469,74.27999877929688,75.16000366210938,75.16000366210938,49583900.0,AMD,2023-01-26,0.003331781422863936,0.03700214725071678,2.8000030517578125
73.69999694824219,76.73999786376953,73.48999786376953,75.4000015258789,75.4000015258789,58118600.0,AMD,2023-01-27,0.0031880719815874027,0.043273743509092785,3.25
74.2300033569336,74.63999938964844,72.4000015258789,72.44999694824219,72.44999694824219,48105200.0,AMD,2023-01-30,-0.039910668606601446,0.030470227894470608,2.2399978637695312
72.26000213623047,75.19999694824219,72.02999877929688,75.1500015258789,75.1500015258789,71669100.0,AMD,2023-01-31,0.036589509858997046,0.0430685084197848,3.1699981689453125
78.47000122070312,85.4800033569336,77.87999725341797,84.63999938964844,84.63999938964844,152548200.0,AMD,2023-02-01,0.11892082439541483,0.09311332448536225,7.600006103515625
84.29000091552734,88.94000244140625,83.19999694824219,88.30999755859375,88.30999755859375,97762100.0,AMD,2023-02-02,0.04244636293600509,0.06671470138520562,5.7400054931640625
86.66000366210938,88.80000305175781,85.83000183105469,86.08999633789062,86.08999633789062,66557800.0,AMD,2023-02-03,-0.025460105703134547,0.0340180673011331,2.970001220703125
84.62999725341797,86.27999877929688,83.22000122070312,83.68000030517578,83.68000030517578,53008900.0,AMD,2023-02-06,-0.02839321416816104,0.036110089149615256,3.05999755859375
84.31999969482422,86.25,82.5199966430664,85.91000366210938,85.91000366210938,65291900.0,AMD,2023-02-07,0.026300275313690558,0.04420940838866116,3.7300033569335938
85.87999725341797,88.0,84.54000091552734,84.69000244140625,84.69000244140625,54140400.0,AMD,2023-02-08,-0.014302719516171819,0.040112008510046024,3.4599990844726562
85.87999725341797,86.66999816894531,82.76000213623047,83.20999908447266,83.20999908447266,46525400.0,AMD,2023-02-09,-0.017630037851343053,0.046162903329815305,3.9099960327148438
82.29000091552734,82.70999908447266,80.47000122070312,81.4800033569336,81.4800033569336,49332600.0,AMD,2023-02-10,-0.021009889351642733,0.027456043306981273,2.2399978637695312
81.56999969482422,84.1500015258789,80.9000015258789,83.12999725341797,83.12999725341797,45400000.0,AMD,2023-02-13,0.0200479819453114,0.039387095843917364,3.25
82.69999694824219,86.19000244140625,81.7699966430664,85.94999694824219,85.94999694824219,55979700.0,AMD,2023-02-14,0.033360081819263296,0.05264380286465101,4.420005798339844
85.0999984741211,85.88999938964844,83.31999969482422,85.18000030517578,85.18000030517578,46430200.0,AMD,2023-02-15,-0.008999028244874684,0.0303787879418569,2.5699996948242188
82.9800033569336,83.3499984741211,80.05000305175781,80.08000183105469,80.08000183105469,57755200.0,AMD,2023-02-16,-0.061740510205500615,0.04039711332404874,3.2999954223632812
79.5999984741211,79.6500015258789,77.37000274658203,78.5,78.5,47826600.0,AMD,2023-02-17,-0.01992753308392036,0.029042911452678975,2.279998779296875
77.1500015258789,78.45999908447266,76.44999694824219,76.7699966430664,76.7699966430664,44045600.0,AMD,2023-02-21,-0.022284729675710338,0.025952036655970775,2.0100021362304688
76.93000030517578,78.12999725341797,75.91999816894531,76.61000061035156,76.61000061035156,50286800.0,AMD,2023-02-22,-0.002086270616926871,0.028693940671192464,2.2099990844726562
80.62999725341797,81.79000091552734,77.97000122070312,79.75,79.75,76391300.0,AMD,2023-02-23,0.040169117169228497,0.04783084496294676,3.8199996948242188
77.75,78.80999755859375,76.94000244140625,78.08999633789062,78.08999633789062,46700000.0,AMD,2023-02-24,-0.02103478088638081,0.024013932331727134,1.8699951171875
79.63999938964844,80.12000274658203,78.52999877929688,78.7699966430664,78.7699966430664,45617300.0,AMD,2023-02-27,0.008670210319754101,0.020044843236105673,1.5900039672851562
77.87000274658203,80.13999938964844,77.41999816894531,78.58000183105469,78.58000183105469,44220100.0,AMD,2023-02-28,-0.0024149336662233636,0.03452997609335632,2.720001220703125
78.55000305175781,80.29000091552734,77.87999725341797,78.29000091552734,78.29000091552734,44266000.0,AMD,2023-03-01,-0.0036973448182288805,0.03047594636219793,2.410003662109375
77.56999969482422,80.91999816894531,76.6500015258789,80.44000244140625,80.44000244140625,60108600.0,AMD,2023-03-02,0.02709170264122543,0.05421136444666353,4.269996643066406
80.4000015258789,81.62999725341797,79.33999633789062,81.5199966430664,81.5199966430664,54536200.0,AMD,2023-03-03,0.013336752480104337,0.028454438887521524,2.2900009155273438
82.02999877929688,83.30000305175781,81.04000091552734,81.16000366210938,81.16000366210938,54541300.0,AMD,2023-03-06,-0.004425787655494856,0.02750571457088859,2.2600021362304688
81.06999969482422,84.8499984741211,80.66999816894531,82.11000061035156,82.11000061035156,70959000.0,AMD,2023-03-07,0.011637259074327897,0.05051823744618785,4.180000305175781
82.79000091552734,85.7699966430664,82.27999877929688,85.37000274658203,85.37000274658203,69529800.0,AMD,2023-03-08,0.03893496404086092,0.04154120591475215,3.4899978637695312
85.29000091552734,87.80999755859375,83.58999633789062,84.02999877929688,84.02999877929688,79496700.0,AMD,2023-03-09,-0.01582091978176361,0.04925150966793392,4.220001220703125
84.47000122070312,85.44999694824219,81.62999725341797,82.66999816894531,82.66999816894531,70273600.0,AMD,2023-03-10,-0.016317106297512866,0.04573456603109943,3.8199996948242188
81.38999938964844,83.83000183105469,78.5199966430664,82.01000213623047,82.01000213623047,65269100.0,AMD,2023-03-13,-0.00801554001888811,0.06543763383657432,5.310005187988281
83.66999816894531,88.30000305175781,83.58999633789062,87.44999694824219,87.44999694824219,66616300.0,AMD,2023-03-14,0.06422594947070319,0.054816290270470115,4.7100067138671875
86.7699966430664,90.41999816894533,86.22000122070312,89.68000030517578,89.68000030517578,86177400.0,AMD,2023-03-15,0.025180615599408738,0.04756327813891677,4.199996948242202
89.72000122070312,96.69000244140624,89.0199966430664,96.5999984741211,96.5999984741211,115839200.0,AMD,2023-03-16,0.07433094325577853,0.08264898386746103,7.6700057983398295
96.66000366210938,98.75,95.94000244140624,97.83999633789062,97.83999633789062,94080800.0,AMD,2023-03-17,0.012754728526719493,0.028868382260094232,2.809997558593764
96.3000030517578,96.94000244140624,92.9000015258789,96.80999755859376,96.80999755859376,92008900.0,AMD,2023-03-20,-0.010583184435897454,0.042568593357190314,4.0400009155273295
97.0,99.45999908447266,93.63999938964844,95.93000030517578,95.93000030517578,85285300.0,AMD,2023-03-21,-0.009131507502356051,0.060297907976966686,5.819999694824219
95.6500015258789,101.6999969482422,95.63999938964844,97.58000183105467,97.58000183105467,110816300.0,AMD,2023-03-22,0.017053811141251974,0.061436136838698883,6.059997558593764
100.0500030517578,102.43000030517578,98.66999816894533,100.27999877929688,100.27999877929688,84088900.0,AMD,2023-03-23,0.027293687964803304,0.0373987111160871,3.7600021362304545
99.18000030517578,99.5199966430664,96.73999786376952,97.9499969482422,97.9499969482422,64712400.0,AMD,2023-03-24,-0.023509147882878036,0.02833164994697005,2.779998779296889
98.0199966430664,98.93000030517578,95.43000030517578,96.61000061035156,96.61000061035156,57461400.0,AMD,2023-03-27,-0.013774851387164163,0.03601953479283172,3.5
96.7699966430664,96.94000244140624,92.87000274658205,94.55999755859376,94.55999755859376,59150100.0,AMD,2023-03-28,-0.02144773400790953,0.042891560239546676,4.06999969482419
96.06999969482422,96.91000366210938,94.87000274658205,96.08999633789062,96.08999633789062,55326000.0,AMD,2023-03-29,0.0160506863387385,0.02127518817943247,2.0400009155273295
98.0,99.52999877929688,97.25,97.87999725341795,97.87999725341795,59678500.0,AMD,2023-03-30,0.018456996335830707,0.023174111494741127,2.279998779296875
96.33999633789062,98.36000061035156,95.2699966430664,98.01000213623048,98.01000213623048,55861100.0,AMD,2023-03-31,0.0013273255633712434,0.03191929307058525,3.0900039672851562
96.6999969482422,96.79000091552734,94.80999755859376,96.55999755859376,96.55999755859376,50655300.0,AMD,2023-04-03,-0.014904984571684652,0.02066882944054813,1.9800033569335795
97.04000091552734,97.2699966430664,95.20999908447266,95.87000274658205,95.87000274658205,43195900.0,AMD,2023-04-04,-0.007171415767519757,0.02140561368812241,2.05999755859375
94.3499984741211,94.5,91.36000061035156,92.55999755859376,92.55999755859376,52979300.0,AMD,2023-04-05,-0.035136079228981085,0.03379208191126622,3.1399993896484375
91.47000122070312,92.91000366210938,90.62000274658205,92.47000122070312,92.47000122070312,47778400.0,AMD,2023-04-06,-0.0009727757183297992,0.024956352521108602,2.2900009155273295
91.31999969482422,95.8000030517578,91.0199966430664,95.4800033569336,95.4800033569336,52536300.0,AMD,2023-04-10,0.03203255583850966,0.05118349112510294,4.780006408691392
96.05999755859376,96.06999969482422,92.69000244140624,94.02999877929688,94.02999877929688,51935800.0,AMD,2023-04-11,-0.015302969322203706,0.035816471017829817,3.379997253417983
94.97000122070312,95.0,91.73999786376952,92.33000183105467,92.33000183105467,53383100.0,AMD,2023-04-12,-0.018244731690755883,0.03491842571721915,3.260002136230483
92.79000091552734,93.16000366210938,91.83000183105467,92.08999633789062,92.08999633789062,40572500.0,AMD,2023-04-13,-0.002602815649529002,0.014379422760985904,1.3300018310547017
91.81999969482422,92.97000122070312,90.5,91.75,91.75,38734800.0,AMD,2023-04-14,-0.003698833031960663,0.026927022891961576,2.470001220703125
90.2300033569336,90.69000244140624,88.30000305175781,89.87000274658203,89.87000274658203,47250800.0,AMD,2023-04-17,-0.020703274702675203,0.026706982208665343,2.3899993896484233
91.61000061035156,92.16000366210938,89.33000183105469,89.77999877929688,89.77999877929688,46246300.0,AMD,2023-04-18,-0.0010019924748226158,0.031188838472616935,2.8300018310546875
88.51000213623047,90.54000091552734,88.22000122070312,89.94000244140625,89.94000244140625,37344500.0,AMD,2023-04-19,0.0017805887302119103,0.025958043605840062,2.3199996948242188
88.83000183105469,91.58000183105467,88.7300033569336,90.11000061035156,90.11000061035156,47082700.0,AMD,2023-04-20,0.0018883445329577148,0.03161483854261927,2.8499984741210795
89.80000305175781,89.80000305175781,88.05999755859375,88.43000030517578,88.43000030517578,41118300.0,AMD,2023-04-21,-0.018819870981664103,0.01956663668883575,1.7400054931640625
88.11000061035156,88.63999938964844,86.33999633789062,87.56999969482422,87.56999969482422,40423800.0,AMD,2023-04-24,-0.009772811989489509,0.026290268400887884,2.3000030517578125
86.9000015258789,87.05999755859375,83.76000213623047,83.80000305175781,83.80000305175781,52771500.0,AMD,2023-04-25,-0.044005426144003476,0.03864191601488475,3.2999954223632812
86.51000213623047,87.3499984741211,85.31999969482422,85.94000244140625,85.94000244140625,47786600.0,AMD,2023-04-26,0.025216362849918763,0.023514129085190988,2.029998779296875
86.41000366210938,87.56999969482422,84.08999633789062,87.44000244140625,87.44000244140625,53087200.0,AMD,2023-04-27,0.017303465034101153,0.040550859754271744,3.4800033569335938
87.0199966430664,89.75,86.44000244140625,89.37000274658203,89.37000274658203,50686100.0,AMD,2023-04-28,0.021832214336793086,0.037577467485762545,3.30999755859375
91.02999877929688,91.04000091552734,88.61000061035156,89.69000244140625,89.69000244140625,59358700.0,AMD,2023-05-01,0.003574221224399755,0.02705425548706297,2.4300003051757812
89.31999969482422,90.45999908447266,88.12000274658203,89.91000366210938,89.91000366210938,70483500.0,AMD,2023-05-02,0.002449903377108817,0.02620820082610096,2.339996337890625
83.54000091552734,85.4800033569336,81.0199966430664,81.62000274658203,81.62000274658203,109482200.0,AMD,2023-05-03,-0.09673484709901094,0.05358647338136411,4.4600067138671875
81.56999969482422,91.63999938964844,81.11000061035156,86.61000061035156,86.61000061035156,122840500.0,AMD,2023-05-04,0.059340925761574424,0.12206158531773793,10.529998779296875
84.98999786376953,90.43000030517578,84.72000122070312,89.83999633789062,89.83999633789062,78491100.0,AMD,2023-05-05,0.036614980277536756,0.0652243584252791,5.709999084472656
89.98999786376953,95.66000366210938,89.16999816894531,95.04000091552734,95.04000091552734,95503200.0,AMD,2023-05-08,0.05626759557979269,0.07025563692234414,6.4900054931640625
94.88999938964844,96.16000366210938,93.43000030517578,95.05999755859376,95.05999755859376,68674800.0,AMD,2023-05-09,0.0002103802556621285,0.02880101279917507,2.7300033569335938
96.41999816894533,99.94000244140624,96.12000274658205,97.0199966430664,97.0199966430664,95619500.0,AMD,2023-05-10,0.02040886271357046,0.03897259090199901,3.8199996948241903
98.16000366210938,99.19000244140624,96.13999938964844,97.0999984741211,97.0999984741211,57061000.0,AMD,2023-05-11,0.0008242513661281508,0.031231771254089026,3.0500030517577983
96.83000183105467,97.4499969482422,93.68000030517578,95.26000213623048,95.26000213623048,53829700.0,AMD,2023-05-12,-0.019131341784792866,0.03945467209032723,3.7699966430664205
95.1999969482422,97.43000030517578,93.4499969482422,97.4000015258789,97.4000015258789,51749200.0,AMD,2023-05-15,0.022216208516620758,0.041707673324519544,3.9800033569335795
97.38999938964844,103.27999877929688,97.30999755859376,101.4800033569336,101.4800033569336,90622900.0,AMD,2023-05-16,0.041035541496239045,0.059542000974088495,5.970001220703111
101.79000091552734,104.13999938964844,100.0500030517578,103.75,103.75,75240900.0,AMD,2023-05-17,0.022122391299971473,0.04006605034180878,4.089996337890639
103.9800033569336,108.0999984741211,103.93000030517578,107.93000030517578,107.93000030517578,74338700.0,AMD,2023-05-18,0.039498712553981574,0.039339111993034734,4.1699981689453125
106.36000061035156,107.29000091552734,104.62000274658205,105.81999969482422,105.81999969482422,67880200.0,AMD,2023-05-19,-0.01974333707271768,0.025200692986458148,2.6699981689452983
104.68000030517578,108.79000091552734,103.48999786376952,108.0,108.0,65424200.0,AMD,2023-05-22,0.02039169253214797,0.0499444578103592,5.300003051757827
107.25,110.98999786376952,107.19000244140624,108.12000274658205,108.12000274658205,73099100.0,AMD,2023-05-23,0.0011105196871164134,0.03483710443696981,3.7999954223632812
105.9800033569336,108.91000366210938,105.63999938964844,108.2699966430664,108.2699966430664,65910500.0,AMD,2023-05-24,0.0013863295062649232,0.03048480506141649,3.2700042724609375
117.30999755859376,120.69000244140624,115.8000030517578,120.3499984741211,120.3499984741211,108514700.0,AMD,2023-05-25,0.1057760752328018,0.041360703365954155,4.8899993896484375
122.45999908447266,127.43000030517578,120.88999938964844,127.02999877929688,127.02999877929688,92922800.0,AMD,2023-05-26,0.054019117875400785,0.05268616045395529,6.540000915527344
130.4199981689453,130.7899932861328,123.51000213623048,125.2699966430664,125.2699966430664,98902300.0,AMD,2023-05-30,-0.013951888367289389,0.057270790421940033,7.2799911499023295
122.41999816894533,123.95999908447266,117.86000061035156,118.20999908447266,118.20999908447266,87552200.0,AMD,2023-05-31,-0.058008685041151684,0.05046144094549769,6.099998474121094
117.29000091552734,121.27999877929688,116.5999984741211,119.47000122070312,119.47000122070312,66032900.0,AMD,2023-06-01,0.01060260802942379,0.039352650998945256,4.680000305175781
120.75,121.66000366210938,117.68000030517578,117.86000061035156,117.86000061035156,52382400.0,AMD,2023-06-02,-0.013567819458404155,0.03326122010728732,3.9800033569335938
116.58999633789062,119.31999969482422,116.41999816894533,117.93000030517578,117.93000030517578,52602900.0,AMD,2023-06-05,0.0005937461012668593,0.024604630973341663,2.900001525878892
117.91000366210938,124.41999816894533,117.73999786376952,124.2300033569336,124.2300033569336,75257500.0,AMD,2023-06-06,0.0520434825578598,0.05518413891366111,6.68000030517581
124.02999877929688,125.33999633789062,117.06999969482422,117.83000183105467,117.83000183105467,81755200.0,AMD,2023-06-07,-0.052891789982459476,0.0682579716943247,8.269996643066406
118.3000030517578,122.20999908447266,117.0500030517578,121.0500030517578,121.0500030517578,65246900.0,AMD,2023-06-08,0.0269607853297388,0.04313964894930437,5.159996032714858
123.56999969482422,127.25,123.5500030517578,124.91999816894533,124.91999816894533,75105000.0,AMD,2023-06-09,0.03146980916227103,0.029507698295424042,3.6999969482422017
128.52000427246094,130.47999572753906,126.4000015258789,129.19000244140625,129.19000244140625,85394700.0,AMD,2023-06-12,0.03361069011294636,0.031768431783991496,4.079994201660156
132.32000732421875,132.8300018310547,122.4499969482422,124.52999877929688,124.52999877929688,132461900.0,AMD,2023-06-13,-0.03673756693943092,0.08136737045366467,10.380004882812486
126.52999877929688,127.7300033569336,123.80999755859376,127.33000183105467,127.33000183105467,95888100.0,AMD,2023-06-14,0.022235515035156438,0.03117057462254089,3.9200057983398295
125.38999938964844,125.6999969482422,122.26000213623048,124.23999786376952,124.23999786376952,85587100.0,AMD,2023-06-15,-0.024566994319685332,0.02774814924466858,3.4399948120117188
125.81999969482422,125.8499984741211,119.9000015258789,120.08000183105467,120.08000183105467,82007100.0,AMD,2023-06-16,-0.03405695907221621,0.04843263469700952,5.9499969482421875
119.08999633789062,121.75,117.6999969482422,118.93000030517578,118.93000030517578,58851800.0,AMD,2023-06-20,-0.009623115268663832,0.033830773624742086,4.050003051757798
118.48999786376952,119.19000244140624,111.66999816894533,112.11000061035156,112.11000061035156,82835600.0,AMD,2023-06-21,-0.05905454969544301,0.06517080191724578,7.520004272460909
112.23999786376952,114.0,109.8499984741211,110.6999969482422,110.6999969482422,70754800.0,AMD,2023-06-22,-0.012656725462953012,0.03708266345444445,4.150001525878906
109.30999755859376,111.0999984741211,107.45999908447266,110.01000213623048,110.01000213623048,73622000.0,AMD,2023-06-23,-0.006252521976913741,0.03331200613032873,3.6399993896484375
110.9499969482422,112.5500030517578,107.1999969482422,107.51000213623048,107.51000213623048,68557000.0,AMD,2023-06-26,-0.022987403802656348,0.0487013742986146,5.350006103515597
108.56999969482422,110.97000122070312,107.08000183105467,110.38999938964844,110.38999938964844,59381600.0,AMD,2023-06-27,0.026435658134013076,0.03568366976074358,3.8899993896484517
108.20999908447266,111.77999877929688,107.62999725341795,110.16999816894533,110.16999816894533,67534100.0,AMD,2023-06-28,-0.001994933769504972,0.03783324916349989,4.1500015258789205
112.06999969482422,112.76000213623048,109.83999633789062,111.23999786376952,111.23999786376952,58347200.0,AMD,2023-06-29,0.009665399430258168,0.026236957071526658,2.920005798339858
113.02999877929688,114.69000244140624,112.41000366210938,113.91000366210938,113.91000366210938,53378800.0,AMD,2023-06-30,0.02371868489900159,0.020079923611581767,2.279998779296861
115.16000366210938,116.7300033569336,114.51000213623048,115.81999969482422,115.81999969482422,31860000.0,AMD,2023-07-03,0.01662856410176193,0.019201430342023186,2.220001220703111
116.0999984741211,117.66000366210938,113.86000061035156,113.9499969482422,113.9499969482422,49501600.0,AMD,2023-07-05,-0.016277530252588043,0.032829511677335485,3.8000030517578125
112.06999969482422,113.79000091552734,110.30999755859376,113.4800033569336,113.4800033569336,42342000.0,AMD,2023-07-06,-0.004133089387771152,0.031060090565619376,3.4800033569335795
114.16000366210938,115.33000183105467,113.04000091552734,113.16999816894533,113.16999816894533,37211300.0,AMD,2023-07-07,-0.0027355427242027074,0.020055853639085724,2.2900009155273295
113.0,113.61000061035156,109.87999725341795,113.58000183105467,113.58000183105467,49330200.0,AMD,2023-07-10,0.0036163537723961016,0.033382699723276774,3.730003356933608
111.66000366210938,113.2699966430664,109.5,111.31999969482422,111.31999969482422,59899500.0,AMD,2023-07-11,-0.020098516654301717,0.03384977031950228,3.7699966430664062
112.88999938964844,115.4000015258789,112.30999755859376,114.58000183105467,114.58000183105467,57993100.0,AMD,2023-07-12,0.028864351044748243,0.02714148405967747,3.090003967285142
115.76000213623048,116.16000366210938,113.58000183105467,115.91999816894533,115.91999816894533,49206700.0,AMD,2023-07-13,0.011626997255568972,0.02246113203234558,2.5800018310547017
116.16999816894533,122.12000274658205,115.25,115.94000244140624,115.94000244140624,91927200.0,AMD,2023-07-14,0.00017255475250483506,0.05790050848076429,6.8700027465820455
115.9499969482422,118.83999633789062,112.7300033569336,118.31999969482422,118.31999969482422,68593300.0,AMD,2023-07-17,0.020319978854219548,0.052782410943976815,6.109992980957031
117.5500030517578,118.43000030517578,115.19000244140624,117.93000030517578,117.93000030517578,57980100.0,AMD,2023-07-18,-0.003301585133654228,0.02773911117723191,3.2399978637695455
121.3000030517578,121.66999816894533,115.5500030517578,116.43000030517578,116.43000030517578,70363100.0,AMD,2023-07-19,-0.012800994019615045,0.05160908361890394,6.119995117187528
114.95999908447266,115.0500030517578,109.23999786376952,110.25,110.25,76340400.0,AMD,2023-07-20,-0.054539722343078745,0.051819565956749004,5.810005187988281
110.97000122070312,112.3000030517578,109.54000091552734,110.9499969482422,110.9499969482422,76815400.0,AMD,2023-07-21,0.006329107545943632,0.02488410120594194,2.7600021362304545
110.62000274658205,111.30999755859376,108.5500030517578,110.61000061035156,110.61000061035156,45583600.0,AMD,2023-07-24,-0.0030691154406858006,0.02510815513359421,2.759994506835966
111.13999938964844,114.0500030517578,111.0,113.0,113.0,44916300.0,AMD,2023-07-25,0.021377312280127302,0.027106774176131755,3.0500030517577983
111.91000366210938,112.36000061035156,109.3000030517578,110.08999633789062,110.08999633789062,51721700.0,AMD,2023-07-26,-0.026089638894716192,0.027611584564726142,3.059997558593764
111.79000091552734,115.08000183105467,110.51000213623048,111.0999984741211,111.0999984741211,70678000.0,AMD,2023-07-27,0.009132503093676232,0.04052152066314905,4.56999969482419
113.37999725341795,114.86000061035156,112.44000244140624,112.95999908447266,112.95999908447266,55526000.0,AMD,2023-07-28,0.01660308272875037,0.021294232998724405,2.4199981689453267
114.16000366210938,114.68000030517578,112.3499984741211,114.4000015258789,114.4000015258789,54187300.0,AMD,2023-07-31,0.012667326643748767,0.020526658626414937,2.3300018310546875
114.26000213623048,118.19000244140624,113.16000366210938,117.5999984741211,117.5999984741211,95279300.0,AMD,2023-08-01,0.027587930205566023,0.04349074088518088,5.029998779296861
119.48999786376952,119.5,107.37999725341795,109.3499984741211,109.3499984741211,173372000.0,AMD,2023-08-02,-0.07273528932067129,0.10694245195529507,12.120002746582045
108.9499969482422,114.95999908447266,108.9499969482422,113.1500015258789,113.1500015258789,90605400.0,AMD,2023-08-03,0.03416065239630408,0.05369520042689055,6.0100021362304545
114.4800033569336,118.8499984741211,113.95999908447266,115.81999969482422,115.81999969482422,83169700.0,AMD,2023-08-04,0.023322873597731025,0.04201467937156071,4.8899993896484375
116.36000061035156,119.08000183105467,115.48999786376952,116.80999755859376,116.80999755859376,65854800.0,AMD,2023-08-07,0.008511403104213878,0.030611623894359823,3.5900039672851562
114.94000244140624,115.45999908447266,111.41000366210938,113.2300033569336,113.2300033569336,54141800.0,AMD,2023-08-08,-0.031127484293962185,0.03570701876161052,4.049995422363281
112.88999938964844,113.1500015258789,108.77999877929688,110.47000122070312,110.47000122070312,56257100.0,AMD,2023-08-09,-0.024677176038710277,0.039386902791944546,4.370002746582031
111.3000030517578,113.88999938964844,109.47000122070312,110.2300033569336,110.2300033569336,57297800.0,AMD,2023-08-10,-0.0021748795051453446,0.03958251465963282,4.4199981689453125
108.8499984741211,109.06999969482422,106.4800033569336,107.56999969482422,107.56999969482422,55667700.0,AMD,2023-08-11,-0.024427326822208464,0.02403266952939114,2.589996337890625
106.75,111.98999786376952,105.41999816894533,111.9800033569336,111.9800033569336,57421800.0,AMD,2023-08-14,0.040178518291804466,0.06045720846149101,6.56999969482419
111.98999786376952,113.18000030517578,110.16999816894533,111.3499984741211,111.3499984741211,53816600.0,AMD,2023-08-15,-0.005641933898792573,0.026954863679045513,3.0100021362304545
110.08999633789062,110.44000244140624,106.9800033569336,107.19000244140624,107.19000244140624,54327300.0,AMD,2023-08-16,-0.03807539652006441,0.03183047668595102,3.459999084472642
107.62000274658205,107.8499984741211,104.0999984741211,104.44000244140624,104.44000244140624,59064300.0,AMD,2023-08-17,-0.025990216272775746,0.03538939772390216,3.75
102.4000015258789,106.06999969482422,101.68000030517578,105.4499969482422,105.4499969482422,59916700.0,AMD,2023-08-18,0.009624110777364513,0.04226862075772799,4.3899993896484375
106.1999969482422,108.54000091552734,105.66999816894533,108.22000122070312,108.22000122070312,49319200.0,AMD,2023-08-21,0.02592932550996522,0.02679776394529639,2.870002746582017
109.4000015258789,109.72000122070312,104.8499984741211,105.66000366210938,105.66000366210938,47295200.0,AMD,2023-08-22,-0.023939777098876014,0.04540093440006448,4.870002746582031
105.6500015258789,110.08000183105467,105.0,109.43000030517578,109.43000030517578,54656300.0,AMD,2023-08-23,0.03505865182358548,0.04724704066136423,5.080001831054673
111.05999755859376,111.63999938964844,100.87000274658205,101.8000030517578,101.8000030517578,109179100.0,AMD,2023-08-24,-0.07227494412473152,0.10144681690530845,10.769996643066392
101.16999816894533,104.12000274658205,99.58000183105467,102.25,102.25,74793100.0,AMD,2023-08-25,0.004410660828514809,0.04458274690355792,4.540000915527372
103.47000122070312,104.06999969482422,100.88999938964844,102.61000061035156,102.61000061035156,55386800.0,AMD,2023-08-28,0.0035146048994724108,0.03103293834674491,3.1800003051757812
102.11000061035156,106.56999969482422,101.79000091552734,105.91999816894533,105.91999816894533,50850300.0,AMD,2023-08-29,0.03174867507916677,0.04589016691072238,4.779998779296875
105.4000015258789,107.66999816894533,104.5,106.58999633789062,106.58999633789062,54847300.0,AMD,2023-08-30,0.00630558944252494,0.029883905416586466,3.1699981689453267
106.19000244140624,108.05999755859376,104.86000061035156,105.72000122070312,105.72000122070312,58919000.0,AMD,2023-08-31,-0.00819556306141942,0.030060472857838225,3.1999969482422017
107.0,110.05999755859376,106.61000061035156,109.4499969482422,109.4499969482422,54856100.0,AMD,2023-09-01,0.03467369480354951,0.03184832776163884,3.4499969482422017
109.0,111.81999969482422,106.3000030517578,110.77999877929688,110.77999877929688,66042200.0,AMD,2023-09-05,0.012078445499586952,0.050625118812511236,5.5199966430664205
110.55999755859376,111.33000183105467,108.22000122070312,109.27999877929688,109.27999877929688,47736700.0,AMD,2023-09-06,-0.013632856933729268,0.028332576693288633,3.1100006103515483
106.13999938964844,107.69000244140624,105.08999633789062,106.58999633789062,106.58999633789062,49080100.0,AMD,2023-09-07,-0.02492372030798797,0.02443966098133437,2.600006103515611
107.0199966430664,109.73999786376952,105.75,106.08999633789062,106.08999633789062,46232000.0,AMD,2023-09-08,-0.004701908391788961,0.03703609423815344,3.989997863769517
107.31999969482422,107.51000213623048,103.0,105.31999969482422,105.31999969482422,50611300.0,AMD,2023-09-11,-0.0072844242217829785,0.04285489813756387,4.510002136230483
104.1999969482422,106.73999786376952,103.18000030517578,105.30999755859376,105.30999755859376,44413600.0,AMD,2023-09-12,-9.497352104072986e-05,0.033920912118190406,3.559997558593736
105.0999984741211,108.73999786376952,104.83000183105467,107.70999908447266,107.70999908447266,44702300.0,AMD,2023-09-13,0.022534063653287032,0.03661968414109248,3.9099960327148438
108.43000030517578,109.1500015258789,106.22000122070312,106.62999725341795,106.62999725341795,45920600.0,AMD,2023-09-14,-0.010077549590723007,0.027210670489135256,2.9300003051757812
106.06999969482422,106.76000213623048,101.27999877929688,101.48999786376952,101.48999786376952,71103600.0,AMD,2023-09-15,-0.04940462185997977,0.05269439820286551,5.480003356933608
100.81999969482422,102.98999786376952,99.4499969482422,102.37000274658205,102.37000274658205,49061300.0,AMD,2023-09-18,0.008633477349582544,0.03497690078196686,3.5400009155273153
101.75,102.86000061035156,100.6999969482422,101.61000061035156,101.61000061035156,41704100.0,AMD,2023-09-19,-0.007451766257033664,0.021223076861502554,2.160003662109361
102.36000061035156,103.94000244140624,100.27999877929688,100.33999633789062,100.33999633789062,55180600.0,AMD,2023-09-20,-0.012577578945493745,0.03584757195176101,3.660003662109361
98.5999984741211,98.87000274658205,95.83999633789062,96.11000061035156,96.11000061035156,59704300.0,AMD,2023-09-21,-0.043071007373357235,0.031125787532291272,3.0300064086914205
96.91999816894533,98.41999816894533,95.61000061035156,96.1999969482422,96.1999969482422,52169400.0,AMD,2023-09-22,0.0009359507628611127,0.02896659335221672,2.809997558593764
95.9499969482422,97.4499969482422,94.45999908447266,97.37999725341795,97.37999725341795,43223700.0,AMD,2023-09-25,0.01219149660116241,0.03116293986168141,2.9899978637695455
96.5,97.83000183105467,95.2699966430664,95.95999908447266,95.95999908447266,42866500.0,AMD,2023-09-26,-0.014689394118993265,0.026516366703347626,2.560005187988267
96.81999969482422,99.2300033569336,96.3499984741211,98.06999969482422,98.06999969482422,51261500.0,AMD,2023-09-27,0.02175007786163785,0.02945304273243342,2.8800048828125
97.94000244140624,104.1999969482422,97.76000213623048,102.76000213623048,102.76000213623048,72542100.0,AMD,2023-09-28,0.04671468673781068,0.06379658275669343,6.439994812011719
104.69000244140624,104.94000244140624,102.55999755859376,102.81999969482422,102.81999969482422,56078600.0,AMD,2023-09-29,0.0005836906290763782,0.02294081215565091,2.3800048828124716
102.20999908447266,103.70999908447266,101.6999969482422,103.2699966430664,103.2699966430664,45118600.0,AMD,2023-10-02,0.004367001517634635,0.019571260726817,2.0100021362304545
101.8000030517578,103.29000091552734,99.16999816894533,100.08000183105467,100.08000183105467,48117000.0,AMD,2023-10-03,-0.031377000722369104,0.040705044147963894,4.120002746582017
100.6500015258789,104.4000015258789,100.33999633789062,104.06999969482422,104.06999969482422,51023200.0,AMD,2023-10-04,0.03909386226279381,0.03966530750513434,4.060005187988281
103.41000366210938,103.73999786376952,100.2699966430664,102.91000366210938,102.91000366210938,51789700.0,AMD,2023-10-05,-0.011208891283805391,0.03402123427420517,3.470001220703111
102.16000366210938,107.87000274658205,102.02999877929688,107.23999786376952,107.23999786376952,64864100.0,AMD,2023-10-06,0.041214438014114174,0.055659948126246424,5.8400039672851705
106.01000213623048,107.30999755859376,104.79000091552734,106.97000122070312,106.97000122070312,39593200.0,AMD,2023-10-09,-0.0025208607179887416,0.023763462964437217,2.5199966430664205
107.48999786376952,110.12000274658205,106.4000015258789,109.01000213623048,109.01000213623048,57105500.0,AMD,2023-10-10,0.018891208007234515,0.034365113967613804,3.720001220703139
109.13999938964844,110.0999984741211,106.93000030517578,108.30999755859376,108.30999755859376,51085600.0,AMD,2023-10-11,-0.006442177430180952,0.02921461224706453,3.1699981689453125
108.4000015258789,111.30999755859376,107.51000213623048,108.79000091552734,108.79000091552734,60959400.0,AMD,2023-10-12,0.004421963541805189,0.034735193204539196,3.7999954223632812
108.6500015258789,108.97000122070312,104.75,105.08999633789062,105.08999633789062,52881500.0,AMD,2023-10-13,-0.034602335818396515,0.03949606738874209,4.220001220703125
105.41999816894533,107.4800033569336,105.02999877929688,106.45999908447266,106.45999908447266,42464500.0,AMD,2023-10-16,0.012952228114738876,0.02305880296812942,2.4500045776367188
103.54000091552734,106.29000091552734,101.66000366210938,105.13999938964844,105.13999938964844,49642100.0,AMD,2023-10-17,-0.012476529558710365,0.04453726811710949,4.629997253417969
103.37999725341795,104.77999877929688,101.73999786376952,102.16999816894533,102.16999816894533,50450000.0,AMD,2023-10-18,-0.028654714904484985,0.029442383932258682,3.040000915527358
103.80999755859376,105.5999984741211,101.83999633789062,102.4000015258789,102.4000015258789,52734200.0,AMD,2023-10-19,0.0022486528248833863,0.03625543853283986,3.7600021362304688
102.27999877929688,104.33999633789062,101.44000244140624,101.80999755859376,101.80999755859376,61317900.0,AMD,2023-10-20,-0.005778420367488369,0.028187247739992868,2.899993896484389
100.80999755859376,102.41999816894533,99.31999969482422,100.01000213623048,100.01000213623048,50817400.0,AMD,2023-10-23,-0.017838104790486836,0.030735030589188517,3.099998474121108
100.97000122070312,101.79000091552734,99.37999725341795,101.66999816894533,101.66999816894533,51982900.0,AMD,2023-10-24,0.016462053928692905,0.023961017921521114,2.410003662109389
100.41999816894533,101.02999877929688,95.2300033569336,96.05999755859376,96.05999755859376,53424500.0,AMD,2023-10-25,-0.056759285456038505,0.059122436900307086,5.799995422363281
95.98999786376952,97.5199966430664,93.12000274658205,93.66999816894533,93.66999816894533,49896400.0,AMD,2023-10-26,-0.025195023148139473,0.046168437271779196,4.399993896484361
95.8000030517578,97.3499984741211,94.58999633789062,96.43000030517578,96.43000030517578,52458700.0,AMD,2023-10-27,0.029039412013923745,0.028760992634584225,2.7600021362304688
96.13999938964844,97.04000091552734,94.6999969482422,96.18000030517578,96.18000030517578,43716600.0,AMD,2023-10-30,-0.002595920664550334,0.02440930610382934,2.340003967285142
96.23999786376952,98.81999969482422,94.06999969482422,98.5,98.5,79547100.0,AMD,2023-10-31,0.02383510915556163,0.04926082758968042,4.75
98.58000183105467,108.1500015258789,98.5,108.04000091552734,108.04000091552734,138641500.0,AMD,2023-11-01,0.09244498922033811,0.09346261832993706,9.650001525878906
107.95999908447266,109.41000366210938,105.91000366210938,107.83000183105467,107.83000183105467,71377000.0,AMD,2023-11-02,-0.0019456075234613348,0.03251261552699287,3.5
109.0500030517578,113.38999938964844,107.86000061035156,112.25,112.25,65632200.0,AMD,2023-11-03,0.04017259674744357,0.04999910303316515,5.529998779296875
112.5999984741211,113.08000183105467,110.22000122070312,111.75,111.75,49270400.0,AMD,2023-11-06,-0.004464293128685493,0.025617169487709313,2.8600006103515483
111.86000061035156,114.6500015258789,111.22000122070312,113.4499969482422,113.4499969482422,50550200.0,AMD,2023-11-07,0.015097950832588148,0.030373789877941294,3.4300003051757812
113.5500030517578,115.31999969482422,112.87999725341795,113.58999633789062,113.58999633789062,41880600.0,AMD,2023-11-08,0.0012332576773470055,0.02138558691117936,2.440002441406264
114.0999984741211,115.80999755859376,113.05999755859376,113.48999786376952,113.48999786376952,61146900.0,AMD,2023-11-09,-0.000880733513638422,0.024032266461905753,2.75
114.3499984741211,119.6999969482422,114.02999877929688,118.58999633789062,118.58999633789062,75135900.0,AMD,2023-11-10,0.04395742660630523,0.048527026104712594,5.669998168945327
118.33999633789062,118.68000030517578,116.0,116.79000091552734,116.79000091552734,46741900.0,AMD,2023-11-13,-0.015294676966715992,0.022840606887673594,2.6800003051757812
119.6999969482422,122.11000061035156,119.22000122070312,119.87999725341795,119.87999725341795,61017400.0,AMD,2023-11-14,0.026113761407803072,0.02395174681244497,2.8899993896484375
120.54000091552734,120.58999633789062,116.87000274658205,118.0,118.0,59555600.0,AMD,2023-11-15,-0.015806595071702605,0.03133410230099533,3.7199935913085795
117.1999969482422,120.7300033569336,116.41000366210938,119.83000183105467,119.83000183105467,49661900.0,AMD,2023-11-16,0.015389462509196634,0.0364382014307262,4.319999694824219
119.63999938964844,121.48999786376952,118.81999969482422,120.62000274658205,120.62000274658205,38508900.0,AMD,2023-11-17,0.00657104381851511,0.022222196923851415,2.6699981689452983
120.6999969482422,121.93000030517578,120.06999969482422,121.52999877929688,121.52999877929688,43138700.0,AMD,2023-11-20,0.0075160050448732805,0.015372208574072607,1.8600006103515625
120.54000091552734,120.6500015258789,117.94000244140624,119.16000366210938,119.16000366210938,41064800.0,AMD,2023-11-21,-0.019693977260461525,0.022717763445425934,2.7099990844726705
120.0,124.76000213623048,119.9499969482422,122.51000213623048,122.51000213623048,56862200.0,AMD,2023-11-22,0.02772551816548359,0.03931694501853428,4.810005187988281
122.02999877929688,123.25,121.54000091552734,122.30999755859376,122.30999755859376,19001000.0,AMD,2023-11-24,-0.0016338912048067386,0.013971378682865847,1.7099990844726562
122.06999969482422,123.88999938964844,121.7699966430664,122.6500015258789,122.6500015258789,32743000.0,AMD,2023-11-27,0.0027759976069536953,0.017260078249992594,2.1200027465820312
121.9800033569336,122.54000091552734,120.79000091552734,122.01000213623048,122.01000213623048,32047100.0,AMD,2023-11-28,-0.00523175704952525,0.01438400657207842,1.75
123.9800033569336,125.7300033569336,123.4800033569336,123.8499984741211,123.8499984741211,37876300.0,AMD,2023-11-29,0.014968117519096298,0.018057550484623538,2.25
123.61000061035156,124.0500030517578,119.6500015258789,121.16000366210938,121.16000366210938,44494200.0,AMD,2023-11-30,-0.021959127230554338,0.036113907631604374,4.400001525878892
119.87999725341795,121.4000015258789,118.6500015258789,121.38999938964844,121.38999938964844,37048000.0,AMD,2023-12-01,0.001896481497255037,0.022912895452308006,2.75
119.75,119.9000015258789,116.37000274658205,118.56999969482422,118.56999969482422,39854400.0,AMD,2023-12-04,-0.02350499698551396,0.029883281037597322,3.529998779296861
117.43000030517578,118.48999786376952,116.4499969482422,118.37999725341795,118.37999725341795,39191600.0,AMD,2023-12-05,-0.0016037348350004716,0.01736658067610932,2.0400009155273153
120.69000244140624,122.83000183105467,116.37999725341795,116.81999969482422,116.81999969482422,60599000.0,AMD,2023-12-06,-0.013265480061371737,0.053940624829826915,6.450004577636719
120.79000091552734,128.67999267578125,119.55999755859376,128.3699951171875,128.3699951171875,118579100.0,AMD,2023-12-07,0.09428239506000835,0.07351032845693042,9.119995117187486
129.5399932861328,131.0,126.88999938964844,128.9199981689453,128.9199981689453,89341000.0,AMD,2023-12-08,0.004275361684394029,0.03187675860241229,4.1100006103515625
130.55999755859375,135.0399932861328,128.25,134.41000366210938,134.41000366210938,98668300.0,AMD,2023-12-11,0.041702814584660436,0.051589497079148505,6.7899932861328125
132.25,139.88999938964844,131.89999389648438,137.61000061035156,137.61000061035156,111677800.0,AMD,2023-12-12,0.02352874438369558,0.0588123816757998,7.9900054931640625
137.97000122070312,139.24000549316406,136.02999877929688,138.19000244140625,138.19000244140625,70651600.0,AMD,2023-12-13,0.004205965769856122,0.023323661722726433,3.2100067138671875
138.88999938964844,141.82000732421875,135.72999572753906,138.0,138.0,76115200.0,AMD,2023-12-14,-0.0013758823252139056,0.04389111268809257,6.0900115966796875
139.52000427246094,140.88999938964844,137.25,139.14999389648438,139.14999389648438,70211800.0,AMD,2023-12-15,0.00829875895184378,0.026175359343431046,3.6399993896484375
139.14999389648438,139.7899932861328,137.64999389648438,138.89999389648438,138.89999389648438,45199500.0,AMD,2023-12-18,-0.0017982382905484837,0.015427061207016743,2.1399993896484375
138.57000732421875,143.47000122070312,138.55999755859375,140.14999389648438,140.14999389648438,63739800.0,AMD,2023-12-19,0.008959028242416718,0.03482253542444315,4.910003662109375
139.0,139.5800018310547,135.3699951171875,135.47000122070312,135.47000122070312,54671700.0,AMD,2023-12-20,-0.0339630114573976,0.030626192579750935,4.2100067138671875
138.13999938964844,139.97999572753906,137.3800048828125,139.91000366210938,139.91000366210938,47179400.0,AMD,2023-12-21,0.03224916231642571,0.01874868041133735,2.5999908447265625
140.47999572753906,140.6999969482422,138.30999755859375,139.60000610351562,139.60000610351562,35396600.0,AMD,2023-12-22,-0.0022181508702151273,0.01713241744560308,2.3899993896484375
140.07000732421875,143.85000610351562,139.9199981689453,143.41000366210938,143.41000366210938,47157400.0,AMD,2023-12-26,0.026926452227332306,0.027700314803372296,3.9300079345703125
144.72000122070312,146.25,143.17999267578125,146.07000732421875,146.07000732421875,49033400.0,AMD,2023-12-27,0.018378322727497044,0.021214957297851524,3.07000732421875
146.8000030517578,150.41000366210938,145.9499969482422,148.75999450683594,148.75999450683594,63800700.0,AMD,2023-12-28,0.018248223125957776,0.03010084662412228,4.4600067138671875
149.5,151.0500030517578,147.1999969482422,147.41000366210938,147.41000366210938,62079200.0,AMD,2023-12-29,-0.00911638722831195,0.025818742473582113,3.850006103515625
144.27999877929688,144.39999389648438,137.42999267578125,138.5800018310547,138.5800018310547,64902000.0,AMD,2024-01-02,-0.06177005548999063,0.04947254091802919,6.970001220703125
135.7100067138672,137.42999267578125,133.74000549316406,135.32000732421875,135.32000732421875,61988600.0,AMD,2024-01-03,-0.023805391374532737,0.027216985573293852,3.6899871826171875
134.3000030517578,137.6999969482422,134.0,136.00999450683594,136.00999450683594,58610300.0,AMD,2024-01-04,0.0050859740190369,0.027237583621331357,3.6999969482421875
136.77999877929688,141.00999450683594,136.44000244140625,138.5800018310547,138.5800018310547,69657700.0,AMD,2024-01-05,0.01871941735549596,0.03294579544922031,4.5699920654296875
140.36000061035156,147.14999389648438,140.14999389648438,146.17999267578125,146.17999267578125,71756900.0,AMD,2024-01-08,0.05339089953592028,0.048739199140374403,7.0
145.9499969482422,149.86000061035156,145.0800018310547,149.25999450683594,149.25999450683594,67875700.0,AMD,2024-01-09,0.02085102595245252,0.03241620197327468,4.779998779296875
150.07000732421875,150.8800048828125,146.64999389648438,148.5399932861328,148.5399932861328,56951200.0,AMD,2024-01-10,-0.004835477858489882,0.028436097443521467,4.230010986328125
148.52000427246094,150.3800048828125,143.69000244140625,148.02000427246094,148.02000427246094,62764600.0,AMD,2024-01-11,-0.003506808408698639,0.045507238187804146,6.69000244140625
148.0399932861328,148.75,145.0,146.55999755859375,146.55999755859375,48293100.0,AMD,2024-01-12,-0.009912544365645384,0.025533302005164845,3.75
150.36000061035156,159.72000122070312,149.97999572753906,158.74000549316406,158.74000549316406,112711400.0,AMD,2024-01-16,0.07983279399976367,0.06292036645141826,9.740005493164062
158.4499969482422,160.63999938964844,154.39999389648438,160.1699981689453,160.1699981689453,104085000.0,AMD,2024-01-17,0.00896806148074212,0.03961923464373161,6.2400054931640625
166.1999969482422,168.60000610351562,158.22000122070312,162.6699981689453,162.6699981689453,131864900.0,AMD,2024-01-18,0.015487857773849764,0.0635426044604381,10.3800048828125
165.8000030517578,174.25,162.1999969482422,174.22999572753906,174.22999572753906,140367900.0,AMD,2024-01-19,0.0686526433907456,0.07166092677410386,12.050003051757812
174.38999938964844,174.72000122070312,164.14999389648438,168.17999267578125,168.17999267578125,122973800.0,AMD,2024-01-22,-0.035341450057983156,0.06240409277811444,10.57000732421875
166.5,169.6300048828125,164.27000427246094,168.4199981689453,168.4199981689453,76830500.0,AMD,2024-01-23,0.0014260578750195706,0.032108181730827426,5.3600006103515625
172.5500030517578,180.5800018310547,170.55999755859375,178.2899932861328,178.2899932861328,125516400.0,AMD,2024-01-24,0.056950551659783584,0.0570867763557677,10.020004272460938
183.41000366210935,184.9199981689453,177.6300048828125,180.3300018310547,180.3300018310547,127171400.0,AMD,2024-01-25,0.011377115483416342,0.0402205265176855,7.2899932861328125
175.2899932861328,181.22999572753903,174.14999389648438,177.25,177.25,107381200.0,AMD,2024-01-26,-0.01722735046085398,0.03984995747941255,7.080001831054659
178.77000427246094,178.88999938964844,174.39999389648438,177.8300018310547,177.8300018310547,89384500.0,AMD,2024-01-29,0.0032668826399902978,0.025419611913586174,4.4900054931640625
176.1300048828125,178.47999572753906,169.52000427246094,172.05999755859375,172.05999755859375,122265700.0,AMD,2024-01-30,-0.03298480904829779,0.05150558702291048,8.959991455078125
165.74000549316406,171.3000030517578,162.55999755859375,167.69000244140625,167.69000244140625,133157300.0,AMD,2024-01-31,-0.025726187685866302,0.05236927377373224,8.740005493164062
169.27000427246094,171.13999938964844,165.86000061035156,170.47999572753906,170.47999572753906,91576700.0,AMD,2024-02-01,0.01650091141093672,0.03133786872054336,5.279998779296875
173.7899932861328,179.0,173.0500030517578,177.66000366210938,177.66000366210938,82134300.0,AMD,2024-02-02,0.041253669225576425,0.03380521812428024,5.9499969482421875
179.08999633789062,180.00999450683594,171.11000061035156,174.22999572753906,174.22999572753906,76349200.0,AMD,2024-02-05,-0.019495391041721516,0.05070574627583803,8.899993896484375
173.14999389648438,173.8800048828125,165.5,167.8800048828125,167.8800048828125,68854100.0,AMD,2024-02-06,-0.037126773362329564,0.04939423938498062,8.3800048828125
169.47000122070312,172.97000122070312,168.1999969482422,170.94000244140625,170.94000244140625,53665400.0,AMD,2024-02-07,0.018063164469587698,0.027964446717921167,4.7700042724609375
170.3300018310547,172.1699981689453,168.60000610351562,169.35000610351562,169.35000610351562,43385300.0,AMD,2024-02-08,-0.009345016715496299,0.02095326838431091,3.5699920654296875
171.0,175.10000610351562,168.66000366210938,172.47999572753906,172.47999572753906,56375700.0,AMD,2024-02-09,0.018313647645254116,0.037472398289654915,6.44000244140625
172.67999267578125,177.41000366210938,170.6699981689453,171.91000366210938,171.91000366210938,58177100.0,AMD,2024-02-12,-0.0033101575939884424,0.03873160201258636,6.7400054931640625
167.94000244140625,173.1699981689453,164.3000030517578,171.5399932861328,171.5399932861328,63071300.0,AMD,2024-02-13,-0.0021546689323925033,0.052579716772794494,8.8699951171875
173.47000122070312,178.74000549316406,172.8800048828125,178.6999969482422,178.6999969482422,57402500.0,AMD,2024-02-14,0.04089196866434465,0.033334526243381526,5.8600006103515625
179.13999938964844,180.5,175.25999450683594,176.75999450683594,176.75999450683594,51126400.0,AMD,2024-02-15,-0.010915555902259016,0.02946022348817387,5.2400054931640625
177.4499969482422,180.3300018310547,173.25,173.8699951171875,173.8699951171875,53940300.0,AMD,2024-02-16,-0.01648498372899972,0.04005287780307832,7.0800018310546875
171.13999938964844,171.80999755859375,162.0,165.69000244140625,165.69000244140625,66550000.0,AMD,2024-02-20,-0.04818927814058642,0.05879286563157202,9.80999755859375
162.74000549316406,164.89999389648438,161.80999755859375,164.2899932861328,164.2899932861328,48365700.0,AMD,2024-02-21,-0.008485469263696033,0.018916400228504614,3.089996337890625
173.1999969482422,183.8300018310547,172.0,181.8600006103516,181.8600006103516,100684700.0,AMD,2024-02-22,0.10160404560163558,0.06651695064191403,11.830001831054688
181.8600006103516,183.8000030517578,174.5500030517578,176.52000427246094,176.52000427246094,69207400.0,AMD,2024-02-23,-0.029802955048747522,0.051636975490655684,9.25
178.77999877929688,179.83999633789062,174.80999755859375,176.00999450683594,176.00999450683594,45435100.0,AMD,2024-02-26,-0.0028934282086895257,0.028367890485136882,5.029998779296875
175.9199981689453,178.4600067138672,172.49000549316406,178.0,178.0,43665200.0,AMD,2024-02-27,0.011242769895593712,0.03402522847032397,5.970001220703125
176.25,176.83999633789062,173.58999633789062,176.5399932861328,176.5399932861328,35914400.0,AMD,2024-02-28,-0.008236108730287912,0.018549172465296887,3.25
179.82000732421875,193.0,179.82000732421875,192.52999877929688,192.52999877929688,105538500.0,AMD,2024-02-29,0.08670453783911994,0.07073379761742447,13.17999267578125
197.91000366210935,202.72000122070312,195.4199981689453,202.63999938964844,202.63999938964844,103820800.0,AMD,2024-03-01,0.051179023280503,0.03667464344809613,7.3000030517578125
205.16000366210935,211.00999450683597,203.5,205.3600006103516,205.3600006103516,86835300.0,AMD,2024-03-04,0.013333536853570109,0.03623949480259638,7.509994506835966
200.5,205.3300018310547,199.1499938964844,205.1300048828125,205.1300048828125,65407100.0,AMD,2024-03-05,-0.0011205912374426356,0.030560170905204714,6.180007934570284
210.42999267578125,214.80999755859372,207.32000732421875,210.6300048828125,210.6300048828125,86687000.0,AMD,2024-03-06,0.026459114581661235,0.03549037647087242,7.489990234374972
212.5200042724609,213.8300018310547,208.22000122070312,211.3800048828125,211.3800048828125,63869000.0,AMD,2024-03-07,0.003554421801682048,0.026586096455505456,5.6100006103515625
213.41000366210935,227.3000030517578,205.6000061035156,207.38999938964844,207.38999938964844,120815200.0,AMD,2024-03-08,-0.019056408998621245,0.10033818101725113,21.699996948242216
203.00999450683597,203.5500030517578,196.6999969482422,198.38999938964844,198.38999938964844,73098600.0,AMD,2024-03-11,-0.04436628840411305,0.03423198006142665,6.850006103515625
200.5200042724609,202.8500061035156,194.2700042724609,202.75999450683597,202.75999450683597,68951700.0,AMD,2024-03-12,0.02178819923404003,0.04321785369819278,8.580001831054688
198.72999572753903,198.8300018310547,192.6999969482422,194.7899932861328,194.7899932861328,70526900.0,AMD,2024-03-13,-0.04010096579089924,0.03131563789564954,6.1300048828125
192.9199981689453,196.92999267578125,184.02999877929688,187.05999755859372,187.05999755859372,84490500.0,AMD,2024-03-14,-0.04049261276635392,0.06774951728818485,12.899993896484375
184.8300018310547,193.8000030517578,184.47999572753903,191.05999755859372,191.05999755859372,95289500.0,AMD,2024-03-15,0.02115809410870054,0.04928568184234202,9.320007324218778
193.2899932861328,193.5,188.0500030517578,190.6499938964844,190.6499938964844,59306900.0,AMD,2024-03-18,-0.002148247774316165,0.028569611325053087,5.4499969482421875
183.16000366210935,185.6100006103516,177.36000061035156,181.4199981689453,181.4199981689453,83509500.0,AMD,2024-03-19,-0.049624479195434563,0.04546613274999154,8.250000000000028
182.02999877929688,182.67999267578125,174.0,179.72999572753906,179.72999572753906,81773100.0,AMD,2024-03-20,-0.009359074101502251,0.048680649009106916,8.67999267578125
185.97000122070312,187.69000244140625,177.66000366210938,178.67999267578125,178.67999267578125,75265600.0,AMD,2024-03-21,-0.005859245499177124,0.05492004672123458,10.029998779296875
177.2100067138672,180.75999450683597,175.0500030517578,179.64999389648438,179.64999389648438,57899100.0,AMD,2024-03-22,0.005414024091831177,0.03209848931950112,5.709991455078153
172.89999389648438,182.8000030517578,172.0,178.6300048828125,178.6300048828125,71935300.0,AMD,2024-03-25,-0.005693824789468562,0.06089819890111394,10.800003051757812
179.5399932861328,182.6000061035156,176.3300018310547,177.8699951171875,177.8699951171875,65322400.0,AMD,2024-03-26,-0.004263735859771142,0.03494075178239171,6.270004272460909
179.9600067138672,181.22999572753903,175.39999389648438,179.58999633789062,179.58999633789062,55685600.0,AMD,2024-03-27,0.009623535703339608,0.032697874103572076,5.830001831054659
179.47000122070312,183.3999938964844,178.3000030517578,180.4900054931641,180.4900054931641,57628600.0,AMD,2024-03-28,0.004998950371739224,0.028201984557607973,5.099990844726591
180.10000610351562,187.2400054931641,179.89999389648438,183.33999633789065,183.33999633789065,74299900.0,AMD,2024-04-01,0.015666927548329088,0.03999013874020777,7.340011596679716
179.47000122070312,180.10000610351562,174.8300018310547,178.6999969482422,178.6999969482422,61598800.0,AMD,2024-04-02,-0.025633927471379516,0.02969820238860118,5.2700042724609375
177.5399932861328,182.0500030517578,176.6999969482422,180.7700042724609,180.7700042724609,49835100.0,AMD,2024-04-03,0.011517123533717982,0.029828029329928615,5.350006103515625
182.9199981689453,183.0200042724609,165.64999389648438,165.8300018310547,165.8300018310547,88280000.0,AMD,2024-04-04,-0.08626235035378724,0.09971836793141076,17.370010375976534
168.10000610351562,172.69000244140625,165.5800018310547,170.4199981689453,170.4199981689453,66080300.0,AMD,2024-04-05,0.027302789387679813,0.042043620964997606,7.1100006103515625
168.1999969482422,171.66000366210938,166.82000732421875,169.89999389648438,169.89999389648438,43997500.0,AMD,2024-04-08,-0.0030559749017240326,0.028600366905193318,4.839996337890625
170.2100067138672,171.60000610351562,167.2899932861328,170.77999877929688,170.77999877929688,42886100.0,AMD,2024-04-09,0.005166178577928455,0.025437429412050936,4.3100128173828125
166.7100067138672,169.77999877929688,164.0,167.13999938964844,167.13999938964844,59600000.0,AMD,2024-04-10,-0.02154439041009766,0.034637046295712,5.779998779296875
167.5500030517578,170.9499969482422,166.5500030517578,170.5,170.5,48994500.0,AMD,2024-04-11,0.019903515802019715,0.026075515270491578,4.399993896484375
164.52999877929688,165.6999969482422,161.82000732421875,163.27999877929688,163.27999877929688,63519600.0,AMD,2024-04-12,-0.043268785698115896,0.023694254373939558,3.8799896240234375
164.42999267578125,164.44000244140625,158.75999450683594,160.32000732421875,160.32000732421875,61461200.0,AMD,2024-04-15,-0.018294647443959436,0.03515218356203288,5.6800079345703125
162.27999877929688,164.8800048828125,161.6699981689453,163.4600067138672,163.4600067138672,55302100.0,AMD,2024-04-16,0.019396489579943027,0.019660756908906847,3.2100067138671875
163.97000122070312,164.4499969482422,153.8800048828125,154.02000427246094,154.02000427246094,75909000.0,AMD,2024-04-17,-0.05948586131068527,0.06643344446231189,10.569992065429688
155.50999450683594,156.9600067138672,152.32000732421875,155.0800018310547,155.0800018310547,52669800.0,AMD,2024-04-18,0.006858632759136399,0.03000741946396192,4.6399993896484375
151.58999633789062,154.25,145.2899932861328,146.63999938964844,146.63999938964844,71618200.0,AMD,2024-04-19,-0.05596052524068549,0.05984296391236299,8.960006713867188
148.14999389648438,149.88999938964844,145.6300048828125,148.63999938964844,148.63999938964844,49397000.0,AMD,2024-04-22,0.013546671590083117,0.028832495647127712,4.2599945068359375
151.64999389648438,153.5,150.35000610351562,152.27000427246094,152.27000427246094,46051900.0,AMD,2024-04-23,0.024128017951807502,0.020734616997333057,3.149993896484375
156.55999755859375,157.66000366210938,150.6300048828125,151.74000549316406,151.74000549316406,43412600.0,AMD,2024-04-24,-0.003486722800007255,0.045614307728993726,7.029998779296875
149.14999389648438,155.13999938964844,146.75,153.75999450683594,153.75999450683594,41471400.0,AMD,2024-04-25,0.013224343385320598,0.055597472420321134,8.389999389648438
154.24000549316406,158.6300048828125,153.42999267578125,157.39999389648438,157.39999389648438,42510700.0,AMD,2024-04-26,0.023397387709792525,0.03333008798094116,5.20001220703125
159.0800018310547,160.77000427246094,156.25999450683594,160.1999969482422,160.1999969482422,43478200.0,AMD,2024-04-29,0.017632718378382907,0.028453547335259493,4.510009765625
160.6300048828125,162.2899932861328,158.35000610351562,158.3800048828125,158.3800048828125,60742800.0,AMD,2024-04-30,-0.01142577597258931,0.024577005429111298,3.9399871826171875
148.11000061035156,151.3699951171875,142.13999938964844,144.27000427246094,144.27000427246094,89413200.0,AMD,2024-05-01,-0.09331066603997379,0.06291465541227598,9.229995727539062
145.50999450683594,147.6199951171875,141.16000366210938,146.16000366210938,146.16000366210938,50034700.0,AMD,2024-05-02,0.013015363553212613,0.04474734651496505,6.459991455078125
148.75,150.7899932861328,147.24000549316406,150.60000610351562,150.60000610351562,49361100.0,AMD,2024-05-03,0.029925418768550715,0.023824150034712492,3.54998779296875
153.10000610351562,156.64999389648438,151.25999450683594,155.77999877929688,155.77999877929688,44624500.0,AMD,2024-05-06,0.03381739176194692,0.03501380432360087,5.3899993896484375
156.32000732421875,157.6999969482422,153.66000366210938,154.42999267578125,154.42999267578125,37374900.0,AMD,2024-05-07,-0.008703875848257821,0.02595208134528917,4.0399932861328125
153.39999389648438,155.3300018310547,152.52000427246094,153.6199951171875,153.6199951171875,28728000.0,AMD,2024-05-08,-0.005258883021943606,0.01825613478614828,2.80999755859375
153.1300048828125,154.08999633789062,150.61000061035156,152.38999938964844,152.38999938964844,33018000.0,AMD,2024-05-09,-0.008038968488955125,0.022843105251432676,3.4799957275390625
154.2899932861328,156.3699951171875,151.30999755859375,151.9199981689453,151.9199981689453,37652800.0,AMD,2024-05-10,-0.003088965845300621,0.03289426630104884,5.05999755859375
151.27999877929688,153.3300018310547,150.39999389648438,150.55999755859375,150.55999755859375,27859200.0,AMD,2024-05-13,-0.008992394829708823,0.01929410245636551,2.9300079345703125
150.42999267578125,153.49000549316406,148.77999877929688,153.16000366210938,153.16000366210938,31938300.0,AMD,2024-05-14,0.017121490897878913,0.03116675755529021,4.7100067138671875
155.58999633789062,159.69000244140625,154.6999969482422,159.6699981689453,159.6699981689453,43195900.0,AMD,2024-05-15,0.041626023364421304,0.03174671328910699,4.9900054931640625
160.9199981689453,168.05999755859375,159.89999389648438,162.6199951171875,162.6199951171875,76726700.0,AMD,2024-05-16,0.018306986869921126,0.04977246230400189,8.160003662109375
168.42999267578125,169.72000122070312,162.32000732421875,164.47000122070312,164.47000122070312,65944400.0,AMD,2024-05-17,0.011312029421431863,0.04458028688692192,7.399993896484375
165.5500030517578,168.49000549316406,164.47000122070312,166.3300018310547,166.3300018310547,45618000.0,AMD,2024-05-20,0.011245587635790094,0.024148243277389517,4.0200042724609375
164.0,165.8300018310547,163.10000610351562,164.66000366210938,164.66000366210938,30005500.0,AMD,2024-05-21,-0.010091013700298154,0.01659963121887473,2.7299957275390625
167.41000366210938,169.80999755859375,163.86000061035156,165.52000427246094,165.52000427246094,47426700.0,AMD,2024-05-22,0.0052092951389311306,0.035667742142423374,5.9499969482421875
170.17999267578125,173.13999938964844,158.27000427246094,160.42999267578125,160.42999267578125,91888800.0,AMD,2024-05-23,-0.031234394540331414,0.08979804992248368,14.8699951171875
161.41000366210938,167.66000366210938,160.25,166.36000061035156,166.36000061035156,54868600.0,AMD,2024-05-24,0.03629645383426049,0.04520304525140685,7.410003662109375
169.4199981689453,174.5500030517578,164.9600067138672,171.61000061035156,171.61000061035156,66495400.0,AMD,2024-05-28,0.031070345427260837,0.05650819006599889,9.589996337890625
167.4600067138672,168.47999572753906,162.91000366210938,165.13999938964844,165.13999938964844,56537500.0,AMD,2024-05-29,-0.03843086867751367,0.03361909946938554,5.5699920654296875
167.89999389648438,168.75,163.8000030517578,166.75,166.75,46367000.0,AMD,2024-05-30,0.009702089502414961,0.029772139702670224,4.9499969482421875
166.64999389648438,169.5,160.07000732421875,166.89999389648438,166.89999389648438,64331900.0,AMD,2024-05-31,0.0008991093021598089,0.057241661505551135,9.42999267578125
170.82000732421875,171.0800018310547,160.91000366210938,163.5500030517578,163.5500030517578,59157600.0,AMD,2024-06-03,-0.020276021454020986,0.06128606883182106,10.169998168945312
162.83999633789062,164.8300018310547,158.8699951171875,159.99000549316406,159.99000549316406,48157200.0,AMD,2024-06-04,-0.022007425028830647,0.03682842385472082,5.9600067138671875
162.07000732421875,167.1199951171875,161.3800048828125,166.1699981689453,166.1699981689453,60507500.0,AMD,2024-06-05,0.037900002078915626,0.03495022535393135,5.739990234375
165.4600067138672,169.50999450683594,163.86000061035156,166.77999877929688,166.77999877929688,47153700.0,AMD,2024-06-06,0.003664221645640673,0.033899481285754485,5.649993896484375
166.58999633789062,169.4499969482422,165.86000061035156,167.8699951171875,167.8699951171875,44796000.0,AMD,2024-06-07,0.006514269907856724,0.02141381734029882,3.589996337890625
162.47999572753906,165.5500030517578,159.61000061035156,160.33999633789062,160.33999633789062,67444600.0,AMD,2024-06-10,-0.0458933034722984,0.03653993890882487,5.94000244140625
160.5,161.5399932861328,156.9199981689453,158.9600067138672,158.9600067138672,40497100.0,AMD,2024-06-11,-0.008643897295390182,0.02901663877987314,4.6199951171875
160.32000732421875,162.24000549316406,158.6199951171875,160.24000549316406,160.24000549316406,48325800.0,AMD,2024-06-12,0.00802008515865052,0.02256538038898663,3.6200103759765625
160.39999389648438,162.66000366210938,157.30999755859375,159.89999389648438,159.89999389648438,44442500.0,AMD,2024-06-13,-0.0021241439693379886,0.03344378993782007,5.350006103515625
158.5,161.33999633789062,157.61000061035156,159.6300048828125,159.6300048828125,34054000.0,AMD,2024-06-14,-0.0016899138043775983,0.02339028575074785,3.7299957275390625
158.0,159.22999572753906,154.13999938964844,158.39999389648438,158.39999389648438,44507700.0,AMD,2024-06-17,-0.0077352270166716666,0.0324883946461994,5.089996337890625
156.99000549316406,157.24000549316406,153.33999633789062,154.6300048828125,154.6300048828125,51852000.0,AMD,2024-06-18,-0.02408824278329609,0.025115681240097037,3.9000091552734375
155.82000732421875,166.82000732421875,155.5,161.77999877929688,161.77999877929688,93245700.0,AMD,2024-06-20,0.0452021819796222,0.07026969909909588,11.32000732421875
161.75,163.1999969482422,157.88999938964844,161.22999572753906,161.22999572753906,61293900.0,AMD,2024-06-21,-0.0034054895678756014,0.03307783966238862,5.30999755859375
159.75,163.39999389648438,158.19000244140625,160.25,160.25,45954100.0,AMD,2024-06-24,-0.006096794675700191,0.032404287428817916,5.209991455078125
160.72999572753906,161.0,156.4499969482422,160.25,160.25,40572300.0,AMD,2024-06-25,0.0,0.028667914375854097,4.5500030517578125
160.60000610351562,160.74000549316406,156.0,157.5399932861328,157.5399932861328,36973400.0,AMD,2024-06-26,-0.01705574414250692,0.029932179709254464,4.7400054931640625
157.17999267578125,160.61000061035156,156.80999755859375,159.47000122070312,159.47000122070312,34018200.0,AMD,2024-06-27,0.012176472756359285,0.023944204051274818,3.8000030517578125
160.22999572753906,166.4499969482422,159.41000366210938,162.2100067138672,162.2100067138672,56204600.0,AMD,2024-06-28,0.017036009037361643,0.04321542306820108,7.0399932861328125
161.25,161.50999450683594,153.63999938964844,157.69000244140625,157.69000244140625,50436700.0,AMD,2024-07-01,-0.028260737552182866,0.0499548267340319,7.8699951171875
157.0399932861328,164.5800018310547,156.6999969482422,164.30999755859375,164.30999755859375,57838600.0,AMD,2024-07-02,0.04112377670539189,0.0490636554163742,7.8800048828125
164.1999969482422,165.25999450683594,162.50999450683594,163.89999389648438,163.89999389648438,26980900.0,AMD,2024-07-03,-0.0024984240946845254,0.01678045349760152,2.75
165.97000122070312,174.0399932861328,165.67999267578125,171.89999389648438,171.89999389648438,61857100.0,AMD,2024-07-05,0.04765642837208619,0.04922694639559348,8.360000610351562
174.89999389648438,178.9499969482422,173.22000122070312,178.69000244140625,178.69000244140625,60223400.0,AMD,2024-07-08,0.038739597670768865,0.0325439502083202,5.7299957275390625
177.97000122070312,180.41000366210935,174.6999969482422,177.10000610351562,177.10000610351562,43395600.0,AMD,2024-07-09,-0.00893789530091734,0.03216185909207858,5.710006713867159
179.99000549316406,187.27999877929688,177.8000030517578,183.9600067138672,183.9600067138672,90247000.0,AMD,2024-07-10,0.038003799915609586,0.05194547642079444,9.479995727539062
184.07000732421875,187.1100006103516,177.25,181.94000244140625,181.94000244140625,59231400.0,AMD,2024-07-11,-0.011041403355405465,0.05413551705589754,9.860000610351591
182.0200042724609,186.9900054931641,179.69000244140625,181.6100006103516,181.6100006103516,50827400.0,AMD,2024-07-12,-0.001815441721470512,0.03982201134051874,7.300003051757841
184.4499969482422,185.5,178.5399932861328,179.8300018310547,179.8300018310547,42202700.0,AMD,2024-07-15,-0.009849563731941003,0.038242253900549146,6.9600067138671875
179.69000244140625,179.75,174.52999877929688,177.5500030517578,177.5500030517578,40633100.0,AMD,2024-07-16,-0.012759693781991186,0.02947035695864169,5.220001220703125
169.8000030517578,169.8000030517578,159.3699951171875,159.42999267578125,159.42999267578125,76954200.0,AMD,2024-07-17,-0.1076473680980124,0.06339277961658193,10.430007934570312
163.41000366210938,163.41000366210938,153.1999969482422,155.77000427246094,155.77000427246094,69420300.0,AMD,2024-07-18,-0.023224320712721402,0.06451816508785058,10.210006713867188
154.86000061035156,155.80999755859375,150.6199951171875,151.5800018310547,151.5800018310547,47513100.0,AMD,2024-07-19,-0.027267037302849146,0.033877224305022206,5.19000244140625
154.22999572753906,156.6999969482422,152.5399932861328,155.8699951171875,155.8699951171875,43912500.0,AMD,2024-07-22,0.02790874471110014,0.026906317164535867,4.160003662109375
154.9499969482422,157.0500030517578,153.8000030517578,154.0,154.0,31950600.0,AMD,2024-07-23,-0.0120696927611447,0.020911168502492843,3.25
152.72000122070312,153.67999267578125,144.52999877929688,144.6300048828125,144.6300048828125,49203100.0,AMD,2024-07-24,-0.06277381156727219,0.06138538078667507,9.149993896484375
144.07000732421875,144.75,136.80999755859375,138.32000732421875,138.32000732421875,60578500.0,AMD,2024-07-25,-0.04460889652006005,0.05641503236631458,7.94000244140625
140.32000732421875,141.2899932861328,138.27000427246094,139.99000549316406,139.99000549316406,49435800.0,AMD,2024-07-26,0.012001136400124988,0.02160614195943606,3.019989013671875
141.19000244140625,144.58999633789062,138.75,139.75,139.75,47447200.0,AMD,2024-07-29,-0.001715918691213558,0.041228373085948095,5.839996337890625
139.8800048828125,141.6999969482422,134.0500030517578,138.44000244140625,138.44000244140625,68801700.0,AMD,2024-07-30,-0.009418075632943513,0.05549923771209686,7.649993896484375
150.72999572753906,153.60000610351562,140.02999877929688,144.47999572753906,144.47999572753906,114306800.0,AMD,2024-07-31,0.042704023695113065,0.09249518379975528,13.57000732421875
145.0,147.2899932861328,130.24000549316406,132.5399932861328,132.5399932861328,94731900.0,AMD,2024-08-01,-0.08625662409270224,0.12302444248733792,17.04998779296875
133.5,137.10000610351562,131.3300018310547,132.5,132.5,78562000.0,AMD,2024-08-02,-0.0003017905783991095,0.042997377547518166,5.7700042724609375
122.16000366210938,139.13999938964844,121.83000183105467,134.82000732421875,134.82000732421875,76089400.0,AMD,2024-08-05,0.017357964324921177,0.13285397071299124,17.309997558593764
135.14999389648438,136.44000244140625,129.10000610351562,130.17999267578125,130.17999267578125,64455600.0,AMD,2024-08-06,-0.03502255786920111,0.055297630314049155,7.339996337890625
133.75,136.24000549316406,128.3699951171875,128.6699981689453,128.6699981689453,54676500.0,AMD,2024-08-07,-0.011667078915724586,0.05950139561437918,7.8700103759765625
131.97000122070312,136.47999572753906,128.94000244140625,136.32000732421875,136.32000732421875,49037500.0,AMD,2024-08-08,0.05775414384286236,0.056830853621791105,7.5399932861328125
134.69000244140625,135.5,132.44000244140625,134.27000427246094,134.27000427246094,40583000.0,AMD,2024-08-09,-0.015152386904596391,0.02284190920665511,3.05999755859375
134.44000244140625,137.99000549316406,133.22999572753906,136.77000427246094,136.77000427246094,39724300.0,AMD,2024-08-12,0.018447984227210966,0.03510433266807347,4.760009765625
138.1199951171875,141.19000244140625,137.52000427246094,141.1300048828125,141.1300048828125,42218000.0,AMD,2024-08-13,0.03138077189214276,0.026337126170553078,3.6699981689453125
143.0,143.25,137.63999938964844,140.75,140.75,35506400.0,AMD,2024-08-14,-0.0026962190040923204,0.03994977909997483,5.6100006103515625
143.0,147.9600067138672,141.80999755859375,147.36000061035156,147.36000061035156,43582400.0,AMD,2024-08-15,0.04589330962910487,0.04245389608326627,6.1500091552734375
145.6999969482422,149.3699951171875,145.1999969482422,148.55999755859375,148.55999755859375,31123900.0,AMD,2024-08-16,0.008110323961739227,0.028314335259741998,4.1699981689453125
148.42999267578125,155.3699951171875,147.72000122070312,155.27999877929688,155.27999877929688,60766900.0,AMD,2024-08-19,0.044241030388807764,0.05049073942892195,7.649993896484375
156.49000549316406,162.0399932861328,154.50999450683594,156.39999389648438,156.39999389648438,76851200.0,AMD,2024-08-20,0.007186858086722072,0.04758439329092747,7.529998779296875
156.1199951171875,158.64999389648438,155.07000732421875,157.80999755859375,157.80999755859375,42791200.0,AMD,2024-08-21,0.00897497320332515,0.022823804449876875,3.579986572265625
158.8699951171875,159.83999633789062,151.00999450683594,151.6999969482422,151.6999969482422,45737300.0,AMD,2024-08-22,-0.039486896052071535,0.056827268577612305,8.830001831054688
153.60000610351562,156.39999389648438,151.8300018310547,154.97999572753906,154.97999572753906,43694600.0,AMD,2024-08-23,0.02139118253055485,0.02965530313217731,4.5699920654296875
154.6999969482422,158.27999877929688,148.91000366210938,149.99000549316406,149.99000549316406,49893300.0,AMD,2024-08-26,-0.03272738693717976,0.061023487610038354,9.3699951171875
150.1300048828125,151.6999969482422,148.44000244140625,150.5,150.5,35102700.0,AMD,2024-08-27,0.0033944223581275704,0.021724013597939445,3.2599945068359375
149.39999389648438,150.42999267578125,144.72000122070312,146.36000061035156,146.36000061035156,34075800.0,AMD,2024-08-28,-0.0278937398677169,0.03869696149921006,5.709991455078125
146.58999633789062,149.49000549316406,144.47000122070312,145.49000549316406,145.49000549316406,31602100.0,AMD,2024-08-29,-0.00596195083761708,0.034157655716635725,5.0200042724609375
147.52000427246094,148.99000549316406,145.25,148.55999755859375,148.55999755859375,31169100.0,AMD,2024-08-30,0.020881507127047578,0.025422830736573924,3.7400054931640625
146.41000366210938,146.49000549316406,136.10000610351562,136.94000244140625,136.94000244140625,42172700.0,AMD,2024-09-03,-0.08144600908943568,0.07356724973700214,10.389999389648438
140.50999450683594,143.3699951171875,138.50999450683594,140.8699951171875,140.8699951171875,42130600.0,AMD,2024-09-04,0.028294553089172936,0.03448618167271912,4.8600006103515625
138.1999969482422,141.7100067138672,137.8300018310547,139.44000244140625,139.44000244140625,25023000.0,AMD,2024-09-05,-0.010203025889965219,0.027761708223064598,3.8800048828125
138.6999969482422,139.1300048828125,132.11000061035156,134.35000610351562,134.35000610351562,39993500.0,AMD,2024-09-06,-0.03718603822895312,0.05177386943882112,7.0200042724609375
136.10000610351562,138.4499969482422,134.86000061035156,138.14999389648438,138.14999389648438,27194500.0,AMD,2024-09-09,0.0278916266976097,0.02627201974240858,3.589996337890625
139.05999755859375,143.0800018310547,137.25,142.83999633789062,142.83999633789062,37217500.0,AMD,2024-09-10,0.03338508989933252,0.041599846798595644,5.8300018310546875
145.32000732421875,150.16000366210938,140.7100067138672,149.86000061035156,149.86000061035156,50935400.0,AMD,2024-09-11,0.047976431920571126,0.06500033415192348,9.449996948242188
148.42999267578125,151.5399932861328,147.64999389648438,150.77000427246094,150.77000427246094,29233700.0,AMD,2024-09-12,0.006053996119457002,0.026005005346766485,3.8899993896484375
152.32000732421875,153.02999877929688,150.6999969482422,152.30999755859375,152.30999755859375,25117200.0,AMD,2024-09-13,0.010162376469787042,0.015342887244157008,2.3300018310546875
151.6999969482422,154.44000244140625,150.91000366210938,152.0800018310547,152.0800018310547,27677800.0,AMD,2024-09-16,-0.0015111913779712024,0.023122030306854342,3.529998779296875
153.5500030517578,154.0399932861328,149.22999572753906,150.82000732421875,150.82000732421875,29889000.0,AMD,2024-09-17,-0.00831958888310025,0.031723554048152185,4.80999755859375
150.89999389648438,152.82000732421875,148.00999450683594,148.2899932861328,148.2899932861328,26320100.0,AMD,2024-09-18,-0.01691735062542485,0.031981004210884095,4.8100128173828125
153.80999755859375,159.25,152.77000427246094,156.74000549316406,156.74000549316406,44500000.0,AMD,2024-09-19,0.05541864595933842,0.04154174410801911,6.4799957275390625
156.0,157.4499969482422,152.47000122070312,155.9499969482422,155.9499969482422,40248200.0,AMD,2024-09-20,-0.005052993186072696,0.03214006477463903,4.9799957275390625
156.4499969482422,157.19000244140625,154.97000122070312,156.75,156.75,21728500.0,AMD,2024-09-23,0.0051167560280402195,0.014223722595436444,2.220001220703125
157.4600067138672,159.63999938964844,154.5800018310547,158.32000732421875,158.32000732421875,27531200.0,AMD,2024-09-24,0.009966168043398473,0.032209502833155414,5.05999755859375
158.5,162.9499969482422,158.17999267578125,162.02000427246094,162.02000427246094,35233300.0,AMD,2024-09-25,0.023101463215876368,0.02970980776717944,4.7700042724609375
167.05999755859375,168.67999267578125,164.0500030517578,167.49000549316406,167.49000549316406,38044900.0,AMD,2024-09-26,0.033203870015040625,0.02783210744785042,4.6299896240234375
167.47999572753906,168.72999572753906,163.74000549316406,164.35000610351562,164.35000610351562,27876000.0,AMD,2024-09-27,-0.01892534353981565,0.03001994139256739,4.989990234375
163.10000610351562,165.0800018310547,162.17999267578125,164.0800018310547,164.0800018310547,21881600.0,AMD,2024-09-30,-0.0016442123238809554,0.017723431620941955,2.9000091552734375
164.47999572753906,165.39999389648438,158.0800018310547,159.75,159.75,31831900.0,AMD,2024-10-01,-0.026744031666004867,0.04526550010539822,7.3199920654296875
159.30999755859375,163.10000610351562,158.6699981689453,159.77999877929688,159.77999877929688,24630400.0,AMD,2024-10-02,0.0001877681563521693,0.027536984842910405,4.4300079345703125
159.7100067138672,166.7899932861328,159.39999389648438,162.85000610351562,162.85000610351562,29598800.0,AMD,2024-10-03,0.019031707787616668,0.04531876777011368,7.3899993896484375
166.52999877929688,171.2100067138672,164.4199981689453,170.89999389648438,170.89999389648438,44556500.0,AMD,2024-10-04,0.04824898520597228,0.04046679384340909,6.790008544921875
171.0800018310547,172.41000366210938,168.2100067138672,170.97000122070312,170.97000122070312,38379900.0,AMD,2024-10-07,0.0004095552472997558,0.02466214371116811,4.1999969482421875
171.75,173.60000610351562,170.0,172.8000030517578,172.8000030517578,34730200.0,AMD,2024-10-08,0.010646764375705425,0.02095540033448752,3.600006103515625
174.0500030517578,174.0500030517578,169.5500030517578,171.02000427246094,171.02000427246094,33890700.0,AMD,2024-10-09,-0.010354340320551835,0.02619474522043848,4.5
169.75999450683594,172.00999450683594,162.0,164.17999267578125,164.17999267578125,75113600.0,AMD,2024-10-10,-0.04081719140082683,0.05995624749077133,10.009994506835938
164.19000244140625,169.35000610351562,163.00999450683594,167.88999938964844,167.88999938964844,42136200.0,AMD,2024-10-11,0.022345657103669484,0.03815610038474414,6.3400115966796875
167.77000427246094,168.89999389648438,165.14999389648438,165.27000427246094,165.27000427246094,31757200.0,AMD,2024-10-14,-0.015728473408746446,0.02245267279750217,3.75
163.2100067138672,164.1300048828125,155.74000549316406,156.63999938964844,156.63999938964844,50768000.0,AMD,2024-10-15,-0.05363035111845894,0.05247084107329345,8.389999389648438
158.07000732421875,158.27999877929688,154.9199981689453,156.1300048828125,156.1300048828125,30575800.0,AMD,2024-10-16,-0.003261150058229149,0.021456765977726628,3.3600006103515625
160.0,160.44000244140625,156.1999969482422,156.25,156.25,29491900.0,AMD,2024-10-17,0.0007682637890639175,0.026782838250710973,4.2400054931640625
157.41000366210938,158.00999450683594,155.55999755859375,155.97000122070312,155.97000122070312,23823000.0,AMD,2024-10-18,-0.0017935997262517182,0.01562679380550591,2.4499969482421875
155.75999450683594,158.0,154.14999389648438,157.89999389648438,157.89999389648438,25781200.0,AMD,2024-10-21,0.012298193717026009,0.024668918289460266,3.850006103515625
156.60000610351562,156.74000549316406,151.91000366210938,154.08999633789062,154.08999633789062,34997400.0,AMD,2024-10-22,-0.024425059079565166,0.03130015234439287,4.8300018310546875
153.0,153.4499969482422,150.52000427246094,152.91000366210938,152.91000366210938,26095900.0,AMD,2024-10-23,-0.007687286558216918,0.019278767068199785,2.92999267578125
154.74000549316406,155.19000244140625,152.35000610351562,153.44000244140625,153.44000244140625,22877000.0,AMD,2024-10-24,0.0034600900767709384,0.018469642921081025,2.839996337890625
155.39999389648438,158.91000366210938,155.0500030517578,156.22999572753906,156.22999572753906,29758500.0,AMD,2024-10-25,0.01801962603028683,0.024590362040854928,3.8600006103515625
158.5,160.27999877929688,157.0399932861328,159.9199981689453,159.9199981689453,36010100.0,AMD,2024-10-28,0.02334442566576692,0.020421770936265547,3.2400054931640625
161.10000610351562,167.50999450683594,158.94000244140625,166.25,166.25,71896000.0,AMD,2024-10-29,0.038819000793635615,0.05251623030995718,8.569992065429688
153.00999450683594,153.1199951171875,148.10000610351562,148.60000610351562,148.60000610351562,87701700.0,AMD,2024-10-30,-0.11223450617884911,0.03333413332997067,5.019989013671875
147.8000030517578,148.67999267578125,143.3300018310547,144.07000732421875,144.07000732421875,44386600.0,AMD,2024-10-31,-0.030958829945816745,0.0366466194572015,5.3499908447265625
144.44000244140625,144.5399932861328,141.32000732421875,141.86000061035156,141.86000061035156,39027400.0,AMD,2024-11-01,-0.015458683334864597,0.022529365086808386,3.2199859619140625
141.6999969482422,143.63999938964844,139.72000122070312,140.7100067138672,140.7100067138672,29117400.0,AMD,2024-11-04,-0.008139577562054875,0.02766973643329385,3.9199981689453125
141.94000244140625,143.0800018310547,140.8000030517578,141.66000366210938,141.66000366210938,27067300.0,AMD,2024-11-05,0.006728763662498309,0.01606346178987775,2.279998779296875
144.9499969482422,145.6300048828125,141.52000427246094,145.10000610351562,145.10000610351562,32911500.0,AMD,2024-11-06,0.02399335577746603,0.028628111982047594,4.1100006103515625
146.67999267578125,150.1199951171875,145.66000366210938,149.82000732421875,149.82000732421875,30326400.0,AMD,2024-11-07,0.0320114204521822,0.030159777809498665,4.459991455078125
149.38999938964844,150.7100067138672,147.52999877929688,147.9499969482422,147.9499969482422,27560300.0,AMD,2024-11-08,-0.01256026418726009,0.02132596832463173,3.1800079345703125
147.3800048828125,148.57000732421875,144.91000366210938,147.35000610351562,147.35000610351562,29868100.0,AMD,2024-11-11,-0.004063607613670878,0.02494339161791556,3.660003662109375
147.0,147.4499969482422,141.5500030517578,143.6300048828125,143.6300048828125,33560300.0,AMD,2024-11-12,-0.025570168166092647,0.04083608144690256,5.899993896484375
142.86000061035156,144.49000549316406,139.07000732421875,139.3000030517578,139.3000030517578,35146600.0,AMD,2024-11-13,-0.030610679745932245,0.03823288286690929,5.4199981689453125
140.33999633789062,141.39999389648438,138.55999755859375,138.83999633789062,138.83999633789062,31681400.0,AMD,2024-11-14,-0.0033077380764557646,0.02028928310330405,2.839996337890625
136.57000732421875,137.35000610351562,133.64999389648438,134.89999389648438,134.89999389648438,44217500.0,AMD,2024-11-15,-0.02878844664814546,0.027308060061942762,3.70001220703125
138.19000244140625,140.89999389648438,137.2100067138672,138.92999267578125,138.92999267578125,38705400.0,AMD,2024-11-18,0.029436438473030967,0.0265377277221585,3.6899871826171875
137.41000366210938,139.75,137.13999938964844,139.38999938964844,139.38999938964844,23131400.0,AMD,2024-11-19,0.003305598921063581,0.01885281462956298,2.6100006103515625
138.9600067138672,140.77000427246094,135.47999572753906,137.60000610351562,137.60000610351562,28843100.0,AMD,2024-11-20,-0.012924785506874982,0.03830338677668442,5.290008544921875
138.8699951171875,140.27999877929688,134.92999267578125,137.49000549316406,137.49000549316406,29311400.0,AMD,2024-11-21,-0.0007997427138558652,0.038884345408996816,5.350006103515625
137.35000610351562,139.1300048828125,137.0399932861328,138.35000610351562,138.35000610351562,21784700.0,AMD,2024-11-22,0.006235523207087069,0.015135977925271675,2.0900115966796875
140.49000549316406,142.35000610351562,139.0500030517578,141.1300048828125,141.1300048828125,30923100.0,AMD,2024-11-25,0.019894735674473737,0.023455253973696712,3.3000030517578125
142.5500030517578,142.8000030517578,136.6199951171875,137.72000122070312,137.72000122070312,32092400.0,AMD,2024-11-26,-0.024458838689910063,0.04424175771273451,6.1800079345703125
137.1999969482422,137.94000244140625,132.9600067138672,136.24000549316406,136.24000549316406,30175300.0,AMD,2024-11-27,-0.010804570659790284,0.036770444099662125,4.9799957275390625
136.24000549316406,138.58999633789062,135.77999877929688,137.17999267578125,137.17999267578125,16085700.0,AMD,2024-11-29,0.006875802005680502,0.020483987773459094,2.80999755859375
137.9199981689453,142.82000732421875,137.8000030517578,142.05999755859375,142.05999755859375,33102400.0,AMD,2024-12-02,0.03495560770405135,0.03578176667798629,5.0200042724609375
142.5800018310547,143.4499969482422,141.0800018310547,141.97999572753906,141.97999572753906,22665300.0,AMD,2024-12-03,-0.0005633138646756136,0.016659402806665388,2.3699951171875
142.9600067138672,144.1199951171875,141.17999267578125,143.99000549316406,143.99000549316406,25942700.0,AMD,2024-12-04,0.0140577183505523,0.020610631910966234,2.94000244140625
143.67999267578125,143.9499969482422,140.3800048828125,141.36000061035156,141.36000061035156,29576900.0,AMD,2024-12-05,-0.018434058540648817,0.02511292977296446,3.5699920654296875
141.47999572753906,142.7899932861328,137.39999389648438,138.58999633789062,138.58999633789062,33576800.0,AMD,2024-12-06,-0.019789924672492718,0.03847863705629666,5.3899993896484375
135.7100067138672,135.77000427246094,130.0,130.8699951171875,130.8699951171875,57055600.0,AMD,2024-12-09,-0.057315480899673664,0.04342785862497941,5.7700042724609375
131.55999755859375,131.55999755859375,127.06999969482422,127.73999786376952,127.73999786376952,38907200.0,AMD,2024-12-10,-0.024207495346811884,0.03472488944868853,4.489997863769531
128.52000427246094,131.2100067138672,126.22000122070312,130.14999389648438,130.14999389648438,45588100.0,AMD,2024-12-11,0.018690653134390802,0.0387727184591639,4.9900054931640625
130.0,132.32000732421875,129.07000732421875,130.60000610351562,130.60000610351562,34267100.0,AMD,2024-12-12,0.0034516790321885826,0.02486833703450615,3.25
131.3000030517578,131.3000030517578,124.7699966430664,126.91000366210938,126.91000366210938,67544700.0,AMD,2024-12-13,-0.028661060898723837,0.05101278903342822,6.530006408691406
126.01000213623048,127.76000213623048,123.12000274658205,126.69000244140624,126.69000244140624,42090300.0,AMD,2024-12-16,-0.0017350257933570086,0.03699400878861396,4.6399993896484375
124.4499969482422,127.08000183105467,123.1500015258789,125.0199966430664,125.0199966430664,43314900.0,AMD,2024-12-17,-0.013269479232178265,0.031413686853036055,3.930000305175767
125.43000030517578,127.75,120.43000030517578,121.41000366210938,121.41000366210938,49724400.0,AMD,2024-12-18,-0.029300419933448955,0.0590065552773741,7.319999694824219
122.16000366210938,123.37999725341795,118.4499969482422,118.87999725341795,118.87999725341795,46160700.0,AMD,2024-12-19,-0.021058719853415068,0.04077809667963853,4.930000305175753
118.0,121.86000061035156,117.9000015258789,119.20999908447266,119.20999908447266,53591200.0,AMD,2024-12-20,0.002772078184326578,0.03303602934350733,3.9599990844726562
120.70999908447266,126.33999633789062,120.47000122070312,124.5999984741211,124.5999984741211,47777900.0,AMD,2024-12-23,0.04422195805717762,0.047575887072809936,5.8699951171875
127.51000213623048,127.51000213623048,124.66000366210938,126.29000091552734,126.29000091552734,24829600.0,AMD,2024-12-24,0.013472262800350042,0.022604748891401294,2.849998474121108
125.5199966430664,127.3000030517578,125.0500030517578,125.05999755859376,125.05999755859376,24998200.0,AMD,2024-12-26,-0.0097872542902113,0.017832847808392,2.25
124.37000274658205,126.18000030517578,122.26000213623048,125.19000244140624,125.19000244140624,32924000.0,AMD,2024-12-27,0.0010390001559059804,0.0315595192878105,3.9199981689452983
123.55999755859376,124.0999984741211,122.3499984741211,122.44000244140624,122.44000244140624,30501600.0,AMD,2024-12-30,-0.02221146875635348,0.014201902497747105,1.75
123.0999984741211,123.5500030517578,120.13999938964844,120.79000091552734,120.79000091552734,30203400.0,AMD,2024-12-31,-0.01356762582014155,0.027988232793528703,3.410003662109361
122.29000091552734,123.13999938964844,119.44000244140624,120.62999725341795,120.62999725341795,34256200.0,AMD,2025-01-02,-0.0013255213880393596,0.03050774085512253,3.6999969482422017
121.6500015258789,125.55999755859376,121.41999816894533,125.37000274658205,125.37000274658205,36785300.0,AMD,2025-01-03,0.038541400227098996,0.03352811790766283,4.1399993896484375
129.07000732421875,130.72999572753906,127.36000061035156,129.5500030517578,129.5500030517578,48020200.0,AMD,2025-01-06,0.03279754352897823,0.026116368003797547,3.3699951171875
130.50999450683594,131.7100067138672,126.8499984741211,127.33000183105467,127.33000183105467,39220400.0,AMD,2025-01-07,-0.017284774598989774,0.03759731296928492,4.860008239746094
124.51000213623048,125.3000030517578,120.12000274658205,121.83999633789062,121.83999633789062,46723100.0,AMD,2025-01-08,-0.04407347743553379,0.04221962027718356,5.180000305175753
118.18000030517578,118.70999908447266,114.4499969482422,116.04000091552734,116.04000091552734,59415600.0,AMD,2025-01-10,-0.048773711387237594,0.036545516619115995,4.2600021362304545
115.27999877929688,117.4800033569336,114.41000366210938,117.31999969482422,117.31999969482422,39128900.0,AMD,2025-01-13,0.010970274365065081,0.02647961518343071,3.0699996948242188
118.0,118.66000366210938,114.5,116.08999633789062,116.08999633789062,37005300.0,AMD,2025-01-14,-0.010539520703514361,0.03568746869840852,4.160003662109375
117.5500030517578,120.41999816894533,117.45999908447266,119.95999908447266,119.95999908447266,38185800.0,AMD,2025-01-15,0.03279262544435933,0.024887774530734253,2.9599990844726705
120.23999786376952,121.08999633789062,118.25,118.44000244140624,118.44000244140624,29414100.0,AMD,2025-01-16,-0.01275182240245823,0.023733013151360064,2.839996337890625
120.77999877929688,122.73999786376952,120.5500030517578,121.45999908447266,121.45999908447266,35765900.0,AMD,2025-01-17,0.02517845908533178,0.018003649613966964,2.1899948120117188
122.38999938964844,123.75,121.12000274658205,122.27999877929688,122.27999877929688,31578800.0,AMD,2025-01-21,0.006728504108038509,0.02148158908312528,2.6299972534179545
123.08000183105467,125.6500015258789,121.91000366210938,123.75,123.75,35023800.0,AMD,2025-01-22,0.011949914409017725,0.030217178516979637,3.7399978637695312
121.43000030517578,123.70999908447266,120.62999725341795,123.04000091552734,123.04000091552734,24921100.0,AMD,2025-01-23,-0.00575388825057394,0.025212122665503593,3.0800018310547017
124.5500030517578,125.25,122.2300033569336,122.83999633789062,122.83999633789062,31570300.0,AMD,2025-01-24,-0.0016268474376313778,0.024407196711730555,3.0199966430664062
117.8000030517578,118.08000183105467,112.8000030517578,115.01000213623048,115.01000213623048,61067900.0,AMD,2025-01-27,-0.06586356608180244,0.04574601024051307,5.279998779296875
115.18000030517578,116.1500015258789,112.9499969482422,114.16999816894533,114.16999816894533,40554800.0,AMD,2025-01-28,-0.007330550028523058,0.027937256458208222,3.2000045776367045
115.7699966430664,118.5199966430664,114.95999908447266,117.3499984741211,117.3499984741211,40199100.0,AMD,2025-01-29,0.02747235964396084,0.030497460574698945,3.55999755859375
118.52999877929688,120.44000244140624,117.08999633789062,118.86000061035156,118.86000061035156,29788400.0,AMD,2025-01-30,0.012785425779330848,0.028208885299647605,3.350006103515611
119.13999938964844,119.56999969482422,115.33000183105467,115.9499969482422,115.9499969482422,40463400.0,AMD,2025-01-31,-0.024787297691621787,0.036104371264708855,4.2399978637695455
113.87999725341795,115.16000366210938,112.9800033569336,114.2699966430664,114.2699966430664,34586100.0,AMD,2025-02-03,-0.01459499760052513,0.01911165593440872,2.1800003051757812
115.4499969482422,119.8499984741211,114.79000091552734,119.5,119.5,69412100.0,AMD,2025-02-04,0.04475233159015182,0.04313656809574434,5.05999755859375
107.61000061035156,112.08999633789062,106.5,112.01000213623048,112.01000213623048,110385200.0,AMD,2025-02-05,-0.06472819927613387,0.05115710221237204,5.589996337890625
110.93000030517578,112.55999755859376,109.0199966430664,110.16000366210938,110.16000366210938,50426600.0,AMD,2025-02-06,-0.016654284431483552,0.031955070272084184,3.540000915527358
109.12999725341795,109.91999816894533,106.79000091552734,107.55999755859376,107.55999755859376,46082500.0,AMD,2025-02-07,-0.02388507896137134,0.028888514059362644,3.129997253417983
108.44000244140624,111.4000015258789,108.1500015258789,110.4800033569336,110.4800033569336,34905400.0,AMD,2025-02-10,0.02678573078344869,0.02960817468250034,3.25
108.9800033569336,113.06999969482422,108.94000244140624,111.0999984741211,111.0999984741211,35033800.0,AMD,2025-02-11,0.005596143425275311,0.037209798882068566,4.129997253417983
109.5199966430664,111.83999633789062,109.05999755859376,111.72000122070312,111.72000122070312,25319700.0,AMD,2025-02-12,0.005565069092126451,0.02517107862930173,2.779998779296861
112.0,114.5999984741211,110.4000015258789,111.80999755859376,111.80999755859376,40911800.0,AMD,2025-02-13,0.0008052283205373929,0.03733764330145266,4.1999969482421875
112.6500015258789,114.62999725341795,111.6999969482422,113.0999984741211,113.0999984741211,32477200.0,AMD,2025-02-14,0.011471389306696429,0.02589284741237003,2.930000305175753
114.0500030517578,115.5500030517578,113.4499969482422,114.27999877929688,114.27999877929688,31720300.0,AMD,2025-02-18,0.010379197050224942,0.018341178804835278,2.1000061035155966
114.25,116.11000061035156,113.13999938964844,114.69000244140624,114.69000244140624,28807700.0,AMD,2025-02-19,0.0035812909825469405,0.025912038375229384,2.970001220703125
115.01000213623048,116.5500030517578,113.11000061035156,114.16999816894533,114.16999816894533,27219600.0,AMD,2025-02-20,-0.004544308013163796,0.02995958972649577,3.440002441406236
114.8499984741211,115.76000213623048,110.43000030517578,110.83999633789062,110.83999633789062,41353700.0,AMD,2025-02-21,-0.029600862695092676,0.047137261954627106,5.330001831054702
111.48999786376952,111.5999984741211,107.9800033569336,108.11000061035156,108.11000061035156,29072200.0,AMD,2025-02-24,-0.024938454004842972,0.03297498039584433,3.6199951171875
107.88999938964844,108.63999938964844,103.62000274658205,103.95999908447266,103.95999908447266,39169200.0,AMD,2025-02-25,-0.03914303198357839,0.04730927029934055,5.019996643066392
104.9499969482422,105.8000030517578,103.98999786376952,104.73999786376952,104.73999786376952,29178200.0,AMD,2025-02-26,0.007474867489031022,0.017255828139302126,1.8100051879882812
105.08000183105467,105.76000213623048,99.5,99.51000213623048,99.51000213623048,47263700.0,AMD,2025-02-27,-0.051222905361219886,0.0610147521376798,6.260002136230483
99.55999755859376,101.8000030517578,98.69000244140624,99.86000061035156,99.86000061035156,45194600.0,AMD,2025-02-28,0.0035110480899696174,0.031026485172348895,3.1100006103515625
101.5199966430664,102.33999633789062,97.08999633789062,98.2300033569336,98.2300033569336,38958000.0,AMD,2025-03-03,-0.016457509323538472,0.0526622219298465,5.25
96.0,103.18000030517578,95.88999938964844,100.75,100.75,54156900.0,AMD,2025-03-04,0.025330498965795048,0.07327334397373901,7.290000915527344
100.36000061035156,101.83999633789062,98.87000274658205,101.66999816894533,101.66999816894533,27855500.0,AMD,2025-03-05,0.009090055450493788,0.029597034600937686,2.9699935913085795
99.0500030517578,101.08000183105467,98.2699966430664,98.8499984741211,98.8499984741211,28985000.0,AMD,2025-03-06,-0.028128722096966888,0.028193542420873352,2.810005187988267
98.87999725341795,100.6500015258789,96.38999938964844,100.30999755859376,100.30999755859376,33254400.0,AMD,2025-03-07,0.014661832376461648,0.04324671178227569,4.260002136230469
98.56999969482422,101.29000091552734,95.83000183105467,96.62999725341795,96.62999725341795,38733200.0,AMD,2025-03-10,-0.0373761429692632,0.05541189127438765,5.4599990844726705
96.79000091552734,98.16000366210938,94.7300033569336,96.76000213623048,96.76000213623048,34078300.0,AMD,2025-03-11,0.0013444842319282472,0.035568062385907116,3.4300003051757812
99.0500030517578,101.72000122070312,98.16999816894533,100.79000091552734,100.79000091552734,34241300.0,AMD,2025-03-12,0.04080544563085423,0.035523301501985544,3.5500030517577983
99.72000122070312,100.06999969482422,97.2699966430664,98.11000061035156,98.11000061035156,28575200.0,AMD,2025-03-13,-0.0269498490539064,0.028379355682893154,2.8000030517578125
99.63999938964844,101.22000122070312,99.58000183105467,100.97000122070312,100.97000122070312,24715300.0,AMD,2025-03-14,0.028734150709596368,0.01633501824402036,1.6399993896484517
102.5999984741211,106.1500015258789,102.5999984741211,104.58999633789062,104.58999633789062,43689500.0,AMD,2025-03-17,0.03522445464623268,0.034015284659452416,3.5500030517578125
103.8499984741211,104.5500030517578,102.97000122070312,103.51000213623048,103.51000213623048,27152800.0,AMD,2025-03-18,-0.010379662718650286,0.015227759540500933,1.5800018310546733
104.41999816894533,107.9000015258789,101.95999908447266,106.2300033569336,106.2300033569336,32287500.0,AMD,2025-03-19,0.02593833935896641,0.05662431587705615,5.94000244140625
105.12000274658205,108.26000213623048,105.12000274658205,107.13999938964844,107.13999938964844,26871800.0,AMD,2025-03-20,0.008529798363508704,0.02943318023687589,3.1399993896484375
105.33000183105467,107.25,104.33000183105467,106.44000244140624,106.44000244140624,30767900.0,AMD,2025-03-21,-0.006554915709635135,0.02760358777764299,2.9199981689453267
109.7300033569336,114.8499984741211,109.4000015258789,113.8499984741211,113.8499984741211,53342000.0,AMD,2025-03-24,0.06730031006079827,0.048616011913680014,5.4499969482421875
113.2699966430664,114.9499969482422,112.70999908447266,114.80999755859376,114.80999755859376,29077500.0,AMD,2025-03-25,0.00839678773375702,0.019679084529493886,2.2399978637695455
114.11000061035156,115.9000015258789,108.68000030517578,110.19000244140624,110.19000244140624,39824000.0,AMD,2025-03-26,-0.04107239618495039,0.06431997614501539,7.220001220703125
106.11000061035156,107.62000274658205,105.5500030517578,106.6500015258789,106.6500015258789,32773700.0,AMD,2025-03-27,-0.032653711431307755,0.019421726375144416,2.069999694824247
105.52999877929688,106.51000213623048,102.4800033569336,103.22000122070312,103.22000122070312,31069100.0,AMD,2025-03-28,-0.032689814677901996,0.03857120716625161,4.029998779296889
100.23999786376952,102.81999969482422,98.8000030517578,102.73999786376952,102.73999786376952,30865300.0,AMD,2025-03-31,-0.004661140300274156,0.039882248017241606,4.0199966430664205
102.16000366210938,102.83000183105467,100.93000030517578,102.77999877929688,102.77999877929688,23523200.0,AMD,2025-04-01,0.0003892654406951919,0.018649946773312463,1.900001525878892
101.5199966430664,104.19000244140624,100.76000213623048,102.95999908447266,102.95999908447266,20794000.0,AMD,2025-04-02,0.0017497847085742632,0.033474706170757956,3.430000305175753
97.79000091552734,99.4499969482422,93.63999938964844,93.8000030517578,93.8000030517578,50472500.0,AMD,2025-04-03,-0.09317566584889314,0.06019733850898224,5.809997558593764
90.0999984741211,91.08000183105467,83.66999816894531,85.76000213623047,85.76000213623047,65847000.0,AMD,2025-04-04,-0.08961216631501442,0.08485779287608174,7.410003662109361
80.68000030517578,89.0,77.75,83.63999938964844,83.63999938964844,70515400.0,AMD,2025-04-07,-0.025030854968826975,0.13513781867279642,11.25
86.1500015258789,88.93000030517578,76.4800033569336,78.20999908447266,78.20999908447266,69910200.0,AMD,2025-04-08,-0.06712436235556218,0.15082023420708401,12.449996948242188
79.22000122070312,97.91000366210938,78.87000274658203,96.83999633789062,96.83999633789062,97827400.0,AMD,2025-04-09,0.21366258934626892,0.2162477645347262,19.040000915527344
91.0,92.9499969482422,85.05999755859375,88.69999694824219,88.69999694824219,65210600.0,AMD,2025-04-10,-0.08780023934362875,0.08870482021187971,7.889999389648452
90.51000213623048,94.76000213623048,90.5,93.4000015258789,93.4000015258789,57892600.0,AMD,2025-04-11,0.051631506661683785,0.04599755112829294,4.260002136230483
97.11000061035156,97.37000274658205,93.4499969482422,94.5,94.5,36003000.0,AMD,2025-04-14,0.011708472927867107,0.041091681953359986,3.9200057983398438
94.66000366210938,96.8499984741211,94.62000274658205,95.29000091552734,95.29000091552734,28116500.0,AMD,2025-04-15,0.00832504846820063,0.023294474867429412,2.2299957275390483
87.61000061035156,90.47000122070312,85.30000305175781,88.29000091552734,88.29000091552734,62109000.0,AMD,2025-04-16,-0.07629802168485925,0.058843827256160386,5.1699981689453125
88.83999633789062,89.02999877929688,86.5199966430664,87.5,87.5,34801400.0,AMD,2025-04-17,-0.008988067919469765,0.028597815589088596,2.5100021362304688
86.0199966430664,86.13999938964844,83.75,85.55999755859375,85.55999755859375,33855400.0,AMD,2025-04-21,-0.022420937683799165,0.028137701835212185,2.3899993896484375
86.12000274658203,87.16999816894531,85.16999816894531,86.26000213623047,86.26000213623047,35236700.0,AMD,2025-04-22,0.008148160304945291,0.023210976363757053,2.0
91.87999725341795,93.73999786376952,90.12000274658205,90.38999938964844,90.38999938964844,41102600.0,AMD,2025-04-23,0.04676761907318107,0.039382823664684825,3.6199951171874716
91.58999633789062,94.75,90.37000274658205,94.47000122070312,94.47000122070312,33681900.0,AMD,2025-04-24,0.044148701644742404,0.047329459656041004,4.3799972534179545
93.27999877929688,97.0999984741211,92.8499984741211,96.6500015258789,96.6500015258789,28575300.0,AMD,2025-04-25,0.022813884739377698,0.04475608821786087,4.25
95.58000183105467,97.48999786376952,94.2699966430664,96.38999938964844,96.38999938964844,30456700.0,AMD,2025-04-28,-0.0026937659782438473,0.03358681693059399,3.220001220703111
95.76000213623048,97.18000030517578,95.33000183105467,96.05999755859376,96.05999755859376,20700600.0,AMD,2025-04-29,-0.0034294846425245154,0.019220356405046313,1.849998474121108
92.80999755859376,97.5500030517578,91.87000274658205,97.3499984741211,97.3499984741211,29730700.0,AMD,2025-04-30,0.01333974532280681,0.059990534173384485,5.680000305175753
99.2699966430664,100.0999984741211,96.4499969482422,96.6500015258789,96.6500015258789,29591500.0,AMD,2025-05-01,-0.007216494702038421,0.037144963366719096,3.650001525878892
98.4000015258789,99.87999725341795,98.3000030517578,98.8000030517578,98.8000030517578,29957900.0,AMD,2025-05-02,0.02200141420004257,0.015945379714283673,1.5799942016601562
99.0,102.0500030517578,98.76000213623048,100.58999633789062,100.58999633789062,41268900.0,AMD,2025-05-05,0.017955177097891135,0.03277023305288645,3.2900009155273153
98.41000366210938,100.06999969482422,97.44000244140624,98.62000274658205,98.62000274658205,54264300.0,AMD,2025-05-06,-0.019778704093817347,0.02663310903567228,2.629997253417983
100.75,103.41999816894533,96.87999725341795,100.36000061035156,100.36000061035156,86474400.0,AMD,2025-05-07,0.01748961893371109,0.06532527836855577,6.540000915527372
101.91999816894533,105.44000244140624,101.55999755859376,101.6999969482422,101.6999969482422,54231400.0,AMD,2025-05-08,0.013263545467219221,0.03749236111123226,3.8800048828124716
102.58999633789062,103.54000091552734,101.5999984741211,102.83999633789062,102.83999633789062,31704300.0,AMD,2025-05-09,0.011147073740849405,0.01891450019012462,1.94000244140625
110.41999816894533,110.66999816894533,106.9800033569336,108.12000274658205,108.12000274658205,50543400.0,AMD,2025-05-12,0.05006740002342411,0.033910851249337466,3.689994812011733
109.5999984741211,113.12999725341795,109.0,112.45999908447266,112.45999908447266,55659500.0,AMD,2025-05-13,0.03935584791180405,0.03718969343112619,4.1299972534179545
119.83000183105467,122.5199966430664,116.58999633789062,117.72000122070312,117.72000122070312,86743700.0,AMD,2025-05-14,0.04571133901167914,0.04961077903045821,5.930000305175781
117.0199966430664,117.5,114.01000213623048,114.98999786376952,114.98999786376952,43843200.0,AMD,2025-05-15,-0.023463784251778905,0.03015215100136512,3.489997863769517
118.06999969482422,118.23999786376952,116.01000213623048,117.16999816894533,117.16999816894533,43419700.0,AMD,2025-05-16,0.01878070656968987,0.01904002643148176,2.229995727539034
115.0199966430664,115.52999877929688,114.05999755859376,114.73999786376952,114.73999786376952,37737400.0,AMD,2025-05-19,-0.020957175497015795,0.012805621604999332,1.4700012207031108
114.3499984741211,114.51000213623048,112.08000183105467,113.51000213623048,113.51000213623048,29030800.0,AMD,2025-05-20,-0.010777722968711045,0.021449255714868838,2.4300003051758097
113.8499984741211,116.0999984741211,111.08999633789062,112.05999755859376,112.05999755859376,43594600.0,AMD,2025-05-21,-0.012856537236464032,0.04411122493266458,5.010002136230469
111.9000015258789,112.63999938964844,110.61000061035156,110.70999908447266,110.70999908447266,29252000.0,AMD,2025-05-22,-0.012120258748763574,0.018186380558914913,2.029998779296875
108.08999633789062,111.0199966430664,107.66999816894533,110.30999755859376,110.30999755859376,30867300.0,AMD,2025-05-23,-0.0036195997527154666,0.030639358203365823,3.3499984741210795
113.18000030517578,115.4000015258789,112.2699966430664,114.55999755859376,114.55999755859376,37885000.0,AMD,2025-05-27,0.037804120052116925,0.027497712726371987,3.1300048828125
114.91999816894533,114.9499969482422,112.66000366210938,112.86000061035156,112.86000061035156,27483700.0,AMD,2025-05-28,-0.01495056395214193,0.020122758688202746,2.2899932861328267
115.48999786376952,115.54000091552734,112.12999725341795,113.02999877929688,113.02999877929688,30501400.0,AMD,2025-05-29,0.0015051414537889667,0.029957910298852603,3.410003662109389
111.58000183105467,112.11000061035156,108.62000274658205,110.7300033569336,110.7300033569336,36088500.0,AMD,2025-05-30,-0.02055842337642034,0.03162495971686989,3.489997863769517
111.05999755859376,114.86000061035156,111.01000213623048,114.62999725341795,114.62999725341795,34078400.0,AMD,2025-06-02,0.034614690140101746,0.03409369416188273,3.8499984741210795
114.5,117.68000030517578,113.27999877929688,117.30999755859376,117.30999755859376,37161500.0,AMD,2025-06-03,0.023110456539544785,0.03810645971702147,4.400001525878906
117.41000366210938,119.3000030517578,115.7300033569336,118.58000183105467,118.58000183105467,31025000.0,AMD,2025-06-04,0.010767871014684556,0.03038143381782074,3.5699996948242045
118.9499969482422,119.23999786376952,114.70999908447266,115.69000244140624,115.69000244140624,34091000.0,AMD,2025-06-05,-0.02467363257693632,0.038731054582543285,4.529998779296861
117.69000244140624,118.37999725341795,115.87999725341795,116.19000244140624,116.19000244140624,27042100.0,AMD,2025-06-06,0.004312582063160517,0.021344616861977358,2.5
119.18000030517578,122.37000274658205,119.04000091552734,121.7300033569336,121.7300033569336,55437700.0,AMD,2025-06-09,0.04657870179142533,0.027589685666769875,3.3300018310547017
121.11000061035156,124.08999633789062,120.8000030517578,123.23999786376952,123.23999786376952,41691900.0,AMD,2025-06-10,0.012328151396177297,0.02687076851119761,3.2899932861328267
124.44000244140624,124.47000122070312,119.87999725341795,121.13999938964844,121.13999938964844,32261900.0,AMD,2025-06-11,-0.017186759880158886,0.03757351328272644,4.5900039672851705
120.62000274658205,122.25,118.02999877929688,118.5,118.5,44718400.0,AMD,2025-06-12,-0.02203393593921701,0.03512930925631607,4.220001220703125
116.0500030517578,117.87999725341795,115.05999755859376,116.16000366210938,116.16000366210938,39702700.0,AMD,2025-06-13,-0.019944377972276786,0.024213424353081613,2.8199996948241903
118.63999938964844,128.13999938964844,117.77999877929688,126.38999938964844,126.38999938964844,100968500.0,AMD,2025-06-16,0.08440377722701298,0.08430494429555387,10.360000610351562
127.93000030517578,130.6999969482422,126.58000183105467,127.0999984741211,127.0999984741211,86623900.0,AMD,2025-06-17,0.00560180636014461,0.03203006346809154,4.119995117187514
128.00999450683594,129.2100067138672,125.7699966430664,126.79000091552734,126.79000091552734,49627100.0,AMD,2025-06-18,-0.002441984429393573,0.02698422432701027,3.4400100708007812
129.0,132.80999755859375,127.5500030517578,128.24000549316406,128.24000549316406,79931000.0,AMD,2025-06-20,0.011371369375651955,0.04041104851566749,5.259994506835952
130.47000122070312,133.25,126.81999969482422,129.5800018310547,129.5800018310547,65152900.0,AMD,2025-06-23,0.010394914016175028,0.04945830718043786,6.430000305175781
133.42999267578125,138.7899932861328,132.92999267578125,138.42999267578125,138.42999267578125,78572000.0,AMD,2025-06-24,0.06606626463795509,0.04313933221226783,5.8600006103515625
140.94000244140625,144.17999267578125,139.4600067138672,143.39999389648438,143.39999389648438,74607200.0,AMD,2025-06-25,0.03527315581219341,0.03328459824255205,4.7199859619140625
145.97000122070312,146.0,141.91000366210938,143.67999267578125,143.67999267578125,58180100.0,AMD,2025-06-26,0.0019506679753294582,0.028413542056032255,4.089996337890625
144.17999267578125,147.75,141.6300048828125,143.80999755859375,143.80999755859375,61937900.0,AMD,2025-06-27,0.0009044133437002377,0.04230359858406827,6.1199951171875
144.0,146.0,141.00999450683594,141.89999389648438,141.89999389648438,42972500.0,AMD,2025-06-30,-0.013370425768477438,0.034775850815045986,4.9900054931640625
138.77000427246094,140.22999572753906,135.1199951171875,136.11000061035156,136.11000061035156,55257200.0,AMD,2025-07-01,-0.041659154324966564,0.03712066490835045,5.1100006103515625
135.52999877929688,139.77999877929688,135.22000122070312,138.52000427246094,138.52000427246094,39228000.0,AMD,2025-07-02,0.017551363549625842,0.03316665862588588,4.55999755859375
139.11000061035156,139.5,137.32000732421875,137.91000366210938,137.91000366210938,28646000.0,AMD,2025-07-03,-0.004413425337271688,0.015750579335062104,2.17999267578125
136.55999755859375,137.44000244140625,133.5,134.8000030517578,134.8000030517578,37395000.0,AMD,2025-07-07,-0.02280910392322921,0.02908599815907406,3.94000244140625
137.32000732421875,139.14999389648438,135.91000366210938,137.82000732421875,137.82000732421875,36124600.0,AMD,2025-07-08,0.022156317955067433,0.02355951519668676,3.239990234375
138.69000244140625,140.64999389648438,137.58999633789062,138.41000366210938,138.41000366210938,37013100.0,AMD,2025-07-09,0.004271782294599444,0.021996269717178298,3.05999755859375
143.0,145.82000732421875,141.85000610351562,144.16000366210938,144.16000366210938,61101500.0,AMD,2025-07-10,0.040703497896090526,0.027602830323273587,3.970001220703125
142.60000610351562,147.39999389648438,141.60000610351562,146.4199981689453,146.4199981689453,50049200.0,AMD,2025-07-11,0.015555372449883812,0.04014371398385287,5.79998779296875
145.08999633789062,147.5800018310547,141.89999389648438,146.24000549316406,146.24000549316406,44718600.0,AMD,2025-07-14,-0.0012300464444970876,0.03924787288422022,5.6800079345703125
153.75,158.67999267578125,153.55999755859375,155.61000061035156,155.61000061035156,93370100.0,AMD,2025-07-15,0.0621037356852306,0.032798195255079925,5.1199951171875
155.30999755859375,160.36000061035156,152.85000610351562,160.0800018310547,160.0800018310547,59492800.0,AMD,2025-07-16,0.028320820760116234,0.04796420331218961,7.5099945068359375
161.80999755859375,161.9600067138672,158.67999267578125,160.41000366210938,160.41000366210938,50605100.0,AMD,2025-07-17,0.0020593587445816904,0.020459883128855102,3.2800140380859375
159.58999633789062,160.8300018310547,155.80999755859375,156.99000549316406,156.99000549316406,48859800.0,AMD,2025-07-18,-0.02155091641567185,0.03171061733244907,5.0200042724609375
157.6199951171875,160.33999633789062,156.9199981689453,157.0,157.0,39021100.0,AMD,2025-07-21,6.366130554780608e-05,0.021560428102518698,3.4199981689453125
156.1999969482422,156.22999572753906,149.33999633789062,154.72000122070312,154.72000122070312,49028000.0,AMD,2025-07-22,-0.014628765753567412,0.045103691990964694,6.8899993896484375
156.32000732421875,159.4499969482422,156.0,158.64999389648438,158.64999389648438,41510900.0,AMD,2025-07-23,0.0250834399628865,0.02187436706725178,3.4499969482421875
159.1199951171875,163.92999267578125,158.36000061035156,162.1199951171875,162.1199951171875,48440100.0,AMD,2025-07-24,0.021636292083972188,0.03456853666729044,5.5699920654296875
163.50999450683594,167.17999267578125,162.36000061035156,166.47000122070312,166.47000122070312,53432300.0,AMD,2025-07-25,0.026478348697191564,0.029254936730687187,4.8199920654296875
169.0800018310547,174.6999969482422,168.6699981689453,173.66000366210938,173.66000366210938,68267800.0,AMD,2025-07-28,0.04228426538151951,0.035126067257366264,6.029998779296875
175.2100067138672,182.30999755859372,174.67999267578125,177.44000244140625,177.44000244140625,108154800.0,AMD,2025-07-29,0.021533151640798515,0.04275283473585308,7.630004882812472
175.61000061035156,180.3699951171875,173.8000030517578,179.50999450683594,179.50999450683594,64820300.0,AMD,2025-07-30,0.011598348720988517,0.03710503922070528,6.5699920654296875
182.0200042724609,182.5,173.0,176.30999755859375,176.30999755859375,71765300.0,AMD,2025-07-31,-0.017987090636665447,0.053458578524767195,9.5
170.16000366210938,174.39999389648438,166.82000732421875,171.6999969482422,171.6999969482422,75396100.0,AMD,2025-08-01,-0.026495045315781292,0.04443604575927135,7.579986572265625
174.61000061035156,177.86000061035156,173.55999755859375,176.77999877929688,176.77999877929688,52951000.0,AMD,2025-08-04,0.02915726459794046,0.024473380539625788,4.3000030517578125
177.57000732421875,177.99000549316406,171.8000030517578,174.30999755859375,174.30999755859375,88808500.0,AMD,2025-08-05,-0.014070705506934258,0.035396372487279185,6.19000244140625
165.0500030517578,166.17999267578125,157.8000030517578,163.1199951171875,163.1199951171875,133641800.0,AMD,2025-08-06,-0.06634921288832546,0.05174306641164884,8.379989624023438
166.83999633789062,175.75,166.6999969482422,172.39999389648438,172.39999389648438,95448300.0,AMD,2025-08-07,0.05533122649403767,0.052866759240911644,9.050003051757812
174.0399932861328,176.47999572753906,170.52000427246094,172.75999450683594,172.75999450683594,68866700.0,AMD,2025-08-08,0.002085993469626515,0.034354914343379145,5.959991455078125
170.0399932861328,178.82000732421875,169.3800048828125,172.27999877929688,172.27999877929688,70651000.0,AMD,2025-08-11,-0.0027822631956624347,0.054235013944766916,9.44000244140625
173.32000732421875,175.16000366210938,168.5,174.9499969482422,174.9499969482422,52243500.0,AMD,2025-08-12,0.015379148269763606,0.03876411304800513,6.660003662109375
179.91000366210938,186.6499938964844,179.3800048828125,184.4199981689453,184.4199981689453,108305100.0,AMD,2025-08-13,0.05271555381217736,0.039728684749915415,7.269989013671903
179.8300018310547,185.44000244140625,179.55999755859375,180.9499969482422,180.9499969482422,66308800.0,AMD,2025-08-14,-0.018995022037722343,0.032221992439792506,5.8800048828125
180.05999755859375,180.13999938964844,176.25,177.50999450683594,177.50999450683594,51543100.0,AMD,2025-08-15,-0.019193818733499787,0.021830881275012027,3.8899993896484375
176.75999450683594,178.8000030517578,174.36000061035156,176.13999938964844,176.13999938964844,35937500.0,AMD,2025-08-18,-0.00774778449888901,0.025145748936693305,4.44000244140625
173.10000610351562,173.1699981689453,166.10000610351562,166.5500030517578,166.5500030517578,64455000.0,AMD,2025-08-19,-0.05598354694910146,0.0416837070250399,7.0699920654296875
164.10000610351562,166.64999389648438,158.25,165.1999969482422,165.1999969482422,60233200.0,AMD,2025-08-20,-0.008138740349294439,0.0517197071047062,8.399993896484375
165.86000061035156,165.8800048828125,162.25999450683594,163.7100067138672,163.7100067138672,37880500.0,AMD,2025-08-21,-0.009060231736784337,0.022064711701160162,3.6200103759765625
162.1699981689453,168.52999877929688,161.8000030517578,167.75999450683594,167.75999450683594,43998600.0,AMD,2025-08-22,0.024437742972498414,0.04075274475900141,6.7299957275390625
165.5500030517578,165.58999633789062,161.72000122070312,163.36000061035156,163.36000061035156,36134700.0,AMD,2025-08-25,-0.026577995696889765,0.02364837921804912,3.8699951171875
168.64999389648438,169.77000427246094,164.91000366210938,166.6199951171875,166.6199951171875,52138600.0,AMD,2025-08-26,0.0197593830890906,0.02904471224131999,4.8600006103515625
166.0399932861328,167.67999267578125,164.64999389648438,167.1300048828125,167.1300048828125,37031000.0,AMD,2025-08-27,0.0030562406748065817,0.018235385700200446,3.029998779296875
168.5,170.99000549316406,166.64999389648438,168.5800018310547,168.5800018310547,36285200.0,AMD,2025-08-28,0.008638443514483769,0.02570933925715436,4.3400115966796875
166.80999755859375,168.57000732421875,161.89999389648438,162.6300048828125,162.6300048828125,37516800.0,AMD,2025-08-29,-0.03593271346655883,0.040372314257043886,6.670013427734375
158.4199981689453,162.38999938964844,156.6199951171875,162.32000732421875,162.32000732421875,38656100.0,AMD,2025-09-02,-0.001907971324758716,0.03617838757182597,5.7700042724609375
161.80999755859375,164.75,160.5800018310547,162.1300048828125,162.1300048828125,30752800.0,AMD,2025-09-03,-0.00117122796102756,0.02563690122332199,4.1699981689453125
159.94000244140625,162.0500030517578,157.7899932861328,161.7899932861328,161.7899932861328,32103500.0,AMD,2025-09-04,-0.0020993561588006572,0.026639955921561476,4.260009765625
157.1199951171875,157.13999938964844,150.17999267578125,151.13999938964844,151.13999938964844,78256000.0,AMD,2025-09-05,-0.0680926009655723,0.04530259796141442,6.9600067138671875
151.8000030517578,152.63999938964844,149.22000122070312,151.41000366210938,151.41000366210938,41849000.0,AMD,2025-09-08,0.0017848576527331457,0.022660468477413872,3.4199981689453125
151.99000549316406,156.66000366210938,151.92999267578125,155.82000732421875,155.82000732421875,42802500.0,AMD,2025-09-09,0.028710128700079118,0.030658035067429836,4.730010986328125
163.5399932861328,164.52999877929688,158.0,159.5399932861328,159.5399932861328,52465300.0,AMD,2025-09-10,0.023593090493258133,0.04049788395225717,6.529998779296875
158.6199951171875,160.2100067138672,154.99000549316406,155.6699981689453,155.6699981689453,48817700.0,AMD,2025-09-11,-0.024556262114979195,0.03312486241427589,5.220001220703125
157.0,160.41000366210938,154.9199981689453,158.57000732421875,158.57000732421875,42232800.0,AMD,2025-09-12,0.018457812105312308,0.034824217631237206,5.4900054931640625
160.00999450683594,162.3000030517578,157.60000610351562,161.16000366210938,161.16000366210938,36808700.0,AMD,2025-09-15,0.016201500655926734,0.029386277172066707,4.6999969482421875
161.3699951171875,161.9499969482422,159.22000122070312,160.4600067138672,160.4600067138672,27946500.0,AMD,2025-09-16,-0.00435295087969986,0.017000725446308707,2.7299957275390625
159.27999877929688,161.6300048828125,155.75999450683594,159.16000366210938,159.16000366210938,41823800.0,AMD,2025-09-17,-0.008134723599176625,0.036993476834435754,5.8700103759765625
150.9600067138672,158.77000427246094,149.85000610351562,157.9199981689453,157.9199981689453,84549500.0,AMD,2025-09-18,-0.007821444477361526,0.05782180650566301,8.919998168945312
157.3800048828125,159.83999633789062,155.89999389648438,157.38999938964844,157.38999938964844,55448100.0,AMD,2025-09-19,-0.003361766404793686,0.024958555075614744,3.94000244140625
157.4199981689453,162.67999267578125,157.4199981689453,159.7899932861328,159.7899932861328,46505500.0,AMD,2025-09-22,0.015133613448926076,0.03286765493412635,5.2599945068359375
160.52000427246094,163.38999938964844,159.2100067138672,160.89999389648438,160.89999389648438,39448300.0,AMD,2025-09-23,0.0069226049302614215,0.0259158496293857,4.17999267578125
162.97999572753906,165.10000610351562,158.42999267578125,160.8800048828125,160.8800048828125,38464100.0,AMD,2025-09-24,-0.0001242402496949454,0.04123857873772893,6.670013427734375
157.13999938964844,161.6300048828125,154.77999877929688,161.27000427246094,161.27000427246094,36809900.0,AMD,2025-09-25,0.00242122966997421,0.04330505667591755,6.850006103515625
160.52000427246094,162.11000061035156,157.0500030517578,159.4600067138672,159.4600067138672,30316900.0,AMD,2025-09-26,-0.011286856306901204,0.031710875502112844,5.05999755859375
160.1199951171875,164.3000030517578,159.89999389648438,161.36000061035156,161.36000061035156,39828800.0,AMD,2025-09-29,0.011844748250383216,0.02714546194844577,4.4000091552734375
160.7899932861328,162.27999877929688,159.3300018310547,161.7899932861328,161.7899932861328,29669300.0,AMD,2025-09-30,0.0026612590913249285,0.01834569622141038,2.9499969482421875
160.92999267578125,164.17999267578125,160.49000549316406,164.00999450683594,164.00999450683594,39895200.0,AMD,2025-10-01,0.01362821156232954,0.022731672748693844,3.6899871826171875
168.67999267578125,171.05999755859375,166.1199951171875,169.72999572753906,169.72999572753906,55475200.0,AMD,2025-10-02,0.03428154591918081,0.02930396851114645,4.94000244140625
170.67999267578125,170.67999267578125,163.13999938964844,164.6699981689453,164.6699981689453,42699100.0,AMD,2025-10-03,-0.030265453890970104,0.04518169127664697,7.5399932861328125
226.4499969482422,226.7100067138672,203.00999450683597,203.7100067138672,203.7100067138672,248859600.0,AMD,2025-10-06,0.21275398667706413,0.11041648546142349,23.70001220703122
214.8500061035156,218.8999938964844,209.27999877929688,211.50999450683597,211.50999450683597,115748100.0,AMD,2025-10-07,0.03757480593387276,0.044941914210187305,9.619995117187528
212.9499969482422,235.8699951171875,210.6999969482422,235.55999755859372,235.55999755859372,159983500.0,AMD,2025-10-08,0.10769339499080084,0.11284547876825428,25.169998168945312
236.3000030517578,240.1000061035156,229.52999877929688,232.88999938964844,232.88999938964844,94290700.0,AMD,2025-10-09,-0.011399411247178099,0.04502179405433269,10.570007324218722
232.7700042724609,234.22000122070312,213.1999969482422,214.8999938964844,214.8999938964844,118656600.0,AMD,2025-10-10,-0.08039346121811713,0.09403017184814302,21.020004272460938
220.1999969482422,224.19000244140625,214.8999938964844,216.4199981689453,216.4199981689453,63104000.0,AMD,2025-10-13,0.007048180436039145,0.04232114225339678,9.290008544921847
219.1999969482422,224.97999572753903,215.8999938964844,218.08999633789065,218.08999633789065,71216300.0,AMD,2025-10-14,0.007686849154551516,0.04119618112361958,9.08000183105463
222.7100067138672,239.2400054931641,220.75999450683597,238.6000061035156,238.6000061035156,108481000.0,AMD,2025-10-15,0.08988073040695002,0.080391141448917,18.480010986328125
236.2899932861328,241.1999969482422,232.2400054931641,234.55999755859372,234.55999755859372,69726400.0,AMD,2025-10-16,-0.01707712695451463,0.03785510883129764,8.959991455078097
233.25999450683597,235.3800048828125,227.91000366210935,233.0800018310547,233.0800018310547,55804200.0,AMD,2025-10-17,-0.006329658159055626,0.03225041994243188,7.470001220703153
236.47000122070312,242.8800048828125,234.3999938964844,240.55999755859372,240.55999755859372,56741700.0,AMD,2025-10-20,0.03158777840064805,0.03553848264710323,8.480010986328097
239.38999938964844,242.25999450683597,234.0200042724609,238.02999877929688,238.02999877929688,47122400.0,AMD,2025-10-21,-0.010572817511830257,0.03460490686636088,8.239990234375057
236.8500061035156,240.1300048828125,224.8800048828125,230.22999572753903,230.22999572753903,59668800.0,AMD,2025-10-22,-0.033317920320678936,0.06561351538301533,15.25
230.16000366210935,235.8999938964844,228.5399932861328,234.9900054931641,234.9900054931641,39024400.0,AMD,2025-10-23,0.02046419272449891,0.03169674019895262,7.360000610351591
243.3600006103516,253.38999938964844,241.9499969482422,252.9199981689453,252.9199981689453,71221100.0,AMD,2025-10-24,0.07353024252733531,0.04619872077431466,11.44000244140625
257.8800048828125,260.4200134277344,249.8000030517578,259.6700134277344,259.6700134277344,65613100.0,AMD,2025-10-27,0.0263384198507311,0.041635153954139095,10.620010375976562
259.1400146484375,264.5799865722656,257.0,258.010009765625,258.010009765625,47448700.0,AMD,2025-10-28,-0.006413264091289618,0.02906752738788148,7.579986572265625
264.19000244140625,267.0799865722656,257.3999938964844,264.3299865722656,264.3299865722656,49335600.0,AMD,2025-10-29,0.024199890037420985,0.03691691726374671,9.67999267578125
259.9200134277344,263.8800048828125,252.30999755859372,254.83999633789065,254.83999633789065,45162500.0,AMD,2025-10-30,-0.03656238886955792,0.044835992318510993,11.570007324218778
259.6000061035156,262.1300048828125,253.41000366210935,256.1199951171875,256.1199951171875,34449200.0,AMD,2025-10-31,0.005010182707993929,0.033831837677631295,8.720001220703153
259.3299865722656,260.9100036621094,253.88999938964844,259.6499938964844,259.6499938964844,36351400.0,AMD,2025-11-03,0.013688481197572594,0.027274434359569485,7.0200042724609375
250.3500061035156,257.3800048828125,247.38999938964844,250.0500030517578,250.0500030517578,56491800.0,AMD,2025-11-04,-0.037673636714120946,0.03958757473430674,9.990005493164062
243.2400054931641,259.6499938964844,242.80999755859372,256.3299865722656,256.3299865722656,67366600.0,AMD,2025-11-05,0.024804714397747823,0.06705531233975887,16.839996337890653
253.47000122070312,253.50999450683597,235.7400054931641,237.6999969482422,237.6999969482422,66049700.0,AMD,2025-11-06,-0.07545626293979761,0.07267372221630684,17.769989013671875
230.94000244140625,235.8699951171875,224.63999938964844,233.5399932861328,233.5399932861328,52162600.0,AMD,2025-11-07,-0.017656021628138414,0.048781666974071596,11.229995727539062
242.13999938964844,248.8999938964844,240.5,243.97999572753903,243.97999572753903,43361600.0,AMD,2025-11-10,0.043732897309755485,0.03433109530577125,8.399993896484403
241.66000366210935,248.4600067138672,234.63999938964844,237.5200042724609,237.5200042724609,61336800.0,AMD,2025-11-11,-0.02683438876577158,0.05722947173948438,13.82000732421875
253.1300048828125,263.510009765625,250.0,258.8900146484375,258.8900146484375,108942000.0,AMD,2025-11-12,0.08615146919821504,0.052630437122987275,13.510009765625
251.8999938964844,259.6300048828125,246.05999755859372,247.9600067138672,247.9600067138672,63178600.0,AMD,2025-11-13,-0.04313584773138287,0.05368216065359714,13.570007324218778
240.1100006103516,253.44000244140625,235.0800018310547,246.80999755859372,246.80999755859372,47549500.0,AMD,2025-11-14,-0.004648669953027064,0.07520122872561472,18.360000610351562
348.8999938964844,349.20001220703125,317.2699890136719,322.75,322.75,39777900.0,COIN,2021-04-15,-0.016988869316277504,0.09589174717765621,31.930023193359375
327.5,345.989990234375,321.0299987792969,342.0,342.0,22654500.0,COIN,2021-04-16,0.057932707335853366,0.07487527177622984,24.959991455078125
337.260009765625,341.010009765625,326.7900085449219,333.0,333.0,11405600.0,COIN,2021-04-19,-0.026668247082161294,0.04259404209356968,14.220001220703125
333.42999267578125,334.8299865722656,312.0199890136719,320.82000732421875,320.82000732421875,18082300.0,COIN,2021-04-20,-0.03726224896206634,0.07055564712382269,22.80999755859375
312.5199890136719,327.4700012207031,302.1000061035156,311.9200134277344,311.9200134277344,10103900.0,COIN,2021-04-21,-0.028133453295388255,0.08063834295748207,25.3699951171875
305.760009765625,313.5,287.20001220703125,293.45001220703125,293.45001220703125,14991900.0,COIN,2021-04-22,-0.06103947912031212,0.0876204803953165,26.29998779296875
282.75,303.0,282.07000732421875,291.6000061035156,291.6000061035156,9853800.0,COIN,2021-04-23,-0.006324287537050709,0.07157751245815185,20.92999267578125
304.2900085449219,306.1000061035156,296.8999938964844,304.5400085449219,304.5400085449219,6330200.0,COIN,2021-04-26,0.0434194484054146,0.030516504678745456,9.20001220703125
306.70001220703125,306.70001220703125,299.5,302.0,302.0,3902000.0,COIN,2021-04-27,-0.008375452096171288,0.02375569336591149,7.20001220703125
301.010009765625,302.8999938964844,298.04998779296875,298.04998779296875,298.04998779296875,2746100.0,COIN,2021-04-28,-0.013165800665255191,0.01614148117331088,4.850006103515625
298.45001220703125,300.0,292.1000061035156,294.7699890136719,294.7699890136719,2845800.0,COIN,2021-04-29,-0.011065862751314296,0.026686244367211176,7.899993896484375
293.0,302.739990234375,291.0,297.6400146484375,297.6400146484375,3997400.0,COIN,2021-04-30,0.009689397786044308,0.03955105190546096,11.739990234375
304.0,305.0299987792969,293.94000244140625,294.2099914550781,294.2099914550781,3333800.0,COIN,2021-05-03,-0.011590982715621012,0.03703445523980924,11.089996337890625
292.0599975585937,292.19000244140625,275.6099853515625,280.6600036621094,280.6600036621094,5707700.0,COIN,2021-05-04,-0.04714978365752837,0.05841751414934615,16.58001708984375
284.95001220703125,289.1499938964844,269.0,273.0,273.0,5074600.0,COIN,2021-05-05,-0.02767219018623536,0.07223418389391265,20.149993896484375
271.1499938964844,272.1400146484375,250.50999450683597,256.760009765625,256.760009765625,8342000.0,COIN,2021-05-06,-0.061329960707323994,0.08281787562966728,21.630020141601534
261.1499938964844,267.07000732421875,258.3800048828125,263.70001220703125,263.70001220703125,4243700.0,COIN,2021-05-07,0.026670305172962726,0.033079435318135564,8.69000244140625
266.3999938964844,297.5,259.3699951171875,293.45001220703125,293.45001220703125,10268600.0,COIN,2021-05-10,0.10689516895207857,0.13715863012062554,38.1300048828125
281.04998779296875,303.32000732421875,276.510009765625,303.0,303.0,7456000.0,COIN,2021-05-11,0.03202549690669212,0.09254135598845122,26.80999755859375
299.5400085449219,306.9800109863281,280.7900085449219,283.6099853515625,283.6099853515625,7214200.0,COIN,2021-05-12,-0.06613280219209451,0.08917554526005916,26.19000244140625
276.4599914550781,285.0,252.25999450683597,265.1000061035156,265.1000061035156,11226800.0,COIN,2021-05-13,-0.06749286699884871,0.12202890038540645,32.740005493164034
280.3699951171875,280.6400146484375,256.3500061035156,258.3699951171875,258.3699951171875,11751800.0,COIN,2021-05-14,-0.025714489119732915,0.09052903934134321,24.290008544921875
250.0,250.25,238.25,248.2400054931641,248.2400054931641,8828100.0,COIN,2021-05-17,-0.03999660493012787,0.04913987566101857,12.0
238.8300018310547,252.1699981689453,238.5,239.0,239.0,7852100.0,COIN,2021-05-18,-0.03793249033705447,0.05573414565400054,13.669998168945312
212.92999267578125,229.0,208.0,224.8000030517578,224.8000030517578,16766000.0,COIN,2021-05-19,-0.061252420336539645,0.09618392385292175,21.0
236.1000061035156,238.8000030517578,226.25999450683597,233.3999938964844,233.3999938964844,10386900.0,COIN,2021-05-20,0.0375425621070319,0.05394163807778684,12.540008544921847
235.97000122070312,238.97000122070312,223.8999938964844,224.3500061035156,224.3500061035156,7554900.0,COIN,2021-05-21,-0.03954633407468171,0.06513852980376975,15.070007324218722
227.27999877929688,231.0,224.0399932861328,225.3000030517578,225.3000030517578,10185600.0,COIN,2021-05-24,0.004225501356185225,0.030593133147432536,6.9600067138671875
230.0,243.9900054931641,228.0,242.41000366210935,242.41000366210935,11827800.0,COIN,2021-05-25,0.07319766159322608,0.06778163440624271,15.990005493164091
247.5,249.38999938964844,239.3699951171875,241.5200042724609,241.5200042724609,6602800.0,COIN,2021-05-26,-0.0036782194882646366,0.041007482174028026,10.020004272460938
245.2100067138672,247.2400054931641,240.32000732421875,247.08999633789065,247.08999633789065,5083300.0,COIN,2021-05-27,0.02280032482066447,0.028388147956303195,6.919998168945341
243.57000732421875,244.6300048828125,236.5399932861328,236.5399932861328,236.5399932861328,5091500.0,COIN,2021-05-28,-0.04363532946980597,0.03362958647615659,8.090011596679688
238.50999450683597,244.7100067138672,238.1000061035156,238.92999267578125,238.92999267578125,3962700.0,COIN,2021-06-01,0.010053292908867466,0.02738308428954369,6.610000610351591
242.8000030517578,243.8999938964844,238.7100067138672,240.47999572753903,240.47999572753903,3383800.0,COIN,2021-06-02,0.00646631689008241,0.02150882601403555,5.189987182617216
241.38999938964844,241.5,233.5,233.66000366210935,233.66000366210935,3091100.0,COIN,2021-06-03,-0.028769825276461696,0.033687395983675414,8.0
229.9900054931641,233.3600006103516,227.5,228.7899932861328,228.7899932861328,3775100.0,COIN,2021-06-04,-0.021062560050134106,0.025432089783954562,5.860000610351591
229.9199981689453,232.55999755859372,226.5,231.4499969482422,231.4499969482422,2658300.0,COIN,2021-06-07,0.011559331380212045,0.026403300829568734,6.059997558593722
227.16000366210935,229.3300018310547,217.3999938964844,220.66000366210935,220.66000366210935,6015800.0,COIN,2021-06-08,-0.04774078236356948,0.05342307564818668,11.930007934570284
222.8000030517578,229.7899932861328,217.3999938964844,224.32000732421875,224.32000732421875,6865900.0,COIN,2021-06-09,0.016450564568662954,0.05542687253738094,12.389999389648409
226.22000122070312,229.7899932861328,221.47000122070312,221.8500061035156,221.8500061035156,3955300.0,COIN,2021-06-10,-0.011072131160165201,0.03687867350586542,8.319992065429688
223.5,225.7400054931641,221.9600067138672,223.9199981689453,223.9199981689453,2383500.0,COIN,2021-06-11,0.00928733169310556,0.01688670315571545,3.7799987792969034
231.2700042724609,239.75999450683597,229.75999450683597,239.1000061035156,239.1000061035156,6151700.0,COIN,2021-06-14,0.0655930629613939,0.04260313814572343,10.0
236.22999572753903,237.6699981689453,230.9600067138672,232.2100067138672,232.2100067138672,3007900.0,COIN,2021-06-15,-0.0292397364198092,0.028638584765012777,6.709991455078125
231.3999938964844,234.67999267578125,226.27999877929688,228.0500030517578,228.0500030517578,2874800.0,COIN,2021-06-16,-0.018077247031833502,0.03644968776797522,8.399993896484375
226.8800048828125,233.22999572753903,226.3500061035156,230.66000366210935,230.66000366210935,2589600.0,COIN,2021-06-17,0.011379864134770637,0.02994257197667899,6.8799896240234375
226.9199981689453,232.69000244140625,226.5,229.2899932861328,229.2899932861328,3265200.0,COIN,2021-06-18,-0.005957232032662479,0.026962161167865033,6.19000244140625
223.13999938964844,224.9900054931641,218.7700042724609,222.6000061035156,222.6000061035156,4687600.0,COIN,2021-06-21,-0.02961108238113393,0.02803501202816019,6.220001220703182
216.25,223.1499938964844,210.7700042724609,222.47000122070312,222.47000122070312,6206100.0,COIN,2021-06-22,-0.000584199718563428,0.05707665190396986,12.379989624023494
225.5399932861328,230.5200042724609,224.5,226.00999450683597,226.00999450683597,3394700.0,COIN,2021-06-23,0.01578695523394342,0.026461937920170382,6.020004272460909
228.4600067138672,230.0399932861328,226.6699981689453,229.92999267578125,229.92999267578125,2857700.0,COIN,2021-06-24,0.017195661143753507,0.014757970461700362,3.3699951171875
226.97000122070312,227.82000732421875,223.22000122070312,224.5399932861328,224.5399932861328,2507000.0,COIN,2021-06-25,-0.02372104778969177,0.020398037924734057,4.600006103515625
227.63999938964844,248.05999755859372,226.1300048828125,246.69000244140625,246.69000244140625,7449000.0,COIN,2021-06-28,0.0940786624174773,0.0925605658173377,21.92999267578122
250.1999969482422,261.1499938964844,250.00999450683597,254.8999938964844,254.8999938964844,7867600.0,COIN,2021-06-29,0.0327387898897536,0.04359403642013192,11.139999389648409
248.3000030517578,254.6699981689453,247.0,253.3000030517578,253.3000030517578,4143500.0,COIN,2021-06-30,-0.006296718381696993,0.030580245600097675,7.6699981689453125
251.08999633789065,255.1499938964844,240.52999877929688,241.44000244140625,241.44000244140625,3611300.0,COIN,2021-07-01,-0.047953563924233535,0.05900676677259835,14.619995117187528
242.0,246.8000030517578,238.8800048828125,240.72000122070312,240.72000122070312,2325000.0,COIN,2021-07-02,-0.002986567738554,0.03261695016521906,7.9199981689453125
243.0,243.0,234.0200042724609,235.41000366210935,235.41000366210935,2212600.0,COIN,2021-07-06,-0.022305747029044965,0.03765484329291719,8.979995727539091
238.9600067138672,252.9900054931641,232.33999633789065,251.97000122070312,251.97000122070312,4804400.0,COIN,2021-07-07,0.06798134728648751,0.08514818364415506,20.650009155273438
239.0,246.6000061035156,233.6100006103516,244.2899932861328,244.2899932861328,4350000.0,COIN,2021-07-08,-0.030954020986317658,0.05411455461121609,12.990005493164006
245.0,256.989990234375,244.2100067138672,253.8800048828125,253.8800048828125,4457400.0,COIN,2021-07-09,0.0385057170070623,0.05100859726101797,12.779983520507812
254.0,254.88999938964844,246.8300018310547,247.6699981689453,247.6699981689453,2222100.0,COIN,2021-07-12,-0.024764526154868984,0.03213222916901954,8.05999755859375
245.50999450683597,249.1499938964844,242.92999267578125,243.30999755859372,243.30999755859372,3308000.0,COIN,2021-07-13,-0.017760867084707744,0.025281794381571077,6.220001220703153
244.8999938964844,247.4499969482422,229.16000366210935,229.94000244140625,229.94000244140625,4808400.0,COIN,2021-07-14,-0.05651792448827649,0.07678806354411363,18.28999328613284
229.94000244140625,234.47000122070312,220.3699951171875,224.6300048828125,224.6300048828125,3635900.0,COIN,2021-07-15,-0.02336379002896071,0.06201972343454021,14.100006103515625
227.1999969482422,231.3000030517578,220.66000366210935,225.00999450683597,225.00999450683597,3373100.0,COIN,2021-07-16,0.001690195334048815,0.047092510503008216,10.639999389648466
216.9199981689453,221.88999938964844,213.22000122070312,220.6100006103516,220.6100006103516,3149300.0,COIN,2021-07-19,-0.019748381773935907,0.03985725858021448,8.669998168945312
216.7100067138672,226.88999938964844,213.22999572753903,224.9600067138672,224.9600067138672,3104800.0,COIN,2021-07-20,0.019526198992689217,0.062093940544694706,13.660003662109403
231.6999969482422,237.1499938964844,229.19000244140625,230.8699951171875,230.8699951171875,3677400.0,COIN,2021-07-21,0.02593212192759867,0.03414146206300924,7.959991455078153
232.0,232.32000732421875,224.5,226.0800018310547,226.0800018310547,2551700.0,COIN,2021-07-22,-0.020965833359251635,0.03424005598054553,7.82000732421875
226.22000122070312,227.3500061035156,222.72999572753903,224.9199981689453,224.9199981689453,1574700.0,COIN,2021-07-23,-0.00514415175227665,0.020530450736210085,4.6200103759765625
240.0800018310547,249.8000030517578,237.8800048828125,245.4499969482422,245.4499969482422,7615700.0,COIN,2021-07-26,0.08734847278765821,0.048894244543520954,11.919998168945312
243.0,243.2100067138672,229.1199951171875,235.0800018310547,235.0800018310547,5636400.0,COIN,2021-07-27,-0.04316735853722361,0.059679432811829185,14.090011596679688
240.3000030517578,242.8699951171875,238.02999877929688,241.75,241.75,2065200.0,COIN,2021-07-28,0.02797824479988347,0.02012958963989788,4.839996337890625
241.7700042724609,245.16000366210935,235.3300018310547,235.77999877929688,235.77999877929688,2453100.0,COIN,2021-07-29,-0.0250049726467195,0.04092228135549627,9.830001831054659
233.27999877929688,238.07000732421875,231.8999938964844,236.5800018310547,236.5800018310547,2041100.0,COIN,2021-07-30,0.0033872631705915996,0.026258560897512738,6.170013427734347
237.27999877929688,240.3800048828125,233.8000030517578,235.3999938964844,235.3999938964844,2151300.0,COIN,2021-08-02,-0.00500025595937341,0.027754962746708182,6.5800018310546875
233.8699951171875,235.69000244140625,226.91000366210935,230.17999267578125,230.17999267578125,2850500.0,COIN,2021-08-03,-0.022424589177084998,0.03796391335462735,8.779998779296903
231.05999755859372,245.47000122070312,229.8500061035156,244.3600006103516,244.3600006103516,3684700.0,COIN,2021-08-04,0.059780970558504586,0.06574779634127144,15.619995117187528
239.75999450683597,258.3099975585937,237.58999633789065,255.5,255.5,6017800.0,COIN,2021-08-05,0.04457985936443715,0.08361392092667348,20.72000122070304
255.5,263.8999938964844,250.22999572753903,258.260009765625,258.260009765625,5579900.0,COIN,2021-08-06,0.010744457587899133,0.05318974253364585,13.669998168945341
267.8500061035156,282.42999267578125,267.5,280.4700012207031,280.4700012207031,8892400.0,COIN,2021-08-09,0.08249990449202402,0.05431114000252858,14.92999267578125
280.6700134277344,281.5,264.25,269.6700134277344,269.6700134277344,7723400.0,COIN,2021-08-10,-0.03926773267705797,0.06323682282939798,17.25
282.3399963378906,294.0,274.3500061035156,278.3999938964844,278.3999938964844,13998300.0,COIN,2021-08-11,0.03185986749009255,0.06917508158651084,19.649993896484375
266.3900146484375,267.75,255.1999969482422,256.5,256.5,8247800.0,COIN,2021-08-12,-0.08193024192589267,0.04800616981552207,12.550003051757812
262.82000732421875,266.5,259.9700012207031,261.25,261.25,4472800.0,COIN,2021-08-13,0.018349138668196617,0.024807999167519138,6.529998779296875
265.260009765625,265.42999267578125,253.6000061035156,256.8299865722656,256.8299865722656,3232200.0,COIN,2021-08-16,-0.01706346813909558,0.04559287821096286,11.829986572265653
253.13999938964844,260.739990234375,246.22999572753903,250.8000030517578,250.8000030517578,3102000.0,COIN,2021-08-17,-0.023758514213066243,0.05725766365293499,14.509994506835966
249.0,254.3999938964844,243.75999450683597,244.38999938964844,244.38999938964844,2565000.0,COIN,2021-08-18,-0.025890513494249992,0.04272369533183988,10.639999389648438
240.6000061035156,249.7700042724609,239.19000244140625,248.2400054931641,248.2400054931641,3247200.0,COIN,2021-08-19,0.015630734835956093,0.043282286118596816,10.580001831054659
252.0,260.6199951171875,251.4199981689453,257.32000732421875,257.32000732421875,4031100.0,COIN,2021-08-20,0.03592443273769883,0.035938548777555424,9.199996948242188
263.6700134277344,266.5,255.0,256.0,256.0,5705300.0,COIN,2021-08-23,-0.005143030526701424,0.044110698447473146,11.5
256.989990234375,260.25,253.1999969482422,259.2799987792969,259.2799987792969,3982800.0,COIN,2021-08-24,0.012731109645679757,0.027463029277813106,7.0500030517578125
257.0,262.1099853515625,256.0,256.7699890136719,256.7699890136719,2675100.0,COIN,2021-08-25,-0.0097278543502652,0.023586762611945936,6.1099853515625
253.2100067138672,255.1999969482422,248.5,248.5399932861328,248.5399932861328,3038900.0,COIN,2021-08-26,-0.032576928410354956,0.02660469397565261,6.6999969482421875
249.38999938964844,259.6700134277344,248.08999633789065,259.1199951171875,259.1199951171875,3201400.0,COIN,2021-08-27,0.041687484654624365,0.045620077005357425,11.580017089843722
256.3500061035156,263.3399963378906,256.25,262.6600036621094,262.6600036621094,2687600.0,COIN,2021-08-30,0.01356917808016197,0.02729242856918724,7.089996337890625
260.0199890136719,263.3999938964844,257.17999267578125,259.0,259.0,2493800.0,COIN,2021-08-31,-0.014032372399870667,0.02389756577380616,6.220001220703125
260.3099975585937,272.1000061035156,258.6300048828125,265.8999938964844,265.8999938964844,4789600.0,COIN,2021-09-01,0.026292213595259278,0.05077118045087746,13.470001220703125
272.5400085449219,275.6600036621094,266.0,268.17999267578125,268.17999267578125,3733200.0,COIN,2021-09-02,0.008538094245867186,0.035671926769471285,9.660003662109375
272.0,280.6099853515625,270.0299987792969,278.44000244140625,278.44000244140625,4425700.0,COIN,2021-09-03,0.03754423552796067,0.038432693333483835,10.579986572265625
277.0,278.8699951171875,262.6000061035156,266.8099975585937,266.8099975585937,5173000.0,COIN,2021-09-07,-0.042665819620546115,0.060113720791618884,16.269989013671875
257.0,262.95001220703125,253.8800048828125,258.20001220703125,258.20001220703125,4507600.0,COIN,2021-09-08,-0.032802259758112295,0.0351022127877186,9.07000732421875
260.29998779296875,263.8099975585937,255.6999969482422,256.4200134277344,256.4200134277344,3074500.0,COIN,2021-09-09,-0.006917748199239047,0.03122426745379166,8.110000610351506
257.3099975585937,258.8699951171875,247.3999938964844,248.32000732421875,248.32000732421875,3191300.0,COIN,2021-09-10,-0.03209851100079196,0.045319551038550135,11.470001220703097
246.50999450683597,251.8800048828125,239.6000061035156,242.83999633789065,242.83999633789065,4021400.0,COIN,2021-09-13,-0.02231549130804051,0.04998191129094781,12.279998779296903
247.25,248.7899932861328,241.2700042724609,243.0,243.0,2748900.0,COIN,2021-09-14,0.0006586681586535155,0.03069248409957043,7.519989013671903
244.0,249.47000122070312,242.0500030517578,247.07000732421875,247.07000732421875,2148300.0,COIN,2021-09-15,0.016610283591027265,0.030194343380663576,7.4199981689453125
247.3800048828125,247.4600067138672,239.6100006103516,243.2100067138672,243.2100067138672,2596800.0,COIN,2021-09-16,-0.015746431658623987,0.03223637577227198,7.850006103515597
243.1300048828125,245.6300048828125,238.75,245.19000244140625,245.19000244140625,2948000.0,COIN,2021-09-17,0.0081081348803977,0.028409379168327524,6.8800048828125
234.4499969482422,237.3600006103516,231.1499938964844,236.52999877929688,236.52999877929688,4192600.0,COIN,2021-09-20,-0.03595838553271848,0.026511154524748858,6.2100067138671875
237.00999450683597,240.25999450683597,234.25999450683597,238.4600067138672,238.4600067138672,2174700.0,COIN,2021-09-21,0.008126564912463033,0.02529006123709112,6.0
239.91000366210935,243.1999969482422,237.75999450683597,241.8500061035156,241.8500061035156,1660200.0,COIN,2021-09-22,0.014116114972679297,0.022622399118090733,5.440002441406222
244.57000732421875,245.8000030517578,237.07000732421875,237.5,237.5,3151300.0,COIN,2021-09-23,-0.01815010103107742,0.03616272247765584,8.729995727539062
231.0,235.30999755859372,229.1699981689453,231.82000732421875,231.82000732421875,3700000.0,COIN,2021-09-24,-0.0242063834196761,0.02643970516107525,6.139999389648409
231.8800048828125,233.3999938964844,227.3500061035156,232.2400054931641,232.2400054931641,3234800.0,COIN,2021-09-27,0.0018101033143172957,0.026262986584642718,6.049987792968807
229.67999267578125,232.50999450683597,227.5200042724609,229.83999633789065,229.83999633789065,3231200.0,COIN,2021-09-28,-0.010387944631601618,0.0216950458363942,4.989990234375057
231.0,233.7700042724609,225.0399932861328,225.27999877929688,225.27999877929688,2547300.0,COIN,2021-09-29,-0.020039331186661947,0.03805960993479503,8.730010986328097
227.0,229.9900054931641,225.27999877929688,227.47999572753903,227.47999572753903,2514700.0,COIN,2021-09-30,0.009718236105825992,0.020691786050405673,4.710006713867216
232.88999938964844,235.75999450683597,226.92999267578125,231.1499938964844,231.1499938964844,3457300.0,COIN,2021-10-01,0.01600452037233536,0.03817274752332857,8.830001831054716
231.4900054931641,233.1000061035156,224.50999450683597,229.30999755859372,229.30999755859372,2591100.0,COIN,2021-10-04,-0.007992034773088302,0.03754734707304236,8.59001159667963
231.3500061035156,240.08999633789065,230.7899932861328,240.08999633789065,240.08999633789065,2994400.0,COIN,2021-10-05,0.04593904853784899,0.039505660745849165,9.300003051757841
242.3999938964844,252.13999938964844,242.1999969482422,250.3800048828125,250.3800048828125,5747700.0,COIN,2021-10-06,0.04196594553912821,0.040220667863602455,9.94000244140625
248.0,253.0,245.6499938964844,251.58999633789065,251.58999633789065,3213200.0,COIN,2021-10-07,0.004820980519440417,0.029481754959252888,7.350006103515597
253.52999877929688,256.17999267578125,246.8999938964844,248.13999938964844,248.13999938964844,2873700.0,COIN,2021-10-08,-0.013807663297544943,0.03689692218232688,9.279998779296847
249.57000732421875,263.19000244140625,248.4900054931641,256.5,256.5,4945300.0,COIN,2021-10-11,0.033135564055805276,0.057473588700154336,14.699996948242159
254.25999450683597,256.3699951171875,246.0800018310547,249.3300018310547,249.3300018310547,3971900.0,COIN,2021-10-12,-0.028351337033879192,0.04096500071661595,10.289993286132812
246.5,249.72999572753903,244.55999755859372,246.77999877929688,246.77999877929688,2878000.0,COIN,2021-10-13,-0.01028008105308112,0.020919649533954015,5.1699981689453125
250.8999938964844,262.95001220703125,249.1000061035156,260.0,260.0,6299100.0,COIN,2021-10-14,0.052184384491663856,0.05410949968834033,13.850006103515653
266.6000061035156,281.7200012207031,266.5299987792969,280.6099853515625,280.6099853515625,9517500.0,COIN,2021-10-15,0.07628412173443933,0.05542687116342538,15.19000244140625
275.739990234375,296.9800109863281,271.5,293.3399963378906,293.3399963378906,11789600.0,COIN,2021-10-18,0.04436658058446193,0.08970269408741949,25.480010986328125
300.0,307.8500061035156,294.1099853515625,305.6300048828125,305.6300048828125,14785700.0,COIN,2021-10-19,0.04104290265530703,0.0456588739674519,13.740020751953125
306.6600036621094,317.3699951171875,303.9599914550781,314.7099914550781,314.7099914550781,10315300.0,COIN,2021-10-20,0.02927631671892008,0.04317218459196703,13.410003662109375
311.9599914550781,317.17999267578125,298.0,300.010009765625,300.010009765625,8289200.0,COIN,2021-10-21,-0.04783571272366718,0.06237592647337111,19.17999267578125
302.0,306.0,293.6199951171875,300.8399963378906,300.8399963378906,5437300.0,COIN,2021-10-22,0.0027627098002663258,0.04129870427076651,12.3800048828125
306.760009765625,327.0,305.1099853515625,325.5400085449219,325.5400085449219,8444900.0,COIN,2021-10-25,0.07890681842655115,0.06928785158313437,21.8900146484375
328.1499938964844,328.4800109863281,315.510009765625,319.489990234375,319.489990234375,7635800.0,COIN,2021-10-26,-0.018759424354869755,0.04028557856466263,12.970001220703125
309.3299865722656,320.2799987792969,306.5,311.6700134277344,311.6700134277344,5253300.0,COIN,2021-10-27,-0.024780965023208677,0.04397785401680467,13.779998779296875
319.8099975585937,327.7200012207031,311.0,319.1300048828125,319.1300048828125,5952300.0,COIN,2021-10-28,0.023653579747322188,0.05236667681921547,16.720001220703125
319.32000732421875,326.5,316.1400146484375,319.4200134277344,319.4200134277344,3766400.0,COIN,2021-10-29,0.0009083346849758664,0.03224474893195092,10.3599853515625
324.7699890136719,338.42999267578125,323.8999938964844,330.989990234375,330.989990234375,6255900.0,COIN,2021-11-01,0.03558124067000783,0.04388244730972839,14.529998779296875
336.3299865722656,345.25,332.1400146484375,336.3399963378906,336.3399963378906,6104700.0,COIN,2021-11-02,0.016034408270452622,0.038712181407593554,13.1099853515625
335.260009765625,344.4700012207031,328.3099975585937,344.3800048828125,344.3800048828125,4809800.0,COIN,2021-11-03,0.023623170830113106,0.048048730924373326,16.160003662109432
340.739990234375,345.8500061035156,333.8800048828125,344.45001220703125,344.45001220703125,5893700.0,COIN,2021-11-04,0.00020326444180112342,0.035223511087473826,11.970001220703125
345.2300109863281,345.2300109863281,333.44000244140625,337.04998779296875,337.04998779296875,3527600.0,COIN,2021-11-05,-0.02171772639622472,0.03474794695091045,11.790008544921875
349.5,363.1700134277344,345.5599975585937,353.9200134277344,353.9200134277344,8531100.0,COIN,2021-11-08,0.04883968575176555,0.049704798744776714,17.610015869140682
367.3900146484375,368.8999938964844,345.0599975585937,357.3900146484375,357.3900146484375,10153700.0,COIN,2021-11-09,0.00975672663269881,0.06680728017904503,23.839996337890682
327.2200012207031,348.9800109863281,320.0,328.6000061035156,328.6000061035156,15168900.0,COIN,2021-11-10,-0.08398643928917095,0.08669364965756543,28.980010986328125
327.42999267578125,342.489990234375,327.0,336.3900146484375,336.3900146484375,4905800.0,COIN,2021-11-11,0.02343002050942431,0.046282260784884836,15.489990234375
339.25,344.0,332.5599975585937,342.9800109863281,342.9800109863281,4469900.0,COIN,2021-11-12,0.019400923773085634,0.033821369770266924,11.440002441406307
345.1000061035156,355.20001220703125,339.0299987792969,345.3599853515625,345.3599853515625,4465700.0,COIN,2021-11-15,0.006915140372261683,0.046592450045062905,16.170013427734375
333.1400146484375,347.3999938964844,331.5799865722656,342.1199951171875,342.1199951171875,4128100.0,COIN,2021-11-16,-0.009425770391882048,0.04660776892276964,15.82000732421875
342.0299987792969,348.489990234375,338.17999267578125,346.5199890136719,346.5199890136719,3772100.0,COIN,2021-11-17,0.012778966876835302,0.03003123090908086,10.30999755859375
343.0,344.8399963378906,323.4100036621094,323.57000732421875,323.57000732421875,5408800.0,COIN,2021-11-18,-0.06852500884050272,0.06415965127412207,21.42999267578125
325.5599975585937,339.4100036621094,325.3999938964844,332.54998779296875,332.54998779296875,3680400.0,COIN,2021-11-19,0.0273746915463818,0.042153650887311954,14.010009765625
333.3299865722656,335.8999938964844,310.6700134277344,315.4800109863281,315.4800109863281,5013600.0,COIN,2021-11-22,-0.05269486466911712,0.07808217965210408,25.22998046875
312.5,319.70001220703125,304.6000061035156,317.20001220703125,317.20001220703125,3465000.0,COIN,2021-11-23,0.005437204890441058,0.04838363374969711,15.100006103515625
309.3800048828125,316.32000732421875,305.8800048828125,312.3800048828125,312.3800048828125,2759800.0,COIN,2021-11-24,-0.015312117183818714,0.033561498437578524,10.44000244140625
301.29998779296875,307.9200134277344,299.1499938964844,303.19000244140625,303.19000244140625,2678700.0,COIN,2021-11-26,-0.029860731314210676,0.028894953150176313,8.77001953125
312.2200012207031,321.5799865722656,306.75,319.3900146484375,319.3900146484375,4159700.0,COIN,2021-11-29,0.0520532927043907,0.04721322096974162,14.829986572265625
320.75,331.70001220703125,310.9800109863281,315.0,315.0,7168400.0,COIN,2021-11-30,-0.013840333625125626,0.06450234599667139,20.720001220703125
318.6000061035156,323.0,293.70001220703125,294.5,294.5,4267500.0,COIN,2021-12-01,-0.06729363573399165,0.0950934434551575,29.29998779296875
295.1600036621094,305.32000732421875,283.82000732421875,284.7099914550781,284.7099914550781,4625100.0,COIN,2021-12-02,-0.03380791474456985,0.07302017070668322,21.5
286.0,286.0,258.1600036621094,265.6499938964844,265.6499938964844,7271100.0,COIN,2021-12-03,-0.06929145842589833,0.10241224889072117,27.839996337890625
253.1300048828125,267.2300109863281,244.4600067138672,263.239990234375,263.239990234375,5366400.0,COIN,2021-12-06,-0.009113503431056042,0.08905802810786773,22.770004272460938
277.6499938964844,290.19000244140625,274.9100036621094,286.4200134277344,286.4200134277344,4648200.0,COIN,2021-12-07,0.08439318544171179,0.05409210458068229,15.279998779296875
284.44000244140625,290.0,278.2900085449219,287.4800109863281,287.4800109863281,2495900.0,COIN,2021-12-08,0.0036940188843859315,0.04121715683616202,11.709991455078125
284.9700012207031,284.989990234375,258.9200134277344,263.9100036621094,263.9100036621094,5394600.0,COIN,2021-12-09,-0.08554518100716516,0.09593487212934908,26.069976806640625
266.29998779296875,269.19000244140625,250.1499938964844,255.75999450683597,255.75999450683597,5062100.0,COIN,2021-12-10,-0.03136866653527144,0.07335674551273869,19.040008544921847
252.13999938964844,256.5,244.8000030517578,251.3699951171875,251.3699951171875,3410400.0,COIN,2021-12-13,-0.017313545405275865,0.04668710150632243,11.699996948242188
247.27999877929688,260.5,243.5,255.8600006103516,255.8600006103516,3866600.0,COIN,2021-12-14,0.0177044844058769,0.06748591867077716,17.0
254.4900054931641,261.1700134277344,242.25999450683597,258.29998779296875,258.29998779296875,4623500.0,COIN,2021-12-15,0.009491230568292243,0.0751600807881566,18.91001892089841
264.4599914550781,268.260009765625,244.6300048828125,247.1699981689453,247.1699981689453,3346600.0,COIN,2021-12-16,-0.04404530125514144,0.09220981096204307,23.6300048828125
240.0,250.47999572753903,236.0,243.3500061035156,243.3500061035156,4420300.0,COIN,2021-12-17,-0.015575590226844191,0.059547254935445854,14.479995727539034
236.55999755859372,239.3699951171875,231.7700042724609,238.0500030517578,238.0500030517578,3572200.0,COIN,2021-12-20,-0.0220200129003397,0.032264932541177634,7.599990844726591
244.1499938964844,248.1199951171875,239.58999633789065,247.69000244140625,247.69000244140625,2776500.0,COIN,2021-12-21,0.03969722565968419,0.034983366567310756,8.529998779296847
248.50999450683597,254.7899932861328,245.63999938964844,254.5500030517578,254.5500030517578,3779100.0,COIN,2021-12-22,0.02731931821714909,0.03657260313297746,9.149993896484375
256.5599975585937,269.3099975585937,253.5,268.1499938964844,268.1499938964844,4106100.0,COIN,2021-12-23,0.05204921033018212,0.06049930034005607,15.809997558593693
270.260009765625,281.989990234375,270.20001220703125,280.2699890136719,280.2699890136719,4448900.0,COIN,2021-12-27,0.044206882392279816,0.04270910398148616,11.78997802734375
270.0,270.9800109863281,259.69000244140625,261.3299865722656,261.3299865722656,4372800.0,COIN,2021-12-28,-0.06996945994302449,0.042556436601095565,11.290008544921875
256.6700134277344,263.010009765625,251.3699951171875,252.6000061035156,252.6000061035156,3474300.0,COIN,2021-12-29,-0.033976691037456964,0.045266153530343,11.6400146484375
252.6000061035156,260.0,252.0399932861328,256.7900085449219,256.7900085449219,2887600.0,COIN,2021-12-30,0.016451429444377434,0.031093852579775236,7.9600067138671875
255.80999755859372,259.2099914550781,251.5200042724609,252.3699951171875,252.3699951171875,2360300.0,COIN,2021-12-31,-0.01736241822263852,0.030115984788179437,7.689987182617216
256.2699890136719,261.6300048828125,250.63999938964844,251.0500030517578,251.0500030517578,3350900.0,COIN,2022-01-03,-0.005244110664208265,0.04291366636128485,10.990005493164062
253.0500030517578,258.8099975585937,244.13999938964844,250.1499938964844,250.1499938964844,3652600.0,COIN,2022-01-04,-0.0035914211018996047,0.058352363581750666,14.669998168945256
247.72000122070312,248.69000244140625,232.8600006103516,234.22999572753903,234.22999572753903,5196300.0,COIN,2022-01-05,-0.06575719317042425,0.06576973350078509,15.830001831054659
233.19000244140625,235.97999572753903,224.8800048828125,234.0,234.0,5236000.0,COIN,2022-01-06,-0.0009824050066653918,0.04818008925534518,11.099990844726534
233.6300048828125,238.47999572753903,227.58999633789065,232.3300018310547,232.3300018310547,3312000.0,COIN,2022-01-07,-0.0071623326892381834,0.046739682989427246,10.88999938964838
224.42999267578125,225.25999450683597,214.63999938964844,225.00999450683597,225.00999450683597,6800800.0,COIN,2022-01-10,-0.03201396142020128,0.04829306295990421,10.619995117187528
225.5,238.0,222.17999267578125,237.22999572753903,237.22999572753903,5585600.0,COIN,2022-01-11,0.052885295416227704,0.06878284248314666,15.82000732421875
242.1100006103516,246.2700042724609,234.4199981689453,234.6999969482422,234.6999969482422,3937000.0,COIN,2022-01-12,-0.010722026810314502,0.04931414189293655,11.850006103515597
241.9900054931641,242.8699951171875,227.19000244140625,228.22999572753903,228.22999572753903,3814100.0,COIN,2022-01-13,-0.027954216158368968,0.06673961811955562,15.67999267578125
226.6199951171875,232.0,222.3000030517578,230.02999877929688,230.02999877929688,4325600.0,COIN,2022-01-14,0.007855856197408617,0.04270953696805391,9.699996948242188
226.82000732421875,227.19000244140625,219.6000061035156,222.0,222.0,3483000.0,COIN,2022-01-18,-0.03553234802093525,0.03397894511077796,7.589996337890653
224.25,227.1699981689453,218.82000732421875,219.5,219.5,2976700.0,COIN,2022-01-19,-0.0113251493570534,0.037449120294770155,8.349990844726562
222.3000030517578,232.0,220.83999633789065,221.6199951171875,221.6199951171875,3691200.0,COIN,2022-01-20,0.009611948960589187,0.04929893083310232,11.160003662109347
209.97999572753903,210.19000244140625,186.8600006103516,191.97000122070312,191.97000122070312,13628300.0,COIN,2022-01-21,-0.14362506529751423,0.11765221855595635,23.33000183105466
173.17999267578125,191.8600006103516,162.50999450683594,191.47999572753903,191.47999572753903,12978700.0,COIN,2022-01-24,-0.002555773966824332,0.16602643803512554,29.350006103515653
185.1699981689453,193.1199951171875,177.14999389648438,185.6300048828125,185.6300048828125,6271300.0,COIN,2022-01-25,-0.031027870686339765,0.08631493520785548,15.970001220703125
193.6000061035156,198.0500030517578,177.0,178.63999938964844,178.63999938964844,7566300.0,COIN,2022-01-26,-0.03838286740989114,0.11236980690312354,21.050003051757812
182.02999877929688,182.75,168.5800018310547,170.1999969482422,170.1999969482422,5551900.0,COIN,2022-01-27,-0.04839840590639404,0.08070867319891539,14.169998168945312
169.10000610351562,181.75,162.1999969482422,177.5800018310547,177.5800018310547,6475800.0,COIN,2022-01-28,0.04244702370648288,0.1138019935470995,19.550003051757812
177.8699951171875,192.0,175.02999877929688,190.1499938964844,190.1499938964844,4060500.0,COIN,2022-01-31,0.06839198036050824,0.09253799119928824,16.970001220703125
197.97000122070312,201.4499969482422,188.6199951171875,197.72999572753903,197.72999572753903,5159000.0,COIN,2022-02-01,0.039089239849344676,0.06580681325969333,12.830001831054688
195.80999755859372,197.0,181.72999572753903,187.3699951171875,187.3699951171875,3861700.0,COIN,2022-02-02,-0.053817196574501444,0.08068168315475657,15.270004272460966
182.25999450683597,189.3000030517578,179.0,181.30999755859372,181.30999755859372,3417000.0,COIN,2022-02-03,-0.03287698557833896,0.05594726849579941,10.300003051757812
181.0200042724609,197.0,177.4499969482422,194.44000244140625,194.44000244140625,4397900.0,COIN,2022-02-04,0.06991538476099815,0.10451486684332942,19.550003051757812
198.6999969482422,211.1100006103516,198.1999969482422,205.7400054931641,205.7400054931641,6668300.0,COIN,2022-02-07,0.056489617669081886,0.06310272103919934,12.910003662109403
200.3699951171875,209.25,196.75,208.72999572753903,208.72999572753903,4639100.0,COIN,2022-02-08,0.014428267886547596,0.06159582207207203,12.5
210.17999267578125,215.25,207.6100006103516,214.5,214.5,3811700.0,COIN,2022-02-09,0.027268208079096804,0.03613882067948738,7.639999389648409
210.57000732421875,217.4900054931641,202.8600006103516,204.7700042724609,204.7700042724609,4587400.0,COIN,2022-02-10,-0.046422319442921224,0.06963680876077434,14.6300048828125
205.8000030517578,205.97999572753903,191.0200042724609,194.52999877929688,194.52999877929688,5054200.0,COIN,2022-02-11,-0.05130103239056553,0.07540089898238547,14.959991455078125
193.47999572753903,203.55999755859372,193.4600067138672,195.25,195.25,4528100.0,COIN,2022-02-14,0.0036944021852104705,0.05088998226852313,10.099990844726534
202.30999755859372,209.30999755859372,201.17999267578125,208.9499969482422,208.9499969482422,3714300.0,COIN,2022-02-15,0.06781418556892291,0.03961640165529102,8.130004882812472
205.3800048828125,214.0200042724609,203.8300018310547,207.9600067138672,207.9600067138672,3593600.0,COIN,2022-02-16,-0.004749188488787499,0.0487831664828767,10.190002441406222
202.1000061035156,206.30999755859372,188.92999267578125,191.9199981689453,191.9199981689453,4740600.0,COIN,2022-02-17,-0.08026717680921008,0.08800334284778785,17.38000488281247
191.0800018310547,192.72000122070312,180.5399932861328,189.16000366210935,189.16000366210935,4502200.0,COIN,2022-02-18,-0.014485371855195099,0.06528604195838272,12.180007934570312
180.8699951171875,185.75,173.16000366210938,176.75999450683594,176.75999450683594,4472800.0,COIN,2022-02-22,-0.0678003879499502,0.07018563987538615,12.589996337890625
180.69000244140625,183.33999633789065,171.77000427246094,172.74000549316406,172.74000549316406,3892500.0,COIN,2022-02-23,-0.023005243533250615,0.06518593503713034,11.569992065429716
159.0800018310547,183.0,155.9199981689453,179.55999755859375,179.55999755859375,8134000.0,COIN,2022-02-24,0.03872179466480255,0.1601431093856681,27.080001831054688
180.2400054931641,182.08999633789065,170.39999389648438,176.8300018310547,176.8300018310547,6836800.0,COIN,2022-02-25,-0.015320570895354125,0.06635247165575608,11.690002441406278
172.5,192.22999572753903,172.08999633789062,190.7700042724609,190.7700042724609,8036300.0,COIN,2022-02-28,0.07587970692152697,0.11067497504237168,20.13999938964841
196.27999877929688,205.8800048828125,189.6300048828125,196.1699981689453,196.1699981689453,7779200.0,COIN,2022-03-01,0.02791308456397424,0.08221866759986941,16.25
192.25999450683597,196.1499938964844,189.50999450683597,194.5,194.5,3414100.0,COIN,2022-03-02,-0.00854945784877331,0.03443787694641417,6.6399993896484375
194.7100067138672,194.9199981689453,177.14999389648438,178.02999877929688,178.02999877929688,3734400.0,COIN,2022-03-03,-0.08848009449845688,0.09559241172388781,17.770004272460938
177.61000061035156,178.66000366210938,162.16000366210938,165.75,165.75,5848700.0,COIN,2022-03-04,-0.07147143949407228,0.09690105404428524,16.5
168.25,172.97999572753906,160.22999572753906,161.13999938964844,161.13999938964844,4424000.0,COIN,2022-03-07,-0.028207080504631808,0.07656569982396641,12.75
160.10000610351562,168.35000610351562,156.52999877929688,161.99000549316406,161.99000549316406,3840800.0,COIN,2022-03-08,0.005261090281219306,0.07279750476039544,11.82000732421875
174.25999450683594,181.4499969482422,173.50999450683594,178.97000122070312,178.97000122070312,4945200.0,COIN,2022-03-09,0.09968356200747126,0.044744913885836776,7.94000244140625
173.13999938964844,174.49000549316406,168.10000610351562,172.97000122070312,172.97000122070312,2670600.0,COIN,2022-03-10,-0.0341000247368874,0.03730838816798533,6.3899993896484375
175.35000610351562,175.75,160.0,160.07000732421875,160.07000732421875,3660500.0,COIN,2022-03-11,-0.0775069107981893,0.09388871545694732,15.75
159.99000549316406,161.6999969482422,150.4199981689453,153.19000244140625,153.19000244140625,4450000.0,COIN,2022-03-14,-0.04393226835323692,0.07231137848479001,11.279998779296875
152.89999389648438,156.4199981689453,150.1199951171875,155.97999572753906,155.97999572753906,4245400.0,COIN,2022-03-15,0.01804876954955275,0.04110974372669427,6.3000030517578125
160.47000122070312,173.07000732421875,160.0,172.52999877929688,172.52999877929688,5974300.0,COIN,2022-03-16,0.10084336080719325,0.07852236402248113,13.07000732421875
170.72999572753906,177.5,168.0,177.22000122070312,177.22000122070312,2975900.0,COIN,2022-03-17,0.026820778188759675,0.05500662951221158,9.5
175.02999877929688,186.69000244140625,175.0,185.94000244140625,185.94000244140625,4835700.0,COIN,2022-03-18,0.048032148650564585,0.06466352640304945,11.69000244140625
181.8000030517578,183.58999633789065,171.6999969482422,176.80999755859375,176.80999755859375,4214000.0,COIN,2022-03-21,-0.05034835827586732,0.0669562403952473,11.889999389648466
180.5,188.80999755859372,178.5,186.0800018310547,186.0800018310547,4086100.0,COIN,2022-03-22,0.05110100272858198,0.056152604260254514,10.309997558593722
184.72000122070312,189.5500030517578,181.8000030517578,183.1100006103516,183.1100006103516,2311900.0,COIN,2022-03-23,-0.016089630123628573,0.04174565953263353,7.75
185.25999450683597,192.0,179.5,190.19000244140625,190.19000244140625,3536500.0,COIN,2022-03-24,0.037936516843366075,0.06732016409944803,12.5
192.0,195.6999969482422,182.8000030517578,186.7100067138672,186.7100067138672,3598300.0,COIN,2022-03-25,-0.018466938394197743,0.06819018309340188,12.899993896484375
193.30999755859372,203.2700042724609,193.00999450683597,201.41000366210935,201.41000366210935,6624000.0,COIN,2022-03-28,0.07578600273110904,0.051793193015918865,10.260009765624943
198.9499969482422,206.7899932861328,194.0500030517578,204.52999877929688,204.52999877929688,4811500.0,COIN,2022-03-29,0.015372008354591316,0.06358787955701875,12.739990234375
201.2899932861328,206.3300018310547,194.75999450683597,196.6999969482422,196.6999969482422,3775900.0,COIN,2022-03-30,-0.039034948141511754,0.057708834561822984,11.570007324218722
197.25,198.0800018310547,189.55999755859372,189.8600006103516,189.8600006103516,2999200.0,COIN,2022-03-31,-0.03539274821183236,0.04396541452019222,8.520004272460966
189.8600006103516,191.8699951171875,184.38999938964844,186.9600067138672,186.9600067138672,2975900.0,COIN,2022-04-01,-0.01539223552708156,0.039764957514500376,7.4799957275390625
187.33999633789065,193.07000732421875,186.16000366210935,191.6499938964844,191.6499938964844,2488800.0,COIN,2022-04-04,0.024776033838048737,0.03644631671741145,6.910003662109403
189.75999450683597,191.3300018310547,176.25999450683594,177.1699981689453,177.1699981689453,5012800.0,COIN,2022-04-05,-0.07856104670203459,0.08203954896065645,15.07000732421875
172.8300018310547,174.3300018310547,165.00999450683594,166.83999633789062,166.83999633789062,4675300.0,COIN,2022-04-06,-0.060074465898414676,0.05494402042367932,9.32000732421875
166.7100067138672,169.4199981689453,160.67999267578125,166.19000244140625,166.19000244140625,3093600.0,COIN,2022-04-07,-0.0039035205490317994,0.052966064287181765,8.740005493164062
165.2100067138672,166.0,160.1300048828125,160.94000244140625,160.94000244140625,2951000.0,COIN,2022-04-08,-0.03210008694223008,0.036001772529355554,5.8699951171875
156.57000732421875,157.55999755859375,151.72999572753906,153.8699951171875,153.8699951171875,4305800.0,COIN,2022-04-11,-0.044923581551730186,0.03770372522878003,5.8300018310546875
158.07000732421875,162.44000244140625,149.41000366210938,149.85000610351562,149.85000610351562,4654400.0,COIN,2022-04-12,-0.02647322384241727,0.08361448847422126,13.029998779296875
149.02999877929688,156.16000366210938,147.8000030517578,154.7899932861328,154.7899932861328,3740500.0,COIN,2022-04-13,0.032434481718241884,0.05502111695380087,8.360000610351562
153.5399932861328,154.0,146.82000732421875,147.2899932861328,147.2899932861328,4082200.0,COIN,2022-04-14,-0.04966592929293846,0.04774520584529315,7.17999267578125
145.4499969482422,149.5,140.52999877929688,145.16000366210938,145.16000366210938,4668700.0,COIN,2022-04-18,-0.014566779345851558,0.061875412404511124,8.970001220703125
146.02000427246094,152.10000610351562,144.4499969482422,151.27000427246094,151.27000427246094,2916000.0,COIN,2022-04-19,0.04122974024509031,0.05160483360805162,7.6500091552734375
154.92999267578125,154.9600067138672,144.85000610351562,147.1300048828125,147.1300048828125,3486000.0,COIN,2022-04-20,-0.027749764921130904,0.06746829607303326,10.110000610351562
151.97000122070312,153.44000244140625,135.30999755859375,137.32000732421875,137.32000732421875,6252900.0,COIN,2022-04-21,-0.06900256097055937,0.12574120281377996,18.1300048828125
137.2899932861328,141.1999969482422,131.25,131.52000427246094,131.52000427246094,5162200.0,COIN,2022-04-22,-0.043155058133232324,0.07307340197439266,9.949996948242188
130.00999450683594,137.35000610351562,129.2899932861328,135.13999938964844,135.13999938964844,4066500.0,COIN,2022-04-25,0.027152309814463687,0.06047456564124642,8.060012817382812
135.30999755859375,136.77000427246094,126.5199966430664,127.1500015258789,127.1500015258789,3717600.0,COIN,2022-04-26,-0.06094376973884036,0.07790034222713117,10.250007629394531
125.27999877929688,130.7100067138672,121.9800033569336,122.5500030517578,122.5500030517578,4658500.0,COIN,2022-04-27,-0.03684836899248349,0.06912405577339104,8.730003356933594
123.69000244140624,126.38999938964844,113.31999969482422,122.69000244140624,122.69000244140624,8070900.0,COIN,2022-04-28,0.0011417338258086595,0.10915668756065058,13.069999694824219
121.0999984741211,129.08999633789062,112.13999938964844,112.70999908447266,112.70999908447266,5760900.0,COIN,2022-04-29,-0.08484272857094537,0.14076172189720246,16.949996948242188
113.06999969482422,122.29000091552734,111.8000030517578,121.33999633789062,121.33999633789062,6229400.0,COIN,2022-05-02,0.07377835220246054,0.08968369267022538,10.489997863769545
120.2300033569336,129.39999389648438,119.97000122070312,123.55999755859376,123.55999755859376,5053200.0,COIN,2022-05-03,0.018130355957919158,0.07566661319707474,9.42999267578125
124.0,132.80999755859375,116.1999969482422,130.14999389648438,130.14999389648438,6492800.0,COIN,2022-05-04,0.051960736253055244,0.13360669887462556,16.61000061035155
125.0,125.63999938964844,112.0500030517578,114.25,114.25,7324400.0,COIN,2022-05-05,-0.13029855477024976,0.1144754423298917,13.58999633789064
112.5,112.5,100.25,103.73999786376952,103.73999786376952,9026500.0,COIN,2022-05-06,-0.0965012814432183,0.1152861554577963,12.25
96.0,96.43000030517578,81.77999877929688,83.51000213623047,83.51000213623047,16845400.0,COIN,2022-05-09,-0.21692133758542317,0.16478465967720654,14.650001525878906
87.0,89.37999725341797,70.19000244140625,72.98999786376953,72.98999786376953,31780000.0,COIN,2022-05-10,-0.13464399454957238,0.24169102725088523,19.18999481201172
54.84999847412109,61.27999877929688,50.150001525878906,53.720001220703125,53.720001220703125,67080200.0,COIN,2022-05-11,-0.30653702181762493,0.2004349606780023,11.129997253417976
48.540000915527344,60.29999923706055,40.83000183105469,58.5,58.5,58789000.0,COIN,2022-05-12,0.08524135985933551,0.3899149409034442,19.46999740600586
69.26000213623047,74.25,65.5,67.87000274658203,67.87000274658203,38264800.0,COIN,2022-05-13,0.1485673969461334,0.1253876350416028,8.75
68.05999755859375,68.08000183105469,60.5099983215332,61.70000076293945,61.70000076293945,18685900.0,COIN,2022-05-16,-0.09531020790729497,0.11787489826518953,7.570003509521484
66.19999694824219,70.5,63.11000061035156,70.0,70.0,15868000.0,COIN,2022-05-17,0.12621129877270978,0.11073346455084102,7.3899993896484375
67.69000244140625,71.80999755859375,61.93999862670898,63.02999877929688,63.02999877929688,17422700.0,COIN,2022-05-18,-0.104884457891358,0.147857555750343,9.869998931884773
65.0,70.98999786376953,63.61000061035156,67.41999816894531,67.41999816894531,15410100.0,COIN,2022-05-19,0.06733089848898888,0.10976829167337578,7.379997253417969
69.37000274658203,70.73999786376953,62.04999923706055,66.1500015258789,66.1500015258789,15166300.0,COIN,2022-05-20,-0.01901676901907291,0.13107065422393863,8.689998626708984
65.54000091552734,68.6500015258789,62.34999847412109,66.0999984741211,66.0999984741211,12055700.0,COIN,2022-05-23,-0.0007561898546775273,0.09625750678766433,6.30000305175782
64.55999755859375,64.55999755859375,59.119998931884766,61.36000061035156,61.36000061035156,10714900.0,COIN,2022-05-24,-0.07441055676717932,0.08802572757256633,5.439998626708984
61.06999969482422,68.5,60.9900016784668,67.16999816894531,67.16999816894531,11062000.0,COIN,2022-05-25,0.09046852501270548,0.1161238014394543,7.509998321533203
63.970001220703125,71.16999816894531,62.29999923706055,69.87000274658203,69.87000274658203,12000200.0,COIN,2022-05-26,0.039409719855483194,0.13310994203609058,8.869998931884766
69.83999633789062,77.18000030517578,69.83999633789062,75.31999969482422,75.31999969482422,14112800.0,COIN,2022-05-27,0.07510928786297977,0.09993350096790701,7.340003967285156
80.0,83.31999969482422,75.5999984741211,78.0999984741211,78.0999984741211,22623200.0,COIN,2022-05-31,0.03624433757090955,0.0972323497281721,7.720001220703125
77.5,77.80000305175781,67.80000305175781,68.62999725341797,68.62999725341797,14608500.0,COIN,2022-06-01,-0.129260320407733,0.137579230452498,10.0
67.80000305175781,74.4800033569336,67.27999877929688,73.81999969482422,73.81999969482422,8607200.0,COIN,2022-06-02,0.07289997656739455,0.10166768051935468,7.200004577636719
69.38999938964844,70.5,65.61000061035156,66.69000244140625,66.69000244140625,10213600.0,COIN,2022-06-03,-0.10157464021530455,0.07188457715871537,4.8899993896484375
70.76000213623047,74.11000061035156,68.43000030517578,70.66999816894531,70.66999816894531,9352400.0,COIN,2022-06-06,0.05796607554033844,0.07973915477493461,5.680000305175781
67.30999755859375,69.97000122070312,64.36000061035156,69.56999969482422,69.56999969482422,8485100.0,COIN,2022-06-07,-0.015687693243883798,0.08357426459631677,5.6100006103515625
69.2300033569336,72.9800033569336,68.30000305175781,69.19999694824219,69.19999694824219,6276600.0,COIN,2022-06-08,-0.005332617025873169,0.06627566574788471,4.680000305175781
69.08000183105469,69.37999725341797,63.119998931884766,63.7599983215332,63.7599983215332,9349300.0,COIN,2022-06-09,-0.08187481036587885,0.09456094233844341,6.259998321533203
60.0,61.630001068115234,57.77000045776367,58.709999084472656,58.709999084472656,10982600.0,COIN,2022-06-10,-0.08251595367516465,0.06467916458817069,3.8600006103515625
46.18000030517578,54.29999923706055,46.0,52.0099983215332,52.0099983215332,28961400.0,COIN,2022-06-13,-0.12117407896905395,0.16588281640034436,8.299999237060547
52.5,53.290000915527344,48.810001373291016,51.58000183105469,51.58000183105469,17430300.0,COIN,2022-06-14,-0.008301939560465675,0.08781347545428773,4.479999542236328
50.93999862670898,56.65999984741211,50.45000076293945,55.0099983215332,55.0099983215332,16340100.0,COIN,2022-06-15,0.06438092042282223,0.11608572978702347,6.209999084472656
52.58000183105469,54.43000030517578,50.08000183105469,51.04999923706055,51.04999923706055,13157700.0,COIN,2022-06-16,-0.07470942670960652,0.08329371469842956,4.349998474121094
50.119998931884766,52.79999923706055,49.27999877929688,51.220001220703125,51.220001220703125,11771000.0,COIN,2022-06-17,0.0033245749381978916,0.06899288180810209,3.5200004577636648
54.20000076293945,60.75,54.09999847412109,57.4900016784668,57.4900016784668,16916200.0,COIN,2022-06-21,0.1154809442270764,0.1159329245730082,6.650001525878913
53.869998931884766,56.75,51.56999969482422,51.90999984741211,51.90999984741211,18947700.0,COIN,2022-06-22,-0.10209960193133596,0.09571555421634428,5.180000305175781
53.59999847412109,59.619998931884766,51.83000183105469,58.880001068115234,58.880001068115234,15840700.0,COIN,2022-06-23,0.12599004566149705,0.14002190280484011,7.789997100830078
60.0,64.08999633789062,59.33000183105469,62.709999084472656,62.709999084472656,24381400.0,COIN,2022-06-24,0.06301941739438116,0.07717317724327057,4.7599945068359375
59.560001373291016,60.45000076293945,55.02000045776367,55.959999084472656,55.959999084472656,15201600.0,COIN,2022-06-27,-0.11388377651865408,0.09411982586542268,5.430000305175781
56.2599983215332,57.25,50.33000183105469,51.18000030517578,51.18000030517578,10253500.0,COIN,2022-06-28,-0.0892882967424553,0.12882628526510184,6.9199981689453125
50.5,51.459999084472656,48.59000015258789,49.75,49.75,9776200.0,COIN,2022-06-29,-0.028338373089834678,0.057387037504423345,2.8699989318847656
48.20000076293945,48.400001525878906,44.150001525878906,47.02000045776367,47.02000045776367,12934400.0,COIN,2022-06-30,-0.056437410757168495,0.09190688363779709,4.25
47.9900016784668,50.15999984741211,47.52000045776367,49.040000915527344,49.040000915527344,8556500.0,COIN,2022-07-01,0.04206325744951413,0.05406720859517853,2.6399993896484375
48.130001068115234,55.81999969482422,45.95000076293945,55.40999984741211,55.40999984741211,13087900.0,COIN,2022-07-05,0.12212376982851396,0.19457835723565198,9.869998931884766
54.16999816894531,56.27000045776367,51.400001525878906,51.709999084472656,51.709999084472656,11881900.0,COIN,2022-07-06,-0.06910891142236604,0.09052333943283689,4.869998931884766
52.13999938964844,57.650001525878906,52.13999938964844,57.459999084472656,57.459999084472656,12318500.0,COIN,2022-07-07,0.10543786891474942,0.10045787638370354,5.510002136230469
55.61000061035156,63.70000076293945,54.5099983215332,60.290000915527344,60.290000915527344,17950500.0,COIN,2022-07-08,0.04807723006886232,0.15580043427090615,9.19000244140625
57.540000915527344,58.43000030517578,53.29999923706055,53.880001068115234,53.880001068115234,10705800.0,COIN,2022-07-11,-0.11240689632057901,0.09189314493153758,5.130001068115234
53.70000076293945,56.11000061035156,52.619998931884766,54.2400016784668,54.2400016784668,8466200.0,COIN,2022-07-12,0.006659303211195967,0.06421780532715733,3.490001678466797
51.68000030517578,54.72999954223633,50.400001525878906,53.09999847412109,53.09999847412109,9439900.0,COIN,2022-07-13,-0.02124177506538059,0.0824207914390934,4.329998016357422
52.34000015258789,54.709999084472656,50.34000015258789,53.41999816894531,53.41999816894531,9682100.0,COIN,2022-07-14,0.0060082738932948345,0.08324649860323217,4.369998931884766
54.34999847412109,56.54999923706055,51.93000030517578,53.790000915527344,53.790000915527344,10714300.0,COIN,2022-07-15,0.00690241990031336,0.08522852533781206,4.619998931884766
56.709999084472656,63.380001068115234,56.68999862670898,58.66999816894531,58.66999816894531,21226200.0,COIN,2022-07-18,0.0868408984228302,0.11155056700369484,6.690002441406257
60.86000061035156,65.9800033569336,57.77999877929688,65.83000183105469,65.83000183105469,19210600.0,COIN,2022-07-19,0.1151471975663004,0.13270904276713424,8.200004577636712
67.08000183105469,79.0,67.05000305175781,75.2699966430664,75.2699966430664,34032000.0,COIN,2022-07-20,0.13400591515319754,0.16400919722467716,11.949996948242188
71.0,76.62000274658203,70.27999877929688,73.9800033569336,73.9800033569336,17301200.0,COIN,2022-07-21,-0.017286772667341563,0.08637092916954835,6.340003967285156
76.19999694824219,76.56999969482422,69.08999633789062,70.81999969482422,70.81999969482422,12013300.0,COIN,2022-07-22,-0.04365338940595564,0.10279540164366316,7.480003356933594
68.93000030517578,69.9800033569336,66.30000305175781,67.06999969482422,67.06999969482422,8797600.0,COIN,2022-07-25,-0.054404596813045214,0.05401959168809542,3.6800003051757812
61.68999862670898,62.88999938964844,52.630001068115234,52.93000030517578,52.93000030517578,26875800.0,COIN,2022-07-26,-0.23676655392599247,0.17810083918986086,10.259998321533203
54.869998931884766,60.61000061035156,53.119998931884766,58.83000183105469,58.83000183105469,18230200.0,COIN,2022-07-27,0.10568166836532535,0.13190642097275262,7.490001678466797
58.2400016784668,62.95000076293945,55.59000015258789,62.25,62.25,13674800.0,COIN,2022-07-28,0.05650657534394696,0.12433744089986673,7.3600006103515625
60.13999938964844,64.2300033569336,59.77000045776367,62.959999084472656,62.959999084472656,9113800.0,COIN,2022-07-29,0.011341054222917884,0.07196657303904651,4.460002899169922
61.18999862670898,63.619998931884766,59.41999816894531,62.70000076293945,62.70000076293945,7361300.0,COIN,2022-08-01,-0.004138129760766736,0.06829703031301256,4.200000762939453
60.90999984741211,69.58999633789062,60.79999923706055,67.2300033569336,67.2300033569336,12142100.0,COIN,2022-08-02,0.06975816660605362,0.13503104980890734,8.789997100830078
69.05000305175781,82.25,67.61000061035156,80.80999755859375,80.80999755859375,24784200.0,COIN,2022-08-03,0.18398106362064903,0.19600747951536096,14.639999389648438
106.0999984741211,116.3000030517578,86.79000091552734,88.9000015258789,88.9000015258789,54342800.0,COIN,2022-08-04,0.09541146965017988,0.2926816675600934,29.510002136230455
86.58000183105469,98.87000274658205,86.5199966430664,93.0500030517578,93.0500030517578,24865700.0,COIN,2022-08-05,0.04562485620137555,0.13343032140342515,12.35000610351564
97.83999633789062,103.5500030517578,93.80999755859376,98.0199966430664,98.0199966430664,18878700.0,COIN,2022-08-08,0.05203448934873925,0.09878318320008912,9.740005493164034
93.88999938964844,93.88999938964844,85.5999984741211,87.68000030517578,87.68000030517578,17411400.0,COIN,2022-08-09,-0.11147767855369704,0.09243861244773906,8.290000915527344
89.9800033569336,95.0,88.0,94.13999938964844,94.13999938964844,23818200.0,COIN,2022-08-10,0.07108920280928206,0.0765400771223344,7.0
97.25,98.6999969482422,82.30999755859375,84.0,84.0,23247300.0,COIN,2022-08-11,-0.11396623064623702,0.18159233819646492,16.38999938964845
85.2300033569336,92.4800033569336,83.29000091552734,90.48999786376952,90.48999786376952,13755200.0,COIN,2022-08-12,0.0744225249123627,0.10466393628379597,9.19000244140625
89.11000061035156,93.68000030517578,88.58999633789062,91.97000122070312,91.97000122070312,11001900.0,COIN,2022-08-15,0.016223126431770072,0.05586577946089115,5.090003967285156
90.5500030517578,95.5,84.23999786376953,90.38999938964844,90.38999938964844,17034400.0,COIN,2022-08-16,-0.017328815129550455,0.12545640501982594,11.260002136230469
87.51000213623047,88.63999938964844,84.7699966430664,85.44000244140625,85.44000244140625,10697900.0,COIN,2022-08-17,-0.056319231271500333,0.04464154909341585,3.8700027465820312
86.33000183105469,86.36000061035156,81.41999816894531,83.47000122070312,83.47000122070312,7923300.0,COIN,2022-08-18,-0.023327103299297033,0.058903692128303944,4.94000244140625
76.0,78.25,74.01000213623047,74.05999755859375,74.05999755859375,13727900.0,COIN,2022-08-19,-0.11961175796688021,0.05570858134680932,4.239997863769531
70.91000366210938,74.94000244140625,70.29000091552734,71.47000122070312,71.47000122070312,9082400.0,COIN,2022-08-22,-0.03559774420839359,0.06405827173087132,4.650001525878906
71.94999694824219,76.41000366210938,70.5999984741211,71.18000030517578,71.18000030517578,9598300.0,COIN,2022-08-23,-0.004065913942397051,0.0790835027003892,5.810005187988281
71.87999725341797,74.31999969482422,70.70999908447266,71.4800033569336,71.4800033569336,6675500.0,COIN,2022-08-24,0.004205852885055398,0.04979309773082946,3.6100006103515625
71.83999633789062,72.44999694824219,68.5199966430664,71.37000274658203,71.37000274658203,8563500.0,COIN,2022-08-25,-0.0015400857878025782,0.05577100218053715,3.9300003051757812
71.70999908447266,71.80000305175781,65.33999633789062,66.73999786376953,66.73999786376953,9797300.0,COIN,2022-08-26,-0.06707321015170091,0.09428016843182126,6.4600067138671875
65.51000213623047,69.4000015258789,65.45999908447266,66.33999633789062,66.33999633789062,7944100.0,COIN,2022-08-29,-0.006011462998205727,0.05844763441250985,3.94000244140625
67.97000122070312,69.44999694824219,64.62999725341797,67.02999877929688,67.02999877929688,8293500.0,COIN,2022-08-30,0.010347283841796975,0.07192836848076568,4.819999694824219
68.69999694824219,70.37999725341797,66.66000366210938,66.80000305175781,66.80000305175781,6707900.0,COIN,2022-08-31,-0.0034371359309746177,0.0543039650516759,3.7199935913085938
65.55000305175781,65.98999786376953,61.90999984741211,65.52999877929688,65.52999877929688,8046600.0,COIN,2022-09-01,-0.019195091804347777,0.0638214679568285,4.079998016357422
67.70999908447266,68.13999938964844,63.81999969482422,65.26000213623047,65.26000213623047,6392800.0,COIN,2022-09-02,-0.004128710523926847,0.06549778720722678,4.319999694824219
65.55999755859375,66.87999725341797,62.59999847412109,62.77999877929688,62.77999877929688,7478100.0,COIN,2022-09-06,-0.038742791929654456,0.0661346739781402,4.279998779296882
62.0,68.7699966430664,61.83000183105469,68.25,68.25,8408400.0,COIN,2022-09-07,0.083540902095402,0.10637884133300127,6.939994812011719
66.36000061035156,73.33000183105469,65.5,73.08000183105469,73.08000183105469,9241500.0,COIN,2022-09-08,0.06837732250021941,0.11291968443456424,7.8300018310546875
78.19999694824219,81.04000091552734,75.1500015258789,80.87000274658203,80.87000274658203,15357100.0,COIN,2022-09-09,0.10128820450537014,0.07545673473422916,5.8899993896484375
82.5999984741211,84.58000183105469,80.5999984741211,82.55000305175781,82.55000305175781,12554900.0,COIN,2022-09-12,0.02056124626407627,0.0481992231120502,3.9800033569335938
75.33999633789062,78.08999633789062,74.3499984741211,75.25,75.25,11235300.0,COIN,2022-09-13,-0.09258830370574977,0.04907830839532677,3.7399978637695312
75.30000305175781,79.19999694824219,74.11000061035156,78.69999694824219,78.69999694824219,10840700.0,COIN,2022-09-14,0.04482721301727114,0.06642577608906465,5.089996337890625
77.62999725341797,82.0,76.62999725341797,77.2300033569336,77.2300033569336,10950100.0,COIN,2022-09-15,-0.018855090598380107,0.06773063812406578,5.370002746582031
75.1500015258789,76.37000274658203,73.5999984741211,74.0,74.0,17089000.0,COIN,2022-09-16,-0.04272293284370637,0.036944979861660746,2.7700042724609375
71.87999725341797,72.54000091552734,67.0,69.93000030517578,69.93000030517578,13135300.0,COIN,2022-09-19,-0.05657034712437622,0.07944552708479014,5.540000915527344
68.08999633789062,69.80000305175781,66.16999816894531,67.94000244140625,67.94000244140625,7974500.0,COIN,2022-09-20,-0.028869747412616033,0.0534068931377932,3.6300048828125
68.9000015258789,72.23999786376953,67.43000030517578,67.63999938964844,67.63999938964844,12344600.0,COIN,2022-09-21,-0.004425483660327833,0.06890385226512612,4.80999755859375
67.4000015258789,68.9800033569336,62.310001373291016,62.93999862670898,62.93999862670898,11156900.0,COIN,2022-09-22,-0.07201764518963928,0.10169470757822391,6.670001983642578
61.560001373291016,63.150001525878906,59.43000030517578,61.880001068115234,61.880001068115234,10932900.0,COIN,2022-09-23,-0.016984826851271475,0.06071371844565424,3.720001220703125
62.97999954223633,66.33000183105469,62.18000030517578,62.27999877929688,62.27999877929688,9562600.0,COIN,2022-09-26,0.006443284399615783,0.06460890160414215,4.150001525878906
65.29000091552734,67.55000305175781,61.880001068115234,63.04999923706055,63.04999923706055,11860500.0,COIN,2022-09-27,0.012287722944827432,0.08767106661802995,5.670001983642578
62.79999923706055,67.73999786376953,62.7599983215332,67.30999755859375,67.30999755859375,8482700.0,COIN,2022-09-28,0.06538072744116119,0.07635891473327483,4.979999542236328
64.62000274658203,65.02999877929688,60.2599983215332,61.93999862670898,61.93999862670898,11492100.0,COIN,2022-09-29,-0.08314262537779808,0.07618017726126812,4.770000457763672
61.25,67.58999633789062,61.06999969482422,64.48999786376953,64.48999786376953,10210300.0,COIN,2022-09-30,0.04034398752355248,0.10143924669313449,6.519996643066406
64.94999694824219,67.86000061035156,61.91999816894531,65.94999694824219,65.94999694824219,10949200.0,COIN,2022-10-03,0.022386692992214362,0.0916035686401854,5.94000244140625
69.08999633789062,74.62999725341797,69.08000183105469,74.5,74.5,11881400.0,COIN,2022-10-04,0.12190229249600198,0.07727725455587181,5.549995422363281
71.80000305175781,73.4800033569336,69.27999877929688,72.97000122070312,72.97000122070312,9222700.0,COIN,2022-10-05,-0.020750710879149738,0.05885705939759034,4.200004577636719
73.06999969482422,76.27999877929688,71.33999633789062,73.91000366210938,73.91000366210938,11103700.0,COIN,2022-10-06,0.012799771838655976,0.06695363613173332,4.94000244140625
70.8499984741211,71.0999984741211,65.5,67.0,67.0,11427900.0,COIN,2022-10-07,-0.098155566954054,0.08203717270696334,5.599998474121094
67.58000183105469,69.26000213623047,65.43000030517578,67.04000091552734,67.04000091552734,7714000.0,COIN,2022-10-10,0.0005968504392955762,0.05688669627211073,3.8300018310546875
67.61000061035156,72.69000244140625,65.02999877929688,70.16000366210938,70.16000366210938,17705600.0,COIN,2022-10-11,0.0454889304302064,0.11135517397341663,7.660003662109375
69.73999786376953,71.8499984741211,67.81999969482422,69.94999694824219,69.94999694824219,8998900.0,COIN,2022-10-12,-0.002997742776681612,0.0577234590903251,4.029998779296875
63.65999984741211,69.62999725341797,61.060001373291016,69.26000213623047,69.26000213623047,18342000.0,COIN,2022-10-13,-0.009913087665871512,0.13133845971149458,8.569995880126953
71.8499984741211,73.79000091552734,63.380001068115234,63.59000015258789,63.59000015258789,13711600.0,COIN,2022-10-14,-0.08541134213904046,0.1520748623621417,10.40999984741211
66.4800033569336,70.94999694824219,66.33999633789062,69.16999816894531,69.16999816894531,11263300.0,COIN,2022-10-17,0.08411098846181451,0.06718238227648198,4.6100006103515625
72.9000015258789,73.9000015258789,65.30000305175781,66.20999908447266,66.20999908447266,13874700.0,COIN,2022-10-18,-0.043735721031563674,0.12372076558523658,8.599998474121094
64.81999969482422,66.88999938964844,62.54999923706055,63.18999862670898,63.18999862670898,8601100.0,COIN,2022-10-19,-0.04668545605648857,0.0670832452899643,4.340000152587891
63.13999938964844,67.43000030517578,62.70000076293945,63.59000015258789,63.59000015258789,8938700.0,COIN,2022-10-20,0.0063101886262377765,0.07272856746533835,4.729999542236328
63.400001525878906,66.62999725341797,61.70000076293945,66.37999725341797,66.37999725341797,9156400.0,COIN,2022-10-21,0.0429395372363033,0.07687094207639335,4.929996490478516
67.4000015258789,68.1500015258789,63.68000030517578,66.38999938964844,66.38999938964844,8111700.0,COIN,2022-10-24,0.00015066862246414082,0.06784063420408643,4.470001220703125
67.01000213623047,75.4000015258789,66.95999908447266,75.05000305175781,75.05000305175781,14446900.0,COIN,2022-10-25,0.1226081652048238,0.11871188274256121,8.44000244140625
75.27999877929688,78.29000091552734,73.0999984741211,73.80999755859375,73.80999755859375,14102500.0,COIN,2022-10-26,-0.016660408037408796,0.06859154673199877,5.19000244140625
74.51000213623047,75.6500015258789,71.51000213623047,72.47000122070312,72.47000122070312,5967600.0,COIN,2022-10-27,-0.018321490739612412,0.05628013047113282,4.1399993896484375
72.0,73.72000122070312,69.3499984741211,72.06999969482422,72.06999969482422,7372100.0,COIN,2022-10-28,-0.0055348352635304155,0.06110802460200426,4.370002746582031
72.37000274658203,74.6500015258789,66.1500015258789,66.25,66.25,10648400.0,COIN,2022-10-31,-0.08420239983558232,0.12088563079772299,8.5
69.0,69.70999908447266,63.130001068115234,63.290000915527344,63.290000915527344,8238200.0,COIN,2022-11-01,-0.04570811161352529,0.09914765706610423,6.579998016357422
63.400001525878906,66.20999908447266,60.54999923706055,60.709999084472656,60.709999084472656,12700900.0,COIN,2022-11-02,-0.041618939190802166,0.08936203771018025,5.659999847412109
59.400001525878906,61.880001068115234,55.75,55.79999923706055,55.79999923706055,14238800.0,COIN,2022-11-03,-0.08433455834748906,0.10431963262571078,6.130001068115234
60.400001525878906,63.43000030517578,56.400001525878906,58.81999969482422,58.81999969482422,18901400.0,COIN,2022-11-04,0.05270807222303426,0.11746775489842398,7.029998779296875
60.0,60.9900016784668,54.220001220703125,56.970001220703125,56.970001220703125,13659100.0,COIN,2022-11-07,-0.031957093018123724,0.11766007724431585,6.770000457763672
54.5,58.45000076293945,47.68999862670898,50.83000183105469,50.83000183105469,61868200.0,COIN,2022-11-08,-0.11403806743750507,0.20344999745700632,10.760002136230476
47.09000015258789,49.68999862670898,44.619998931884766,45.97999954223633,45.97999954223633,42274200.0,COIN,2022-11-09,-0.10028025810259797,0.10762151291070927,5.069999694824212
51.040000915527344,53.93000030517578,49.02000045776367,50.91999816894531,50.91999816894531,30695400.0,COIN,2022-11-10,0.10204922835044235,0.0954585275696037,4.909999847412109
47.5,58.290000915527344,46.25,57.459999084472656,57.459999084472656,30584500.0,COIN,2022-11-11,0.12083329988807957,0.23136910380544626,12.040000915527344
55.70000076293945,55.7400016784668,52.59999847412109,53.220001220703125,53.220001220703125,16150900.0,COIN,2022-11-14,-0.07665474913137725,0.057981961431671836,3.1400032043457102
55.0,58.0,54.59999847412109,55.52999877929688,55.52999877929688,14805300.0,COIN,2022-11-15,0.04248910478428005,0.06040915574206056,3.4000015258789134
52.83000183105469,54.02999877929688,48.0,48.83000183105469,48.83000183105469,24054700.0,COIN,2022-11-16,-0.1285784776986192,0.11833841435502163,6.029998779296882
46.66999816894531,49.970001220703125,45.18000030517578,48.790000915527344,48.790000915527344,17974700.0,COIN,2022-11-17,-0.0008195229797311996,0.1007683319903106,4.790000915527344
48.79999923706055,49.0,44.310001373291016,45.2599983215332,45.2599983215332,20287300.0,COIN,2022-11-18,-0.07510178947199972,0.10060988190642789,4.689998626708984
43.59999847412109,44.63999938964844,40.61000061035156,41.22999954223633,41.22999954223633,22382000.0,COIN,2022-11-21,-0.093257467504273,0.0946159476725111,4.029998779296875
42.34999847412109,44.400001525878906,41.61000061035156,43.38999938964844,43.38999938964844,20783100.0,COIN,2022-11-22,0.05106285012749379,0.06489896614158419,2.7900009155273438
43.84999847412109,46.16999816894531,42.209999084472656,45.56999969482422,45.56999969482422,14665800.0,COIN,2022-11-23,0.04902061283531592,0.08967305875533964,3.9599990844726562
44.7599983215332,45.2400016784668,43.70000076293945,44.27999877929688,44.27999877929688,6451500.0,COIN,2022-11-25,-0.028716518306319324,0.034633568789193964,1.5400009155273438
43.29999923706055,44.900001525878906,42.02000045776367,42.5099983215332,42.5099983215332,10497900.0,COIN,2022-11-28,-0.04079377738596268,0.0662921224213462,2.8800010681152344
42.90999984741211,44.650001525878906,42.70000076293945,43.11000061035156,43.11000061035156,9090600.0,COIN,2022-11-29,0.014015700030395466,0.04465540339471398,1.9500007629394531
43.709999084472656,45.880001068115234,41.5099983215332,45.72999954223633,45.72999954223633,15562700.0,COIN,2022-11-30,0.05899952474277708,0.1000949939120911,4.370002746582031
45.81999969482422,47.18999862670898,44.43999862670898,45.27000045776367,45.27000045776367,11579400.0,COIN,2022-12-01,-0.010109956100102345,0.060042042767690845,2.75
43.970001220703125,47.70000076293945,43.72999954223633,47.66999816894531,47.66999816894531,10372100.0,COIN,2022-12-02,0.05165765924596296,0.08689705893195893,3.970001220703125
47.97999954223633,49.84999847412109,45.630001068115234,46.0,46.0,11228300.0,COIN,2022-12-05,-0.03566083431658991,0.08845304745094992,4.219997406005852
45.59999847412109,46.650001525878906,41.72999954223633,42.40999984741211,42.40999984741211,12156100.0,COIN,2022-12-06,-0.08125721660051816,0.1114526763686323,4.920001983642578
41.880001068115234,43.20000076293945,40.54999923706055,41.2599983215332,41.2599983215332,10824500.0,COIN,2022-12-07,-0.027490712925714242,0.06330475116406117,2.6500015258789062
41.560001373291016,43.900001525878906,40.29999923706055,42.810001373291016,42.810001373291016,9361800.0,COIN,2022-12-08,0.036878285272735276,0.08556290481804968,3.6000022888183594
41.59999847412109,42.31999969482422,40.150001525878906,40.2400016784668,40.2400016784668,10030200.0,COIN,2022-12-09,-0.06191018473271351,0.05263730194166999,2.1699981689453125
39.97999954223633,42.650001525878906,39.650001525878906,42.59999847412109,42.59999847412109,9962600.0,COIN,2022-12-12,0.0569926499536858,0.07293632314988836,3.0
46.0099983215332,46.33000183105469,38.5,38.68999862670898,38.68999862670898,20558300.0,COIN,2022-12-13,-0.09627308423887716,0.185131497656827,7.8300018310546875
39.40999984741211,41.900001525878906,38.81999969482422,40.18999862670898,40.18999862670898,16117600.0,COIN,2022-12-14,0.03803704107344782,0.07635029346568775,3.0800018310546875
38.95000076293945,39.59999847412109,37.43999862670898,37.97999954223633,37.97999954223633,12013400.0,COIN,2022-12-15,-0.056558480959757185,0.0560894647985292,2.1599998474121094
37.400001525878906,38.0099983215332,34.709999084472656,36.59999847412109,36.59999847412109,18247400.0,COIN,2022-12-16,-0.03701149461474478,0.09082143534537575,3.299999237060547
35.970001220703125,36.68000030517578,34.5099983215332,35.16999816894531,35.16999816894531,11168300.0,COIN,2022-12-19,-0.039854804293720146,0.06098256723541746,2.170001983642578
34.75,36.86000061035156,34.349998474121094,34.970001220703125,34.970001220703125,9833200.0,COIN,2022-12-20,-0.005702808440482435,0.07052499455347336,2.5100021362304688
35.310001373291016,36.09999847412109,34.79999923706055,35.150001525878906,35.150001525878906,6998600.0,COIN,2022-12-21,0.005134075684731735,0.03667545821383956,1.2999992370605398
34.93000030517578,35.349998474121094,32.95000076293945,34.59000015258789,34.59000015258789,10335700.0,COIN,2022-12-22,-0.016060034306761235,0.07030706507471371,2.3999977111816406
34.77000045776367,35.97999954223633,33.66999816894531,35.4900016784668,35.4900016784668,8222700.0,COIN,2022-12-23,0.025686386592074218,0.06635603700905829,2.3100013732910156
34.5,34.560001373291016,32.439998626708984,32.650001525878906,32.650001525878906,10940800.0,COIN,2022-12-27,-0.08340611149561922,0.06330479675833454,2.1200027465820312
32.58000183105469,33.47999954223633,31.82999992370605,32.529998779296875,32.529998779296875,7839700.0,COIN,2022-12-28,-0.003682199497059691,0.05053899305144255,1.649999618530277
33.459999084472656,35.33000183105469,33.369998931884766,34.779998779296875,34.779998779296875,7675500.0,COIN,2022-12-29,0.06687977086848707,0.05707525244321011,1.9600028991699219
33.959999084472656,35.869998931884766,33.630001068115234,35.38999938964844,35.38999938964844,8397900.0,COIN,2022-12-30,0.0173868032826413,0.06448270425382994,2.2399978637695312
36.4900016784668,36.93000030517578,33.369998931884766,33.599998474121094,33.599998474121094,8514300.0,COIN,2023-01-03,-0.05190325555483562,0.10136697637306559,3.5600013732910156
34.59000015258789,38.5,34.540000915527344,37.70000076293945,37.70000076293945,17737400.0,COIN,2023-01-04,0.11513409313499089,0.10854014206891373,3.9599990844726562
34.709999084472656,35.2599983215332,32.75,33.529998779296875,33.529998779296875,16934500.0,COIN,2023-01-05,-0.11721959061924571,0.0738461672858871,2.509998321533203
33.66999816894531,33.75,31.549999237060547,33.2599983215332,33.2599983215332,15527800.0,COIN,2023-01-06,-0.0080851007720865,0.06740685251323301,2.200000762939453
35.189998626708984,39.380001068115234,34.720001220703125,38.27000045776367,38.27000045776367,18904100.0,COIN,2023-01-09,0.14031088809928086,0.12594217538362215,4.659999847412109
37.7599983215332,43.290000915527344,37.7400016784668,43.22999954223633,43.22999954223633,24496700.0,COIN,2023-01-10,0.12186837669147839,0.13720109818771065,5.549999237060547
41.959999084472656,43.84000015258789,40.630001068115234,43.790000915527344,43.790000915527344,16152700.0,COIN,2023-01-11,0.012870813630018262,0.07603990983185654,3.2099990844726562
45.150001525878906,47.650001525878906,41.66999816894531,47.54999923706055,47.54999923706055,20514700.0,COIN,2023-01-12,0.08237627122587446,0.13410126063028888,5.980003356933594
46.2400016784668,50.630001068115234,45.380001068115234,49.97999954223633,49.97999954223633,22437800.0,COIN,2023-01-13,0.049841143301463865,0.10947280418947505,5.25
53.310001373291016,54.97999954223633,50.70000076293945,54.13999938964844,54.13999938964844,23521200.0,COIN,2023-01-17,0.0799503566647069,0.08104354876584327,4.279998779296875
54.220001220703125,57.33000183105469,50.0,50.209999084472656,50.209999084472656,24905700.0,COIN,2023-01-18,-0.0753590810999264,0.1368010734310021,7.3300018310546875
49.209999084472656,51.0,47.91999816894531,49.41999816894531,49.41999816894531,14073300.0,COIN,2023-01-19,-0.015859028303070427,0.06229271712778958,3.0800018310546875
50.380001068115234,55.18999862670898,48.79999923706055,55.15999984741211,55.15999984741211,15433900.0,COIN,2023-01-20,0.1098828866492438,0.12305145534334509,6.38999938964843
55.0,56.68999862670898,53.209999084472656,55.959999084472656,55.959999084472656,17736400.0,COIN,2023-01-23,0.014399083278068535,0.06335147270928797,3.479999542236321
54.20000076293945,56.470001220703125,53.34000015258789,53.560001373291016,53.560001373291016,12413900.0,COIN,2023-01-24,-0.04383458697368472,0.057023023687054426,3.1300010681152344
51.5,53.40999984741211,49.59999847412109,52.7599983215332,52.7599983215332,13343600.0,COIN,2023-01-25,-0.015049250427338456,0.07400718852756931,3.8100013732910227
56.060001373291016,56.09999847412109,51.970001220703125,53.02000045776367,53.02000045776367,12614900.0,COIN,2023-01-26,0.0049159134588033825,0.07646913282042118,4.129997253417962
52.93999862670898,62.290000915527344,52.40999984741211,61.369998931884766,61.369998931884766,24431000.0,COIN,2023-01-27,0.1462518895018162,0.17270350406122847,9.880001068115234
60.0099983215332,61.86000061035156,55.66999816894531,56.15999984741211,56.15999984741211,14553900.0,COIN,2023-01-30,-0.08871634199595319,0.10543240781939563,6.19000244140625
57.70000076293945,60.43999862670898,55.90999984741211,58.47999954223633,58.47999954223633,14751600.0,COIN,2023-01-31,0.040480050613291955,0.0779078623735957,4.529998779296868
59.08000183105469,66.22000122070312,56.650001525878906,65.69999694824219,65.69999694824219,18840800.0,COIN,2023-02-01,0.11641407142684626,0.15609053614394314,9.569999694824219
68.45999908447266,85.54000091552734,68.30999755859375,81.45999908447266,81.45999908447266,43911200.0,COIN,2023-02-02,0.21501321194061293,0.22492798049802037,17.230003356933594
73.72000122070312,87.62999725341797,73.0199966430664,74.62999725341797,74.62999725341797,37125500.0,COIN,2023-02-03,-0.08756955664064416,0.18239004347012322,14.610000610351562
73.18000030517578,75.9800033569336,70.5199966430664,74.58999633789062,74.58999633789062,17998400.0,COIN,2023-02-06,-0.0005361334700905207,0.074573882014191,5.4600067138671875
73.43000030517578,73.4800033569336,67.30000305175781,71.41999816894531,71.41999816894531,19819700.0,COIN,2023-02-07,-0.043428484342091504,0.08785302403565586,6.180000305175781
70.83000183105469,73.97000122070312,68.30000305175781,69.44000244140625,69.44000244140625,11626500.0,COIN,2023-02-08,-0.028114811017865674,0.07974981084404485,5.6699981689453125
68.48999786376953,68.93000030517578,59.0,59.630001068115234,59.630001068115234,23920200.0,COIN,2023-02-09,-0.15230428446319963,0.15555405741916997,9.930000305175781
58.2599983215332,61.7400016784668,55.970001220703125,57.09000015258789,57.09000015258789,17359900.0,COIN,2023-02-10,-0.04352984839846646,0.09811619154684201,5.770000457763672
55.52000045776367,57.09000015258789,53.65999984741211,56.400001525878906,56.400001525878906,14435900.0,COIN,2023-02-13,-0.012159787090324855,0.06196113049505602,3.4300003051757812
56.33000183105469,61.08000183105469,55.02999877929688,59.02999877929688,59.02999877929688,23945800.0,COIN,2023-02-14,0.04557658301462597,0.1043060414392413,6.050003051757805
60.209999084472656,69.45999908447266,59.459999084472656,69.33999633789062,69.33999633789062,25552900.0,COIN,2023-02-15,0.1609761188698396,0.1554472319627004,10.0
65.9000015258789,73.30000305175781,63.90999984741211,65.58999633789062,65.58999633789062,31704800.0,COIN,2023-02-16,-0.05559869797077567,0.13708480925176145,9.390003204345703
64.94000244140625,67.9000015258789,61.5099983215332,65.19999694824219,65.19999694824219,23252200.0,COIN,2023-02-17,-0.005963767345788641,0.09883632110452296,6.390003204345703
63.31999969482422,66.87000274658203,61.84999847412109,62.06999969482422,62.06999969482422,19845700.0,COIN,2023-02-21,-0.04919664661758235,0.0780384029714833,5.020004272460945
62.5,67.4800033569336,57.34999847412109,61.18000030517578,61.18000030517578,32937500.0,COIN,2023-02-22,-0.014442431798002463,0.162658490455909,10.130004882812507
63.959999084472656,64.6500015258789,59.88999938964844,62.36000061035156,62.36000061035156,16698500.0,COIN,2023-02-23,0.019103710266204985,0.0764785927348538,4.760002136230469
60.880001068115234,61.59000015258789,56.79999923706055,58.43999862670898,58.43999862670898,14546200.0,COIN,2023-02-24,-0.06492349059378832,0.08096320988135725,4.790000915527344
59.93999862670898,60.970001220703125,58.16999816894531,58.959999084472656,58.959999084472656,13043000.0,COIN,2023-02-27,0.008858668969804515,0.047012233496074474,2.8000030517578125
59.68000030517578,67.5,59.41999816894531,64.83000183105469,64.83000183105469,24843900.0,COIN,2023-02-28,0.09490925507770373,0.12749675865948404,8.080001831054688
65.30000305175781,66.79000091552734,63.09000015258789,64.66999816894531,64.66999816894531,15827100.0,COIN,2023-03-01,-0.0024711002861629383,0.05699110164380272,3.700000762939453
61.06999969482422,63.900001525878906,57.5,63.70000076293945,63.70000076293945,18091700.0,COIN,2023-03-02,-0.015112812589492776,0.10553443745935324,6.400001525878906
61.63999938964844,65.55999755859375,61.380001068115234,64.51000213623047,64.51000213623047,17579000.0,COIN,2023-03-03,0.012635709103678948,0.06588165004309089,4.179996490478516
64.5999984741211,69.81999969482422,62.63999938964844,62.77000045776367,62.77000045776367,19826100.0,COIN,2023-03-06,-0.027343024036713313,0.10851645536724774,7.180000305175781
62.79999923706055,64.66000366210938,60.59000015258789,61.88999938964844,61.88999938964844,15821500.0,COIN,2023-03-07,-0.014118653732761367,0.06501296345841642,4.070003509521484
61.20000076293945,65.45999908447266,60.34999847412109,63.0099983215332,63.0099983215332,15427800.0,COIN,2023-03-08,0.017934811426468657,0.08127833282726252,5.11000061035157
62.38999938964844,64.12000274658203,57.209999084472656,58.09000015258789,58.09000015258789,20996600.0,COIN,2023-03-09,-0.08129988268467114,0.11402767829886763,6.910003662109375
56.38999938964844,56.40999984741211,51.56999969482422,53.43999862670898,53.43999862670898,25743800.0,COIN,2023-03-10,-0.083434031100612,0.08970634290173757,4.840000152587891
54.709999084472656,61.09999847412109,50.77000045776367,59.16999816894531,59.16999816894531,31431900.0,COIN,2023-03-13,0.10185512221236348,0.18520620322835762,10.329998016357415
65.44999694824219,66.20999908447266,61.09999847412109,62.650001525878906,62.650001525878906,25167800.0,COIN,2023-03-14,0.057149079954743554,0.08031965390504418,5.11000061035157
61.900001525878906,66.29000091552734,61.18000030517578,64.47000122070312,64.47000122070312,20825700.0,COIN,2023-03-15,0.028636312559279023,0.08021872635332217,5.1100006103515625
64.4000015258789,68.62000274658203,63.119998931884766,67.77999877929688,67.77999877929688,15474500.0,COIN,2023-03-16,0.050067129912156505,0.0835464178406314,5.500003814697266
70.5199966430664,76.80000305175781,69.0999984741211,74.9800033569336,74.9800033569336,31006200.0,COIN,2023-03-17,0.10095430790969694,0.10564997119861544,7.700004577636719
76.76000213623047,77.05999755859375,72.87000274658203,75.13999938964844,75.13999938964844,19026400.0,COIN,2023-03-20,0.002131575944146045,0.055907238142400215,4.189994812011719
76.23999786376953,85.05000305175781,75.7699966430664,83.98999786376953,83.98999786376953,22991900.0,COIN,2023-03-21,0.11134468668022775,0.11553696308477274,9.280006408691406
84.25,85.37999725341797,76.86000061035156,77.13999938964844,77.13999938964844,24463200.0,COIN,2023-03-22,-0.08507577383536842,0.10512625608311975,8.519996643066406
61.84999847412109,70.0,61.5099983215332,66.30000305175781,66.30000305175781,43152800.0,COIN,2023-03-23,-0.15143200164647858,0.1292955061167884,8.490001678466797
64.18000030517578,68.7300033569336,63.52999877929688,67.83000183105469,67.83000183105469,21614100.0,COIN,2023-03-24,0.022814658731404105,0.07867361791199799,5.200004577636712
67.19999694824219,67.5999984741211,60.5099983215332,62.540000915527344,62.540000915527344,23531300.0,COIN,2023-03-27,-0.08119823528398586,0.1107993475811832,7.090000152587891
62.31999969482422,64.05000305175781,61.11000061035156,63.040000915527344,63.040000915527344,11635900.0,COIN,2023-03-28,0.007963093403819161,0.04698854709465735,2.94000244140625
65.41999816894531,68.62999725341797,63.77000045776367,65.30000305175781,65.30000305175781,17673800.0,COIN,2023-03-29,0.03522262294422447,0.07344684939487016,4.859996795654297
66.52999877929688,67.16999816894531,63.68000030517578,64.16000366210938,64.16000366210938,11563100.0,COIN,2023-03-30,-0.017612062380785113,0.05335614569030463,3.4899978637695312
64.69999694824219,68.56999969482422,63.93000030517578,67.56999969482422,67.56999969482422,15926600.0,COIN,2023-03-31,0.05178407241162233,0.07006637729347202,4.6399993896484375
66.01000213623047,68.33000183105469,62.70000076293945,63.61000061035156,63.61000061035156,14040300.0,COIN,2023-04-03,-0.06039339276171743,0.08598747578294763,5.630001068115234
64.66000366210938,65.4000015258789,60.95000076293945,62.540000915527344,62.540000915527344,11654400.0,COIN,2023-04-04,-0.016964333617163155,0.07046841334988964,4.450000762939453
62.540000915527344,63.04999923706055,59.220001220703125,60.77999877929688,60.77999877929688,10788900.0,COIN,2023-04-05,-0.028545599264077248,0.0626687070239156,3.829998016357422
59.56999969482422,62.7400016784668,58.20000076293945,61.43999862670898,61.43999862670898,11875200.0,COIN,2023-04-06,0.010800299082988178,0.07511386166895269,4.540000915527344
61.369998931884766,66.19000244140625,59.65999984741211,66.12999725341797,66.12999725341797,14391800.0,COIN,2023-04-10,0.07356139366582384,0.10386765448667318,6.530002593994141
68.08999633789062,72.61000061035156,67.23999786376953,70.19000244140625,70.19000244140625,25348800.0,COIN,2023-04-11,0.05958342537165263,0.07683438502786255,5.370002746582031
70.7699966430664,72.0199966430664,66.2300033569336,67.83999633789062,67.83999633789062,16773400.0,COIN,2023-04-12,-0.03405394802307004,0.08381022842671389,5.7899932861328125
69.88999938964844,72.52999877929688,68.05000305175781,68.94999694824219,68.94999694824219,19718500.0,COIN,2023-04-13,0.016229622476781957,0.06375747860171005,4.4799957275390625
69.30000305175781,71.69999694824219,67.87000274658203,69.91000366210938,69.91000366210938,12887200.0,COIN,2023-04-14,0.01382719292822754,0.054896553858759155,3.8299942016601562
67.12000274658203,68.05000305175781,64.9000015258789,67.72000122070312,67.72000122070312,13344200.0,COIN,2023-04-17,-0.031827177616415875,0.04739512672201537,3.1500015258789062
70.38999938964844,71.79000091552734,66.55000305175781,67.26000213623047,67.26000213623047,14835500.0,COIN,2023-04-18,-0.006815837217765497,0.07579161264350917,5.239997863769531
64.36000061035156,65.94000244140625,63.400001525878906,64.44000244140625,64.44000244140625,10327000.0,COIN,2023-04-19,-0.04283114187763325,0.039281389157576216,2.5400009155273438
63.22999954223633,65.33000183105469,60.16999816894531,60.5,60.5,11452900.0,COIN,2023-04-20,-0.06309123115848007,0.0822775180795318,5.160003662109375
61.08000183105469,61.45000076293945,58.709999084472656,59.040000915527344,59.040000915527344,13235100.0,COIN,2023-04-21,-0.024428169237679435,0.04561379394562424,2.740001678466797
58.959999084472656,59.09000015258789,54.08000183105469,54.75,54.75,21135700.0,COIN,2023-04-24,-0.07543782710250624,0.08859724234691173,5.009998321533203
55.709999084472656,56.09000015258789,53.619998931884766,55.54999923706055,55.54999923706055,14383300.0,COIN,2023-04-25,0.014506133654745209,0.04503543335293438,2.470001220703125
59.5099983215332,59.5099983215332,53.59999847412109,53.88999938964844,53.88999938964844,16761200.0,COIN,2023-04-26,-0.030338581731828018,0.1045952978431088,5.9099998474121165
54.66999816894531,55.720001220703125,53.58000183105469,54.16999816894531,54.16999816894531,12010900.0,COIN,2023-04-27,0.005182295248273278,0.03916327252873215,2.1399993896484375
53.650001525878906,54.52000045776367,52.16999816894531,53.790000915527344,53.790000915527344,11629800.0,COIN,2023-04-28,-0.0070396225622489615,0.0440600332881305,2.3500022888183594
53.16999816894531,54.380001068115234,48.45000076293945,50.13999938964844,50.13999938964844,18437900.0,COIN,2023-05-01,-0.07026851274835128,0.11546410476229747,5.930000305175781
50.20000076293945,52.13999938964844,48.2599983215332,51.31999969482422,51.31999969482422,16778400.0,COIN,2023-05-02,0.023261453243708187,0.07732937138212514,3.8800010681152344
50.150001525878906,51.59999847412109,48.310001373291016,48.4900016784668,48.4900016784668,13325600.0,COIN,2023-05-03,-0.05672290806894813,0.06588303592326426,3.289997100830071
48.720001220703125,50.470001220703125,47.650001525878906,49.220001220703125,49.220001220703125,13044400.0,COIN,2023-05-04,0.014942444031906772,0.057496462416025323,2.8199996948242188
54.04999923706055,58.58000183105469,53.75,58.2400016784668,58.2400016784668,25585600.0,COIN,2023-05-05,0.16827236294439146,0.08604970564914981,4.8300018310546875
55.900001525878906,58.79999923706055,54.61000061035156,58.09999847412109,58.09999847412109,15259400.0,COIN,2023-05-08,-0.0024067951133693137,0.07392481458880505,4.189998626708984
57.900001525878906,60.2400016784668,56.59000015258789,60.209999084472656,60.209999084472656,9641200.0,COIN,2023-05-09,0.03567279867589777,0.06250431750382439,3.6500015258789062
61.45000076293945,63.75,59.88999938964844,62.63999938964844,62.63999938964844,15481300.0,COIN,2023-05-10,0.039565605667962016,0.0624596479533745,3.8600006103515625
62.40999984741211,63.11000061035156,59.77000045776367,60.34999847412109,60.34999847412109,8843500.0,COIN,2023-05-11,-0.037243119679034785,0.05437537477246607,3.3400001525878906
60.88999938964844,61.130001068115234,56.77000045776367,57.34000015258789,57.34000015258789,9111000.0,COIN,2023-05-12,-0.05116245914338294,0.07399473626736922,4.3600006103515625
58.400001525878906,61.29999923706055,57.20000076293945,60.77000045776367,60.77000045776367,9429300.0,COIN,2023-05-15,0.05809779056365741,0.06922591877231676,4.099998474121094
58.68000030517578,60.11000061035156,57.13999938964844,57.880001068115234,57.880001068115234,7867900.0,COIN,2023-05-16,-0.04872433346274495,0.050671841084040554,2.970001220703125
57.4900016784668,61.310001373291016,57.29999923706055,61.040000915527344,61.040000915527344,8998400.0,COIN,2023-05-17,0.053157481757767605,0.06764237376786299,4.010002136230469
60.470001220703125,61.70000076293945,58.59999847412109,60.2599983215332,60.2599983215332,8330300.0,COIN,2023-05-18,-0.012860896126603379,0.05154927273257202,3.1000022888183665
60.56999969482422,61.470001220703125,56.59000015258789,56.77999877929688,56.77999877929688,12520700.0,COIN,2023-05-19,-0.05948437630240497,0.08271697692662838,4.880001068115234
56.88999938964844,61.09999847412109,55.900001525878906,61.06999969482422,61.06999969482422,12683400.0,COIN,2023-05-22,0.07283661269189334,0.08894743374644644,5.19999694824218
61.0,63.25,58.66999816894531,59.09999847412109,59.09999847412109,12208200.0,COIN,2023-05-23,-0.03278984364443815,0.0751666358792478,4.5800018310546875
57.77999877929688,58.970001220703125,56.59999847412109,58.36000061035156,58.36000061035156,8198300.0,COIN,2023-05-24,-0.012600164480484498,0.04101990246267621,2.3700027465820384
58.560001373291016,59.13999938964844,55.880001068115234,56.869998931884766,56.869998931884766,7997400.0,COIN,2023-05-25,-0.025862791575964578,0.05670095060067179,3.259998321533203
56.86000061035156,58.90999984741211,56.630001068115234,56.91999816894531,56.91999816894531,7788100.0,COIN,2023-05-26,0.0008787985157263195,0.03947195395639923,2.279998779296875
60.09999847412109,63.380001068115234,59.22999954223633,61.16999816894531,61.16999816894531,14814200.0,COIN,2023-05-30,0.07201010226787001,0.06772020855503844,4.150001525878906
59.29999923706055,62.59000015258789,59.209999084472656,62.20000076293945,62.20000076293945,10112600.0,COIN,2023-05-31,0.016698168690435864,0.05551509229319822,3.3800010681152344
61.79999923706055,66.36000061035156,60.66999816894531,63.56999969482422,63.56999969482422,11729000.0,COIN,2023-06-01,0.021786644136650324,0.0896451627461819,5.69000244140625
65.11000061035156,65.22000122070312,62.0,64.55000305175781,64.55000305175781,8630800.0,COIN,2023-06-02,0.015298508422384335,0.05063180403278053,3.220001220703125
63.380001068115234,64.44000244140625,55.810001373291016,58.709999084472656,58.709999084472656,26413200.0,COIN,2023-06-05,-0.09483011008804279,0.14378150678839366,8.630001068115234
47.09999847412109,52.380001068115234,46.43000030517578,51.61000061035156,51.61000061035156,56259900.0,COIN,2023-06-06,-0.12889459049517057,0.12057905086658227,5.950000762939453
53.290000915527344,54.0,51.70000076293945,53.2599983215332,53.2599983215332,18905500.0,COIN,2023-06-07,0.03147008488433821,0.04352625029284176,2.299999237060547
52.209999084472656,55.04999923706055,51.959999084472656,54.900001525878906,54.900001525878906,12773600.0,COIN,2023-06-08,0.03032782743807085,0.05776767512711181,3.0900001525878906
55.0,57.41999816894531,52.47999954223633,53.27999877929688,53.27999877929688,14394300.0,COIN,2023-06-09,-0.029952372988232664,0.08996050689091831,4.939998626708984
52.52999877929688,52.93000030517578,50.09999847412109,50.560001373291016,50.560001373291016,12447200.0,COIN,2023-06-12,-0.05240022632082699,0.05494931400139098,2.8300018310546946
51.79999923706055,52.65999984741211,50.52000045776367,52.400001525878906,52.400001525878906,11560800.0,COIN,2023-06-13,0.03574584344661063,0.041486844627229263,2.1399993896484375
52.810001373291016,54.790000915527344,51.560001373291016,53.900001525878906,53.900001525878906,11241200.0,COIN,2023-06-14,0.028223885777570235,0.06076150755427642,3.229999542236328
52.709999084472656,54.58000183105469,50.93000030517578,54.25,54.25,11801700.0,COIN,2023-06-15,0.006472486196176245,0.0692154019397041,3.6500015258789062
55.40999984741211,56.27999877929688,53.900001525878906,55.59000015258789,55.59000015258789,13754200.0,COIN,2023-06-16,0.024400339289689318,0.04320870433197437,2.379997253417976
55.900001525878906,57.93999862670898,53.630001068115234,57.09000015258789,57.09000015258789,14143500.0,COIN,2023-06-20,0.026625640938669884,0.07729933572804398,4.309997558593743
58.900001525878906,59.2400016784668,56.81999969482422,58.09999847412109,58.09999847412109,20569700.0,COIN,2023-06-21,0.017536664945960904,0.04170864667781328,2.420001983642578
58.97999954223633,59.27999877929688,55.09999847412109,57.4900016784668,57.4900016784668,12837400.0,COIN,2023-06-22,-0.010554588763885505,0.07312227192970713,4.1800003051757955
56.84999847412109,61.88999938964844,55.75,61.470001220703125,61.470001220703125,26088600.0,COIN,2023-06-23,0.06693822194643281,0.10448119554916506,6.1399993896484375
61.09999847412109,66.16000366210938,61.0,61.93999862670898,61.93999862670898,20724100.0,COIN,2023-06-26,0.007616881596308819,0.08120224189444136,5.160003662109375
63.79999923706055,70.37000274658203,62.84000015258789,69.88999938964844,69.88999938964844,25447400.0,COIN,2023-06-27,0.12075641638226113,0.11317525919342117,7.530002593994141
69.0,74.30999755859375,69.0,70.75,70.75,23086200.0,COIN,2023-06-28,0.012229967767340722,0.07413899471777466,5.30999755859375
72.02999877929688,74.18000030517578,70.83000183105469,72.43000030517578,72.43000030517578,14730500.0,COIN,2023-06-29,0.023468045897276836,0.04621191055850345,3.3499984741210938
73.80000305175781,74.97000122070312,68.1500015258789,71.55000305175781,71.55000305175781,24594000.0,COIN,2023-06-30,-0.012224033766064075,0.09537686926497788,6.819999694824219
73.19999694824219,80.8499984741211,73.01000213623047,79.93000030517578,79.93000030517578,19891700.0,COIN,2023-07-03,0.11075470680140599,0.10199911982273763,7.839996337890625
76.9000015258789,79.93000030517578,76.16000366210938,78.3499984741211,78.3499984741211,14670000.0,COIN,2023-07-05,-0.019965306129097575,0.04831481688843776,3.7699966430664062
78.05000305175781,78.45999908447266,74.5199966430664,78.0999984741211,78.0999984741211,11110400.0,COIN,2023-07-06,-0.0031959120187299963,0.0515214284267233,3.94000244140625
78.1500015258789,81.19000244140625,77.62000274658203,78.72000122070312,78.72000122070312,13275500.0,COIN,2023-07-07,0.007907230942759308,0.04496695561889916,3.5699996948242188
79.08000183105469,81.37000274658203,76.55000305175781,81.20999908447266,81.20999908447266,10739700.0,COIN,2023-07-10,0.031141112769843167,0.06106252649290494,4.819999694824219
80.48999786376953,92.1500015258789,80.48999786376953,89.1500015258789,89.1500015258789,35672100.0,COIN,2023-07-11,0.09328198040426866,0.1352847741091539,11.660003662109375
89.0,89.06999969482422,84.44999694824219,85.94999694824219,85.94999694824219,16752300.0,COIN,2023-07-12,-0.03655466510235056,0.05326296690058306,4.620002746582031
85.3499984741211,109.20999908447266,83.41999816894531,107.0,107.0,65424400.0,COIN,2023-07-13,0.21906313813924766,0.2693845590074841,25.790000915527344
106.68000030517578,114.43000030517578,101.22000122070312,105.30999755859376,105.30999755859376,42266300.0,COIN,2023-07-14,-0.015920476252443395,0.12266690715071223,13.209999084472656
104.56999969482422,109.4800033569336,103.5,105.5500030517578,105.5500030517578,19191400.0,COIN,2023-07-17,0.002276444997777954,0.056170302129582426,5.980003356933594
104.5,109.8499984741211,101.9000015258789,104.58999633789062,104.58999633789062,17567200.0,COIN,2023-07-18,-0.009136893455017694,0.0751238297370943,7.9499969482421875
107.30999755859376,111.05999755859376,105.08000183105467,110.1500015258789,110.1500015258789,15920800.0,COIN,2023-07-19,0.05179517734886552,0.055348591588014175,5.979995727539091
109.26000213623048,111.87999725341795,100.37000274658205,101.26000213623048,101.26000213623048,15274600.0,COIN,2023-07-20,-0.08415159946283635,0.10856345859412178,11.509994506835909
102.56999969482422,104.33000183105467,98.70999908447266,100.81999969482422,100.81999969482422,10481800.0,COIN,2023-07-21,-0.0043547420107041285,0.055372720875606726,5.620002746582017
99.2300033569336,100.38999938964844,95.6999969482422,98.8499984741211,98.8499984741211,9755700.0,COIN,2023-07-24,-0.019733211447228616,0.04784432805351902,4.690002441406236
99.33999633789062,102.58999633789062,97.62999725341795,97.68000030517578,97.68000030517578,7726000.0,COIN,2023-07-25,-0.011906701253629743,0.04955563129805018,4.9599990844726705
97.37000274658205,101.31999969482422,97.27999877929688,99.75,99.75,6575800.0,COIN,2023-07-26,0.02097022284328344,0.04069041645196447,4.040000915527344
102.58999633789062,102.7300033569336,91.8000030517578,92.69000244140624,92.69000244140624,12232300.0,COIN,2023-07-27,-0.07340643754275365,0.11249188903542559,10.930000305175795
94.8000030517578,96.91999816894533,93.5500030517578,94.76000213623048,94.76000213623048,7228000.0,COIN,2023-07-28,0.022086783606954097,0.03538979171411695,3.3699951171875284
94.75,100.1999969482422,94.58999633789062,98.61000061035156,98.61000061035156,8493000.0,COIN,2023-07-31,0.03982528069961473,0.057616434684628993,5.610000610351577
95.87999725341795,95.9499969482422,89.2300033569336,94.1500015258789,94.1500015258789,11543600.0,COIN,2023-08-01,-0.04628341122373457,0.07260984711480795,6.719993591308608
91.4499969482422,95.41000366210938,88.05000305175781,90.43000030517578,90.43000030517578,10666200.0,COIN,2023-08-02,-0.0403131971829464,0.08027856354503347,7.3600006103515625
89.0,93.44000244140624,88.45999908447266,90.75,90.75,10297200.0,COIN,2023-08-03,0.0035323990178529694,0.05476908311741873,4.9800033569335795
89.0,94.29000091552734,86.69999694824219,87.30999755859375,87.30999755859375,13219600.0,COIN,2023-08-04,-0.03864349728474858,0.08392130059983952,7.590003967285156
87.19999694824219,87.30000305175781,82.08999633789062,85.95999908447266,85.95999908447266,10019500.0,COIN,2023-08-07,-0.015582914736522548,0.06153433605342351,5.2100067138671875
87.08999633789062,88.98999786376953,84.55000305175781,88.04000091552734,88.04000091552734,8986900.0,COIN,2023-08-08,0.023909205933564822,0.05118086842477552,4.439994812011719
88.52999877929688,88.9000015258789,84.08000183105469,84.33999633789062,84.33999633789062,7987100.0,COIN,2023-08-09,-0.04293506215963035,0.055743411337625864,4.819999694824219
85.0,88.48999786376953,82.51000213623047,83.38999938964844,83.38999938964844,7697600.0,COIN,2023-08-10,-0.011327814117971222,0.06997000313151741,5.9799957275390625
82.05999755859375,83.4800033569336,80.47000122070312,81.01000213623047,81.01000213623047,5791100.0,COIN,2023-08-11,-0.028955760567292627,0.03672266309371981,3.0100021362304688
80.04000091552734,81.98999786376953,78.91000366210938,80.80999755859375,80.80999755859375,5753500.0,COIN,2023-08-14,-0.002471940178688615,0.03828925361168943,3.0799942016601562
81.1500015258789,83.0999984741211,79.11000061035156,79.18000030517578,79.18000030517578,7397300.0,COIN,2023-08-15,-0.020376944501483613,0.04920538675091052,3.9899978637695312
82.51000213623047,82.8499984741211,77.80000305175781,79.0,79.0,10140200.0,COIN,2023-08-16,-0.0022758930651658477,0.06289025504518019,5.049995422363281
78.37999725341797,79.18000030517578,75.4000015258789,75.55999755859375,75.55999755859375,9261600.0,COIN,2023-08-17,-0.04452084214454231,0.04891645028115653,3.779998779296875
72.33999633789062,75.25,72.25,73.19000244140625,73.19000244140625,10011800.0,COIN,2023-08-18,-0.03186817735224261,0.040683576636443536,3.0
73.25,76.02999877929688,72.0999984741211,75.27999877929688,75.27999877929688,7514900.0,COIN,2023-08-21,0.028155646091383654,0.05307396005726547,3.9300003051757812
76.69000244140625,77.45999908447266,74.0199966430664,74.9000015258789,74.9000015258789,6322000.0,COIN,2023-08-22,-0.005060568166231613,0.04542638066095118,3.44000244140625
74.3499984741211,78.16999816894531,74.06999969482422,77.77999877929688,77.77999877929688,6460900.0,COIN,2023-08-23,0.037730402137906474,0.05387533090313281,4.099998474121094
77.76000213623047,78.04000091552734,73.37999725341797,73.66000366210938,73.66000366210938,5585700.0,COIN,2023-08-24,-0.05442435229998584,0.06157014598886157,4.660003662109375
74.31999969482422,75.58999633789062,72.41000366210938,74.26000213623047,74.26000213623047,5136800.0,COIN,2023-08-25,0.008112516782530887,0.04297948888171176,3.17999267578125
74.56999969482422,74.70999908447266,73.05000305175781,73.70999908447266,73.70999908447266,4043800.0,COIN,2023-08-28,-0.0074340147353093855,0.022469759760299527,1.6599960327148438
73.5,86.26000213623047,73.16999816894531,84.69999694824219,84.69999694824219,24067300.0,COIN,2023-08-29,0.13897710284727882,0.164580540113441,13.090003967285156
83.55999755859375,86.5,82.56999969482422,83.83000183105469,83.83000183105469,9448000.0,COIN,2023-08-30,-0.010324605135568706,0.04649799920446088,3.9300003051757812
84.43000030517578,84.56999969482422,78.9000015258789,79.5999984741211,79.5999984741211,8466400.0,COIN,2023-08-31,-0.05177688681123671,0.06939834299434092,5.6699981689453125
80.0,80.3499984741211,77.1500015258789,77.98999786376953,77.98999786376953,6676500.0,COIN,2023-09-01,-0.020433487729679668,0.04064047460586802,3.1999969482421875
78.0,79.29000091552734,76.27999877929688,77.5,77.5,4949000.0,COIN,2023-09-05,-0.0063026495920231445,0.038701264101581825,3.0100021362304688
77.37999725341797,79.97000122070312,76.75,78.04000091552734,78.04000091552734,6636200.0,COIN,2023-09-06,0.006943591127122864,0.041098193141005095,3.220001220703125
76.2699966430664,82.06999969482422,75.45999908447266,81.79000091552734,81.79000091552734,6424000.0,COIN,2023-09-07,0.04693347045409255,0.08396983551959226,6.6100006103515625
81.63999938964844,82.69000244140625,80.3499984741211,82.08999633789062,82.08999633789062,5680600.0,COIN,2023-09-08,0.003661163808749567,0.02870663206576337,2.3400039672851562
82.0,83.19999694824219,77.79000091552734,80.62000274658203,80.62000274658203,7220700.0,COIN,2023-09-11,-0.018069369992000928,0.06723441115948176,5.409996032714844
82.0199966430664,86.36000061035156,80.54000091552734,81.31999969482422,81.31999969482422,10519300.0,COIN,2023-09-12,0.008645193250103734,0.06977064592346263,5.819999694824219
81.88999938964844,83.1500015258789,79.62000274658203,79.86000061035156,79.86000061035156,5925700.0,COIN,2023-09-13,-0.018116875729524865,0.043380871921552905,3.529998779296875
81.66999816894531,84.0999984741211,81.26000213623047,83.44999694824219,83.44999694824219,7145100.0,COIN,2023-09-14,0.04397250426010285,0.03435263198686453,2.839996337890625
82.73999786376953,83.31999969482422,79.94999694824219,82.1500015258789,82.1500015258789,6272300.0,COIN,2023-09-15,-0.015700750480368668,0.04128721162094279,3.3700027465820312
83.80000305175781,84.3499984741211,81.22000122070312,81.61000061035156,81.61000061035156,6246700.0,COIN,2023-09-18,-0.006595052097545334,0.037813253614387005,3.1299972534179688
82.1500015258789,82.4000015258789,77.7699966430664,78.12999725341797,78.12999725341797,7567400.0,COIN,2023-09-19,-0.04357774010538132,0.057829745891414104,4.6300048828125
78.62000274658203,80.58999633789062,76.55999755859375,76.66999816894531,76.66999816894531,5459200.0,COIN,2023-09-20,-0.018863597166133093,0.05129981163927896,4.029998779296875
74.37999725341797,75.19000244140625,72.86000061035156,74.41999816894531,74.41999816894531,6534800.0,COIN,2023-09-21,-0.029785775374379025,0.03147847590229776,2.3300018310546875
75.48999786376953,75.94999694824219,70.80999755859375,70.95999908447266,70.95999908447266,6321600.0,COIN,2023-09-22,-0.04760837321483621,0.07007498967522544,5.1399993896484375
69.91000366210938,72.36000061035156,69.62999725341797,71.75,71.75,5057500.0,COIN,2023-09-25,0.01107152954042661,0.038458199452953375,2.7300033569335938
71.73999786376953,73.08999633789062,69.70999908447266,70.5199966430664,70.5199966430664,5168200.0,COIN,2023-09-26,-0.017291544712637257,0.047347742023253814,3.3799972534179688
72.72000122070312,73.4800033569336,69.94999694824219,71.5199966430664,71.5199966430664,5324600.0,COIN,2023-09-27,0.01408077400117345,0.04923264854813463,3.5300064086914062
72.58999633789062,77.12999725341797,71.51000213623047,75.16000366210938,75.16000366210938,8252400.0,COIN,2023-09-28,0.049642139341176894,0.07565494440265587,5.6199951171875
76.75,77.5,74.56999969482422,75.08000183105469,75.08000183105469,5747200.0,COIN,2023-09-29,-0.0010649871630871491,0.0385396588960718,2.9300003051757812
78.55000305175781,79.94999694824219,74.4000015258789,75.30999755859375,75.30999755859375,9709300.0,COIN,2023-10-02,0.003058659588814845,0.07194543876096195,5.549995422363281
74.33999633789062,75.6500015258789,71.75,72.4800033569336,72.4800033569336,5815500.0,COIN,2023-10-03,-0.03830218764513952,0.05292960576487745,3.9000015258789062
73.19999694824219,74.11000061035156,70.41000366210938,73.47000122070312,73.47000122070312,7613700.0,COIN,2023-10-04,0.01356646819714166,0.05121513365676753,3.6999969482421875
73.52999877929688,75.4800033569336,72.0999984741211,74.62000274658203,74.62000274658203,6229300.0,COIN,2023-10-05,0.015531428353423306,0.04581374184729232,3.3800048828125
72.47000122070312,78.94999694824219,72.31999969482422,78.45999908447266,78.45999908447266,7931300.0,COIN,2023-10-06,0.05018032451209536,0.08771399018321668,6.629997253417969
76.54000091552734,80.05999755859375,76.5,79.0999984741211,79.0999984741211,5631300.0,COIN,2023-10-09,0.00812392637041154,0.04548558223722989,3.55999755859375
79.0,82.06999969482422,77.97000122070312,79.62000274658203,79.62000274658203,5645100.0,COIN,2023-10-10,0.006552496585199021,0.0512483849455687,4.099998474121094
79.2699966430664,80.48999786376953,75.5999984741211,77.3499984741211,77.3499984741211,6474100.0,COIN,2023-10-11,-0.028924794776168897,0.06267666356341707,4.8899993896484375
77.04000091552734,77.18000030517578,74.44999694824219,75.19000244140625,75.19000244140625,5338600.0,COIN,2023-10-12,-0.028322281432372275,0.036012641924236824,2.7300033569335938
75.0,75.19000244140625,72.0999984741211,73.43000030517578,73.43000030517578,6148400.0,COIN,2023-10-13,-0.023685700240232775,0.041964252732227314,3.0900039672851562
77.61000061035156,79.30000305175781,73.36000061035156,75.20999908447266,75.20999908447266,12608600.0,COIN,2023-10-16,0.023951613045836,0.07785933085634689,5.94000244140625
74.80000305175781,79.12000274658203,74.5,77.45999908447266,77.45999908447266,7459500.0,COIN,2023-10-17,0.029477473601885046,0.060166596643072966,4.620002746582031
76.87999725341797,78.37999725341797,73.77999877929688,73.93000030517578,73.93000030517578,5123400.0,COIN,2023-10-18,-0.046642958570339184,0.06048108210625853,4.599998474121094
74.27999877929688,76.16999816894531,72.72000122070312,73.0999984741211,73.0999984741211,5391200.0,COIN,2023-10-19,-0.011290357815034312,0.04635119369007335,3.4499969482421875
74.63999938964844,76.76000213623047,73.5,74.66000366210938,74.66000366210938,8423300.0,COIN,2023-10-20,0.021116176655047673,0.04339829275070339,3.2600021362304688
75.5,80.7300033569336,72.41999816894531,77.20999908447266,77.20999908447266,13635700.0,COIN,2023-10-23,0.03358444792617406,0.10862781593548661,8.310005187988281
83.29000091552734,89.4000015258789,80.88999938964844,82.06999969482422,82.06999969482422,23689500.0,COIN,2023-10-24,0.06104356746004093,0.10003049976305527,8.510002136230469
83.51000213623047,84.08999633789062,77.4000015258789,77.79000091552734,77.79000091552734,13773200.0,COIN,2023-10-25,-0.053559637935239664,0.08290080998504713,6.689994812011719
77.19999694824219,79.16000366210938,73.1500015258789,74.61000061035156,74.61000061035156,8294500.0,COIN,2023-10-26,-0.04173834532391638,0.0789590186707617,6.010002136230469
76.44999694824219,76.5,70.41999816894531,70.77999877929688,70.77999877929688,9010600.0,COIN,2023-10-27,-0.05269809699310696,0.08281345310749662,6.0800018310546875
72.05000305175781,74.08000183105469,71.87999725341797,73.5999984741211,73.5999984741211,6454600.0,COIN,2023-10-30,0.03906854733190426,0.03014759135048405,2.2000045776367188
73.5999984741211,77.47000122070312,73.55999755859375,77.12000274658203,77.12000274658203,6334600.0,COIN,2023-10-31,0.046717680913903194,0.051789413854117124,3.910003662109375
77.41999816894531,79.41000366210938,75.87000274658203,77.80999755859375,77.80999755859375,6878600.0,COIN,2023-11-01,0.008907240335645036,0.04560296547245159,3.5400009155273438
81.70999908447266,84.80000305175781,80.80999755859375,84.5999984741211,84.5999984741211,12596200.0,COIN,2023-11-02,0.08366432232345546,0.04819488875189585,3.9900054931640625
83.79000091552734,88.33999633789062,82.05000305175781,85.80000305175781,85.80000305175781,12193500.0,COIN,2023-11-03,0.014084793486405069,0.07386410998368761,6.2899932861328125
86.81999969482422,89.2699966430664,84.08999633789062,86.37000274658203,86.37000274658203,9881900.0,COIN,2023-11-06,0.006621383030190456,0.059777837292069376,5.180000305175781
86.19999694824219,89.48999786376953,84.30000305175781,89.06999969482422,89.06999969482422,6762300.0,COIN,2023-11-07,0.03078214892515222,0.05974496211463313,5.189994812011719
88.80000305175781,89.1500015258789,84.69000244140625,88.31999969482422,88.31999969482422,7286000.0,COIN,2023-11-08,-0.008455994944088102,0.051322801663939564,4.459999084472656
92.9000015258789,99.81999969482422,91.37000274658205,92.86000061035156,92.86000061035156,20941400.0,COIN,2023-11-09,0.0501264100911467,0.08845133391367528,8.449996948242173
94.4000015258789,96.22000122070312,91.8000030517578,92.91999816894533,92.91999816894533,9827900.0,COIN,2023-11-10,0.0006458990319069037,0.047024918087898375,4.419998168945327
91.77999877929688,93.2699966430664,88.62000274658203,92.63999938964844,92.63999938964844,8860400.0,COIN,2023-11-13,-0.003017880960235617,0.05114087998305888,4.649993896484375
94.91000366210938,95.31999969482422,89.79000091552734,92.08999633789062,92.08999633789062,10137700.0,COIN,2023-11-14,-0.005954687269621127,0.059766028299914425,5.529998779296875
93.91999816894533,100.1500015258789,93.06999969482422,98.1500015258789,98.1500015258789,11968900.0,COIN,2023-11-15,0.06373061630222698,0.07331718242913507,7.0800018310546875
97.68000030517578,97.88999938964844,94.4499969482422,96.91999816894533,96.91999816894533,7073800.0,COIN,2023-11-16,-0.012611059212976243,0.03577383140157421,3.440002441406236
97.0,99.43000030517578,94.9000015258789,99.0500030517578,99.0500030517578,7361800.0,COIN,2023-11-17,0.02173892689894398,0.04663016036654438,4.529998779296875
100.70999908447266,106.45999908447266,100.01000213623048,106.0999984741211,106.0999984741211,10962900.0,COIN,2023-11-20,0.0687572272835857,0.06249911679628714,6.449996948242173
104.0,106.05999755859376,101.33999633789062,105.48999786376952,105.48999786376952,9348200.0,COIN,2023-11-21,-0.0057658897952532345,0.04552378477897584,4.720001220703139
106.16999816894533,109.98999786376952,103.36000061035156,109.25,109.25,10340100.0,COIN,2023-11-22,0.03502269253253193,0.062171387207586505,6.6299972534179545
108.4499969482422,116.94000244140624,107.9800033569336,115.54000091552734,115.54000091552734,11654600.0,COIN,2023-11-24,0.05597796430131938,0.07971494774633449,8.959999084472642
112.58000183105467,121.45999908447266,112.18000030517578,119.7699966430664,119.7699966430664,14205900.0,COIN,2023-11-27,0.035956410654228874,0.07948025613114067,9.279998779296875
122.0500030517578,129.25999450683594,119.6999969482422,128.27000427246094,128.27000427246094,17639100.0,COIN,2023-11-28,0.06856424168885235,0.0768372502688598,9.559997558593736
127.81999969482422,131.4199981689453,126.3000030517578,127.81999969482422,127.81999969482422,13908800.0,COIN,2023-11-29,-0.003514428785507686,0.03973823401766043,5.119995117187514
126.05999755859376,127.13999938964844,118.4000015258789,124.72000122070312,124.72000122070312,14074000.0,COIN,2023-11-30,-0.024551787297522297,0.07122010137024094,8.739997863769531
126.38999938964844,134.3300018310547,125.87999725341795,133.75999450683594,133.75999450683594,13693500.0,COIN,2023-12-01,0.0699758737320055,0.06497042232878449,8.450004577636733
143.52999877929688,146.3000030517578,137.60000610351562,141.08999633789062,141.08999633789062,21561900.0,COIN,2023-12-04,0.05335085040015109,0.06130835902947984,8.699996948242188
140.0,147.86000061035156,139.17999267578125,140.1999969482422,140.1999969482422,18303400.0,COIN,2023-12-05,-0.006328005835911218,0.060497877464228036,8.680007934570312
142.5,143.44000244140625,134.1199951171875,134.6300048828125,134.6300048828125,12584400.0,COIN,2023-12-06,-0.0405396415737888,0.06718196112554727,9.32000732421875
131.02000427246094,138.47999572753906,130.1699981689453,136.19000244140625,136.19000244140625,9795700.0,COIN,2023-12-07,0.011520676247811605,0.06188460560367706,8.30999755859375
136.19000244140625,146.74000549316406,135.85000610351562,146.6199951171875,146.6199951171875,12023600.0,COIN,2023-12-08,0.07379318498560217,0.07711096991982111,10.889999389648438
141.5,142.8699951171875,135.99000549316406,138.02000427246094,138.02000427246094,12160400.0,COIN,2023-12-11,-0.06044553934510944,0.04935369768570541,6.8799896240234375
139.88999938964844,141.75,135.99000549316406,139.6199951171875,139.6199951171875,8303500.0,COIN,2023-12-12,0.011525778422267319,0.04148354859311227,5.7599945068359375
139.6199951171875,150.64999389648438,137.14999389648438,150.4600067138672,150.4600067138672,12514900.0,COIN,2023-12-13,0.07477290118424931,0.09388405218064062,13.5
152.10000610351562,154.74000549316406,149.10000610351562,153.6300048828125,153.6300048828125,12095100.0,COIN,2023-12-14,0.020849833171156955,0.03712906191421275,5.6399993896484375
151.80999755859375,151.9199981689453,146.83999633789062,147.89999389648438,147.89999389648438,11802300.0,COIN,2023-12-15,-0.03801081747660531,0.03401052076209487,5.0800018310546875
144.80999755859375,155.00999450683594,144.0,153.42999267578125,153.42999267578125,9959900.0,COIN,2023-12-18,0.0367080607716648,0.07367629595371976,11.009994506835938
155.5,162.08999633789062,153.61000061035156,161.16000366210938,161.16000366210938,13906800.0,COIN,2023-12-19,0.049153293826020884,0.053734787196583575,8.479995727539062
164.72999572753906,169.47999572753906,160.07000732421875,161.86000061035156,161.86000061035156,16021900.0,COIN,2023-12-20,0.004334084791831864,0.05712363523417055,9.409988403320312
166.7100067138672,170.1699981689453,163.10000610351562,168.02999877929688,168.02999877929688,12081500.0,COIN,2023-12-21,0.0374107597866411,0.04243437957430513,7.0699920654296875
169.77000427246094,178.6999969482422,167.89999389648438,175.47999572753906,175.47999572753906,15832900.0,COIN,2023-12-22,0.043382524325673785,0.062339877356428174,10.800003051757812
174.8000030517578,178.1199951171875,169.0500030517578,172.0500030517578,172.0500030517578,12544800.0,COIN,2023-12-26,-0.019739901969620628,0.05226290583415872,9.069992065429688
176.32000732421875,186.97000122070312,175.5,185.2400054931641,185.2400054931641,15569900.0,COIN,2023-12-27,0.07386716128574833,0.06330913980013386,11.470001220703125
179.30999755859375,187.38999938964844,177.75,186.3600006103516,186.3600006103516,17276300.0,COIN,2023-12-28,0.006027978956858115,0.05281393464710491,9.639999389648438
186.05999755859372,187.25,171.0,173.9199981689453,173.9199981689453,19724400.0,COIN,2023-12-29,-0.06908487737896128,0.09078106589466906,16.25
173.02000427246094,175.57000732421875,155.35000610351562,156.8800048828125,156.8800048828125,26549400.0,COIN,2024-01-02,-0.10311419983215961,0.1223571903700581,20.220001220703125
146.0,156.25,144.11000061035156,152.24000549316406,152.24000549316406,18573800.0,COIN,2024-01-03,-0.030022953942437737,0.08088038753092351,12.139999389648438
152.5,161.27999877929688,148.80999755859375,155.60000610351562,155.60000610351562,14874300.0,COIN,2024-01-04,0.021830391899810585,0.08047166927839879,12.470001220703125
152.6699981689453,157.69000244140625,151.08999633789062,153.97999572753906,153.97999572753906,10875500.0,COIN,2024-01-05,-0.010465954866922504,0.042755434385994585,6.600006103515625
157.8000030517578,161.3800048828125,146.50999450683594,159.4199981689453,159.4199981689453,18125700.0,COIN,2024-01-08,0.03471952141100274,0.09666821465719502,14.870010375976562
159.60000610351562,159.99000549316406,151.32000732421875,151.99000549316406,151.99000549316406,12959700.0,COIN,2024-01-09,-0.047727452164065313,0.05571449944802816,8.669998168945312
149.2100067138672,153.47000122070312,143.14999389648438,151.2899932861328,151.2899932861328,18718200.0,COIN,2024-01-10,-0.004616284970709847,0.06961212723410128,10.32000732421875
159.19000244140625,161.0399932861328,140.00999450683594,141.16000366210938,141.16000366210938,31754200.0,COIN,2024-01-11,-0.06930445562923722,0.13993893024510523,21.029998779296875
137.19000244140625,141.07000732421875,130.3699951171875,130.77999877929688,130.77999877929688,20392800.0,COIN,2024-01-12,-0.07637751195092711,0.07887974878425912,10.70001220703125
129.44000244140625,136.39999389648438,126.87999725341795,133.8800048828125,133.8800048828125,14789700.0,COIN,2024-01-16,0.02342740001557573,0.0723499644227254,9.51999664306642
130.50999450683594,134.25999450683594,129.41000366210938,133.86000061035156,133.86000061035156,8133100.0,COIN,2024-01-17,-0.00014943058256317227,0.036792490464146885,4.8499908447265625
133.25,137.30999755859375,123.93000030517578,124.33999633789062,124.33999633789062,14519500.0,COIN,2024-01-18,-0.07377476284331493,0.10252423301414147,13.379997253417969
124.33999633789062,124.81999969482422,118.0199966430664,124.75,124.75,16692600.0,COIN,2024-01-19,0.003292015242820542,0.05601862387571641,6.8000030517578125
124.0500030517578,131.77999877929688,122.5,128.2100067138672,128.2100067138672,12042600.0,COIN,2024-01-22,0.027357862299154087,0.07302282623770258,9.279998779296875
122.41000366210938,126.1500015258789,120.33000183105467,124.19000244140624,124.19000244140624,9737100.0,COIN,2024-01-23,-0.03185692631220326,0.04723370351580359,5.819999694824233
127.27999877929688,127.97000122070312,120.79000091552734,121.33999633789062,121.33999633789062,9118900.0,COIN,2024-01-24,-0.023216178284989418,0.057742362791800235,7.180000305175781
122.37999725341795,124.26000213623048,118.91999816894533,121.01000213623048,121.01000213623048,8166400.0,COIN,2024-01-25,-0.00272328787029004,0.04392517909463433,5.340003967285156
127.5199966430664,128.10000610351562,121.45999908447266,125.1999969482422,125.1999969482422,13956300.0,COIN,2024-01-26,0.034039229827636214,0.05322627361743623,6.640007019042969
127.08999633789062,136.88999938964844,125.8000030517578,132.82000732421875,132.82000732421875,17813700.0,COIN,2024-01-29,0.05908244896557525,0.08448431062357417,11.08999633789064
136.0500030517578,136.6999969482422,130.44000244140625,130.82000732421875,130.82000732421875,8745700.0,COIN,2024-01-30,-0.015172494736450267,0.04687535176759597,6.2599945068359375
129.08999633789062,135.5500030517578,127.56999969482422,128.1999969482422,128.1999969482422,9838800.0,COIN,2024-01-31,-0.020230867838154382,0.060675367300587986,7.980003356933594
128.75,132.07000732421875,124.23999786376952,128.9499969482422,128.9499969482422,8464300.0,COIN,2024-02-01,0.005833187979237053,0.06111697886676238,7.830009460449233
126.9000015258789,130.1300048828125,125.5500030517578,129.22000122070312,129.22000122070312,6110000.0,COIN,2024-02-02,0.0020916789155803147,0.035829878400534025,4.580001831054702
128.6999969482422,128.88999938964844,115.8000030517578,117.3000030517578,117.3000030517578,13067300.0,COIN,2024-02-05,-0.09678160590060364,0.10709473118865392,13.08999633789064
118.61000061035156,120.9000015258789,115.9000015258789,119.79000091552734,119.79000091552734,6740600.0,COIN,2024-02-06,0.021005435709889074,0.042236006730563005,5.0
119.68000030517578,124.4000015258789,114.51000213623048,122.06999969482422,122.06999969482422,8985100.0,COIN,2024-02-07,0.01885443079569277,0.08284001849033318,9.889999389648423
127.22000122070312,133.0500030517578,125.80999755859376,132.5500030517578,132.5500030517578,11315900.0,COIN,2024-02-08,0.08236530757677867,0.05595220740308537,7.240005493164048
142.16000366210938,144.5500030517578,137.1699981689453,141.99000549316406,141.99000549316406,15985100.0,COIN,2024-02-09,0.06879671551476342,0.05240447043296384,7.3800048828125
141.10000610351562,150.35000610351562,140.99000549316406,147.30999755859375,147.30999755859375,10977100.0,COIN,2024-02-12,0.03678252198034743,0.06427694519127639,9.360000610351562
138.38999938964844,143.75,137.1300048828125,140.38999938964844,140.38999938964844,9568800.0,COIN,2024-02-13,-0.04811493361727466,0.04714626305851845,6.6199951171875
151.8300018310547,161.1300048828125,150.39999389648438,160.3800048828125,160.3800048828125,18041800.0,COIN,2024-02-14,0.13312177018783589,0.06891315195518358,10.730010986328125
168.7899932861328,172.82000732421875,162.0800018310547,165.6699981689453,165.6699981689453,22992800.0,COIN,2024-02-15,0.03245181707387152,0.06416058099627142,10.740005493164062
189.0500030517578,193.63999938964844,178.8000030517578,180.30999755859372,180.30999755859372,33233300.0,COIN,2024-02-16,0.0846797313502032,0.0797328821120922,14.839996337890625
179.8699951171875,181.30999755859372,163.38999938964844,173.3000030517578,173.3000030517578,16196500.0,COIN,2024-02-20,-0.03965336391698579,0.10406828266516525,17.919998168945284
164.25,168.08999633789062,161.19000244140625,162.41000366210938,162.41000366210938,10622100.0,COIN,2024-02-21,-0.06490018959618443,0.04191571990372464,6.899993896484375
164.85000610351562,171.99000549316406,163.8000030517578,170.91000366210938,170.91000366210938,9027300.0,COIN,2024-02-22,0.051013098852478,0.04879017747728878,8.19000244140625
167.3800048828125,170.0,160.66000366210938,165.97999572753906,165.97999572753906,7191200.0,COIN,2024-02-23,-0.0292698501580516,0.056508083510437845,9.339996337890625
168.66000366210938,196.9499969482422,168.39999389648438,193.94000244140625,193.94000244140625,22593700.0,COIN,2024-02-26,0.15568157203537797,0.15660780835775437,28.550003051757812
205.17999267578125,209.94000244140625,192.08999633789065,199.22000122070312,199.22000122070312,22679100.0,COIN,2024-02-27,0.026860902379570357,0.08885779410244761,17.850006103515597
209.41000366210935,212.22000122070312,197.66000366210935,200.8000030517578,200.8000030517578,25397100.0,COIN,2024-02-28,0.007899655171138987,0.0710750767221548,14.559997558593778
206.4600067138672,211.30999755859372,193.8800048828125,203.55999755859372,203.55999755859372,16237800.0,COIN,2024-02-29,0.01365138671151446,0.08608680186327478,17.42999267578122
202.6999969482422,206.38999938964844,196.00999450683597,205.7700042724609,205.7700042724609,9297400.0,COIN,2024-03-01,0.010798271215537746,0.05160192955174521,10.380004882812472
217.38999938964844,236.4600067138672,212.25,229.1499938964844,229.1499938964844,23294900.0,COIN,2024-03-04,0.10761772337704963,0.10801426363675727,24.210006713867188
230.0,239.97999572753903,215.3999938964844,216.7700042724609,216.7700042724609,23863300.0,COIN,2024-03-05,-0.05553988100319059,0.10805883234627763,24.58000183105463
229.1999969482422,239.8999938964844,223.02999877929688,238.5500030517578,238.5500030517578,17936700.0,COIN,2024-03-06,0.09574204143858175,0.07291585831713504,16.86999511718753
240.0,242.8699951171875,235.5,242.6199951171875,242.6199951171875,10553700.0,COIN,2024-03-07,0.0169174684623586,0.030815387203023372,7.3699951171875
246.0,270.54998779296875,244.8999938964844,256.6199951171875,256.6199951171875,21884000.0,COIN,2024-03-08,0.056099959222044964,0.09960693993378536,25.649993896484347
270.0799865722656,271.6499938964844,253.9600067138672,254.1699981689453,254.1699981689453,20296400.0,COIN,2024-03-11,-0.009593045161965153,0.06733764979026456,17.689987182617188
257.8299865722656,260.7900085449219,242.08999633789065,256.1400146484375,256.1400146484375,14666200.0,COIN,2024-03-12,0.007720899909605175,0.07440597580650553,18.70001220703122
253.3600006103516,269.3900146484375,250.52999877929688,251.72999572753903,251.72999572753903,17329800.0,COIN,2024-03-13,-0.017367159609415032,0.07258152917800294,18.860015869140625
245.0,248.2700042724609,227.2400054931641,233.6699981689453,233.6699981689453,18789300.0,COIN,2024-03-14,-0.07444721181379682,0.08851012897441526,21.029998779296818
225.05999755859372,244.6499938964844,222.8300018310547,242.3600006103516,242.3600006103516,17256300.0,COIN,2024-03-15,0.03651437083126012,0.093419435671035,21.819992065429716
238.6100006103516,244.0500030517578,230.2100067138672,239.6199951171875,239.6199951171875,9734500.0,COIN,2024-03-18,-0.011369911760719408,0.058381169842894556,13.839996337890625
223.2400054931641,233.2899932861328,216.16000366210935,230.1199951171875,230.1199951171875,12928500.0,COIN,2024-03-19,-0.040453424057893164,0.07626339490993651,17.129989624023466
231.3800048828125,256.9599914550781,228.8000030517578,256.8800048828125,256.8800048828125,13834300.0,COIN,2024-03-20,0.1100081780128607,0.11607212466075226,28.159988403320312
260.239990234375,276.3800048828125,256.2699890136719,262.0,262.0,16199900.0,COIN,2024-03-21,0.01973543497169267,0.07554521472503632,20.110015869140625
254.2400054931641,260.7200012207031,249.5500030517578,255.50999450683597,255.50999450683597,9828200.0,COIN,2024-03-22,-0.02508297743881999,0.04378773106669068,11.169998168945312
261.0,283.4800109863281,260.25,279.7099914550781,279.7099914550781,13941700.0,COIN,2024-03-25,0.09049179528937251,0.08549890520219053,23.230010986328125
280.1199951171875,280.8299865722656,266.69000244140625,266.8099975585937,266.8099975585937,10316200.0,COIN,2024-03-26,-0.04721653616357066,0.051662511910915136,14.139984130859375
276.2200012207031,276.6099853515625,253.9499969482422,256.70001220703125,256.70001220703125,11092600.0,COIN,2024-03-27,-0.038628650017298885,0.08547113367999139,22.659988403320312
260.2099914550781,270.7900085449219,257.9100036621094,265.1199951171875,265.1199951171875,11201600.0,COIN,2024-03-28,0.032274399830105285,0.04873294323630871,12.8800048828125
261.8699951171875,268.8099975585937,249.22000122070312,252.1100006103516,252.1100006103516,10010700.0,COIN,2024-04-01,-0.05031703263385486,0.07566875584286442,19.589996337890568
238.1000061035156,248.1300048828125,235.9900054931641,245.83999633789065,245.83999633789065,8817600.0,COIN,2024-04-02,-0.025184599701113076,0.05016336752676605,12.139999389648409
244.0399932861328,256.0,243.0,251.5800018310547,251.5800018310547,6670200.0,COIN,2024-04-03,0.02308013476302966,0.0521160011390141,13.0
260.1499938964844,261.5,249.4600067138672,249.6100006103516,249.6100006103516,8098300.0,COIN,2024-04-04,-0.007861335448433808,0.04713567489381286,12.039993286132812
244.91000366210935,253.9600067138672,240.1999969482422,240.8999938964844,240.8999938964844,8438600.0,COIN,2024-04-05,-0.03551781795599135,0.05570490379814705,13.760009765625
252.8600006103516,261.6300048828125,249.67999267578125,256.989990234375,256.989990234375,10042200.0,COIN,2024-04-08,0.06465525134780808,0.04675124194194833,11.95001220703125
253.22999572753903,254.5500030517578,241.1000061035156,242.9499969482422,242.9499969482422,7792700.0,COIN,2024-04-09,-0.05618148734167655,0.05428548183476785,13.449996948242216
238.2400054931641,251.2700042724609,234.1199951171875,250.9900054931641,250.9900054931641,8416000.0,COIN,2024-04-10,0.03255747129600875,0.07069429163173567,17.15000915527341
250.9900054931641,264.29998779296875,247.30999755859372,263.010009765625,263.010009765625,8655100.0,COIN,2024-04-11,0.046778971812183344,0.06644217486945121,16.98999023437503
259.4200134277344,259.9700012207031,244.30999755859372,245.75,245.75,9051600.0,COIN,2024-04-12,-0.06787733237156954,0.06212834372674093,15.660003662109403
247.94000244140625,249.7400054931641,222.13999938964844,223.41000366210935,223.41000366210935,11239800.0,COIN,2024-04-15,-0.09530609424473468,0.11711258769115532,27.600006103515653
223.0,223.0,205.6699981689453,218.8300018310547,218.8300018310547,16472100.0,COIN,2024-04-16,-0.020713483748797046,0.08089883780162739,17.330001831054688
222.0399932861328,224.8699951171875,205.8999938964844,213.77999877929688,213.77999877929688,9440200.0,COIN,2024-04-17,-0.0233477378980349,0.0881318513441697,18.970001220703097
215.57000732421875,228.0500030517578,213.25,218.0800018310547,218.0800018310547,9403900.0,COIN,2024-04-18,0.019914533208765326,0.06709973016788882,14.800003051757812
223.8300018310547,227.75999450683597,210.17999267578125,211.00999450683597,211.00999450683597,9364000.0,COIN,2024-04-19,-0.03295647665922867,0.08032814726148266,17.580001831054716
216.7899932861328,227.13999938964844,215.02999877929688,225.8600006103516,225.8600006103516,8207000.0,COIN,2024-04-22,0.06800984131262292,0.05478901717598353,12.110000610351562
223.6199951171875,238.6699981689453,223.6100006103516,236.42999267578125,236.42999267578125,7338400.0,COIN,2024-04-23,0.0457368090574168,0.06517837127395201,15.059997558593722
236.8300018310547,239.0,223.8699951171875,224.3699951171875,224.3699951171875,6737400.0,COIN,2024-04-24,-0.05235569694592358,0.06539804750264891,15.1300048828125
216.0500030517578,225.94000244140625,213.63999938964844,223.6100006103516,223.6100006103516,5143500.0,COIN,2024-04-25,-0.0033929873797716075,0.0559771354896805,12.300003051757812
220.7700042724609,237.0200042724609,218.66000366210935,236.32000732421875,236.32000732421875,6044900.0,COIN,2024-04-26,0.05528338404627957,0.08062651503174202,18.360000610351562
229.94000244140625,230.32000732421875,216.5399932861328,218.16000366210935,218.16000366210935,9576100.0,COIN,2024-04-29,-0.07995809445219079,0.06169442122655917,13.780014038085938
214.3500061035156,216.57000732421875,202.58999633789065,203.92999267578125,203.92999267578125,9127900.0,COIN,2024-04-30,-0.06745199353478126,0.06672964045995033,13.980010986328097
199.0,218.5200042724609,198.1999969482422,210.08999633789065,210.08999633789065,10191500.0,COIN,2024-05-01,0.029759231115492314,0.09760095658080171,20.32000732421872
216.47999572753903,232.7100067138672,210.75999450683597,228.8500061035156,228.8500061035156,12454200.0,COIN,2024-05-02,0.08553080086563647,0.09907305274419273,21.95001220703122
230.8999938964844,232.25,216.5500030517578,223.25,223.25,13739100.0,COIN,2024-05-03,-0.02477457401341849,0.06999289594068792,15.699996948242188
225.83999633789065,235.8000030517578,224.8999938964844,226.92999267578125,226.92999267578125,9690600.0,COIN,2024-05-06,0.01634934784968844,0.04732816921894351,10.900009155273409
226.94000244140625,230.82000732421875,214.1199951171875,214.33999633789065,214.33999633789065,8169600.0,COIN,2024-05-07,-0.0570780454069614,0.07510163500247183,16.70001220703125
209.5,214.8999938964844,206.52999877929688,211.1999969482422,211.1999969482422,4615400.0,COIN,2024-05-08,-0.014757984816840075,0.039727100857787745,8.369995117187528
210.22000122070312,213.8500061035156,205.1100006103516,210.4499969482422,210.4499969482422,4649700.0,COIN,2024-05-09,-0.0035574566670221372,0.04172843964448321,8.740005493164006
214.5,214.8699951171875,200.5,200.9199981689453,200.9199981689453,7423500.0,COIN,2024-05-10,-0.046341270946981344,0.06921892461851652,14.3699951171875
204.0,206.6699981689453,197.63999938964844,199.50999450683597,199.50999450683597,7542200.0,COIN,2024-05-13,-0.007042476914799183,0.04467611852406421,9.029998779296875
195.9600067138672,206.97000122070312,194.92999267578125,203.0500030517578,203.0500030517578,5356000.0,COIN,2024-05-14,0.017587936308201893,0.059933378939629606,12.040008544921875
212.2100067138672,221.3999938964844,207.6999969482422,219.91000366210935,219.91000366210935,9339300.0,COIN,2024-05-15,0.07976611923362593,0.06387627651775298,13.699996948242216
215.0,216.4499969482422,198.63999938964844,199.1699981689453,199.1699981689453,12185500.0,COIN,2024-05-16,-0.09905966618976898,0.08586542166159487,17.80999755859375
205.66000366210935,210.6699981689453,199.8300018310547,207.6000061035156,207.6000061035156,8688600.0,COIN,2024-05-17,0.04145445848634578,0.052825905190541415,10.839996337890625
207.9600067138672,226.25999450683597,203.72000122070312,225.19000244140625,225.19000244140625,11223300.0,COIN,2024-05-20,0.08133132045569022,0.10493824821174834,22.53999328613284
231.97000122070312,233.6499938964844,220.1199951171875,225.77999877929688,225.77999877929688,10704500.0,COIN,2024-05-21,0.0026165672790088436,0.05965141301490777,13.529998779296903
225.00999450683597,238.7700042724609,221.2100067138672,231.50999450683597,231.50999450683597,8933700.0,COIN,2024-05-22,0.02506197698327922,0.07638825644591245,17.55999755859372
233.80999755859372,234.32000732421875,217.66000366210935,218.8600006103516,218.8600006103516,9428300.0,COIN,2024-05-23,-0.056190786631002416,0.07375350468398964,16.660003662109403
221.0,237.7899932861328,220.0500030517578,237.6499938964844,237.6499938964844,10249200.0,COIN,2024-05-24,0.08236671859815253,0.07753309586779197,17.739990234375
235.4499969482422,247.1300048828125,231.0500030517578,245.0,245.0,10843100.0,COIN,2024-05-28,0.030459233167501206,0.0672803831954578,16.080001831054688
239.0200042724609,240.4900054931641,233.17999267578125,236.6499938964844,236.6499938964844,6802000.0,COIN,2024-05-29,-0.034675979983789094,0.030867875386315694,7.310012817382841
241.1000061035156,248.8600006103516,233.3800048828125,234.75999450683597,234.75999450683597,9318800.0,COIN,2024-05-30,-0.008018538269867356,0.06422244449995938,15.479995727539091
239.27999877929688,240.41000366210935,219.1699981689453,225.9199981689453,225.9199981689453,10123100.0,COIN,2024-05-31,-0.038382746091074095,0.09249813832731128,21.240005493164034
232.5,239.1999969482422,224.69000244140625,231.38999938964844,231.38999938964844,7333100.0,COIN,2024-06-03,0.023923649776259968,0.06257832403448774,14.509994506835938
230.22999572753903,247.1999969482422,230.16000366210935,244.1999969482422,244.1999969482422,10854300.0,COIN,2024-06-04,0.05388295320338724,0.07142297808379884,17.03999328613284
246.8600006103516,251.88999938964844,240.6999969482422,251.3999938964844,251.3999938964844,9383500.0,COIN,2024-06-05,0.02905772269839832,0.0454411497441573,11.19000244140625
250.0,263.79998779296875,248.75,257.0799865722656,257.0799865722656,9494600.0,COIN,2024-06-06,0.022341996393307643,0.058742817970700384,15.04998779296875
256.19000244140625,263.17999267578125,243.8600006103516,244.16000366210935,244.16000366210935,9315300.0,COIN,2024-06-07,-0.05156350517644768,0.07624388825730487,19.31999206542966
241.1100006103516,253.42999267578125,239.52999877929688,249.80999755859372,249.80999755859372,6335900.0,COIN,2024-06-10,0.022876856047883407,0.056408957005979025,13.899993896484375
242.92999267578125,245.66000366210935,234.08999633789065,244.1999969482422,244.1999969482422,8991300.0,COIN,2024-06-11,-0.022713069963141482,0.04824283986541857,11.570007324218693
251.8000030517578,263.260009765625,250.5800018310547,254.9600067138672,254.9600067138672,11134700.0,COIN,2024-06-12,0.04311914726245875,0.04936393596757063,12.680007934570312
253.7700042724609,257.1300048828125,243.25999450683597,247.63999938964844,247.63999938964844,8666200.0,COIN,2024-06-13,-0.029130620255743596,0.0554510049597277,13.870010375976534
246.16000366210935,250.25,237.05999755859372,244.5,244.5,7146500.0,COIN,2024-06-14,-0.012760767271431899,0.05414715484266065,13.190002441406278
239.8699951171875,248.63999938964844,234.22999572753903,245.1000061035156,245.1000061035156,6662900.0,COIN,2024-06-17,0.0024510065212842024,0.059702544360155686,14.410003662109403
238.25,242.8000030517578,234.6000061035156,235.9499969482422,235.9499969482422,6198900.0,COIN,2024-06-18,-0.038046410197731945,0.03435610951829674,8.199996948242216
237.3600006103516,240.4900054931641,228.44000244140625,235.02999877929688,235.02999877929688,6888900.0,COIN,2024-06-20,-0.003906744861460446,0.051404926997350886,12.050003051757841
227.0,228.25,220.7100067138672,225.8600006103516,225.8600006103516,11335400.0,COIN,2024-06-21,-0.039797819379149654,0.03359186644338923,7.5399932861328125
217.22000122070312,221.44000244140625,207.7100067138672,212.30999755859372,212.30999755859372,10762000.0,COIN,2024-06-24,-0.061867881741318416,0.06400877504315095,13.729995727539062
217.0,222.8800048828125,213.22000122070312,221.7100067138672,221.7100067138672,8014400.0,COIN,2024-06-25,0.04332279262977047,0.044309029691888,9.660003662109375
220.0,223.72999572753903,212.4600067138672,214.5800018310547,214.5800018310547,6574900.0,COIN,2024-06-26,-0.03268761414451792,0.05168618163599561,11.269989013671847
217.6000061035156,225.75999450683597,216.32000732421875,224.0,224.0,5641200.0,COIN,2024-06-27,0.04296341411323682,0.042713637059770514,9.439987182617216
223.9499969482422,225.52999877929688,218.8000030517578,222.22999572753903,222.22999572753903,10944900.0,COIN,2024-06-28,-0.007933189487064193,0.030295097879888617,6.7299957275390625
226.0,236.0399932861328,224.0399932861328,233.3699951171875,233.3699951171875,7739800.0,COIN,2024-07-01,0.048912293595765224,0.052176676370837706,12.0
231.33999633789065,234.97000122070312,226.32000732421875,227.50999450683597,227.50999450683597,4407000.0,COIN,2024-07-02,-0.025430986639533203,0.037507892260122334,8.649993896484375
223.80999755859372,227.1100006103516,222.22000122070312,224.94000244140625,224.94000244140625,3241700.0,COIN,2024-07-03,-0.011360458494743278,0.02176659664589146,4.889999389648466
213.47999572753903,225.1300048828125,209.4499969482422,223.67999267578125,223.67999267578125,10148500.0,COIN,2024-07-05,-0.005617284528201968,0.07219300199903654,15.680007934570312
226.50999450683597,226.50999450683597,217.75,220.55999755859372,220.55999755859372,5615200.0,COIN,2024-07-08,-0.014046670654846395,0.039441454074954835,8.759994506835966
223.5500030517578,225.63999938964844,218.67999267578125,219.97000122070312,219.97000122070312,5344900.0,COIN,2024-07-09,-0.002678576679376691,0.03133136563285842,6.9600067138671875
221.63999938964844,223.3300018310547,215.13999938964844,219.55999755859372,219.55999755859372,4481900.0,COIN,2024-07-10,-0.0018656464048911498,0.03736153026439558,8.19000244140625
224.3699951171875,227.1499938964844,213.57000732421875,214.6300048828125,214.6300048828125,7037900.0,COIN,2024-07-11,-0.022709894418668174,0.061645883257312295,13.579986572265653
215.33999633789065,222.1499938964844,214.57000732421875,218.0200042724609,218.0200042724609,4949000.0,COIN,2024-07-12,0.01567118315337908,0.0347167423157759,7.579986572265653
229.3800048828125,247.5,228.0,242.8500061035156,242.8500061035156,14439500.0,COIN,2024-07-15,0.10785717262775683,0.08206495305430421,19.5
243.19000244140625,252.1199951171875,234.1999969482422,251.4900054931641,251.4900054931641,10270700.0,COIN,2024-07-16,0.0349592552357349,0.07372970714483744,17.919998168945312
245.8999938964844,255.8999938964844,241.30999755859372,249.1000061035156,249.1000061035156,8883300.0,COIN,2024-07-17,-0.00954880238994568,0.05870431547144088,14.589996337890682
251.2100067138672,253.8699951171875,230.57000732421875,233.2400054931641,233.2400054931641,8848500.0,COIN,2024-07-18,-0.06578645686489765,0.09626777000720332,23.29998779296875
235.1000061035156,259.79998779296875,233.5,257.7900085449219,257.7900085449219,12501900.0,COIN,2024-07-19,0.10007734323456564,0.10672998014128256,26.29998779296875
260.4700012207031,266.0,252.83999633789065,265.1499938964844,265.1499938964844,11282200.0,COIN,2024-07-22,0.028150347423961008,0.0507394456615014,13.160003662109347
263.6000061035156,272.54998779296875,257.2900085449219,257.6300048828125,257.6300048828125,9275600.0,COIN,2024-07-23,-0.028771214534592148,0.05761815211635685,15.259979248046875
261.0,265.0,243.75,245.05999755859372,245.05999755859372,8141100.0,COIN,2024-07-24,-0.05002139747062523,0.08358671610826557,21.25
239.25999450683597,241.63999938964844,226.3000030517578,231.5200042724609,231.5200042724609,8482500.0,COIN,2024-07-25,-0.056836787221682714,0.06558744661972547,15.339996337890625
243.33999633789065,249.16000366210935,237.55999755859372,242.92999267578125,242.92999267578125,7917400.0,COIN,2024-07-26,0.04810702451135486,0.04767506221311643,11.600006103515625
251.5500030517578,255.4199981689453,234.0,234.1999969482422,234.1999969482422,9467700.0,COIN,2024-07-29,-0.03659786771543464,0.08758812654161544,21.419998168945312
235.6199951171875,239.0,223.02999877929688,224.4600067138672,224.4600067138672,6053900.0,COIN,2024-07-30,-0.0424778906337481,0.06915726584491289,15.970001220703125
233.0,234.1100006103516,224.0399932861328,224.3600006103516,224.3600006103516,4771700.0,COIN,2024-07-31,-0.0004456401387580153,0.04396651560498009,10.070007324218778
226.6000061035156,227.1000061035156,207.82000732421875,212.63999938964844,212.63999938964844,8920000.0,COIN,2024-08-01,-0.053651315265964374,0.08871812031981764,19.279998779296847
213.1199951171875,219.3000030517578,199.3800048828125,204.44000244140625,204.44000244140625,10063900.0,COIN,2024-08-02,-0.039326046252584186,0.09522809325520766,19.919998168945312
162.00999450683594,197.8800048828125,161.1300048828125,189.47000122070312,189.47000122070312,18734600.0,COIN,2024-08-05,-0.07604383875500352,0.20544928814609517,36.75
191.9900054931641,197.3999938964844,182.6999969482422,194.1699981689453,194.1699981689453,7050600.0,COIN,2024-08-06,0.024503347489203766,0.07738664939954319,14.699996948242216
196.8000030517578,199.9499969482422,177.38999938964844,178.91000366210938,178.91000366210938,8324400.0,COIN,2024-08-07,-0.08185114800546513,0.11971662497010704,22.55999755859375
185.6699981689453,194.97999572753903,182.4600067138672,192.32000732421875,192.32000732421875,7421600.0,COIN,2024-08-08,0.07227778285960768,0.06636595957511558,12.519989013671847
191.2899932861328,199.1000061035156,189.77999877929688,196.2899932861328,196.2899932861328,5255900.0,COIN,2024-08-09,0.020432433915597584,0.04794174161226665,9.320007324218722
194.3000030517578,197.69000244140625,188.2899932861328,191.7400054931641,191.7400054931641,5742800.0,COIN,2024-08-12,-0.023452807048064437,0.04871686770623601,9.400009155273438
193.1300048828125,201.1000061035156,191.8699951171875,197.94000244140625,197.94000244140625,4795500.0,COIN,2024-08-13,0.031823650504741945,0.04698429320779379,9.230010986328097
200.8999938964844,201.97000122070312,192.3999938964844,195.9600067138672,195.9600067138672,5027000.0,COIN,2024-08-14,-0.01005337577082717,0.0485426710557279,9.570007324218722
198.5200042724609,205.07000732421875,196.1999969482422,197.1199951171875,197.1199951171875,6068300.0,COIN,2024-08-15,0.005902064542603274,0.04421688840643715,8.870010375976562
199.0,205.9499969482422,197.13999938964844,205.30999755859372,205.30999755859372,6240500.0,COIN,2024-08-16,0.04070836457896282,0.04371927292287296,8.80999755859375
203.33999633789065,207.4900054931641,200.3500061035156,204.4600067138672,204.4600067138672,6304200.0,COIN,2024-08-19,-0.004148629987419262,0.03501730466629657,7.139999389648494
209.1000061035156,209.8000030517578,191.2100067138672,197.25,197.25,12353700.0,COIN,2024-08-20,-0.03590043043995318,0.09278237489083102,18.589996337890625
197.16000366210935,207.0,195.1100006103516,206.22999572753903,206.22999572753903,7502400.0,COIN,2024-08-21,0.04452007037300063,0.0591552880553182,11.889999389648409
204.77999877929688,207.1000061035156,197.42999267578125,198.42999267578125,198.42999267578125,5284900.0,COIN,2024-08-22,-0.03855567391266795,0.04781774383454706,9.670013427734347
200.97000122070312,211.9199981689453,200.0,211.3999938964844,211.3999938964844,8304200.0,COIN,2024-08-23,0.06331568837793972,0.05789146977546674,11.919998168945312
209.3000030517578,210.8500061035156,202.67999267578125,204.0,204.0,5437100.0,COIN,2024-08-26,-0.035632050720039644,0.039518664668912615,8.170013427734347
201.83999633789065,202.5,194.1000061035156,198.3000030517578,198.3000030517578,5992900.0,COIN,2024-08-27,-0.028338942928865563,0.04236636492641794,8.399993896484403
195.0200042724609,197.4900054931641,187.72999572753903,190.1999969482422,190.1999969482422,4995700.0,COIN,2024-08-28,-0.04170491684905481,0.050683240385062826,9.760009765625057
194.0,196.5,187.6000061035156,188.27999877929688,188.27999877929688,3841800.0,COIN,2024-08-29,-0.010145924016800078,0.04635036220246075,8.899993896484403
189.22000122070312,189.94000244140625,180.0399932861328,183.3600006103516,183.3600006103516,7307200.0,COIN,2024-08-30,-0.026478773194414967,0.0535292345346159,9.900009155273438
182.0,182.6999969482422,168.07000732421875,169.1300048828125,169.1300048828125,9746600.0,COIN,2024-09-03,-0.08078375799895705,0.08346484381344903,14.629989624023438
166.5,169.0399932861328,160.6699981689453,163.22000122070312,163.22000122070312,7826400.0,COIN,2024-09-04,-0.0355686873361452,0.05078277293130223,8.3699951171875
161.6199951171875,166.3699951171875,158.1199951171875,159.6999969482422,159.6999969482422,5732700.0,COIN,2024-09-05,-0.02180195540832859,0.05085998677447342,8.25
163.24000549316406,164.14999389648438,146.1199951171875,147.35000610351562,147.35000610351562,11026600.0,COIN,2024-09-06,-0.08048628550605645,0.1163524382544251,18.029998779296875
151.27000427246094,157.39999389648438,150.05999755859375,155.0500030517578,155.0500030517578,9256700.0,COIN,2024-09-09,0.050936914623274904,0.047755099358152864,7.339996337890625
155.00999450683594,159.13999938964844,149.50999450683594,158.4600067138672,158.4600067138672,5824800.0,COIN,2024-09-10,0.021754572677702467,0.06242107062935554,9.6300048828125
153.55999755859375,158.83999633789062,149.9499969482422,157.14999389648438,157.14999389648438,6417400.0,COIN,2024-09-11,-0.008301513501783772,0.05759549836453388,8.889999389648438
158.61000061035156,165.42999267578125,156.10000610351562,162.88999938964844,162.88999938964844,6689300.0,COIN,2024-09-12,0.035874398217709574,0.05805123372367772,9.329986572265625
162.24000549316406,168.92999267578125,161.5800018310547,163.0500030517578,163.0500030517578,5953600.0,COIN,2024-09-13,0.0009817983295304377,0.044483997194356056,7.3499908447265625
158.5,163.16000366210938,155.8800048828125,161.5,161.5,4686200.0,COIN,2024-09-16,-0.009551778289315964,0.045644825099570595,7.279998779296875
164.13999938964844,167.6699981689453,160.5,162.4499969482422,162.4499969482422,5225200.0,COIN,2024-09-17,0.005865100666569588,0.04370380845905975,7.1699981689453125
161.5399932861328,169.10000610351562,160.8000030517578,162.63999938964844,162.63999938964844,5027400.0,COIN,2024-09-18,0.0011689222380338482,0.05032891627519438,8.300003051757812
172.0,175.38999938964844,167.0,168.24000549316406,168.24000549316406,9299100.0,COIN,2024-09-19,0.0338523984778902,0.049018249873323566,8.389999389648438
168.99000549316406,173.38999938964844,165.39999389648438,170.08999633789062,170.08999633789062,8152300.0,COIN,2024-09-20,0.010936123150373614,0.04717664334842845,7.9900054931640625
171.3000030517578,173.57000732421875,168.6999969482422,170.22000122070312,170.22000122070312,4933200.0,COIN,2024-09-23,0.0007640380245622405,0.028459046968210052,4.8700103759765625
170.3800048828125,172.25,163.80999755859375,171.67999267578125,171.67999267578125,6035500.0,COIN,2024-09-24,0.00854051100020798,0.05023970518111823,8.44000244140625
170.3000030517578,173.94000244140625,166.8800048828125,167.0800018310547,167.0800018310547,5359900.0,COIN,2024-09-25,-0.02715948563222511,0.04143540568564466,7.05999755859375
170.61000061035156,181.4900054931641,170.25999450683594,179.92999267578125,179.92999267578125,12455200.0,COIN,2024-09-26,0.07409509507036821,0.06387393784281853,11.230010986328153
183.07000732421875,192.4499969482422,179.5,191.22999572753903,191.22999572753903,10563400.0,COIN,2024-09-27,0.060909024074388876,0.06966115594401537,12.949996948242188
184.19000244140625,185.41000366210935,177.0,178.1699981689453,178.1699981689453,11710000.0,COIN,2024-09-30,-0.07073872931401157,0.04641987628734495,8.410003662109347
178.72000122070312,178.89999389648438,160.0,165.00999450683594,165.00999450683594,15210500.0,COIN,2024-10-01,-0.07673209558404234,0.11165314116393359,18.899993896484375
163.02999877929688,169.2899932861328,161.38999938964844,164.47000122070312,164.47000122070312,7881100.0,COIN,2024-10-02,-0.0032778546596083065,0.04778938872429812,7.899993896484375
162.8300018310547,166.41000366210938,161.41000366210938,163.10000610351562,163.10000610351562,4298600.0,COIN,2024-10-03,-0.008364643126328461,0.03050691026836738,5.0
167.9600067138672,171.24000549316406,164.0,170.91000366210938,170.91000366210938,6852400.0,COIN,2024-10-04,0.04677357653864503,0.04319968553129014,7.2400054931640625
172.0,176.14999389648438,166.88999938964844,168.9199981689453,168.9199981689453,6797500.0,COIN,2024-10-07,-0.011711904361566989,0.05400096103960794,9.259994506835938
166.36000061035156,170.0500030517578,165.02000427246094,167.69000244140625,167.69000244140625,5696100.0,COIN,2024-10-08,-0.007308167907905338,0.030025824832681423,5.029998779296875
167.69000244140625,172.49000549316406,165.77999877929688,166.97000122070312,166.97000122070312,5725000.0,COIN,2024-10-09,-0.004302888446284449,0.03967769482282433,6.7100067138671875
166.0500030517578,167.30999755859375,161.8699951171875,164.27000427246094,164.27000427246094,5379900.0,COIN,2024-10-10,-0.01630272130989866,0.03305485069661574,5.44000244140625
165.5399932861328,179.17999267578125,165.22000122070312,176.3800048828125,176.3800048828125,10767100.0,COIN,2024-10-11,0.07112934458163608,0.0811129197704042,13.959991455078125
181.19000244140625,197.69000244140625,178.27000427246094,196.3500061035156,196.3500061035156,18131400.0,COIN,2024-10-14,0.10725802596537919,0.1034008806275097,19.419998168945312
195.67999267578125,204.8999938964844,188.30999755859372,196.33999633789065,196.33999633789065,17324800.0,COIN,2024-10-15,-5.0980496396082926e-05,0.08443249742435173,16.589996337890682
203.52999877929688,212.4199981689453,197.6000061035156,210.47999572753903,210.47999572753903,13970000.0,COIN,2024-10-16,0.06954278482088273,0.07232062207141671,14.819992065429716
209.1999969482422,209.4499969482422,201.1300048828125,204.1999969482422,204.1999969482422,8908000.0,COIN,2024-10-17,-0.030290725647761932,0.04053354338067599,8.319992065429688
208.0500030517578,220.25999450683597,207.13999938964844,220.2100067138672,220.2100067138672,13569600.0,COIN,2024-10-18,0.07548177622095589,0.06141375158317679,13.119995117187528
215.3999938964844,216.8600006103516,208.1300048828125,213.72000122070312,213.72000122070312,12686400.0,COIN,2024-10-21,-0.02991491420531183,0.041089078927974754,8.729995727539091
209.4499969482422,215.9499969482422,207.3000030517578,210.72000122070312,210.72000122070312,7485100.0,COIN,2024-10-22,-0.01413650901328282,0.040879851111740674,8.649993896484375
206.3000030517578,209.6999969482422,194.6000061035156,198.92999267578125,198.92999267578125,10350100.0,COIN,2024-10-23,-0.057577276557166386,0.07473172223858274,15.099990844726591
206.8699951171875,210.5500030517578,200.8000030517578,209.16000366210935,209.16000366210935,9925400.0,COIN,2024-10-24,0.050146559597765455,0.04741376608658456,9.75
208.3000030517578,213.6699981689453,203.3999938964844,205.0399932861328,205.0399932861328,9261300.0,COIN,2024-10-25,-0.019894477516947656,0.04925830657834398,10.270004272460909
213.3500061035156,218.0,210.5,216.1000061035156,216.1000061035156,10458700.0,COIN,2024-10-28,0.05253624244514802,0.0350094096666528,7.5
220.91000366210935,223.8999938964844,216.1100006103516,219.66000366210935,219.66000366210935,11542200.0,COIN,2024-10-29,0.016339621275136,0.03541195620550261,7.7899932861328125
213.1000061035156,220.4600067138672,209.47000122070312,211.7400054931641,211.7400054931641,9515900.0,COIN,2024-10-30,-0.036721780173715086,0.05113576614381619,10.990005493164062
203.72999572753903,206.0,178.82000732421875,179.25,179.25,18892000.0,COIN,2024-10-31,-0.16657765337847188,0.14149641452379938,27.17999267578125
180.0,190.94000244140625,179.5399932861328,182.8800048828125,182.8800048828125,14443400.0,COIN,2024-11-01,0.020048747266313956,0.06156126842242029,11.400009155273438
180.08999633789062,186.9499969482422,176.3800048828125,186.2700042724609,186.2700042724609,11348800.0,COIN,2024-11-04,0.01836703023579176,0.058200398955681354,10.569992065429688
185.58999633789065,197.25,185.50999450683597,193.9600067138672,193.9600067138672,9950800.0,COIN,2024-11-05,0.04045472987001548,0.0613632003868502,11.740005493164034
221.47999572753903,257.67999267578125,221.1100006103516,254.30999755859372,254.30999755859372,35456000.0,COIN,2024-11-06,0.2709019988364539,0.15305815859478147,36.56999206542966
245.6300048828125,259.69000244140625,242.33999633789065,255.5800018310547,255.5800018310547,16655300.0,COIN,2024-11-07,0.004981493656563769,0.06914693766821288,17.350006103515597
257.6700134277344,273.5,257.1499938964844,270.739990234375,270.739990234375,17431700.0,COIN,2024-11-08,0.05762343534264834,0.06164207337634575,16.350006103515625
300.3099975585937,334.8599853515625,296.0,324.239990234375,324.239990234375,42437500.0,COIN,2024-11-11,0.18032503751402792,0.12335303595937533,38.8599853515625
310.04998779296875,327.0,306.1000061035156,319.1300048828125,319.1300048828125,24819600.0,COIN,2024-11-12,-0.015885393620494553,0.06604830500627344,20.899993896484375
325.010009765625,332.3500061035156,282.6600036621094,284.7200012207031,284.7200012207031,27997400.0,COIN,2024-11-13,-0.11409231309173203,0.16194387395642773,49.69000244140625
290.8099975585937,292.57000732421875,274.29998779296875,278.8399963378906,278.8399963378906,17375300.0,COIN,2024-11-14,-0.02086811800449214,0.06448162587266389,18.27001953125
282.510009765625,306.4599914550781,276.0199890136719,305.8500061035156,305.8500061035156,18020600.0,COIN,2024-11-15,0.09245667815965934,0.10461392621012301,30.44000244140625
301.8299865722656,329.5899963378906,288.5,325.4100036621094,325.4100036621094,25607400.0,COIN,2024-11-18,0.061991131329582054,0.13315436070997005,41.089996337890625
322.0799865722656,327.239990234375,315.5,324.57000732421875,324.57000732421875,13447900.0,COIN,2024-11-19,-0.0025846850405618444,0.03653513482183528,11.739990234375
332.25,341.75,303.79998779296875,320.010009765625,320.010009765625,22875200.0,COIN,2024-11-20,-0.01414897611138045,0.11770992562353035,37.95001220703125
329.95001220703125,330.5,288.54998779296875,295.2300109863281,295.2300109863281,25187400.0,COIN,2024-11-21,-0.0805975250303451,0.1357383204395013,41.95001220703125
294.8900146484375,311.3699951171875,290.79998779296875,304.6400146484375,304.6400146484375,12187200.0,COIN,2024-11-22,0.03137604889563869,0.06834619628165019,20.57000732421875
309.0,317.4599914550781,291.20001220703125,312.2200012207031,312.2200012207031,14645900.0,COIN,2024-11-25,0.02457727175085505,0.08634144098528396,26.259979248046875
298.260009765625,309.20001220703125,289.1300048828125,293.2900085449219,293.2900085449219,13215700.0,COIN,2024-11-26,-0.06254616168488773,0.06711192534449949,20.07000732421875
302.7799987792969,314.2900085449219,295.3599853515625,310.9800109863281,310.9800109863281,13290800.0,COIN,2024-11-27,0.05856672700436952,0.06212125203048382,18.930023193359375
311.95001220703125,316.29998779296875,295.8099975585937,296.20001220703125,296.20001220703125,9550200.0,COIN,2024-11-29,-0.04869369371193336,0.06697374364032088,20.489990234375057
302.0299987792969,311.4700012207031,299.5,302.3999938964844,302.3999938964844,11221100.0,COIN,2024-12-02,0.020715681075972454,0.03918861176704435,11.970001220703125
296.7799987792969,314.42999267578125,296.6499938964844,309.3500061035156,309.3500061035156,10069300.0,COIN,2024-12-03,0.02272271758533295,0.058208480426708856,17.779998779296875
312.0,332.0,309.1199951171875,330.94000244140625,330.94000244140625,15798000.0,COIN,2024-12-04,0.06746375573375779,0.07140543368818343,22.8800048828125
343.3599853515625,349.489990234375,315.1700134277344,320.57000732421875,320.57000732421875,19769900.0,COIN,2024-12-05,-0.03183641334404047,0.10336270262493015,34.319976806640625
328.5599975585937,349.75,325.5,343.6199951171875,343.6199951171875,16759200.0,COIN,2024-12-06,0.06943569732705668,0.07185615189696665,24.25
339.9100036621094,340.1600036621094,309.67999267578125,310.5199890136719,310.5199890136719,16974800.0,COIN,2024-12-09,-0.10128810526684284,0.09387662330096035,30.480010986328125
318.0299987792969,318.739990234375,298.5199890136719,302.4200134277344,302.4200134277344,11930600.0,COIN,2024-12-10,-0.026431452071589517,0.06553879733273847,20.220001220703125
311.8500061035156,320.8999938964844,308.82000732421875,313.8099975585937,313.8099975585937,10253400.0,COIN,2024-12-11,0.03697087535730539,0.038370922486311645,12.079986572265625
317.760009765625,323.5,307.75,312.9599914550781,312.9599914550781,8324400.0,COIN,2024-12-12,-0.0027123398998815077,0.049911348876392356,15.75
316.0,317.17999267578125,305.25,310.5799865722656,310.5799865722656,5832600.0,COIN,2024-12-13,-0.0076338856362329075,0.03833829998796155,11.92999267578125
316.8999938964844,326.2300109863281,314.7699890136719,315.3099975585937,315.3099975585937,11461400.0,COIN,2024-12-16,0.015114800224739882,0.035760509255413984,11.46002197265625
319.8299865722656,323.07000732421875,303.5,311.6400146484375,311.6400146484375,7440600.0,COIN,2024-12-17,-0.01170755166438768,0.062487430180032826,19.57000732421875
308.0,312.1400146484375,275.8099975585937,279.8599853515625,279.8599853515625,12615200.0,COIN,2024-12-18,-0.10755929668146554,0.12373963803526154,36.33001708984381
290.6400146484375,295.4800109863281,268.8800048828125,273.9200134277344,273.9200134277344,11708600.0,COIN,2024-12-19,-0.021453283811528195,0.0943359882651578,26.600006103515625
266.1300048828125,281.739990234375,261.8699951171875,278.7099914550781,278.7099914550781,10009800.0,COIN,2024-12-20,0.01733564208684596,0.07313644640089931,19.8699951171875
274.5199890136719,275.3299865722656,263.07000732421875,268.1499938964844,268.1499938964844,6853500.0,COIN,2024-12-23,-0.038625281393502915,0.04555014517174694,12.259979248046875
273.2200012207031,284.0,271.8599853515625,279.6199951171875,279.6199951171875,4805100.0,COIN,2024-12-24,0.041885018430001954,0.04368706413638888,12.1400146484375
275.5799865722656,279.239990234375,271.3900146484375,274.4100036621094,274.4100036621094,4410400.0,COIN,2024-12-26,-0.018808169415587453,0.028514637416296056,7.8499755859375
274.20001220703125,274.25,263.2099914550781,265.7099914550781,265.7099914550781,5554000.0,COIN,2024-12-27,-0.03221789535100202,0.04108793896923126,11.040008544921875
259.9800109863281,260.5,247.6000061035156,255.55999755859372,255.55999755859372,7727100.0,COIN,2024-12-30,-0.038948250149794236,0.050788295732271754,12.899993896484403
262.9700012207031,263.6600036621094,246.3699951171875,248.3000030517578,248.3000030517578,5414900.0,COIN,2024-12-31,-0.0288195013762515,0.0678259570382774,17.290008544921875
256.4800109863281,262.3099975585937,251.0,257.2099914550781,257.2099914550781,6289500.0,COIN,2025-01-02,0.03525513383017472,0.044074061992169525,11.309997558593693
259.8900146484375,271.5899963378906,258.5899963378906,270.6499938964844,270.6499938964844,5990800.0,COIN,2025-01-03,0.05093361205676054,0.04904978100351779,13.0
279.07000732421875,293.6000061035156,271.75,287.760009765625,287.760009765625,10835000.0,COIN,2025-01-06,0.06130038263240516,0.07733579152758252,21.850006103515625
286.739990234375,287.5799865722656,260.239990234375,264.3299865722656,264.3299865722656,11614700.0,COIN,2025-01-07,-0.08492856157645316,0.09989679106778543,27.339996337890625
263.8800048828125,267.0,252.9900054931641,260.010009765625,260.010009765625,5951100.0,COIN,2025-01-08,-0.016478142374601407,0.05389867443262052,14.009994506835909
257.7699890136719,261.8699951171875,248.0500030517578,258.7799987792969,258.7799987792969,5579200.0,COIN,2025-01-10,-0.004741854202353711,0.054217827719374646,13.819992065429688
246.97999572753903,251.80999755859372,240.7700042724609,251.1999969482422,251.1999969482422,7019500.0,COIN,2025-01-13,-0.02972885272533434,0.044832686484285046,11.039993286132812
261.7300109863281,263.0,251.0,255.3699951171875,255.3699951171875,5704100.0,COIN,2025-01-14,0.01646403232983084,0.04670109304598062,12.0
266.8699951171875,278.32000732421875,264.44000244140625,274.92999267578125,274.92999267578125,9113900.0,COIN,2025-01-15,0.07380303839437179,0.051157165461764166,13.8800048828125
274.0,285.0199890136719,268.1400146484375,281.6300048828125,281.6300048828125,6751100.0,COIN,2025-01-16,0.02407767686860038,0.06105002789602594,16.879974365234375
292.0,300.3500061035156,289.3299865722656,295.4800109863281,295.4800109863281,11290100.0,COIN,2025-01-17,0.04800701980369913,0.037380622838720914,11.02001953125
298.5199890136719,303.1000061035156,273.6199951171875,294.19000244140625,294.19000244140625,12912400.0,COIN,2025-01-21,-0.00437536443610572,0.10232253955399183,29.480010986328125
290.4599914550781,298.79998779296875,286.2799987792969,295.8500061035156,295.8500061035156,6668900.0,COIN,2025-01-22,0.0056267643474202465,0.042804063798764634,12.519989013671875
289.739990234375,303.5599975585937,287.8999938964844,296.010009765625,296.010009765625,11534800.0,COIN,2025-01-23,0.0005406807749036198,0.052966100075123486,15.660003662109318
300.0,310.6099853515625,297.6199951171875,298.0,298.0,9763300.0,COIN,2025-01-24,0.00670021597735816,0.04272057019054302,12.989990234375
283.70001220703125,289.7799987792969,265.20001220703125,277.989990234375,277.989990234375,12238800.0,COIN,2025-01-27,-0.06950837981418068,0.08863770583882348,24.579986572265625
280.5,284.8399963378906,276.0,281.82000732421875,281.82000732421875,4516600.0,COIN,2025-01-28,0.013683488564730294,0.031526740540049523,8.839996337890625
281.82000732421875,294.3800048828125,277.010009765625,291.0,291.0,6255900.0,COIN,2025-01-29,0.03205467191553859,0.06081782447877452,17.3699951171875
293.7099914550781,306.0,293.0199890136719,301.29998779296875,301.29998779296875,8637500.0,COIN,2025-01-30,0.03478313845022109,0.04334427337265562,12.980010986328125
300.8599853515625,304.7300109863281,287.2200012207031,291.3299865722656,291.3299865722656,6514500.0,COIN,2025-01-31,-0.03364980643849101,0.05917769781434855,17.510009765625
272.9800109863281,288.760009765625,269.29998779296875,284.4100036621094,284.4100036621094,9517700.0,COIN,2025-02-03,-0.02403972725211148,0.06976997260132836,19.46002197265625
283.0,289.3900146484375,278.6300048828125,280.3900146484375,280.3900146484375,6013500.0,COIN,2025-02-04,-0.014235328501636791,0.03789055563220947,10.760009765625
283.6099853515625,285.760009765625,274.5599975585937,275.1400146484375,275.1400146484375,5344600.0,COIN,2025-02-05,-0.018901431156684738,0.03998252445482432,11.200012207031307
279.5199890136719,284.6000061035156,269.0,270.3699951171875,270.3699951171875,6717700.0,COIN,2025-02-06,-0.01748873906433051,0.05637332749985655,15.600006103515625
274.04998779296875,282.57000732421875,271.75,274.489990234375,274.489990234375,7885600.0,COIN,2025-02-07,0.01512342162770276,0.039043807421531775,10.82000732421875
280.3999938964844,285.5599975585937,274.6000061035156,280.2200012207031,280.2200012207031,5521800.0,COIN,2025-02-10,0.020660218463154686,0.03913664052391817,10.959991455078068
277.54998779296875,279.0,265.8299865722656,266.8999938964844,266.8999938964844,6915000.0,COIN,2025-02-11,-0.048700979757012375,0.048354825606533085,13.170013427734375
264.3900146484375,277.79998779296875,263.4800109863281,274.8999938964844,274.8999938964844,6362800.0,COIN,2025-02-12,0.029533339426219638,0.05292388090894416,14.319976806640625
284.0,302.3999938964844,282.5,298.1099853515625,298.1099853515625,18900200.0,COIN,2025-02-13,0.08105512380516425,0.06807207353529862,19.899993896484375
288.0199890136719,291.54998779296875,274.0,274.3099975585937,274.3099975585937,19269700.0,COIN,2025-02-14,-0.08320365196026192,0.06208336941066747,17.54998779296875
278.79998779296875,279.17999267578125,260.5,264.6300048828125,264.6300048828125,11564800.0,COIN,2025-02-18,-0.03592620242317103,0.06925384765643568,18.67999267578125
265.760009765625,267.0,257.67999267578125,258.6700134277344,258.6700134277344,6813800.0,COIN,2025-02-19,-0.02277947244956546,0.03553018180100546,9.32000732421875
260.6600036621094,262.25,250.3699951171875,256.5899963378906,256.5899963378906,6400700.0,COIN,2025-02-20,-0.008073703952111471,0.04635844303714756,11.8800048828125
266.989990234375,267.79998779296875,234.75999450683597,235.3800048828125,235.3800048828125,17195500.0,COIN,2025-02-21,-0.08627821579468076,0.13167669538335958,33.039993286132784
239.13999938964844,240.2400054931641,223.6000061035156,227.07000732421875,227.07000732421875,12125000.0,COIN,2025-02-24,-0.03594287794937794,0.07177967796286779,16.639999389648494
219.97000122070312,222.8500061035156,205.1199951171875,212.4900054931641,212.4900054931641,15192600.0,COIN,2025-02-25,-0.0663634179594784,0.08290377685337053,17.730010986328097
212.6300048828125,218.57000732421875,207.9900054931641,212.9600067138672,212.9600067138672,7871600.0,COIN,2025-02-26,0.002209431888183587,0.04961633483859104,10.580001831054659
218.1300048828125,221.5800018310547,207.7899932861328,208.3699951171875,208.3699951171875,8082400.0,COIN,2025-02-27,-0.02178906402449184,0.06425578435519569,13.790008544921875
205.2700042724609,216.44000244140625,201.1000061035156,215.6199951171875,215.6199951171875,9031200.0,COIN,2025-02-28,0.034202254316786126,0.0735110569251085,15.339996337890653
232.22999572753903,233.3999938964844,203.44000244140625,205.75,205.75,15997800.0,COIN,2025-03-03,-0.04685573690833977,0.13738256058751822,29.959991455078153
200.5200042724609,218.94000244140625,193.08999633789065,212.5500030517578,212.5500030517578,13060900.0,COIN,2025-03-04,0.032515429605454824,0.12564134833880852,25.850006103515597
214.88999938964844,223.1499938964844,208.0,222.4499969482422,222.4499969482422,9581600.0,COIN,2025-03-05,0.04552507437056833,0.07030608402233339,15.149993896484403
214.50999450683597,226.6000061035156,213.0,214.1699981689453,214.1699981689453,8405400.0,COIN,2025-03-06,-0.037932259900262215,0.061894209819677276,13.600006103515597
214.88999938964844,222.0500030517578,206.7700042724609,217.4499969482422,217.4499969482422,8615100.0,COIN,2025-03-07,0.015198841376410527,0.07129551040612761,15.279998779296903
205.0800018310547,206.83999633789065,176.85000610351562,179.22999572753906,179.22999572753906,18664100.0,COIN,2025-03-10,-0.19329905160371216,0.1566435796591101,29.98999023437503
186.0,195.69000244140625,183.3000030517578,191.69000244140625,191.69000244140625,11382200.0,COIN,2025-03-11,0.06720962318065164,0.06540761545736286,12.389999389648438
195.3999938964844,199.1999969482422,183.75,191.72999572753903,191.72999572753903,9616800.0,COIN,2025-03-12,0.0002086134602724393,0.08073319173748232,15.449996948242188
188.6199951171875,188.8500061035156,177.11000061035156,177.49000549316406,177.49000549316406,9559400.0,COIN,2025-03-13,-0.07717380979716099,0.06418206956313591,11.740005493164034
183.80999755859372,186.7400054931641,179.16000366210938,183.1199951171875,183.1199951171875,9454400.0,COIN,2025-03-14,0.031227348730358782,0.04143802269234796,7.580001831054716
182.0,193.2400054931641,180.7700042724609,188.9600067138672,188.9600067138672,7216500.0,COIN,2025-03-17,0.03139373899991767,0.06670743949129414,12.470001220703182
185.0,186.4900054931641,178.77999877929688,181.13999938964844,181.13999938964844,7408200.0,COIN,2025-03-18,-0.042265178402377444,0.0422216549671528,7.710006713867216
184.8300018310547,193.77999877929688,182.8000030517578,189.75,189.75,8194200.0,COIN,2025-03-19,0.04643720669843868,0.05833081294286307,10.979995727539062
185.88999938964844,193.92999267578125,185.8800048828125,190.3800048828125,190.3800048828125,6718000.0,COIN,2025-03-20,0.003314684195137211,0.04239590095541161,8.04998779296875
185.57000732421875,190.72000122070312,183.75,189.8600006103516,189.8600006103516,7344800.0,COIN,2025-03-21,-0.002735138802478647,0.037230252184537675,6.970001220703125
197.5,203.25,194.4199981689453,203.0399932861328,203.0399932861328,9489500.0,COIN,2025-03-24,0.06711600923095724,0.04441599045303372,8.830001831054688
202.1300048828125,206.92999267578125,198.33999633789065,204.22999572753903,204.22999572753903,7877700.0,COIN,2025-03-25,0.005843817909861056,0.04239782513488571,8.589996337890597
203.0,206.0,192.2899932861328,193.9499969482422,193.9499969482422,7113400.0,COIN,2025-03-26,-0.051646410658006,0.06887155454240741,13.710006713867188
192.97000122070312,195.3300018310547,187.8000030517578,188.5800018310547,188.5800018310547,5426300.0,COIN,2025-03-27,-0.028078048403981964,0.039312862266836515,7.529998779296875
185.72000122070312,186.7899932861328,172.99000549316406,173.92999267578125,173.92999267578125,10040200.0,COIN,2025-03-28,-0.08086945243731934,0.07675113411469932,13.79998779296875
169.3800048828125,173.5800018310547,163.52000427246094,172.22999572753906,172.22999572753906,7781300.0,COIN,2025-03-31,-0.009822109268971566,0.05970326562146137,10.05999755859375
172.82000732421875,176.0500030517578,168.5500030517578,174.52000427246094,174.52000427246094,5489700.0,COIN,2025-04-01,0.013208604695682002,0.04353560314965057,7.5
170.57000732421875,184.1100006103516,170.35000610351562,182.9499969482422,182.9499969482422,8208600.0,COIN,2025-04-02,0.04717350204776644,0.07767822844801979,13.759994506835966
168.5800018310547,172.02999877929688,164.64999389648438,170.75999450683594,170.75999450683594,9556200.0,COIN,2025-04-03,-0.06895384506354084,0.043846901360337955,7.3800048828125
166.02000427246094,167.5,147.1699981689453,160.5500030517578,160.5500030517578,14570800.0,COIN,2025-04-04,-0.06165359017717646,0.12939498253086565,20.330001831054688
146.0399932861328,167.39999389648438,142.5800018310547,157.27999877929688,157.27999877929688,13251700.0,COIN,2025-04-07,-0.020577790906149425,0.16048286306292833,24.819992065429688
165.1999969482422,167.8000030517578,147.35000610351562,151.47000122070312,151.47000122070312,11117400.0,COIN,2025-04-08,-0.03764005503954287,0.12996206161438795,20.449996948242188
150.0800018310547,183.8999938964844,150.0800018310547,177.08999633789062,177.08999633789062,15258000.0,COIN,2025-04-09,0.15627046364336275,0.20322360096251796,33.819992065429716
168.5,173.82000732421875,159.11000061035156,169.6199951171875,169.6199951171875,11196300.0,COIN,2025-04-10,-0.043097445094558796,0.08842453239031374,14.710006713867188
171.3000030517578,178.0,167.0,175.5,175.5,7769300.0,COIN,2025-04-11,0.03407843075914029,0.06378973787533,11.0
180.5,182.38999938964844,172.00999450683594,176.5800018310547,176.5800018310547,6427100.0,COIN,2025-04-14,0.00613499893706323,0.058594665506341764,10.3800048828125
177.74000549316406,179.77000427246094,172.3000030517578,175.57000732421875,175.57000732421875,5369500.0,COIN,2025-04-15,-0.005736176345066529,0.042441118578817466,7.470001220703125
170.5,174.8000030517578,168.5,172.2100067138672,172.2100067138672,5226700.0,COIN,2025-04-16,-0.019323164194598286,0.036706730887587156,6.3000030517578125
172.60000610351562,177.5,171.3000030517578,175.02999877929688,175.02999877929688,5125300.0,COIN,2025-04-17,0.016242679525174174,0.03555418577011429,6.1999969482421875
175.10000610351562,177.97999572753906,171.41000366210938,175.0,175.0,5054700.0,COIN,2025-04-21,-0.00017140690497922774,0.03761279153984455,6.5699920654296875
178.7899932861328,193.4900054931641,178.39999389648438,190.0,190.0,12807000.0,COIN,2025-04-22,0.08223809823697201,0.08119767400437213,15.090011596679716
197.75,200.8000030517578,191.5200042724609,194.8000030517578,194.8000030517578,9870200.0,COIN,2025-04-23,0.024949334714056293,0.047317138897737365,9.279998779296903
193.4199981689453,204.2100067138672,193.1000061035156,203.8699951171875,203.8699951171875,6840600.0,COIN,2025-04-24,0.04550910498388671,0.055940687962714404,11.110000610351591
205.57000732421875,211.6199951171875,203.7400054931641,209.63999938964844,209.63999938964844,8060900.0,COIN,2025-04-25,0.027909259164109294,0.037947492278964934,7.879989624023409
208.1999969482422,208.77999877929688,197.4199981689453,205.2700042724609,205.2700042724609,7624200.0,COIN,2025-04-28,-0.021065564479591826,0.05594763041849109,11.360000610351562
205.3000030517578,207.3999938964844,203.13999938964844,206.1300048828125,206.1300048828125,4254900.0,COIN,2025-04-29,0.004180854856171977,0.020753872859941704,4.259994506835966
199.6699981689453,203.0399932861328,195.5500030517578,202.88999938964844,202.88999938964844,4769400.0,COIN,2025-04-30,-0.01584310415244835,0.037586854091809146,7.489990234375
208.4600067138672,208.75,201.16000366210935,201.3000030517578,201.3000030517578,6243200.0,COIN,2025-05-01,-0.007867609440677058,0.037036734222243115,7.589996337890653
204.6999969482422,209.0,202.3600006103516,204.92999267578125,204.92999267578125,6133300.0,COIN,2025-05-02,0.017872073865773486,0.03228595952490847,6.639999389648409
201.72999572753903,204.1100006103516,198.6499938964844,199.3999938964844,199.3999938964844,5108700.0,COIN,2025-05-05,-0.027355594753435387,0.02711461566062237,5.4600067138671875
195.3800048828125,198.75999450683597,193.33999633789065,196.88999938964844,196.88999938964844,4672600.0,COIN,2025-05-06,-0.012667632864552433,0.027647761001781443,5.4199981689453125
199.8300018310547,200.47999572753903,193.80999755859372,196.55999755859372,196.55999755859372,4825700.0,COIN,2025-05-07,-0.0016774782615220712,0.03383618472084935,6.6699981689453125
205.30999755859372,210.47000122070312,202.80999755859372,206.5,206.5,14390000.0,COIN,2025-05-08,0.04933269660883063,0.037073562822829864,7.660003662109403
204.5200042724609,214.1300048828125,198.7700042724609,199.32000732421875,199.32000732421875,16384200.0,COIN,2025-05-09,-0.03538880224185408,0.07443493112415052,15.360000610351591
208.94000244140625,213.6000061035156,205.6100006103516,207.22000122070312,207.22000122070312,14944200.0,COIN,2025-05-12,0.0388694265552281,0.03812396216154867,7.990005493164006
231.7100067138672,260.4200134277344,231.4900054931641,256.8999938964844,256.8999938964844,39119000.0,COIN,2025-05-13,0.21490584364304358,0.11775906408381077,28.930007934570284
256.8599853515625,264.489990234375,253.5500030517578,263.4100036621094,263.4100036621094,18344700.0,COIN,2025-05-14,0.02502488720585083,0.04224235220065926,10.939987182617188
256.5,257.8500061035156,240.0,244.44000244140625,244.44000244140625,25917200.0,COIN,2025-05-15,-0.07474187754888863,0.0717391208257758,17.850006103515625
249.75999450683597,270.45001220703125,248.8300018310547,266.4599914550781,266.4599914550781,72627500.0,COIN,2025-05-16,0.08625421644928814,0.08331734372065507,21.620010375976562
259.7799987792969,267.6000061035156,259.70001220703125,263.989990234375,263.989990234375,12437600.0,COIN,2025-05-19,-0.009312919815143187,0.029966185389369758,7.899993896484375
265.1199951171875,265.3599853515625,257.25,261.3800048828125,261.3800048828125,8624600.0,COIN,2025-05-20,-0.009935880798826995,0.031038964722505447,8.1099853515625
260.20001220703125,270.3800048828125,257.75,258.989990234375,258.989990234375,11748000.0,COIN,2025-05-21,-0.00918589264081673,0.0478382720982641,12.6300048828125
265.1300048828125,277.010009765625,263.510009765625,271.95001220703125,271.95001220703125,15613700.0,COIN,2025-05-22,0.048828857547042845,0.04996228688719951,13.5
263.0,268.0400085449219,260.3399963378906,263.1600036621094,263.1600036621094,9290300.0,COIN,2025-05-23,-0.03285604462231012,0.02914780001257528,7.70001220703125
269.0199890136719,270.1000061035156,264.6700134277344,266.3999938964844,266.3999938964844,7884500.0,COIN,2025-05-27,0.012236689621437804,0.020308465703786527,5.42999267578125
265.70001220703125,265.70001220703125,253.8000030517578,254.2899932861328,254.2899932861328,8305300.0,COIN,2025-05-28,-0.04652359413616715,0.04582133140412736,11.900009155273438
258.7200012207031,258.94000244140625,246.75999450683597,248.83999633789065,248.83999633789065,7673400.0,COIN,2025-05-29,-0.021665216688876106,0.04818020197868748,12.180007934570284
246.8699951171875,249.9600067138672,244.1300048828125,246.6199951171875,246.6199951171875,6070900.0,COIN,2025-05-30,-0.008961434286643252,0.023600041621868927,5.8300018310546875
247.4600067138672,249.8600006103516,240.91000366210935,246.72000122070312,246.72000122070312,6188000.0,COIN,2025-06-02,0.00040542467923862486,0.03647732848562325,8.949996948242244
248.38999938964844,260.6000061035156,246.22000122070312,258.9100036621094,258.9100036621094,9946400.0,COIN,2025-06-03,0.048226429784928526,0.05676123793451302,14.3800048828125
257.5199890136719,261.57000732421875,254.33999633789065,256.0,256.0,6026800.0,COIN,2025-06-04,-0.01130308062805737,0.02803002191470122,7.230010986328097
261.04998779296875,265.6499938964844,240.0800018310547,244.1999969482422,244.1999969482422,11971900.0,COIN,2025-06-05,-0.04718989529991899,0.10120742116220939,25.569992065429688
250.52999877929688,256.1700134277344,249.77999877929688,251.2700042724609,251.2700042724609,7360200.0,COIN,2025-06-06,0.028540526019087444,0.02526081345707622,6.3900146484375
255.66000366210935,258.25,252.3999938964844,256.6300048828125,256.6300048828125,6064800.0,COIN,2025-06-09,0.021107302659641013,0.02291300151460608,5.850006103515597
258.8800048828125,262.3999938964844,251.6300048828125,254.94000244140625,254.94000244140625,5858000.0,COIN,2025-06-10,-0.0066071449272013276,0.041910259802777496,10.769989013671875
257.2099914550781,259.8999938964844,249.05999755859372,250.67999267578125,250.67999267578125,5986100.0,COIN,2025-06-11,-0.016851036792099955,0.04260309667283207,10.839996337890653
246.5200042724609,247.75,239.3500061035156,241.0500030517578,241.0500030517578,7725300.0,COIN,2025-06-12,-0.03917280262717057,0.0344932318712012,8.399993896484403
237.4499969482422,243.1999969482422,235.2899932861328,242.7100067138672,242.7100067138672,7062700.0,COIN,2025-06-13,0.006862949165363083,0.033065370185416054,7.910003662109375
247.7700042724609,263.29998779296875,245.32000732421875,261.57000732421875,261.57000732421875,12034700.0,COIN,2025-06-16,0.07483461943155907,0.07073050952702149,17.97998046875
256.6300048828125,259.6300048828125,248.67999267578125,253.8500061035156,253.8500061035156,9050800.0,COIN,2025-06-17,-0.029958396671631117,0.043090659414871495,10.95001220703125
254.0,299.32000732421875,251.8800048828125,295.2900085449219,295.2900085449219,37434300.0,COIN,2025-06-18,0.15121438780942797,0.1725604566756713,47.44000244140625
303.5799865722656,310.75,298.1000061035156,308.3800048828125,308.3800048828125,31468800.0,COIN,2025-06-20,0.043374851330339435,0.04155970923206968,12.649993896484375
302.0799865722656,314.25,294.5599975585937,307.5899963378906,307.5899963378906,17553700.0,COIN,2025-06-23,-0.00256508913266338,0.06470613827390503,19.690002441406307
314.3900146484375,348.9700012207031,311.8999938964844,344.82000732421875,344.82000732421875,29670900.0,COIN,2025-06-24,0.11425484754411123,0.11230335807535978,37.07000732421875
360.6000061035156,369.2799987792969,343.6199951171875,355.3699951171875,355.3699951171875,30154300.0,COIN,2025-06-25,0.030136923498956598,0.07201877915014833,25.660003662109375
354.5299987792969,382.0,354.5299987792969,375.0700073242188,375.0700073242188,27371400.0,COIN,2025-06-26,0.053953208257264705,0.07462764342401706,27.470001220703125
369.5400085449219,372.5,346.6600036621094,353.42999267578125,353.42999267578125,29000400.0,COIN,2025-06-27,-0.05942726954174184,0.07189255474246983,25.839996337890625
359.2300109863281,360.4500122070313,347.8999938964844,350.489990234375,350.489990234375,11227600.0,COIN,2025-06-30,-0.008353277668497455,0.03543822010265789,12.550018310546932
339.9800109863281,353.3999938964844,334.0,335.3299865722656,335.3299865722656,13132100.0,COIN,2025-07-01,-0.04421706599341649,0.05645954963805327,19.399993896484375
340.5799865722656,357.1600036621094,338.67999267578125,354.45001220703125,354.45001220703125,12493100.0,COIN,2025-07-02,0.055452245199414225,0.05312818375413218,18.480010986328125
350.3500061035156,357.8699951171875,348.5,355.79998779296875,355.79998779296875,6704300.0,COIN,2025-07-03,0.0038014141826597492,0.02653154811728983,9.3699951171875
354.20001220703125,364.0,351.0,357.1000061035156,357.1000061035156,7885300.0,COIN,2025-07-07,0.0036471307692513386,0.03636764417087479,13.0
362.75,368.7900085449219,348.0,354.82000732421875,354.82000732421875,9735000.0,COIN,2025-07-08,-0.006405232417726532,0.05802491974304077,20.790008544921875
358.6300048828125,374.0,353.2900085449219,373.8500061035156,373.8500061035156,13238400.0,COIN,2025-07-09,0.05224402449746201,0.05696652382034036,20.709991455078125
372.4100036621094,389.1600036621094,369.0,388.9599914550781,388.9599914550781,17241600.0,COIN,2025-07-10,0.03962182482714112,0.05319393547699196,20.160003662109375
390.1900024414063,395.5,378.3699951171875,387.05999755859375,387.05999755859375,16694600.0,COIN,2025-07-11,-0.004896775134533955,0.04427824726169867,17.1300048828125
392.5,398.5,388.5799865722656,394.010009765625,394.010009765625,12473500.0,COIN,2025-07-14,0.017796601007089803,0.025208463971210508,9.920013427734375
391.5299987792969,400.8800048828125,373.0199890136719,388.0199890136719,388.0199890136719,16889300.0,COIN,2025-07-15,-0.015319458098993044,0.07203013477478677,27.860015869140625
392.7999877929688,405.8800048828125,391.4599914550781,398.2000122070313,398.2000122070313,14355800.0,COIN,2025-07-16,0.02589756591288687,0.03617424419503174,14.420013427734375
399.7000122070313,415.9599914550781,394.2799987792969,410.75,410.75,16840500.0,COIN,2025-07-17,0.03103033463175387,0.05352776754817188,21.67999267578125
419.8200073242188,444.6499938964844,406.5,419.7799987792969,419.7799987792969,28063200.0,COIN,2025-07-18,0.021746004692133298,0.08970351313122209,38.149993896484375
425.5499877929688,436.3800048828125,413.4400024414063,413.6300048828125,413.6300048828125,17018100.0,COIN,2025-07-21,-0.014758895391831122,0.05400102752457679,22.940002441406193
419.1000061035156,420.9800109863281,394.3699951171875,404.4400024414063,404.4400024414063,14554900.0,COIN,2025-07-22,-0.022468465957970966,0.06529581016734866,26.610015869140625
399.989990234375,400.7200012207031,387.1199951171875,397.80999755859375,397.80999755859375,12433200.0,COIN,2025-07-23,-0.016528902032481696,0.03452822222374834,13.600006103515625
404.25,405.30999755859375,392.0,396.7000122070313,396.7000122070313,7904600.0,COIN,2025-07-24,-0.002794139935500432,0.03339036059753984,13.30999755859375
391.8999938964844,397.4800109863281,386.3900146484375,391.6600036621094,391.6600036621094,8643300.0,COIN,2025-07-25,-0.012786232452810704,0.02829738600581108,11.089996337890625
394.6199951171875,395.3900146484375,375.260009765625,379.489990234375,379.489990234375,11270400.0,COIN,2025-07-28,-0.03156590554509446,0.05225351153720376,20.1300048828125
383.5899963378906,384.7799987792969,365.739990234375,371.4400024414063,371.4400024414063,9334700.0,COIN,2025-07-29,-0.021440870009340383,0.05074906747087313,19.040008544921875
382.9500122070313,386.5799865722656,372.7099914550781,377.4800109863281,377.4800109863281,11100000.0,COIN,2025-07-30,0.01613026597304878,0.03653818321356857,13.8699951171875
382.8900146484375,387.1400146484375,376.8299865722656,377.760009765625,377.760009765625,12371200.0,COIN,2025-07-31,0.0007414829310731113,0.026992300821100594,10.310028076171875
335.1400146484375,337.5799865722656,310.54998779296875,314.69000244140625,314.69000244140625,31342200.0,COIN,2025-08-01,-0.18267106415987175,0.08345759978679917,27.029998779296875
319.5400085449219,324.0,311.0,318.1700134277344,318.1700134277344,12106400.0,COIN,2025-08-04,0.010997838306465217,0.04095060361309528,13.0
307.1099853515625,312.8500061035156,297.20001220703125,297.989990234375,297.989990234375,16863900.0,COIN,2025-08-05,-0.06552597721147582,0.05131850803671207,15.649993896484375
297.54998779296875,304.7699890136719,293.3099975585937,303.5799865722656,303.5799865722656,15982700.0,COIN,2025-08-06,0.018585226843703888,0.03832729586157956,11.459991455078182
311.2300109863281,317.94000244140625,306.9800109863281,310.7900085449219,310.7900085449219,13857200.0,COIN,2025-08-07,0.023472347470463558,0.035080058737874766,10.959991455078125
311.44000244140625,313.70001220703125,301.2300109863281,310.5400085449219,310.5400085449219,9253800.0,COIN,2025-08-08,-0.0008047253685320538,0.040563025078691195,12.470001220703125
322.1000061035156,333.6600036621094,318.79998779296875,319.6199951171875,319.6199951171875,14664400.0,COIN,2025-08-11,0.028820029810676558,0.04555861277760272,14.860015869140625
329.3500061035156,329.8599853515625,314.1600036621094,322.6199951171875,322.6199951171875,9947800.0,COIN,2025-08-12,0.009342370034737146,0.04876585568537776,15.699981689453125
328.2099914550781,345.3900146484375,321.5299987792969,327.010009765625,327.010009765625,15399800.0,COIN,2025-08-13,0.013515636418031994,0.0715834076399978,23.860015869140625
320.489990234375,327.45001220703125,316.79998779296875,324.8900146484375,324.8900146484375,9403600.0,COIN,2025-08-14,-0.006504072745184608,0.03306478753515683,10.6500244140625
322.8500061035156,323.3999938964844,314.5599975585937,317.54998779296875,317.54998779296875,7881200.0,COIN,2025-08-15,-0.02285146077992228,0.027715099072581018,8.839996337890682
311.4800109863281,324.2900085449219,307.1099853515625,320.7300109863281,320.7300109863281,8798800.0,COIN,2025-08-18,0.009964434139956433,0.0544322616393698,17.180023193359375
320.69000244140625,322.5899963378906,301.45001220703125,302.07000732421875,302.07000732421875,10327700.0,COIN,2025-08-19,-0.05994087910525802,0.06777795028853953,21.139984130859375
304.2699890136719,306.45001220703125,291.4599914550781,304.3900146484375,304.3900146484375,8570300.0,COIN,2025-08-20,0.00765101921825637,0.050151903977518425,14.990020751953125
301.4200134277344,305.0,297.79998779296875,300.2799987792969,300.2799987792969,5743400.0,COIN,2025-08-21,-0.013594453421063768,0.023889697348206423,7.20001220703125
300.5899963378906,322.260009765625,297.19000244140625,319.8500061035156,319.8500061035156,13029200.0,COIN,2025-08-22,0.06313678633899233,0.08098703033200041,25.07000732421875
312.17999267578125,315.5899963378906,305.1000061035156,306.0,306.0,8473900.0,COIN,2025-08-25,-0.04426705302619687,0.03380427946004305,10.489990234375
304.0,309.20001220703125,300.3699951171875,308.4800109863281,308.4800109863281,7745400.0,COIN,2025-08-26,0.008071945084192953,0.028973324389914682,8.83001708984375
307.2099914550781,312.4100036621094,306.69000244140625,308.9700012207031,308.9700012207031,5746300.0,COIN,2025-08-27,0.0015871417201254964,0.018478966021083783,5.720001220703125
312.5599975585937,315.95001220703125,306.0,308.4700012207031,308.4700012207031,6292500.0,COIN,2025-08-28,-0.0016195909151261111,0.03199890990304171,9.95001220703125
306.19000244140625,308.2200012207031,301.5,304.5400085449219,304.5400085449219,6611400.0,COIN,2025-08-29,-0.012822128370532091,0.022043801500484177,6.720001220703125
299.9700012207031,310.4100036621094,295.3999938964844,303.5599975585937,303.5599975585937,6814900.0,COIN,2025-09-02,-0.0032231929779112816,0.04956366664720968,15.010009765625
305.010009765625,308.3699951171875,301.1499938964844,302.3099975585937,302.3099975585937,5220800.0,COIN,2025-09-03,-0.0041263036085460135,0.023691885636305116,7.220001220703125
301.9599914550781,307.7699890136719,300.010009765625,306.79998779296875,306.79998779296875,6211800.0,COIN,2025-09-04,0.014743056820279325,0.02553687508618854,7.759979248046875
313.8500061035156,315.739990234375,292.5599975585937,299.07000732421875,299.07000732421875,11367000.0,COIN,2025-09-05,-0.025518345512159438,0.07624929367810626,23.179992675781307
301.8800048828125,306.6000061035156,297.1499938964844,302.20001220703125,302.20001220703125,8824100.0,COIN,2025-09-08,0.010411406039817255,0.03130694507232395,9.45001220703125
303.7699890136719,319.3900146484375,303.6000061035156,318.7799987792969,318.7799987792969,10361300.0,COIN,2025-09-09,0.053412115629089665,0.05070190682547771,15.790008544921875
321.3999938964844,328.6700134277344,312.5299987792969,315.3399963378906,315.3399963378906,8664800.0,COIN,2025-09-10,-0.010849795665483873,0.05035378806281019,16.1400146484375
319.0,326.0,315.5299987792969,323.95001220703125,323.95001220703125,7702700.0,COIN,2025-09-11,0.02693781038167645,0.03264362061144333,10.470001220703125
328.0299987792969,329.489990234375,319.79998779296875,323.0400085449219,323.0400085449219,6929400.0,COIN,2025-09-12,-0.002813039561685208,0.029850212600731917,9.69000244140625
322.8699951171875,328.44000244140625,320.9599914550781,327.0199890136719,327.0199890136719,6896900.0,COIN,2025-09-15,0.01224511649504313,0.023037702123369662,7.480010986328125
332.25,333.6000061035156,321.29998779296875,327.9100036621094,327.9100036621094,7434900.0,COIN,2025-09-16,0.002717894145221768,0.037567460651317275,12.300018310546875
325.9599914550781,328.489990234375,311.29998779296875,320.5599975585937,320.5599975585937,8921200.0,COIN,2025-09-17,-0.022669732944560015,0.0537493280976931,17.19000244140625
325.82000732421875,351.8900146484375,323.5199890136719,343.1300048828125,343.1300048828125,17324500.0,COIN,2025-09-18,0.06803993962501241,0.0840577665143076,28.370025634765625
342.760009765625,349.70001220703125,337.6600036621094,342.4599914550781,342.4599914550781,13272100.0,COIN,2025-09-19,-0.0019545607276011683,0.03503619608188172,12.040008544921875
333.44000244140625,336.20001220703125,328.19000244140625,331.95001220703125,331.95001220703125,8720700.0,COIN,2025-09-22,-0.031170445670361445,0.024113540878637155,8.010009765625
333.3800048828125,335.67999267578125,317.70001220703125,320.07000732421875,320.07000732421875,8245900.0,COIN,2025-09-23,-0.036444647184215105,0.05505072369027335,17.97998046875
323.760009765625,327.32000732421875,320.760009765625,321.7699890136719,321.7699890136719,4869800.0,COIN,2025-09-24,0.005297225708462075,0.020245097651407803,6.55999755859375
314.3299865722656,317.989990234375,304.3599853515625,306.69000244140625,306.69000244140625,8865300.0,COIN,2025-09-25,-0.04799949706558528,0.043808741854699136,13.6300048828125
308.5799865722656,314.239990234375,303.3999938964844,312.5899963378906,312.5899963378906,6714800.0,COIN,2025-09-26,0.019054942599506977,0.03510494729176412,10.839996337890625
318.010009765625,334.3800048828125,316.3500061035156,333.989990234375,333.989990234375,12066100.0,COIN,2025-09-29,0.06621860717241057,0.05542887052563871,18.029998779296875
330.0,338.1000061035156,329.6600036621094,337.489990234375,337.489990234375,6674700.0,COIN,2025-09-30,0.010424828138494172,0.0252798963542813,8.44000244140625
343.260009765625,349.8699951171875,340.5,346.1700134277344,346.1700134277344,8843900.0,COIN,2025-10-01,0.02539417135616203,0.027146517369709838,9.3699951171875
354.760009765625,376.1300048828125,353.3999938964844,372.0700073242188,372.0700073242188,15750400.0,COIN,2025-10-02,0.07215200563496728,0.06233429868178791,22.730010986328125
373.3500061035156,383.5,370.0299987792969,380.0199890136719,380.0199890136719,13648200.0,COIN,2025-10-03,0.021141825705442326,0.03575554067378304,13.470001220703125
390.3299865722656,392.8500061035156,380.5,386.0700073242188,386.0700073242188,8693000.0,COIN,2025-10-06,0.015794865140385465,0.031941697856593995,12.350006103515625
386.8399963378906,388.0,363.010009765625,375.7799987792969,375.7799987792969,9146300.0,COIN,2025-10-07,-0.027014856627977823,0.0665749306266945,24.989990234375
378.6199951171875,390.489990234375,375.6400146484375,387.2699890136719,387.2699890136719,7122800.0,COIN,2025-10-08,0.030118233301149582,0.038771058816220595,14.8499755859375
384.260009765625,392.1600036621094,381.7999877929688,387.0,387.0,6849000.0,COIN,2025-10-09,-0.0006974027882927266,0.02677304979877824,10.360015869140568
387.6600036621094,402.1600036621094,351.6300048828125,357.010009765625,357.010009765625,17223600.0,COIN,2025-10-10,-0.08066087308404209,0.13427052820099902,50.529998779296875
363.2000122070313,364.8999938964844,341.8399963378906,356.989990234375,356.989990234375,10318400.0,COIN,2025-10-13,-5.607711836200115e-05,0.06528054609302314,23.05999755859375
340.8500061035156,353.5,334.7699890136719,341.54998779296875,341.54998779296875,9446000.0,COIN,2025-10-14,-0.04421369738962023,0.05443978928844919,18.730010986328125
345.8099975585937,347.8299865722656,333.1000061035156,336.29998779296875,336.29998779296875,7947300.0,COIN,2025-10-15,-0.015490462989575338,0.043271052542232735,14.72998046875
338.489990234375,342.70001220703125,328.7099914550781,330.25,330.25,7611900.0,COIN,2025-10-16,-0.018153639045747412,0.04167958741063904,13.990020751953125
319.4100036621094,336.29998779296875,317.7699890136719,336.0199890136719,336.0199890136719,9571100.0,COIN,2025-10-17,0.017320705903362203,0.056675766367717324,18.529998779296875
342.2099914550781,354.0599975585937,338.75,343.7799987792969,343.7799987792969,7544100.0,COIN,2025-10-20,0.02283126504338745,0.04420401120776236,15.309997558593693
342.2799987792969,344.7900085449219,335.5,338.6199951171875,338.6199951171875,6030900.0,COIN,2025-10-21,-0.015123394068839197,0.027313604420015066,9.290008544921875
333.8800048828125,334.7200012207031,310.4800109863281,320.3299865722656,320.3299865722656,12737800.0,COIN,2025-10-22,-0.05552684777800915,0.0751748426378128,24.239990234375
323.0,328.3900146484375,318.5,322.760009765625,322.760009765625,5866800.0,COIN,2025-10-23,0.007557370734584099,0.03057949603934023,9.8900146484375
335.0,356.8800048828125,333.0,354.4599914550781,354.4599914550781,13893100.0,COIN,2025-10-24,0.09368643728320117,0.06925711452151037,23.8800048828125
362.8200073242188,373.25,357.29998779296875,361.4299926757813,361.4299926757813,9688300.0,COIN,2025-10-27,0.01947288444293315,0.04367270555459125,15.95001220703125
363.2300109863281,368.1300048828125,354.07000732421875,355.2200012207031,355.2200012207031,6527800.0,COIN,2025-10-28,-0.017331045687402912,0.03894149553583029,14.05999755859375
357.42999267578125,360.0,345.2099914550781,348.6099853515625,348.6099853515625,7560500.0,COIN,2025-10-29,-0.01878354244746393,0.0419511286995017,14.790008544921875
343.4700012207031,344.2200012207031,328.2099914550781,328.510009765625,328.510009765625,8947700.0,COIN,2025-10-30,-0.05938646823952327,0.047627370005150244,16.010009765625
336.0,361.3999938964844,334.42999267578125,343.7799987792969,343.7799987792969,13757300.0,COIN,2025-10-31,0.04543460576052027,0.07755779306495546,26.970001220703125
340.8699951171875,342.79998779296875,325.8800048828125,330.4200134277344,330.4200134277344,9341700.0,COIN,2025-11-03,-0.039637301208357484,0.05061792068793917,16.91998291015625
319.0,325.45001220703125,306.8500061035156,307.32000732421875,307.32000732421875,12420300.0,COIN,2025-11-04,-0.07247503930884465,0.058849828800574516,18.600006103515625
315.8900146484375,324.1400146484375,310.8399963378906,319.29998779296875,319.29998779296875,8215500.0,COIN,2025-11-05,0.03824148765815121,0.04189726786196304,13.300018310546875
316.5,316.6000061035156,294.7200012207031,295.2200012207031,295.2200012207031,12191200.0,COIN,2025-11-06,-0.07841021624638972,0.07161340951638007,21.8800048828125
290.20001220703125,310.92999267578125,283.6499938964844,309.1400146484375,309.1400146484375,11984200.0,COIN,2025-11-07,0.04607345086490558,0.09182672064834019,27.279998779296875
323.0199890136719,324.79998779296875,311.6600036621094,317.92999267578125,317.92999267578125,8949800.0,COIN,2025-11-10,0.028036913616921323,0.04129670893649455,13.139984130859375
312.20001220703125,317.0899963378906,303.5899963378906,304.010009765625,304.010009765625,7095200.0,COIN,2025-11-11,-0.04477058200081756,0.04350753886488933,13.5
309.2300109863281,311.5,301.4599914550781,304.0,304.0,6967600.0,COIN,2025-11-12,-3.2926318531351675e-05,0.03276202919025179,10.040008544921875
301.6600036621094,303.9599914550781,279.8299865722656,283.1400146484375,283.1400146484375,11109500.0,COIN,2025-11-13,-0.07108617470420225,0.08271385774867242,24.1300048828125
269.5199890136719,292.760009765625,268.1600036621094,284.0,284.0,11748100.0,COIN,2025-11-14,0.003032711459186496,0.087769363139975,24.600006103515625
139.57000732421875,141.9600067138672,138.61000061035156,141.1999969482422,133.995849609375,3619200.0,LLY,2020-11-17,0.004329666427341316,0.02388113644373689,3.350006103515625
141.89999389648438,142.4199981689453,140.1300048828125,140.1699981689453,133.0183563232422,2795100.0,LLY,2020-11-18,-0.007321690240664733,0.016209827670252305,2.2899932861328125
140.25,143.88999938964844,138.9199981689453,143.41000366210938,136.09307861328125,4626100.0,LLY,2020-11-19,0.022851917042141862,0.035150899838301455,4.970001220703125
142.83999633789062,147.08999633789062,142.83999633789062,145.49000549316406,138.0669403076172,5063800.0,LLY,2020-11-20,0.01439958903103838,0.029319522345780582,4.25
145.5399932861328,145.6199951171875,141.16000366210938,143.3800048828125,136.0645751953125,3794200.0,LLY,2020-11-23,-0.014609051580954392,0.03110643068533324,4.459991455078125
143.38999938964844,145.63999938964844,143.11000061035156,144.89999389648438,137.5070343017578,4127000.0,LLY,2020-11-24,0.01054548369787868,0.017524249528712434,2.529998779296875
144.89999389648438,145.33999633789062,142.61000061035156,144.75,137.3647003173828,3223700.0,LLY,2020-11-25,-0.0010356393849945533,0.018962163963104236,2.7299957275390625
145.64999389648438,147.9199981689453,145.36000061035156,147.44000244140625,139.91741943359375,1754000.0,LLY,2020-11-27,0.018412952412819986,0.017458146413375012,2.55999755859375
146.33999633789062,148.1699981689453,144.89999389648438,145.64999389648438,138.21875,5842200.0,LLY,2020-11-30,-0.01221481231553542,0.022316443658472008,3.2700042724609375
146.69000244140625,148.05999755859375,145.25999450683594,145.55999755859375,138.13333129882812,3954400.0,LLY,2020-12-01,-0.0006181875199975803,0.01909237816370928,2.8000030517578125
145.36000061035156,147.08999633789062,144.3800048828125,145.16000366210938,137.75379943847656,3757400.0,LLY,2020-12-02,-0.0027513577654573905,0.01859587290399628,2.709991455078125
145.6999969482422,146.5,143.1300048828125,144.11000061035156,136.75733947753906,4059600.0,LLY,2020-12-03,-0.007259919153168728,0.023272086146468408,3.3699951171875
144.07000732421875,148.72000122070312,144.0,148.4499969482422,140.8759002685547,3058600.0,LLY,2020-12-04,0.029671252258291002,0.03225205204525089,4.720001220703125
147.3000030517578,148.3300018310547,146.47999572753906,147.4199981689453,139.89846801757812,2637200.0,LLY,2020-12-07,-0.00696243183019855,0.012550662481270184,1.850006103515625
146.97999572753906,150.13999938964844,146.91000366210938,149.3000030517578,141.6825408935547,2754400.0,LLY,2020-12-08,0.012671996286996943,0.021748008769734265,3.2299957275390625
154.58999633789062,158.94000244140625,153.67999267578125,158.0,149.9386749267578,8364400.0,LLY,2020-12-09,0.056637449334243146,0.03365431707117928,5.260009765625
159.8699951171875,162.0,158.17999267578125,161.0,152.7855987548828,6430600.0,LLY,2020-12-10,0.018809246625027188,0.023862756444178453,3.82000732421875
159.72000122070312,161.17999267578125,159.05999755859375,160.0399932861328,151.8745574951172,3441900.0,LLY,2020-12-11,-0.005980722826165042,0.013240233275101265,2.1199951171875
160.69000244140625,162.2899932861328,157.8300018310547,157.91000366210938,149.85324096679688,4390100.0,LLY,2020-12-14,-0.01339847887599656,0.027866300945960022,4.459991455078125
159.42999267578125,168.22999572753906,158.0500030517578,167.42999267578125,158.8874969482422,6974300.0,LLY,2020-12-15,0.0585399638115771,0.06242060736408367,10.17999267578125
169.69000244140625,173.19000244140625,166.75,172.0500030517578,163.27178955078125,6009900.0,LLY,2020-12-16,0.02721984734766891,0.037893587041911675,6.44000244140625
171.72999572753906,173.89999389648438,171.10000610351562,172.6300048828125,163.82220458984375,3521100.0,LLY,2020-12-17,0.0033654886267914202,0.016232169692029463,2.79998779296875
172.52000427246094,172.88999938964844,169.0,171.39999389648438,162.65496826171875,7356400.0,LLY,2020-12-18,-0.007150523213144802,0.02275683566332279,3.8899993896484375
168.8800048828125,169.0,165.8000030517578,168.77999877929688,160.16867065429688,3655900.0,LLY,2020-12-21,-0.015403746621632288,0.01911645381561961,3.1999969482421875
167.7100067138672,168.38999938964844,165.8699951171875,166.72000122070312,158.21372985839844,2447900.0,LLY,2020-12-22,-0.012280612005977867,0.015078394417222692,2.5200042724609375
167.4499969482422,168.0,165.47000122070312,165.47999572753906,157.03700256347656,1697300.0,LLY,2020-12-23,-0.007465376850838272,0.015174062522319115,2.529998779296875
165.85000610351562,167.94000244140625,165.85000610351562,166.66000366210938,158.15679931640625,627200.0,LLY,2020-12-24,0.007105478963034479,0.01252298509830758,2.089996337890625
167.2100067138672,167.60000610351562,165.2100067138672,166.5,158.00498962402344,1482000.0,LLY,2020-12-28,-0.000960329232438611,0.014362791884258146,2.3899993896484375
166.6300048828125,167.75,165.91000366210938,166.5800018310547,158.0808868408203,1712000.0,LLY,2020-12-29,0.0004802316326459471,0.011029281123660447,1.839996337890625
167.44000244140625,168.38999938964844,166.67999267578125,167.00999450683594,158.4889678955078,1413300.0,LLY,2020-12-30,0.0025781436521445517,0.010206951385132272,1.7100067138671875
167.07000732421875,169.13999938964844,166.2899932861328,168.83999633789062,160.22557067871094,1643600.0,LLY,2020-12-31,0.010897651405198296,0.016993559020144912,2.850006103515625
169.02000427246094,169.47999572753906,163.10000610351562,165.5,157.05599975585938,3164800.0,LLY,2021-01-04,-0.01998021102329335,0.03837135350023404,6.3799896240234375
165.19000244140625,166.66000366210938,163.1999969482422,166.32000732421875,157.83419799804688,2322600.0,LLY,2021-01-05,0.004942674189425175,0.02097940709708563,3.4600067138671875
162.97999572753906,167.27999877929688,162.97000122070312,164.32000732421875,155.9362030029297,3619700.0,LLY,2021-01-06,-0.012098133788169593,0.026102905544761426,4.30999755859375
164.17999267578125,167.1199951171875,161.77999877929688,165.8300018310547,157.36912536621094,3025500.0,LLY,2021-01-07,0.009147194284350608,0.03247470798655106,5.339996337890625
166.22000122070312,166.86000061035156,164.63999938964844,166.41000366210938,157.91954040527344,3438100.0,LLY,2021-01-08,0.0034915026004666855,0.013393872753243967,2.220001220703125
185.0,189.3000030517578,182.0200042724609,185.94000244140625,176.453125,11396500.0,LLY,2021-01-11,0.11096959498401525,0.03921647971486463,7.279998779296903
182.7899932861328,184.2400054931641,177.44000244140625,178.8000030517578,169.67742919921875,7179300.0,LLY,2021-01-12,-0.03915610109918148,0.03760674796658325,6.800003051757841
179.8300018310547,187.6199951171875,179.33999633789062,185.5,176.0355682373047,7303900.0,LLY,2021-01-13,0.036786907612858286,0.04513518956881777,8.279998779296875
185.2700042724609,188.9600067138672,184.5800018310547,186.69000244140625,177.16488647460938,4413200.0,LLY,2021-01-14,0.0063947940649975825,0.023452404222133242,4.3800048828125
186.8000030517578,191.77999877929688,186.8000030517578,190.7700042724609,181.03668212890625,6624600.0,LLY,2021-01-15,0.02161881348525483,0.026310333228637666,4.9799957275390625
196.0,199.5200042724609,194.07000732421875,198.47999572753903,188.3533172607422,7729100.0,LLY,2021-01-19,0.03961987177027824,0.027695546881333084,5.449996948242159
198.7700042724609,201.7700042724609,198.67999267578125,201.25999450683597,190.991455078125,5335800.0,LLY,2021-01-20,0.013909143036794348,0.015433002626742614,3.090011596679659
203.6999969482422,204.72000122070312,198.00999450683597,202.3500061035156,192.02584838867188,8698800.0,LLY,2021-01-21,0.005401300755709392,0.03332569108647594,6.710006713867159
202.0399932861328,206.5399932861328,200.55999755859372,206.13999938964844,195.6224822998047,6128800.0,LLY,2021-01-22,0.018556701187941088,0.029380624059789348,5.979995727539091
208.2400054931641,212.52999877929688,208.08999633789065,212.3500061035156,201.5156707763672,5959100.0,LLY,2021-01-25,0.029680457786428898,0.02111248830091732,4.440002441406222
212.5500030517578,213.22999572753903,210.6000061035156,212.72000122070312,201.86680603027344,6601500.0,LLY,2021-01-26,0.0017409548643494695,0.012410746619846025,2.6299896240234375
211.07000732421875,212.0200042724609,205.1000061035156,207.57000732421875,196.97950744628903,7358000.0,LLY,2021-01-27,-0.024508403617504237,0.033182935159103054,6.9199981689453125
208.0,211.83999633789065,207.57000732421875,210.1199951171875,199.39942932128903,5460400.0,LLY,2021-01-28,0.012210295332224163,0.02036258799713059,4.269989013671903
211.9600067138672,218.0,204.4600067138672,207.97000122070312,197.3591461181641,8401700.0,LLY,2021-01-29,-0.01028484985164071,0.06412267262315235,13.539993286132812
209.4600067138672,209.88999938964844,203.1000061035156,203.13999938964844,192.77554321289065,5383800.0,LLY,2021-02-01,-0.02349862211782178,0.03288508241145155,6.789993286132841
204.3800048828125,205.8999938964844,197.3500061035156,197.55999755859372,187.480224609375,5314600.0,LLY,2021-02-02,-0.027853152476440837,0.04241175135441568,8.549987792968807
197.80999755859372,200.58999633789065,196.88999938964844,196.9600067138672,186.9109039306641,3679000.0,LLY,2021-02-03,-0.003041317350461061,0.01861781152613773,3.699996948242216
196.80999755859372,201.8800048828125,195.63999938964844,201.6199951171875,191.3331298828125,2924300.0,LLY,2021-02-04,0.023383990572858268,0.031397253107381055,6.2400054931640625
201.6199951171875,202.9199981689453,200.8500061035156,201.7700042724609,191.47547912597656,2732200.0,LLY,2021-02-05,0.0007437097618772589,0.010253412481241399,2.069992065429716
202.3800048828125,206.42999267578125,201.91000366210935,205.7700042724609,195.2713623046875,2909300.0,LLY,2021-02-08,0.019630438663639914,0.022139264702480822,4.519989013671903
203.75,204.9499969482422,200.32000732421875,201.7100067138672,191.4185333251953,2661300.0,LLY,2021-02-09,-0.019927888084886075,0.02284990758576447,4.6299896240234375
204.47000122070312,205.5500030517578,201.63999938964844,204.38999938964844,193.9617919921875,3062700.0,LLY,2021-02-10,0.01319888651127374,0.019205402003184772,3.910003662109375
202.8699951171875,204.17999267578125,201.6199951171875,202.5800018310547,193.04698181152344,3544700.0,LLY,2021-02-11,-0.004727602816461205,0.012617208461589152,2.55999755859375
201.6499938964844,208.22000122070312,201.1499938964844,207.2899932861328,197.53526306152344,2611300.0,LLY,2021-02-12,0.02298352719439933,0.03454435085647947,7.070007324218722
205.97999572753903,207.4900054931641,203.6100006103516,205.75999450683597,196.07733154296875,2741900.0,LLY,2021-02-16,-0.007407985445219565,0.018876769831288203,3.8800048828125
205.00999450683597,206.69000244140625,204.2700042724609,206.4600067138672,196.7444000244141,3329900.0,LLY,2021-02-17,0.0033962943953885355,0.011777428956928947,2.419998168945341
205.3000030517578,205.4199981689453,200.9499969482422,201.1199951171875,191.6556396484375,3919400.0,LLY,2021-02-18,-0.02620520629548029,0.022000549115388877,4.470001220703125
201.1300048828125,202.8800048828125,200.3300018310547,200.9199981689453,191.465087890625,3434900.0,LLY,2021-02-19,-0.0009947348698622353,0.012648679382598317,2.5500030517578125
199.17999267578125,201.6100006103516,197.9600067138672,200.67999267578125,191.23635864257807,2263600.0,LLY,2021-02-22,-0.0011953405316531159,0.01827011717005087,3.6499938964844034
200.30999755859372,204.30999755859372,198.67999267578125,202.47999572753903,192.9516448974609,3287700.0,LLY,2021-02-23,0.00892947013694994,0.027942982927450833,5.630004882812472
201.6699981689453,206.4600067138672,201.6300048828125,204.5200042724609,194.8956298828125,2848800.0,LLY,2021-02-24,0.010024570965505164,0.023672362689736166,4.8300018310546875
203.57000732421875,205.5500030517578,201.75,203.82000732421875,194.2286376953125,2386700.0,LLY,2021-02-25,-0.0034281739603638523,0.018660021040619708,3.8000030517578125
206.6999969482422,206.9900054931641,202.05999755859372,204.88999938964844,195.24827575683597,3887900.0,LLY,2021-02-26,0.0052359477841475745,0.024105838541000048,4.930007934570369
205.77999877929688,208.2400054931641,204.77999877929688,206.47000122070312,196.7538909912109,2797400.0,LLY,2021-03-01,0.007681705693340993,0.016755060879690954,3.460006713867216
208.88999938964844,209.9499969482422,204.1000061035156,204.13999938964844,194.53355407714844,3445300.0,LLY,2021-03-02,-0.011349000708191729,0.02825929287422751,5.849990844726591
203.3699951171875,204.30999755859372,199.7100067138672,202.0,192.4942779541016,3660300.0,LLY,2021-03-03,-0.01053823434276028,0.022772088403397735,4.599990844726534
203.7899932861328,204.7400054931641,198.6100006103516,200.5399932861328,191.1029815673828,4308400.0,LLY,2021-03-04,-0.007253975115993404,0.030397802437758786,6.1300048828125
201.0200042724609,207.6699981689453,200.8800048828125,206.9199981689453,197.18272399902344,3875900.0,LLY,2021-03-05,0.031318378578743915,0.033242533381310765,6.7899932861328125
207.0,210.88999938964844,206.32000732421875,207.02999877929688,197.28756713867188,3300300.0,LLY,2021-03-08,0.0005315641987374041,0.02190827055709882,4.5699920654296875
208.33999633789065,212.16000366210935,206.05999755859372,206.1100006103516,196.4108428955078,4227300.0,LLY,2021-03-09,-0.004453793411727473,0.029173347589684952,6.100006103515625
206.88999938964844,208.0399932861328,204.38999938964844,205.4499969482422,195.7819061279297,3400200.0,LLY,2021-03-10,-0.0032072867654173278,0.017700406165393732,3.649993896484375
206.50999450683597,207.25,204.2700042724609,205.2100067138672,195.5532073974609,4037300.0,LLY,2021-03-11,-0.0011688128593645216,0.014483124936666422,2.979995727539091
204.88999938964844,208.4600067138672,202.27999877929688,208.0800018310547,198.28814697265625,4541400.0,LLY,2021-03-12,0.013888757533000123,0.030094338341093936,6.1800079345703125
193.00999450683597,193.17999267578125,188.1999969482422,189.16000366210935,180.2584991455078,12388500.0,LLY,2021-03-15,-0.09532933349065341,0.026117147901413937,4.9799957275390625
191.5399932861328,191.6199951171875,187.22999572753903,190.8999938964844,181.9166259765625,6194200.0,LLY,2021-03-16,0.009156556047890441,0.023176433946236443,4.389999389648466
189.72999572753903,189.8300018310547,186.55999755859372,186.72999572753903,177.9428253173828,5134200.0,LLY,2021-03-17,-0.022086190475259438,0.017376054372523608,3.270004272460966
186.0200042724609,187.08999633789065,183.8000030517578,183.92999267578125,175.2746124267578,4240000.0,LLY,2021-03-18,-0.015108334751108619,0.01774153839800104,3.289993286132841
184.6999969482422,185.8000030517578,183.8800048828125,184.2899932861328,175.61767578125,6048600.0,LLY,2021-03-19,0.0019553776205957236,0.010387445312329855,1.9199981689453125
184.0500030517578,185.91000366210935,183.1999969482422,185.83999633789065,177.09471130371094,2666600.0,LLY,2021-03-22,0.008375346092725585,0.014684269758453956,2.710006713867159
185.3500061035156,186.66000366210935,183.25,183.67999267578125,175.03634643554688,3284700.0,LLY,2021-03-23,-0.01169103529892679,0.018437458989983155,3.4100036621093466
183.6999969482422,183.83999633789065,179.82000732421875,180.1699981689453,171.6915283203125,3931500.0,LLY,2021-03-24,-0.019294219599185668,0.0221094028928944,4.019989013671903
181.0,183.63999938964844,180.22000122070312,183.08999633789065,174.47409057617188,2630500.0,LLY,2021-03-25,0.01607682586866462,0.01879898247709376,3.4199981689453125
184.0500030517578,185.91000366210935,182.6300048828125,185.30999755859372,176.58966064453125,2868200.0,LLY,2021-03-26,0.012052487164215345,0.0178004304003749,3.2799987792968466
184.66000366210935,187.6699981689453,183.50999450683597,186.33999633789065,177.57118225097656,3002600.0,LLY,2021-03-29,0.005542815582570299,0.022415959557687236,4.160003662109347
185.52999877929688,186.8600006103516,184.7100067138672,185.5,176.77072143554688,2523600.0,LLY,2021-03-30,-0.004518021542017831,0.01157261269178727,2.1499938964844034
185.57000732421875,187.94000244140625,185.25999450683597,186.82000732421875,178.02859497070312,3621300.0,LLY,2021-03-31,0.007090649542964679,0.01436256177049396,2.680007934570284
186.82000732421875,188.07000732421875,184.66000366210935,185.2400054931641,176.52291870117188,2340400.0,LLY,2021-04-01,-0.008493464351159146,0.01829795672198134,3.4100036621094034
185.58999633789065,185.8999938964844,183.1000061035156,184.88999938964844,176.18943786621094,2864800.0,LLY,2021-04-05,-0.001890951241829203,0.015176376880352805,2.799987792968807
184.69000244140625,185.6300048828125,182.4900054931641,182.8000030517578,174.19775390625,2488400.0,LLY,2021-04-06,-0.01136859712882628,0.01706006442323501,3.139999389648409
182.8999938964844,183.17999267578125,181.22000122070312,182.32000732421875,173.7404022216797,3406600.0,LLY,2021-04-07,-0.0026289266636701156,0.010757466461172302,1.959991455078125
182.9499969482422,183.97000122070312,182.47000122070312,182.6100006103516,174.0167236328125,2393200.0,LLY,2021-04-08,0.0015891635209867438,0.008186924834702142,1.5
182.52999877929688,185.13999938964844,182.41000366210935,184.4900054931641,175.8082733154297,2611200.0,LLY,2021-04-09,0.010242637667889689,0.014855371567286153,2.729995727539091
183.42999267578125,183.94000244140625,180.8800048828125,181.82000732421875,173.26390075683594,2876100.0,LLY,2021-04-12,-0.014578174996102585,0.016775775782916075,3.05999755859375
181.17999267578125,183.63999938964844,181.17999267578125,182.52999877929688,173.94046020507812,3089100.0,LLY,2021-04-13,0.0038971878271946087,0.013486344241344721,2.4600067138671875
182.58999633789065,184.47000122070312,182.0500030517578,183.0,174.38836669921875,2002100.0,LLY,2021-04-14,0.0025717466164828255,0.013205463866104088,2.4199981689453125
183.7899932861328,187.72000122070312,183.41000366210935,185.9199981689453,177.1709442138672,2586600.0,LLY,2021-04-15,0.01583024847740552,0.023227393499270423,4.309997558593778
187.3800048828125,190.3000030517578,186.8800048828125,189.25,180.34425354003903,3731800.0,LLY,2021-04-16,0.017752490998731524,0.018135064570740742,3.4199981689453125
189.2400054931641,190.8800048828125,188.07000732421875,189.63999938964844,180.71588134765625,2966400.0,LLY,2021-04-19,0.002058537639256442,0.014830711032044615,2.80999755859375
190.41000366210935,193.5,190.1699981689453,190.6100006103516,181.6402282714844,2460900.0,LLY,2021-04-20,0.005101881294614758,0.017359113134166763,3.3300018310546875
191.55999755859372,193.00999450683597,189.8000030517578,190.9499969482422,181.96424865722656,2219800.0,LLY,2021-04-21,0.001782268877707568,0.01677107031896541,3.2099914550781534
190.0,191.2700042724609,186.75,187.0500030517578,178.24777221679688,2982600.0,LLY,2021-04-22,-0.02063567069760505,0.02391524072684463,4.520004272460909
187.02999877929688,189.1300048828125,187.02999877929688,188.72000122070312,179.83914184570312,2482800.0,LLY,2021-04-23,0.00888823379468287,0.011165609849460032,2.100006103515625
188.57000732421875,188.6499938964844,186.05999755859372,187.22000122070312,178.40975952148438,2797500.0,LLY,2021-04-26,-0.007979870440984433,0.01382422483786632,2.589996337890682
184.0,185.8699951171875,180.7899932861328,182.2100067138672,173.63551330566406,6838700.0,LLY,2021-04-27,-0.027124573449713012,0.02771137879257302,5.0800018310546875
181.4499969482422,182.0,178.5800018310547,180.5500030517578,172.0536651611328,4682800.0,LLY,2021-04-28,-0.009151916137562085,0.018969996734310976,3.4199981689453125
181.05999755859372,182.6300048828125,180.0,182.1999969482422,173.6259765625,2432500.0,LLY,2021-04-29,0.00909699070848502,0.01450542404983183,2.6300048828125
181.83999633789065,183.9499969482422,181.19000244140625,182.7700042724609,174.169189453125,3103900.0,LLY,2021-04-30,0.0031237543555504878,0.015117747038330727,2.7599945068359375
182.9900054931641,186.3500061035156,182.9199981689453,185.9199981689453,177.1709442138672,3197000.0,LLY,2021-05-03,0.01708787305683581,0.01857776989851992,3.430007934570284
187.52999877929688,190.0800018310547,186.77999877929688,188.1999969482422,179.34368896484375,3703500.0,LLY,2021-05-04,0.012188961962496284,0.01751359866129529,3.3000030517578125
188.6499938964844,193.57000732421875,188.1699981689453,192.80999755859372,183.7367248535156,4274400.0,LLY,2021-05-05,0.024199874804338405,0.028293442169325583,5.4000091552734375
191.5500030517578,194.1000061035156,189.32000732421875,193.88999938964844,184.7659149169922,3101600.0,LLY,2021-05-06,0.0055858093180491475,0.024934777895150823,4.779998779296847
194.82000732421875,196.2700042724609,193.8999938964844,195.4199981689453,186.2238922119141,2526700.0,LLY,2021-05-07,0.007859972284678711,0.012148753295311069,2.3700103759765057
196.1699981689453,196.6100006103516,193.5,194.75999450683597,185.594970703125,2242000.0,LLY,2021-05-10,-0.003382948910433111,0.015944561753940104,3.110000610351591
193.38999938964844,195.75,193.00999450683597,194.75,185.5854339599609,1850200.0,LLY,2021-05-11,-5.138602709833537e-05,0.01409636229731146,2.740005493164034
194.75,195.6499938964844,192.72999572753903,193.1999969482422,184.1083526611328,2397400.0,LLY,2021-05-12,-0.007990879003587468,0.015037093917483884,2.9199981689453693
192.25,196.1100006103516,191.75,194.94000244140625,186.58740234375,2174300.0,LLY,2021-05-13,0.013375317129213546,0.02248328915767439,4.360000610351591
195.7100067138672,197.2700042724609,194.9199981689453,196.2100067138672,187.8030242919922,1823700.0,LLY,2021-05-14,0.0064938958569539275,0.01198416183228509,2.3500061035155966
196.47999572753903,199.6100006103516,195.08999633789065,195.52999877929688,187.152099609375,2466000.0,LLY,2021-05-17,-0.0034720172896806414,0.022904494102726037,4.5200042724609375
195.0,196.3500061035156,193.5800018310547,194.6300048828125,186.2906951904297,2369400.0,LLY,2021-05-18,-0.004613322086776167,0.014207938929048411,2.770004272460909
193.6100006103516,197.38999938964844,193.1100006103516,196.50999450683597,188.09011840820312,3070500.0,LLY,2021-05-19,0.009612870152745319,0.021921486169510083,4.279998779296847
197.16000366210935,201.0800018310547,196.1699981689453,199.52999877929688,190.9807281494141,3494400.0,LLY,2021-05-20,0.01525132200260894,0.02472122702320064,4.910003662109375
200.0,201.9199981689453,199.47000122070312,199.8800048828125,191.31573486328125,2579000.0,LLY,2021-05-21,0.0017526021401195434,0.012207715082423609,2.4499969482421875
201.0,203.6199951171875,200.0399932861328,201.0200042724609,192.4069061279297,2074900.0,LLY,2021-05-24,0.005687306868477692,0.01773817471094633,3.5800018310546875
201.42999267578125,201.8500061035156,199.13999938964844,199.22000122070312,190.68402099609372,2919100.0,LLY,2021-05-25,-0.008994714443245287,0.013516785641825766,2.710006713867159
199.22999572753903,202.44000244140625,198.25,200.9900054931641,192.3782196044922,2891300.0,LLY,2021-05-26,0.00884561032475304,0.02091469789082035,4.19000244140625
200.6499938964844,201.3800048828125,195.5,199.1999969482422,190.6648712158203,9340300.0,LLY,2021-05-27,-0.008946042137618265,0.029633315308808025,5.8800048828125
199.1199951171875,202.27999877929688,198.52999877929688,199.7400054931641,191.1817321777344,2386000.0,LLY,2021-05-28,0.002707167082188532,0.018712654116783623,3.75
200.32000732421875,200.88999938964844,196.67999267578125,198.4199981689453,189.9182891845703,3070200.0,LLY,2021-06-01,-0.006630530313124301,0.021179486231347834,4.2100067138671875
199.00999450683597,200.9199981689453,198.25,199.1300048828125,190.5978546142578,2030300.0,LLY,2021-06-02,0.0035718124618076344,0.01337794925353458,2.6699981689453125
198.9900054931641,203.63999938964844,198.6100006103516,202.6999969482422,194.0149078369141,3066600.0,LLY,2021-06-03,0.017769265433135225,0.025010620153110303,5.029998779296847
202.7899932861328,204.4499969482422,201.2899932861328,202.0200042724609,193.364013671875,2817700.0,LLY,2021-06-04,-0.0033605069426588907,0.015576810925242017,3.160003662109375
201.9900054931641,233.3300018310547,201.8300018310547,222.5200042724609,212.98568725585935,17231400.0,LLY,2021-06-07,0.09665047378133691,0.14502800042216688,31.5
221.7100067138672,222.2700042724609,217.3699951171875,220.6999969482422,211.24368286132807,4618500.0,LLY,2021-06-08,-0.008212605294646787,0.022291930096981546,4.900009155273409
221.3500061035156,226.72999572753903,220.25999450683597,226.0,216.3165740966797,4934900.0,LLY,2021-06-09,0.023730593353043398,0.028951221597379742,6.470001220703068
226.97000122070312,235.8500061035156,226.25,233.5399932861328,223.5334930419922,5598200.0,LLY,2021-06-10,0.03281830430914457,0.041555453029037535,9.600006103515597
227.02999877929688,229.58999633789065,221.55999755859372,224.08999633789065,214.4884033203125,5636000.0,LLY,2021-06-11,-0.04130558670552785,0.03560167139355326,8.029998779296932
224.22999572753903,226.66000366210935,223.0200042724609,226.1000061035156,216.4123077392578,2720700.0,LLY,2021-06-14,0.00892974717356124,0.016189640767127332,3.6399993896484375
226.1000061035156,226.66000366210935,222.8699951171875,223.5200042724609,213.9427947998047,2188900.0,LLY,2021-06-15,-0.01147675503788111,0.016862493538609913,3.7900085449218466
223.52999877929688,224.3600006103516,220.1999969482422,220.75999450683597,211.3010711669922,2548800.0,LLY,2021-06-16,-0.012424671245205045,0.018715696930995722,4.160003662109403
220.2700042724609,223.1000061035156,220.2700042724609,222.2100067138672,212.68893432617188,1890700.0,LLY,2021-06-17,0.006546702035895081,0.012766042803705498,2.8300018310546875
220.42999267578125,221.0500030517578,218.32000732421875,218.5500030517578,209.18577575683597,4016600.0,LLY,2021-06-18,-0.016607959693240776,0.012427024129816172,2.7299957275390625
219.1000061035156,223.7700042724609,218.0800018310547,222.6699981689453,213.12925720214844,3671300.0,LLY,2021-06-21,0.01867608661539063,0.025756781383797354,5.690002441406222
222.6300048828125,223.6100006103516,220.50999450683597,221.44000244140625,211.9519805908203,1658800.0,LLY,2021-06-22,-0.005539080611892594,0.013960445308293198,3.100006103515625
222.19000244140625,222.2400054931641,217.0,217.1000061035156,207.7979278564453,2419600.0,LLY,2021-06-23,-0.019793635569939277,0.023860550182834915,5.240005493164091
234.9199981689453,239.3699951171875,230.4199981689453,232.97000122070312,222.98789978027344,12290500.0,LLY,2021-06-24,0.07055140211443212,0.03810672892638924,8.949996948242188
233.1199951171875,233.4900054931641,229.38999938964844,230.22000122070312,220.3557586669922,6992200.0,LLY,2021-06-25,-0.011874183784474402,0.017715664060464473,4.100006103515653
229.0,229.8800048828125,226.8800048828125,228.22000122070312,218.4414520263672,2507500.0,LLY,2021-06-28,-0.008725300611660625,0.013136190014915547,3.0
228.25,231.3999938964844,227.8500061035156,229.3699951171875,219.54217529296875,1621200.0,LLY,2021-06-29,0.005026332106194224,0.015460243885784165,3.549987792968807
230.08999633789065,230.8500061035156,229.05999755859372,229.5200042724609,219.68572998046875,1786700.0,LLY,2021-06-30,0.0006536683616318635,0.007784208081111393,1.790008544921875
229.50999450683597,231.5,228.66000366210935,231.1300048828125,221.22679138183597,1977300.0,LLY,2021-07-01,0.006990355692055986,0.01234367339694256,2.8399963378906534
231.97000122070312,234.2100067138672,231.3300018310547,233.9600067138672,223.93551635742188,1994000.0,LLY,2021-07-02,0.012169756330497413,0.012372907038008151,2.8800048828125
233.6300048828125,235.5800018310547,233.22999572753903,235.4199981689453,225.33294677734372,3125400.0,LLY,2021-07-06,0.006220934881051127,0.010025493479584563,2.3500061035156534
234.67999267578125,236.58999633789065,233.4600067138672,235.82000732421875,225.7158203125,3141500.0,LLY,2021-07-07,0.001697703907213152,0.013317884762859694,3.129989624023466
233.8300018310547,237.2700042724609,232.1000061035156,237.1199951171875,226.9600830078125,2431500.0,LLY,2021-07-08,0.005497380442723824,0.0220304116288695,5.1699981689453125
237.1699981689453,238.47000122070312,232.75,234.9900054931641,224.9213714599609,4030100.0,LLY,2021-07-09,-0.009023275287127692,0.02427860521485054,5.720001220703125
235.1699981689453,238.0,235.1499938964844,236.00999450683597,225.8976593017578,2928600.0,LLY,2021-07-12,0.00433118081257196,0.012047091236257348,2.8500061035155966
235.97999572753903,236.6499938964844,234.02999877929688,235.3000030517578,225.21810913085935,1974000.0,LLY,2021-07-13,-0.0030127551837311516,0.011132923508617611,2.6199951171875284
235.7899932861328,237.22999572753903,234.72999572753903,236.3500061035156,226.2230682373047,2103400.0,LLY,2021-07-14,0.004452233499658127,0.010594217425291201,2.5
235.00999450683597,235.9900054931641,230.69000244140625,231.47000122070312,221.55218505859372,3611200.0,LLY,2021-07-15,-0.02086337988463606,0.022714626037549014,5.300003051757841
232.5,233.0399932861328,231.2100067138672,232.4600067138672,222.4997711181641,2229100.0,LLY,2021-07-16,0.004267912728463013,0.007883666345270818,1.829986572265625
231.8800048828125,234.3000030517578,230.57000732421875,234.13999938964844,224.10777282714844,2305600.0,LLY,2021-07-19,0.007200991919011519,0.016047822804524162,3.7299957275390625
235.0,237.75,233.94000244140625,235.0200042724609,224.95008850097656,2297800.0,LLY,2021-07-20,0.0037514838698366375,0.016155018766902726,3.80999755859375
236.3800048828125,237.3699951171875,233.58999633789065,237.2899932861328,227.122802734375,1651500.0,LLY,2021-07-21,0.00961230370031685,0.016052658481303352,3.7799987792968466
237.27999877929688,239.6999969482422,236.3699951171875,238.4900054931641,228.27142333984372,1703500.0,LLY,2021-07-22,0.005044521759243036,0.013989775440557028,3.3300018310546875
239.27999877929688,244.5500030517578,238.55999755859372,244.1499938964844,233.6888885498047,2448100.0,LLY,2021-07-23,0.023455320456679717,0.024798958681942627,5.990005493164091
242.57000732421875,245.27999877929688,242.57000732421875,243.2100067138672,232.78921508789065,2678800.0,LLY,2021-07-26,-0.003857306786338775,0.011110051435352703,2.709991455078125
243.7100067138672,244.05999755859372,242.66000366210935,243.5800018310547,233.1433258056641,2116500.0,LLY,2021-07-27,0.001520008820475255,0.005752784985138435,1.399993896484375
243.3699951171875,248.3999938964844,242.63999938964844,246.50999450683597,235.94778442382807,1688000.0,LLY,2021-07-28,0.011957131441689499,0.023461464623140364,5.759994506835966
247.5,248.2400054931641,242.2400054931641,245.3300018310547,234.8183441162109,1924100.0,LLY,2021-07-29,-0.00479831664237888,0.024467049342945392,6.0
244.8999938964844,245.9499969482422,242.6300048828125,243.5,233.06674194335935,1905100.0,LLY,2021-07-30,-0.00748735280520726,0.013590581497898229,3.3199920654296875
245.72999572753903,247.88999938964844,244.25,246.6000061035156,236.03390502929688,1958900.0,LLY,2021-08-02,0.012650601428419487,0.014792805996123362,3.6399993896484375
244.75,259.3699951171875,243.5,255.9900054931641,245.0215759277344,5406200.0,LLY,2021-08-03,0.03737081159328792,0.06313865234241436,15.8699951171875
256.0,270.6499938964844,255.4199981689453,262.4700012207031,251.2239227294922,3892400.0,LLY,2021-08-04,0.02499839217695036,0.05791720879234664,15.229995727539062
263.2799987792969,265.510009765625,261.3299865722656,264.19000244140625,252.87026977539065,2262400.0,LLY,2021-08-05,0.006531925675666528,0.015868616420133007,4.180023193359375
263.510009765625,264.2699890136719,260.739990234375,263.44000244140625,252.15240478515625,2155200.0,LLY,2021-08-06,-0.0028429039323718034,0.013447561436316893,3.529998779296875
264.5799865722656,273.0400085449219,264.5,267.1600036621094,255.7130126953125,3238500.0,LLY,2021-08-09,0.014022085881970769,0.03177708459559176,8.540008544921875
266.75,271.0799865722656,266.17999267578125,269.45001220703125,257.9048767089844,2060200.0,LLY,2021-08-10,0.00853505052990672,0.01824118659132558,4.899993896484375
269.5899963378906,270.94000244140625,262.6600036621094,264.1000061035156,252.78411865234372,2813300.0,LLY,2021-08-11,-0.020054983497798714,0.031036969064056084,8.279998779296875
263.20001220703125,264.5400085449219,261.489990234375,263.4700012207031,252.9953155517578,2100900.0,LLY,2021-08-12,0.0008351344376877209,0.011596496389040886,3.050018310546875
263.1499938964844,265.69000244140625,263.0199890136719,264.2099914550781,253.70590209960935,1482300.0,LLY,2021-08-13,0.002804757474134172,0.010100191670477562,2.670013427734375
264.8800048828125,270.260009765625,264.2699890136719,269.94000244140625,259.2080993652344,2623200.0,LLY,2021-08-16,0.021455481116445303,0.022413228526673833,5.990020751953125
271.1600036621094,275.8699951171875,267.17999267578125,272.7099914550781,261.8680419921875,2096100.0,LLY,2021-08-17,0.01020950882419711,0.03200716141392363,8.69000244140625
272.010009765625,274.760009765625,268.0299987792969,268.5199890136719,257.84454345703125,2527400.0,LLY,2021-08-18,-0.015483861786787208,0.024799114897898794,6.730010986328125
266.1499938964844,271.8500061035156,265.42999267578125,270.3999938964844,259.6498718261719,1901000.0,LLY,2021-08-19,0.006977218071034147,0.023899341202182643,6.420013427734375
269.3800048828125,272.8699951171875,269.0599975585937,270.9100036621094,260.1395568847656,1536800.0,LLY,2021-08-20,0.0018841676125537113,0.014061079416236154,3.809997558593807
272.29998779296875,272.9100036621094,267.70001220703125,267.82000732421875,257.17242431640625,2438800.0,LLY,2021-08-23,-0.011471472590438148,0.01927508779484958,5.209991455078125
266.20001220703125,267.44000244140625,261.7799987792969,262.7699890136719,252.3232269287109,3736000.0,LLY,2021-08-24,-0.019035859505973012,0.021390799540157684,5.660003662109375
262.7799987792969,264.5199890136719,261.2900085449219,263.8699951171875,253.37945556640625,2388500.0,LLY,2021-08-25,0.004177277321863536,0.012285886963841327,3.22998046875
264.0,265.5899963378906,260.5799865722656,261.32000732421875,250.9308013916016,1732900.0,LLY,2021-08-26,-0.009710980032509508,0.019043888257881874,5.010009765625
262.5199890136719,263.1300048828125,258.5799865722656,259.75,249.42323303222656,1839700.0,LLY,2021-08-27,-0.006026024845118656,0.01744315329039149,4.550018310546875
261.0299987792969,264.07000732421875,259.6099853515625,262.3099975585937,251.8814239501953,1300700.0,LLY,2021-08-30,0.009807252282811735,0.017033798786437897,4.46002197265625
262.8399963378906,263.6400146484375,257.8599853515625,258.2900085449219,248.02130126953125,2733400.0,LLY,2021-08-31,-0.015443802200308356,0.022167846571815586,5.780029296875
258.5400085449219,258.7699890136719,254.4900054931641,257.3999938964844,247.1666412353516,2956800.0,LLY,2021-09-01,-0.003451864673799422,0.0166780297497876,4.279983520507784
257.4100036621094,259.7300109863281,256.4700012207031,259.57000732421875,249.25042724609372,1469700.0,LLY,2021-09-02,0.008395352948724363,0.012630968735446585,3.260009765625
260.8299865722656,260.989990234375,256.7799987792969,259.5299987792969,249.21197509765625,1124500.0,LLY,2021-09-03,-0.00015428304455037032,0.016262372585768816,4.209991455078125
259.0,260.82000732421875,254.41000366210935,254.8000030517578,244.67007446289065,2403700.0,LLY,2021-09-07,-0.01839317175083429,0.024883389046223087,6.410003662109403
254.6000061035156,255.7100067138672,253.67999267578125,254.83999633789065,244.70843505859372,1542400.0,LLY,2021-09-08,0.0001567727026638591,0.007970414760080051,2.0300140380859375
253.2899932861328,254.0200042724609,239.6699981689453,240.0,230.4584503173828,4976600.0,LLY,2021-09-09,-0.059996853613158374,0.058150051373400256,14.350006103515597
242.1999969482422,243.88999938964844,238.57000732421875,239.5,229.97830200195312,4633500.0,LLY,2021-09-10,-0.0020856219103169106,0.022054502454653107,5.3199920654296875
240.0399932861328,241.1499938964844,235.1499938964844,237.9600067138672,228.49954223632807,2832800.0,LLY,2021-09-13,-0.006450758360894038,0.02519553876972543,6.0
238.72000122070312,239.7899932861328,231.97999572753903,233.08999633789065,223.82313537597656,3826000.0,LLY,2021-09-14,-0.020678041227392068,0.03311236967072898,7.809997558593778
233.5800018310547,239.3800048828125,233.05999755859372,233.72999572753903,224.43772888183597,2802500.0,LLY,2021-09-15,0.002742126025139568,0.02675634717329415,6.320007324218778
234.0800018310547,234.69000244140625,229.72999572753903,231.0399932861328,221.85464477539065,2958700.0,LLY,2021-09-16,-0.01157587762414679,0.021360817061454263,4.960006713867216
229.7100067138672,230.8300018310547,228.22999572753903,230.1000061035156,220.95204162597656,4480000.0,LLY,2021-09-17,-0.004076742412548383,0.01132764309258213,2.6000061035156534
228.08999633789065,232.72999572753903,227.2899932861328,231.63999938964844,222.4307861328125,2803400.0,LLY,2021-09-20,0.006670307901289321,0.023652259367261168,5.440002441406222
232.05999755859372,233.72000122070312,229.7400054931641,230.1699981689453,221.0192413330078,2172800.0,LLY,2021-09-21,-0.006366217069418245,0.01717556428155693,3.979995727539034
230.0,231.02999877929688,227.5800018310547,228.3000030517578,219.22360229492188,2529600.0,LLY,2021-09-22,-0.008157538602600855,0.01504573396090022,3.4499969482421875
229.3000030517578,234.1999969482422,229.00999450683597,232.17999267578125,222.9493408203125,1912300.0,LLY,2021-09-23,0.016852350463003676,0.022409791396537,5.190002441406222
232.7700042724609,235.38999938964844,231.33999633789065,231.67999267578125,222.46917724609372,1642500.0,LLY,2021-09-24,-0.002156011664274793,0.017355236410030474,4.050003051757784
229.97000122070312,231.05999755859372,225.6100006103516,226.3999938964844,217.3990936279297,2785900.0,LLY,2021-09-27,-0.023053757245534823,0.023869558900759494,5.449996948242131
226.38999938964844,226.3999938964844,220.1999969482422,221.6000061035156,212.78997802734372,3583300.0,LLY,2021-09-28,-0.021429144911376888,0.027767108940484144,6.199996948242216
225.41000366210935,231.44000244140625,224.55999755859372,230.3600006103516,221.20167541503903,3971000.0,LLY,2021-09-29,0.03876918320624909,0.030177750034973316,6.880004882812528
232.77999877929688,237.16000366210935,230.8000030517578,231.0500030517578,221.8642425537109,3786100.0,LLY,2021-09-30,0.002990830960782492,0.0271834864242151,6.360000610351534
231.0,231.67999267578125,225.4499969482422,229.58999633789065,220.46229553222656,2215700.0,LLY,2021-10-01,-0.00633898984248136,0.027258686253040166,6.2299957275390625
227.8000030517578,230.19000244140625,224.22000122070312,224.8500061035156,215.91075134277344,4784700.0,LLY,2021-10-04,-0.020861550876346592,0.02627734729406367,5.970001220703125
226.44000244140625,232.55999755859372,226.1699981689453,230.92999267578125,221.7490234375,2802000.0,LLY,2021-10-05,0.026681083219989153,0.02786132495685925,6.389999389648409
230.55999755859372,230.8500061035156,226.0500030517578,227.8500061035156,218.7914581298828,2462700.0,LLY,2021-10-06,-0.013427187130480446,0.02101194815133092,4.800003051757784
229.1199951171875,234.1100006103516,229.0,233.17999267578125,223.90956115722656,2001800.0,LLY,2021-10-07,0.02312319533434367,0.02206908942510152,5.110000610351591
233.4199981689453,235.80999755859372,231.5500030517578,233.94000244140625,224.6393585205078,2563000.0,LLY,2021-10-08,0.0032540397501218234,0.018230539565346135,4.259994506835909
236.6999969482422,237.9900054931641,233.6000061035156,233.6699981689453,224.38006591796875,1892300.0,LLY,2021-10-11,-0.0011549283494137008,0.01861840198137713,4.389999389648494
234.6999969482422,235.07000732421875,231.97999572753903,232.77999877929688,223.5254669189453,1719200.0,LLY,2021-10-12,-0.0038159833867064913,0.01323223065067137,3.090011596679716
234.07000732421875,237.9199981689453,232.8000030517578,236.44000244140625,227.0399627685547,2105700.0,LLY,2021-10-13,0.015600695917096351,0.021754746049542962,5.1199951171875
237.00999450683597,238.44000244140625,234.1100006103516,236.69000244140625,227.280029296875,1824700.0,LLY,2021-10-14,0.0010568170226115596,0.018326623611464508,4.330001831054659
237.4199981689453,239.3000030517578,235.82000732421875,237.8800048828125,228.42266845703125,2598300.0,LLY,2021-10-15,0.0050148553451697915,0.014649174460140166,3.4799957275390625
237.9499969482422,242.66000366210935,236.6999969482422,238.97999572753903,229.47900390625,2546000.0,LLY,2021-10-18,0.004613817274981895,0.02486779808824853,5.960006713867159
239.05999755859372,242.5500030517578,239.05999755859372,242.30999755859372,232.67662048339844,1573200.0,LLY,2021-10-19,0.013838055558232734,0.01449333103588986,3.490005493164091
243.72999572753903,245.8999938964844,243.0399932861328,243.72000122070312,234.030517578125,1537500.0,LLY,2021-10-20,0.005801929228244039,0.011698913178091247,2.860000610351591
244.9499969482422,244.9499969482422,239.8300018310547,241.1699981689453,231.58192443847656,1717700.0,LLY,2021-10-21,-0.010517827667612315,0.021123748969010342,5.1199951171875
240.9600067138672,244.0399932861328,239.55999755859372,243.75,234.059326171875,1960700.0,LLY,2021-10-22,0.010640917686210427,0.018528221567260715,4.479995727539091
244.66000366210935,246.2700042724609,240.5200042724609,245.0500030517578,235.30764770507807,2763100.0,LLY,2021-10-25,0.0053191832658977456,0.023625248442169535,5.75
244.5,248.9199981689453,237.08999633789065,248.44000244140625,238.5628967285156,4533000.0,LLY,2021-10-26,0.013739196361027496,0.04869175190609954,11.830001831054659
248.6100006103516,254.4600067138672,248.32000732421875,250.1699981689453,240.22409057617188,3181300.0,LLY,2021-10-27,0.00693920493912349,0.024425412609383017,6.1399993896484375
250.16000366210935,256.75,250.0800018310547,253.3500061035156,243.27767944335935,3386500.0,LLY,2021-10-28,0.01263130625949441,0.026321974813625477,6.6699981689453125
253.77999877929688,256.4700012207031,251.7700042724609,254.75999450683597,244.63162231445312,3152000.0,LLY,2021-10-29,0.00554999194155989,0.018495714160263663,4.699996948242216
255.1100006103516,256.4800109863281,248.0500030517578,249.30999755859372,239.39825439453125,2735800.0,LLY,2021-11-01,-0.021624995128172467,0.03342038064621797,8.430007934570312
251.25,259.29998779296875,249.3999938964844,256.8500061035156,246.63853454589844,3987800.0,LLY,2021-11-02,0.029795340375552107,0.0389276366946134,9.899993896484347
257.7699890136719,266.7900085449219,257.760009765625,266.260009765625,255.6744079589844,4382900.0,LLY,2021-11-03,0.03598094920169314,0.03443290679313527,9.029998779296875
265.4800109863281,271.1099853515625,265.2699890136719,271.0,260.2259521484375,4133400.0,LLY,2021-11-04,0.017645509248368486,0.02177645474915815,5.839996337890625
268.989990234375,269.489990234375,258.5599975585937,265.0,254.4645538330078,3745700.0,LLY,2021-11-05,-0.02238875171718847,0.04140348178138406,10.929992675781307
263.989990234375,266.9100036621094,259.1499938964844,260.5299987792969,250.17221069335935,2386100.0,LLY,2021-11-08,-0.017012025128234486,0.029504515561517824,7.760009765625
260.5299987792969,262.1600036621094,258.3900146484375,262.0199890136719,251.60302734375,1963800.0,LLY,2021-11-09,0.005703033629345586,0.014484890199161217,3.769989013671875
262.0,266.0,261.6000061035156,264.6499938964844,254.1284027099609,2215100.0,LLY,2021-11-10,0.00998710464351202,0.01667966586717401,4.399993896484375
262.32000732421875,264.32000732421875,261.95001220703125,262.6300048828125,252.1887359619141,1739400.0,LLY,2021-11-11,-0.007661902348777258,0.009006825587435124,2.3699951171875
261.7799987792969,262.5199890136719,258.92999267578125,259.6499938964844,250.13677978515625,1964000.0,LLY,2021-11-12,-0.008169872028714185,0.013769501142837325,3.589996337890625
259.3900146484375,259.6099853515625,257.1600036621094,258.42999267578125,248.96148681640625,1903200.0,LLY,2021-11-15,-0.0047096743059686745,0.009481974950404619,2.449981689453125
256.9599914550781,260.3500061035156,255.9900054931641,257.7200012207031,248.27749633789065,2565700.0,LLY,2021-11-16,-0.0027511556137268384,0.016888500377295886,4.360000610351534
256.8099975585937,264.54998779296875,256.07000732421875,261.17999267578125,251.61068725585935,2873600.0,LLY,2021-11-17,0.013335943625640409,0.032579350002764705,8.47998046875
262.0,263.79998779296875,259.82000732421875,261.3299865722656,251.75518798828125,1689200.0,LLY,2021-11-18,0.0005741379918580035,0.015202082252228036,3.97998046875
266.42999267578125,270.79998779296875,260.29998779296875,260.70001220703125,251.14828491210935,2786800.0,LLY,2021-11-19,-0.0024135978512756753,0.03954573085594637,10.5
262.2200012207031,263.989990234375,259.1300048828125,260.44000244140625,250.89781188964844,1995400.0,LLY,2021-11-22,-0.0009978089455845761,0.01858130152902334,4.8599853515625
259.4700012207031,262.760009765625,259.25,261.9599914550781,252.36212158203125,1986200.0,LLY,2021-11-23,0.005819314144926892,0.01344825808020406,3.510009765625
262.7699890136719,264.94000244140625,260.04998779296875,262.0,252.4006500244141,2518500.0,LLY,2021-11-24,0.00015265960417425747,0.018629521193068408,4.8900146484375
261.79998779296875,265.8800048828125,259.0299987792969,260.3699951171875,250.8303985595703,1495500.0,LLY,2021-11-26,-0.006240698246068982,0.026101217143119318,6.850006103515625
260.0199890136719,262.32000732421875,254.5,254.8300018310547,245.49334716796875,4041700.0,LLY,2021-11-29,-0.02150716003649408,0.030264324466746397,7.82000732421875
253.2700042724609,254.0,246.47999572753903,248.0399932861328,238.95211791992188,8265900.0,LLY,2021-11-30,-0.027006659326448728,0.030053430064029434,7.520004272460966
249.44000244140625,255.3000030517578,247.88999938964844,249.1300048828125,240.00222778320312,3241400.0,LLY,2021-12-01,0.0043850173001273975,0.02945423928203712,7.410003662109375
246.5200042724609,249.97999572753903,245.1199951171875,247.8800048828125,238.79800415039065,3817700.0,LLY,2021-12-02,-0.0050301820745875265,0.019633030938728247,4.860000610351534
252.1300048828125,253.47999572753903,243.0800018310547,245.5800018310547,236.582275390625,4169700.0,LLY,2021-12-03,-0.009321988734382091,0.04189429280021791,10.399993896484347
245.9199981689453,246.94000244140625,241.52999877929688,246.3300018310547,237.30479431152344,3491200.0,LLY,2021-12-06,0.0030493319060585595,0.02215171810027948,5.410003662109375
244.2400054931641,245.44000244140625,241.4499969482422,245.1100006103516,236.12954711914065,4035800.0,LLY,2021-12-07,-0.004964783935587732,0.01639012844569505,3.9900054931640625
246.6100006103516,248.17999267578125,239.47000122070312,244.32000732421875,235.3684539794922,3636200.0,LLY,2021-12-08,-0.003228407326959062,0.03572610669240605,8.709991455078125
244.4900054931641,245.91000366210935,242.75,242.8999938964844,234.00045776367188,2291100.0,LLY,2021-12-09,-0.005829103952669093,0.012933523053686214,3.1600036621093466
241.1999969482422,244.58999633789065,241.1999969482422,244.13999938964844,235.19505310058597,2380800.0,LLY,2021-12-10,0.005092111456880873,0.013956872169853364,3.389999389648466
245.50999450683597,250.6999969482422,245.4600067138672,248.52999877929688,239.42417907714844,3016700.0,LLY,2021-12-13,0.017821603607589265,0.02112296446975443,5.239990234375
247.7400054931641,250.00999450683597,246.38999938964844,249.3800048828125,240.2430877685547,3424000.0,LLY,2021-12-14,0.003414489766673349,0.014585251147456338,3.6199951171875284
262.07000732421875,275.5400085449219,257.2099914550781,275.2799987792969,265.194091796875,10016700.0,LLY,2021-12-15,0.09881070332927672,0.0688400009930975,18.33001708984375
275.6700134277344,283.8999938964844,272.04998779296875,279.0400085449219,268.81640625,5546400.0,LLY,2021-12-16,0.01356666217145913,0.042636213918712806,11.850006103515625
276.6700134277344,276.6700134277344,265.3299865722656,267.4200134277344,257.6221008300781,7582900.0,LLY,2021-12-17,-0.04253485624485097,0.041851225100505846,11.34002685546875
269.2300109863281,270.010009765625,260.3500061035156,263.4800109863281,253.8264312744141,3479400.0,LLY,2021-12-20,-0.014843093702781465,0.036432128464789604,9.660003662109375
264.0,265.95001220703125,260.57000732421875,264.8800048828125,255.1751708984375,2702500.0,LLY,2021-12-21,0.00529956202462724,0.02043679987180448,5.3800048828125
264.739990234375,266.5599975585937,262.8500061035156,266.5,256.73583984375,2721000.0,LLY,2021-12-22,0.006097441734503005,0.014015799333556398,3.709991455078068
269.04998779296875,275.2699890136719,266.67999267578125,273.1000061035156,263.093994140625,2632200.0,LLY,2021-12-23,0.024463664743899462,0.03170298398365515,8.589996337890625
275.0400085449219,280.29998779296875,274.7200012207031,278.4100036621094,268.2094116210937,1677100.0,LLY,2021-12-27,0.01925670153504726,0.020108013028251916,5.579986572265625
279.3399963378906,279.3999938964844,275.8900146484375,276.42999267578125,266.30194091796875,1033900.0,LLY,2021-12-28,-0.007137280775772823,0.01264213633250787,3.509979248046875
275.82000732421875,279.3599853515625,275.739990234375,278.4200134277344,268.2190246582031,1112300.0,LLY,2021-12-29,0.007173121668836381,0.013042862888114681,3.6199951171875
279.19000244140625,280.6499938964844,276.3699951171875,277.25,267.0919494628906,1181500.0,LLY,2021-12-30,-0.004210923800292449,0.01536778965550398,4.279998779296875
277.4700012207031,278.7300109863281,276.010009765625,276.2200012207031,266.0997009277344,1315700.0,LLY,2021-12-31,-0.003721925052182098,0.009806478410728648,2.720001220703125
274.4100036621094,274.4100036621094,267.0599975585937,271.7300109863281,261.7742004394531,2621300.0,LLY,2022-01-03,-0.01638875228569693,0.027150008567747533,7.350006103515682
269.0,269.8800048828125,263.5799865722656,266.8099975585937,257.0344543457031,2340500.0,LLY,2022-01-04,-0.018272162276555766,0.02362055757969146,6.300018310546875
268.1600036621094,268.7699890136719,260.4200134277344,260.6499938964844,251.1001434326172,3004200.0,LLY,2022-01-05,-0.02335830213096629,0.03156019053885648,8.3499755859375
260.1000061035156,261.29998779296875,255.4600067138672,259.3299865722656,249.8284912109375,2863200.0,LLY,2022-01-06,-0.0050771901042926315,0.022603257913916583,5.8399810791015625
259.739990234375,261.25,256.7099914550781,259.5,249.99229431152344,2245100.0,LLY,2022-01-07,0.00065544735711236,0.01753079346723175,4.540008544921875
258.19000244140625,260.1600036621094,255.88999938964844,260.1099853515625,250.57992553710935,2576700.0,LLY,2022-01-10,0.002347839021906768,0.016549178183594592,4.2700042724609375
261.5899963378906,262.4100036621094,257.0599975585937,262.32000732421875,252.7089385986328,2294000.0,LLY,2022-01-11,0.008460452486248706,0.0205986688709832,5.350006103515682
252.8999938964844,257.44000244140625,250.97000122070312,255.9199981689453,246.54345703125,6562800.0,LLY,2022-01-12,-0.02470011192426223,0.025453277787411445,6.470001220703125
254.07000732421875,255.5,248.5500030517578,249.6699981689453,240.5224456787109,3726500.0,LLY,2022-01-13,-0.02472485980087868,0.027578364824832623,6.9499969482421875
250.1499938964844,250.5399932861328,242.8999938964844,244.1199951171875,235.17578125,2894300.0,LLY,2022-01-14,-0.0224801745695669,0.03096875073802186,7.639999389648409
242.75,248.5200042724609,242.08999633789065,247.07000732421875,238.0176696777344,3241200.0,LLY,2022-01-18,0.012011673412313364,0.026213799669007228,6.430007934570256
246.3300018310547,250.41000366210935,244.72999572753903,245.0500030517578,236.0717010498047,2487600.0,LLY,2022-01-19,-0.008209336369158167,0.02294404457815347,5.6800079345703125
245.5800018310547,247.9499969482422,242.5,243.1300048828125,234.2220458984375,2655400.0,LLY,2022-01-20,-0.007865997370694293,0.02222539024964832,5.4499969482421875
246.8800048828125,247.8800048828125,242.1199951171875,243.05999755859372,234.1546173095703,2788600.0,LLY,2022-01-21,-0.0002879246325859481,0.023511326935622735,5.760009765625
242.5500030517578,243.75999450683597,232.67999267578125,240.4199981689453,231.61134338378903,3712800.0,LLY,2022-01-24,-0.010920932046133288,0.046520024577406324,11.080001831054716
236.80999755859372,241.52999877929688,235.1199951171875,239.4600067138672,230.6865234375,2525100.0,LLY,2022-01-25,-0.004000975329357844,0.02689768258261486,6.410003662109375
239.6300048828125,242.42999267578125,235.91000366210935,237.8600006103516,229.14512634277344,2913200.0,LLY,2022-01-26,-0.0067042051968749135,0.027262586819707765,6.519989013671903
239.97999572753903,243.2700042724609,235.75999450683597,236.72000122070312,228.04689025878903,2178500.0,LLY,2022-01-27,-0.004804275474967601,0.03135764005757954,7.510009765624943
237.4900054931641,245.22000122070312,235.0500030517578,245.1000061035156,236.11990356445312,3081100.0,LLY,2022-01-28,0.03478847511557842,0.04235750132865227,10.169998168945312
243.2700042724609,245.4900054931641,241.9199981689453,245.38999938964844,236.39926147460935,3237100.0,LLY,2022-01-31,0.001182419522310972,0.01464915016140061,3.5700073242187784
247.0500030517578,248.83999633789065,243.25999450683597,248.27999877929688,239.183349609375,2449400.0,LLY,2022-02-01,0.011708249520035203,0.022679297321257952,5.5800018310546875
245.3500061035156,251.8800048828125,244.02999877929688,250.8300018310547,241.63992309570312,2586700.0,LLY,2022-02-02,0.010218286013472237,0.03166163945323824,7.850006103515625
247.5,248.1199951171875,241.1000061035156,244.80999755859372,235.8404693603516,3473600.0,LLY,2022-02-03,-0.024293097847390303,0.028700669923267155,7.019989013671903
242.72000122070312,244.1000061035156,241.22000122070312,242.2700042724609,233.3935394287109,3569300.0,LLY,2022-02-04,-0.010429559947977635,0.011868617187439251,2.8800048828124716
242.41000366210935,244.02999877929688,240.3000030517578,243.5500030517578,234.6266632080078,3948300.0,LLY,2022-02-07,0.005269544459008427,0.015403008110568842,3.7299957275390625
241.8999938964844,242.88999938964844,237.47000122070312,239.91000366210935,231.12001037597656,2615000.0,LLY,2022-02-08,-0.015058482622030632,0.02256735859518213,5.4199981689453125
241.25999450683597,244.4600067138672,241.05999755859372,243.2700042724609,234.35694885253903,1759900.0,LLY,2022-02-09,0.013908274477147934,0.014005868780786473,3.400009155273466
239.8999938964844,244.08999633789065,238.1100006103516,239.63999938964844,230.8599395751953,2283100.0,LLY,2022-02-10,-0.015034171080590542,0.02480424040555038,5.9799957275390625
239.22999572753903,240.6300048828125,234.8500061035156,235.7400054931641,227.1028289794922,2054300.0,LLY,2022-02-11,-0.016408298437868375,0.02431346587672957,5.779998779296903
234.0,236.8800048828125,231.8699951171875,234.69000244140625,227.0350799560547,2572000.0,LLY,2022-02-14,-0.00029836321789949923,0.021376855677873428,5.010009765625
236.6499938964844,244.7899932861328,236.6499938964844,243.83999633789065,235.88665771484372,3409600.0,LLY,2022-02-15,0.03824688294870778,0.03381844214261121,8.139999389648409
242.5800018310547,247.0200042724609,242.5800018310547,245.5800018310547,237.5699157714844,2459000.0,LLY,2022-02-16,0.007110536606681337,0.018137761876894948,4.440002441406222
245.5800018310547,245.58999633789065,240.41000366210935,240.97000122070312,233.11024475097656,2059100.0,LLY,2022-02-17,-0.018950467246906254,0.021317649553745988,5.179992675781307
238.0200042724609,242.42999267578125,238.0200042724609,240.30999755859372,232.4717559814453,2517900.0,LLY,2022-02-18,-0.0027427571031136827,0.018358256997479047,4.409988403320341
239.2100067138672,240.8600006103516,237.5200042724609,239.1300048828125,231.3302764892578,2936700.0,LLY,2022-02-22,-0.0049222802704555054,0.01396400592308658,3.339996337890682
240.5500030517578,242.67999267578125,238.0200042724609,238.30999755859372,230.53700256347656,2296300.0,LLY,2022-02-23,-0.0034350764463948994,0.019388951189233103,4.659988403320341
235.17999267578125,243.92999267578125,234.0,243.0800018310547,235.1514434814453,3272300.0,LLY,2022-02-24,0.019818365646611494,0.04156015350425001,9.92999267578125
243.83999633789065,252.8999938964844,243.72999572753903,250.8500061035156,242.66799926757807,2442200.0,LLY,2022-02-25,0.03146450407254621,0.03693309184178116,9.16999816894537
246.13999938964844,250.05999755859372,244.58999633789065,249.9499969482422,241.79736328125,3188800.0,LLY,2022-02-28,-0.003594217423577719,0.022117554933083566,5.470001220703068
247.55999755859372,250.33999633789065,245.44000244140625,249.5,241.36204528808597,2873200.0,LLY,2022-03-01,-0.0018019647480139278,0.01976745114538405,4.899993896484403
249.8800048828125,256.4800109863281,249.05999755859372,254.1699981689453,245.8797149658203,2452000.0,LLY,2022-03-02,0.018544383967947387,0.02935691020575055,7.420013427734403
254.8300018310547,259.5799865722656,254.38999938964844,258.6400146484375,250.2039031982422,3153700.0,LLY,2022-03-03,0.01743374542671952,0.02019636841291277,5.1899871826171875
256.2099914550781,263.4599914550781,255.5200042724609,262.8699951171875,254.2958984375,3497100.0,LLY,2022-03-04,0.01622234524010289,0.030600820180857188,7.939987182617216
259.8599853515625,263.6300048828125,257.8599853515625,261.6400146484375,253.1060791015625,3074800.0,LLY,2022-03-07,-0.0046898576254028835,0.022129878300321055,5.77001953125
259.92999267578125,265.29998779296875,258.9100036621094,259.92999267578125,251.4517822265625,3482600.0,LLY,2022-03-08,-0.006557435448663074,0.024380690023893405,6.389984130859375
263.29998779296875,267.7900085449219,262.07000732421875,262.7900085449219,254.21856689453125,2965900.0,LLY,2022-03-09,0.010943146195906271,0.021591451573286288,5.720001220703125
262.8399963378906,267.7300109863281,262.8399963378906,266.0199890136719,257.3432006835937,2797200.0,LLY,2022-03-10,0.012216208661105149,0.018433582930929223,4.8900146484375
265.07000732421875,271.7200012207031,265.07000732421875,266.29998779296875,257.6140441894531,2469600.0,LLY,2022-03-11,0.0010519068661725191,0.024778159136442383,6.649993896484375
268.989990234375,270.8999938964844,267.32000732421875,269.0,260.2259521484375,2713800.0,LLY,2022-03-14,0.010087788224753333,0.013303256518974939,3.579986572265625
269.8699951171875,276.4800109863281,269.8699951171875,275.4599914550781,266.4753112792969,4396900.0,LLY,2022-03-15,0.023731298373659695,0.024198181877857394,6.610015869140625
277.8500061035156,278.6099853515625,273.010009765625,276.44000244140625,267.42333984375,3148600.0,LLY,2022-03-16,0.0035513465293147534,0.020304441558234954,5.5999755859375
277.010009765625,285.8900146484375,276.45001220703125,285.510009765625,276.1974792480469,3270100.0,LLY,2022-03-17,0.032283169146938295,0.03357715574946697,9.44000244140625
285.8399963378906,291.3500061035156,284.8599853515625,287.6400146484375,278.258056640625,4557900.0,LLY,2022-03-18,0.007432830032030861,0.02252753445501507,6.490020751953125
287.760009765625,295.3299865722656,287.760009765625,289.6400146484375,280.1928100585937,3495700.0,LLY,2022-03-21,0.006929029120348589,0.025966496400608448,7.569976806640625
289.6700134277344,290.5599975585937,283.3900146484375,285.0199890136719,275.72344970703125,3791600.0,LLY,2022-03-22,-0.01607960396945265,0.024985994501564364,7.169982910156193
284.4200134277344,288.17999267578125,283.3500061035156,284.19000244140625,274.92059326171875,3149200.0,LLY,2022-03-23,-0.002916065376477512,0.016902355333176532,4.829986572265625
286.2900085449219,288.8500061035156,284.6600036621094,287.69000244140625,278.3063659667969,2412400.0,LLY,2022-03-24,0.01224023855249893,0.014612044850339559,4.19000244140625
288.5,291.6499938964844,286.5799865722656,289.0199890136719,279.593017578125,2399800.0,LLY,2022-03-25,0.004612494404597234,0.017536749838754907,5.07000732421875
291.3299865722656,292.45001220703125,288.3099975585937,291.6600036621094,282.1469116210937,2195000.0,LLY,2022-03-28,0.00909286132798908,0.014257471963914069,4.140014648437557
292.0299987792969,293.1400146484375,287.5799865722656,288.3900146484375,278.9835510253906,2798100.0,LLY,2022-03-29,-0.011275075294169786,0.019149324862520422,5.560028076171875
290.5799865722656,292.2900085449219,287.989990234375,289.8900146484375,280.4346618652344,2220100.0,LLY,2022-03-30,0.005187940117398896,0.014820765938460713,4.300018310546875
289.3699951171875,291.79998779296875,285.9200134277344,286.3699951171875,277.02947998046875,3227600.0,LLY,2022-03-31,-0.012216836855725097,0.02035649588075613,5.879974365234375
286.1499938964844,293.1400146484375,284.0,292.6700134277344,283.1239318847656,3066200.0,LLY,2022-04-01,0.021760797190971223,0.03167612240873764,9.1400146484375
292.75,294.9800109863281,290.95001220703125,291.4200134277344,281.9147033691406,3014100.0,LLY,2022-04-04,-0.004280168775199854,0.013756121617223015,4.029998779296875
291.7200012207031,295.8299865722656,289.1000061035156,292.489990234375,282.9497375488281,2324200.0,LLY,2022-04-05,0.0036647211723811286,0.023012249487884173,6.72998046875
296.0899963378906,306.5599975585937,294.7699890136719,305.8399963378906,295.8643798828125,4672900.0,LLY,2022-04-06,0.04463189722282862,0.03921813286031807,11.790008544921818
305.0,314.0,305.0,308.42999267578125,298.3699035644531,4270800.0,LLY,2022-04-07,0.008432830616750115,0.029081209300841817,9.0
308.0,312.3800048828125,307.95001220703125,311.69000244140625,301.5235595703125,3024700.0,LLY,2022-04-08,0.010514150434939409,0.014282939287873636,4.42999267578125
313.0899963378906,313.760009765625,308.04998779296875,308.9599914550781,298.8825988769531,2178100.0,LLY,2022-04-11,-0.008797303920817916,0.018366325738748142,5.71002197265625
306.5799865722656,309.6099853515625,304.17999267578125,308.0799865722656,298.03131103515625,2688100.0,LLY,2022-04-12,-0.0028522988149749257,0.017693786257346605,5.42999267578125
307.2799987792969,308.29998779296875,300.4100036621094,302.6700134277344,292.7976989746094,2528700.0,LLY,2022-04-13,-0.017716628210646714,0.025925074823096642,7.889984130859375
303.75,304.4700012207031,300.19000244140625,301.8599853515625,292.01422119140625,1898100.0,LLY,2022-04-14,-0.0026794195703641454,0.01415694848662108,4.279998779296875
301.07000732421875,302.0599975585937,296.79998779296875,298.82000732421875,289.0733642578125,1581400.0,LLY,2022-04-18,-0.010121992332712926,0.017567194891261417,5.260009765624943
298.4100036621094,299.69000244140625,293.79998779296875,297.010009765625,287.3223876953125,2021700.0,LLY,2022-04-19,-0.0060756240577539864,0.01984939302134506,5.8900146484375
297.0199890136719,299.0,292.29998779296875,292.9200134277344,283.3658142089844,2608600.0,LLY,2022-04-20,-0.013866194771746006,0.022662943035482466,6.70001220703125
292.9200134277344,293.45001220703125,286.6600036621094,289.6099853515625,280.1637268066406,2716800.0,LLY,2022-04-21,-0.011364521759028077,0.023410451332510324,6.790008544921875
289.29998779296875,289.6199951171875,278.3999938964844,278.7300109863281,269.6386108398437,2772600.0,LLY,2022-04-22,-0.03829158680625561,0.03951079550436343,11.220001220703125
278.75,285.95001220703125,276.8299865722656,285.20001220703125,275.8976135253906,2410200.0,LLY,2022-04-25,0.022947247339574796,0.032413462182506146,9.120025634765625
286.17999267578125,290.2099914550781,282.7900085449219,282.8299865722656,273.6048583984375,2166600.0,LLY,2022-04-26,-0.00834488850974983,0.025900166471479507,7.41998291015625
283.1000061035156,288.1300048828125,280.5899963378906,285.0899963378906,275.7912292480469,2352100.0,LLY,2022-04-27,0.00795922082748321,0.026517268062969106,7.540008544921875
295.989990234375,300.510009765625,288.5599975585937,297.2699890136719,287.5738830566406,5886900.0,LLY,2022-04-28,0.041835648044919876,0.04057803565399111,11.950012207031307
295.7900085449219,297.3099975585937,289.1400146484375,292.1300048828125,282.6015930175781,3910900.0,LLY,2022-04-29,-0.01744170452795427,0.027864306742186547,8.169982910156193
291.2300109863281,292.8399963378906,284.2799987792969,289.5599975585937,280.1153259277344,2789900.0,LLY,2022-05-02,-0.008836710555417945,0.02966670860826858,8.55999755859375
288.6300048828125,289.8099975585937,284.1099853515625,288.07000732421875,278.67401123046875,2109500.0,LLY,2022-05-03,-0.005158716524522643,0.019864091868052408,5.700012207031193
288.5,296.9800109863281,284.1199951171875,294.8999938964844,285.2811889648437,2743600.0,LLY,2022-05-04,0.023432641658545264,0.044268166517540876,12.860015869140625
293.4200134277344,294.989990234375,288.29998779296875,292.3699951171875,282.8337707519531,3120200.0,LLY,2022-05-05,-0.008615979253399282,0.022939862052302137,6.69000244140625
290.1700134277344,298.25,288.5199890136719,296.8999938964844,287.21600341796875,2931200.0,LLY,2022-05-06,0.015375215264435513,0.033167691420774546,9.730010986328125
293.510009765625,294.92999267578125,286.6499938964844,289.2300109863281,279.7961120605469,3460500.0,LLY,2022-05-09,-0.0261733911175674,0.0284760771513694,8.279998779296875
292.0,293.42999267578125,285.0,285.70001220703125,276.3812561035156,3140800.0,LLY,2022-05-10,-0.012279891504175678,0.02914990474115842,8.42999267578125
283.6700134277344,294.5,283.0,286.69000244140625,277.3389892578125,2625200.0,LLY,2022-05-11,0.003459270696289871,0.039832105448403834,11.5
283.3299865722656,291.989990234375,283.3299865722656,291.79998779296875,282.2823181152344,2370000.0,LLY,2022-05-12,0.01766715230822446,0.030107273012841617,8.660003662109375
292.6300048828125,292.79998779296875,286.510009765625,291.6300048828125,283.0685729980469,2337700.0,LLY,2022-05-13,0.0027814774933030187,0.021716266752089406,6.28997802734375
292.1099853515625,309.44000244140625,291.6000061035156,299.3800048828125,290.5910339355469,5118300.0,LLY,2022-05-16,0.02622772132653077,0.059381199089059616,17.839996337890625
300.0,303.3999938964844,293.3900146484375,301.3999938964844,292.5517272949219,2553000.0,LLY,2022-05-17,0.006724599457660126,0.033549214904044625,10.009979248046875
300.0,302.6000061035156,294.0299987792969,295.19000244140625,286.5240783691406,2161400.0,LLY,2022-05-18,-0.020818920692691426,0.028730022726928227,8.57000732421875
293.5799865722656,293.5799865722656,284.3699951171875,286.2699890136719,277.865966796875,3157400.0,LLY,2022-05-19,-0.03068371219406747,0.031873938828752196,9.209991455078125
290.7300109863281,299.239990234375,288.9200134277344,298.8500061035156,290.0765686035156,3129100.0,LLY,2022-05-20,0.04300605419555364,0.035096014711186764,10.319976806640625
300.6000061035156,304.9200134277344,299.3500061035156,302.6000061035156,293.7165222167969,2873600.0,LLY,2022-05-23,0.012470174243986653,0.018436013396391806,5.57000732421875
303.7099914550781,307.6700134277344,299.79998779296875,305.9599914550781,296.9778747558594,2804900.0,LLY,2022-05-24,0.011042548214131505,0.025912278704291372,7.870025634765625
307.0,310.4200134277344,304.6400146484375,307.010009765625,297.9970397949219,3195700.0,LLY,2022-05-25,0.0034259126257440175,0.018795462792285174,5.779998779296875
305.2300109863281,313.9100036621094,303.6099853515625,313.4599914550781,304.2576904296875,3284200.0,LLY,2022-05-26,0.020791455345542692,0.0333623974780789,10.300018310546875
312.6499938964844,324.0799865722656,311.260009765625,323.4800109863281,313.9834899902344,3694300.0,LLY,2022-05-27,0.031465396649438974,0.040361750309682656,12.819976806640625
316.6300048828125,318.4599914550781,309.0299987792969,313.44000244140625,304.2383117675781,6298900.0,LLY,2022-05-31,-0.031529090287674706,0.03005849598267007,9.42999267578125
313.44000244140625,313.8999938964844,305.5899963378906,311.0799865722656,301.94757080078125,2731500.0,LLY,2022-06-01,-0.007557918905718951,0.026830122143618525,8.30999755859375
310.57000732421875,310.6700134277344,298.1700134277344,302.42999267578125,293.5514831542969,3703300.0,LLY,2022-06-02,-0.02820036071024734,0.04106746011366592,12.5
302.1600036621094,305.8099975585937,300.70001220703125,301.6499938964844,292.79443359375,2490000.0,LLY,2022-06-03,-0.0025822640171803907,0.016850855498856922,5.109985351562443
315.1300048828125,315.1300048828125,303.0899963378906,303.3599853515625,294.4542236328125,3734400.0,LLY,2022-06-06,0.005652782474246174,0.038955488571192125,12.040008544921875
303.989990234375,312.1499938964844,303.0199890136719,312.1000061035156,302.93756103515625,3652800.0,LLY,2022-06-07,0.02840316165290793,0.029685048279030273,9.1300048828125
312.42999267578125,315.5,310.8099975585937,313.489990234375,304.2867431640625,2684500.0,LLY,2022-06-08,0.004443775849494569,0.014976896828185617,4.690002441406307
311.6000061035156,311.9200134277344,303.1099853515625,303.25,294.3474426269531,1963300.0,LLY,2022-06-09,-0.03320964370093718,0.028651060118859047,8.810028076171875
299.2300109863281,301.6600036621094,296.8699951171875,297.010009765625,288.2906494140625,2469800.0,LLY,2022-06-10,-0.02079167664083041,0.01600625138579652,4.790008544921875
290.42999267578125,293.1600036621094,288.510009765625,291.2799987792969,282.7287902832031,2898800.0,LLY,2022-06-13,-0.01948107066934704,0.015988766308515055,4.649993896484375
289.1700134277344,292.0,287.2900085449219,290.7900085449219,282.25323486328125,2422600.0,LLY,2022-06-14,-0.0016834359716388489,0.016261613967754024,4.709991455078125
291.6000061035156,296.3399963378906,288.5299987792969,292.989990234375,284.3886108398437,1970100.0,LLY,2022-06-15,0.007536986903774031,0.026708368976405935,7.80999755859375
290.20001220703125,290.20001220703125,283.1099853515625,288.07000732421875,279.6130676269531,2628600.0,LLY,2022-06-16,-0.016934904723077047,0.024734919554089945,7.09002685546875
290.010009765625,300.989990234375,289.67999267578125,290.8999938964844,282.3599853515625,6900000.0,LLY,2022-06-17,0.009776054517953528,0.038300168987056474,11.30999755859375
292.3800048828125,299.2799987792969,290.3099975585937,297.3399963378906,288.61090087890625,2821300.0,LLY,2022-06-21,0.021896616560939615,0.030430276809783195,8.970001220703182
296.9599914550781,309.6499938964844,296.42999267578125,306.69000244140625,297.6864318847656,4535700.0,LLY,2022-06-22,0.03096127330308021,0.04363152950616324,13.220001220703125
309.5,313.19000244140625,307.19000244140625,312.7200012207031,303.5394592285156,3729300.0,LLY,2022-06-23,0.019470925468276012,0.019343586314108978,6.0
319.54998779296875,325.82000732421875,319.010009765625,325.6199951171875,316.06072998046875,5449900.0,LLY,2022-06-24,0.04042276262354815,0.02112262324918923,6.80999755859375
324.2300109863281,330.8500061035156,322.0,327.2699890136719,317.6622619628906,3218900.0,LLY,2022-06-27,0.005054370481310919,0.027113573361644414,8.850006103515625
326.5199890136719,329.07000732421875,316.760009765625,317.6199951171875,308.2956237792969,2742900.0,LLY,2022-06-28,-0.02992960897726685,0.03812609617673932,12.30999755859375
318.1600036621094,324.70001220703125,317.6499938964844,323.0,313.5176086425781,2562500.0,LLY,2022-06-29,0.016796386305953887,0.02195158820565002,7.050018310546875
322.1300048828125,327.04998779296875,320.010009765625,324.2300109863281,314.71148681640625,2732900.0,LLY,2022-06-30,0.0038007778362354836,0.021760751260432292,7.03997802734375
323.8800048828125,325.3999938964844,317.760009765625,324.7099914550781,315.1773986816406,1817800.0,LLY,2022-07-01,0.0014793464718316186,0.023758764438460325,7.639984130859375
322.44000244140625,327.42999267578125,318.92999267578125,327.17999267578125,317.57489013671875,2107700.0,LLY,2022-07-05,0.0075780142425076885,0.026302649399085606,8.5
328.0,332.739990234375,326.75,330.1499938964844,320.4577331542969,2252500.0,LLY,2022-07-06,0.009036724865270407,0.018166022378148513,5.989990234375
327.25,330.5,326.239990234375,327.95001220703125,318.3222351074219,2395000.0,LLY,2022-07-07,-0.006686202162392776,0.01297338239946399,4.260009765625
326.54998779296875,334.5199890136719,326.1600036621094,330.4700012207031,320.768310546875,1898200.0,LLY,2022-07-08,0.007654900860505731,0.02530856593230626,8.3599853515625
330.6099853515625,332.67999267578125,329.42999267578125,331.07000732421875,321.3507080078125,1342600.0,LLY,2022-07-11,0.0018139865159232003,0.0098171789399526,3.25
330.0,331.989990234375,323.3599853515625,323.5899963378906,314.0903015136719,2058200.0,LLY,2022-07-12,-0.022852546042186825,0.02633861021091031,8.6300048828125
322.010009765625,324.67999267578125,320.8299865722656,322.4599914550781,312.9934387207031,2564200.0,LLY,2022-07-13,-0.0034983012354490336,0.011928713358352354,3.850006103515625
317.5400085449219,327.760009765625,315.510009765625,326.8900146484375,317.2934875488281,2615700.0,LLY,2022-07-14,0.01364494602563862,0.03809125488174553,12.25
331.9700012207031,335.3299865722656,328.1700134277344,331.6000061035156,321.8651428222656,3340300.0,LLY,2022-07-15,0.014305472915153697,0.021583273824156087,7.15997314453125
330.1199951171875,331.9700012207031,319.7099914550781,321.7699890136719,312.32373046875,2116300.0,LLY,2022-07-18,-0.03009239917420712,0.03763029889114115,12.260009765625
324.0899963378906,327.3800048828125,321.8399963378906,326.20001220703125,316.6236572265625,1628100.0,LLY,2022-07-19,0.013673619884306043,0.01706707436815623,5.540008544921875
327.0899963378906,327.82000732421875,320.3099975585937,322.0299987792969,312.5761413574219,2051000.0,LLY,2022-07-20,-0.012865775575868531,0.023175430367100257,7.510009765625057
321.45001220703125,328.04998779296875,319.7099914550781,326.9200134277344,317.32257080078125,1692100.0,LLY,2022-07-21,0.015070738162559395,0.025751690406127684,8.339996337890625
326.95001220703125,329.2200012207031,325.8299865722656,328.75,319.0988464355469,1850800.0,LLY,2022-07-22,0.005582088217047687,0.010350492257609452,3.3900146484375
328.75,332.2699890136719,328.0599975585937,331.54998779296875,321.8166198730469,1741700.0,LLY,2022-07-25,0.00848096159443782,0.012751347310636934,4.209991455078182
330.989990234375,332.57000732421875,328.6099853515625,331.5599975585937,321.8263244628906,1812300.0,LLY,2022-07-26,3.0155196852235913e-05,0.0119787935777457,3.96002197265625
328.9800109863281,330.8699951171875,325.19000244140625,328.94000244140625,319.2832336425781,1643000.0,LLY,2022-07-27,-0.007933446402621726,0.017315899827687466,5.67999267578125
330.239990234375,333.5899963378906,321.739990234375,330.79998779296875,321.088623046875,2350900.0,LLY,2022-07-28,0.00563858067387771,0.03616894742861691,11.850006103515625
331.0599975585937,331.0599975585937,326.82000732421875,329.69000244140625,320.01123046875,3399900.0,LLY,2022-07-29,-0.0033610788911544853,0.012890037423309858,4.239990234374943
327.510009765625,330.42999267578125,323.4599914550781,324.1499938964844,314.63385009765625,2464300.0,LLY,2022-08-01,-0.016946508297865676,0.021319382116209946,6.970001220703125
327.19000244140625,328.9800109863281,319.3599853515625,320.20001220703125,310.79986572265625,3405700.0,LLY,2022-08-02,-0.012260395639314189,0.029678044784141572,9.620025634765625
320.6300048828125,320.9800109863281,310.2200012207031,313.8299865722656,304.61676025390625,5152200.0,LLY,2022-08-03,-0.02009472369377525,0.034097122988899095,10.760009765625
310.20001220703125,310.25,302.239990234375,305.7900085449219,296.8128662109375,4696300.0,LLY,2022-08-04,-0.025952602640877228,0.0261570526423469,8.010009765625
302.4800109863281,305.32000732421875,300.3099975585937,301.32000732421875,292.47412109375,2814300.0,LLY,2022-08-05,-0.014725672256346424,0.01654516458040252,5.010009765625057
300.6499938964844,306.1199951171875,296.5299987792969,302.5,293.6194763183594,3218900.0,LLY,2022-08-08,0.003908442909789431,0.03182877634986454,9.589996337890625
305.0899963378906,306.70001220703125,301.29998779296875,303.0199890136719,294.1241760253906,2122900.0,LLY,2022-08-09,0.0017174148255627722,0.01776370529970184,5.4000244140625
304.5,307.1300048828125,302.5899963378906,304.6099853515625,295.6674499511719,2351000.0,LLY,2022-08-10,0.005233297252780466,0.014892384844287542,4.540008544921875
301.0299987792969,305.4200134277344,299.6300048828125,301.1700134277344,292.3284912109375,2198800.0,LLY,2022-08-11,-0.011357202988461712,0.019139526052323715,5.790008544921875
302.9200134277344,308.489990234375,301.29998779296875,308.0799865722656,300.0118408203125,2305100.0,LLY,2022-08-12,0.02594380341406092,0.023582990631282354,7.19000244140625
309.2099914550781,314.6099853515625,307.3099975585937,313.94000244140625,305.7183532714844,2795800.0,LLY,2022-08-15,0.018842320687365997,0.023476727800864787,7.299987792968807
313.92999267578125,314.3699951171875,309.6300048828125,310.3099975585937,302.1834716796875,2248000.0,LLY,2022-08-16,-0.011629908939526272,0.015192568607122113,4.739990234375
310.010009765625,320.6000061035156,310.010009765625,316.82000732421875,308.52301025390625,2747200.0,LLY,2022-08-17,0.020762073070665986,0.03358967268881551,10.589996337890625
316.75,318.9599914550781,314.20001220703125,316.7200012207031,308.4256286621094,2261600.0,LLY,2022-08-18,-0.00031568784324327657,0.015035911610481303,4.759979248046875
317.510009765625,325.75,317.5,322.7699890136719,314.3171691894531,3393100.0,LLY,2022-08-19,0.018921828814060675,0.02565239767220807,8.25
322.2799987792969,325.7699890136719,320.3900146484375,323.1000061035156,314.63848876953125,2488000.0,LLY,2022-08-22,0.0010217559981103752,0.016652527731223835,5.379974365234375
321.239990234375,321.8399963378906,313.8699951171875,315.1000061035156,306.8480224609375,2962000.0,LLY,2022-08-23,-0.025071740895607382,0.025075644377203624,7.970001220703125
316.4700012207031,320.8599853515625,315.2200012207031,318.8699951171875,310.51934814453125,1827000.0,LLY,2022-08-24,0.011893628126829738,0.017734033649317443,5.639984130859375
320.6000061035156,323.3699951171875,315.8299865722656,323.1400146484375,314.677490234375,1977900.0,LLY,2022-08-25,0.013302061520104021,0.023593111734513367,7.540008544921875
323.5899963378906,324.5899963378906,315.2699890136719,315.5599975585937,307.2959289550781,1858000.0,LLY,2022-08-26,-0.023737052555344737,0.02913345647816957,9.32000732421875
313.3399963378906,314.8699951171875,309.67999267578125,310.1499938964844,302.02764892578125,1697000.0,LLY,2022-08-29,-0.01729265534321299,0.01662035710364864,5.19000244140625
310.1400146484375,311.9700012207031,306.010009765625,307.0400085449219,298.9990539550781,1980300.0,LLY,2022-08-30,-0.010078156562706954,0.019289220183401783,5.959991455078125
307.1400146484375,308.82000732421875,301.1099853515625,301.2300109863281,293.3412475585937,3183500.0,LLY,2022-08-31,-0.019103810602273917,0.02528300876381629,7.71002197265625
301.0,309.4100036621094,300.5,309.1300048828125,301.034423828125,2939200.0,LLY,2022-09-01,0.025888024333635535,0.02921951609774144,8.910003662109375
310.1099853515625,310.2200012207031,299.760009765625,301.3299865722656,293.4385681152344,2525400.0,LLY,2022-09-02,-0.025556313681927758,0.03429954006798691,10.459991455078125
302.95001220703125,312.8299865722656,302.2300109863281,306.82000732421875,298.784912109375,2322200.0,LLY,2022-09-06,0.018055647629929478,0.034471515809570516,10.5999755859375
308.7699890136719,312.3999938964844,304.8800048828125,311.6000061035156,303.43963623046875,2228100.0,LLY,2022-09-07,0.015458741526069453,0.02436612584690148,7.519989013671875
311.95001220703125,315.7300109863281,307.5899963378906,315.5,307.237548828125,2212500.0,LLY,2022-09-08,0.01243852450107485,0.02611973732576543,8.1400146484375
316.45001220703125,320.1700134277344,315.2200012207031,317.70001220703125,309.3799743652344,2177000.0,LLY,2022-09-09,0.006948988887656715,0.015581335049899092,4.95001220703125
318.8900146484375,320.45001220703125,314.8800048828125,315.2200012207031,306.9648742675781,2077400.0,LLY,2022-09-12,-0.0078368869753471,0.017534666672851,5.57000732421875
310.010009765625,312.3099975585937,304.989990234375,306.4800109863281,298.45379638671875,2272400.0,LLY,2022-09-13,-0.028118190096728925,0.023717319287079264,7.320007324218693
307.2099914550781,311.8099975585937,305.8999938964844,309.6099853515625,301.5018005371094,2002900.0,LLY,2022-09-14,0.010160853202189143,0.019135788916313293,5.910003662109318
309.7099914550781,312.2799987792969,305.75,309.4700012207031,301.365478515625,2348100.0,LLY,2022-09-15,-0.00045224555567858804,0.021132442775806504,6.529998779296875
307.9700012207031,311.9599914550781,306.739990234375,308.8900146484375,300.8006591796875,4380200.0,LLY,2022-09-16,-0.0018759590293235945,0.016874495685398058,5.220001220703125
306.4800109863281,306.5199890136719,297.6499938964844,305.0899963378906,297.10015869140625,2515300.0,LLY,2022-09-19,-0.012378466892041933,0.029364691166358984,8.8699951171875
303.82000732421875,303.82000732421875,298.94000244140625,301.7300109863281,293.82818603515625,1816800.0,LLY,2022-09-20,-0.011074121334322196,0.016192552362069536,4.8800048828125
301.0,304.5299987792969,296.32000732421875,296.4800109863281,288.71563720703125,2241200.0,LLY,2022-09-21,-0.017552945858062097,0.027329624280891883,8.209991455078125
300.79998779296875,312.6099853515625,299.9599914550781,310.8699951171875,302.7287902832031,5918300.0,LLY,2022-09-22,0.047395073700381256,0.04130725643416645,12.649993896484375
311.8699951171875,315.17999267578125,305.1199951171875,311.4599914550781,303.3033447265625,4572600.0,LLY,2022-09-23,0.0018961193055872436,0.032438755106532005,10.05999755859375
308.79998779296875,311.7300109863281,304.8800048828125,307.5,299.4470520019531,3760000.0,LLY,2022-09-26,-0.012795828463436408,0.022219191194626148,6.850006103515625
309.1499938964844,313.95001220703125,308.32000732421875,311.1000061035156,302.9527587890625,3019600.0,LLY,2022-09-27,0.011639267813418676,0.018095548020898657,5.6300048828125
333.5299987792969,341.70001220703125,328.1000061035156,334.3800048828125,325.6230773925781,9436300.0,LLY,2022-09-28,0.0721636263629542,0.04061473627599287,13.600006103515625
333.9700012207031,334.67999267578125,327.2699890136719,330.010009765625,321.3675842285156,3743100.0,LLY,2022-09-29,-0.01315491794469574,0.02238934483499485,7.410003662109375
327.1499938964844,329.510009765625,322.4200134277344,323.3500061035156,314.8819580078125,4474100.0,LLY,2022-09-30,-0.020387758073663994,0.021751647037937517,7.089996337890625
325.989990234375,329.3500061035156,317.04998779296875,321.54998779296875,313.1291198730469,3340500.0,LLY,2022-10-03,-0.005582203079471552,0.03806158197457835,12.300018310546875
322.17999267578125,330.1000061035156,321.7799987792969,329.8900146484375,321.2507019042969,2622500.0,LLY,2022-10-04,0.025606192091377156,0.02552757891975261,8.32000732421875
328.29998779296875,333.8500061035156,327.5199890136719,331.7799987792969,323.0911865234375,2186100.0,LLY,2022-10-05,0.005712773475274014,0.019142720217099948,6.33001708984375
327.94000244140625,339.260009765625,326.8699951171875,332.95001220703125,324.2305908203125,4299200.0,LLY,2022-10-06,0.0035203681182154603,0.037204280455655915,12.3900146484375
332.9700012207031,333.07000732421875,324.8999938964844,326.6600036621094,318.1053466796875,2601600.0,LLY,2022-10-07,-0.019072355930240627,0.0248352762003857,8.170013427734375
326.2300109863281,327.010009765625,320.239990234375,323.8900146484375,315.4078063964844,1956200.0,LLY,2022-10-10,-0.008516181782250411,0.020920097143190534,6.77001953125
320.0,329.0299987792969,319.42999267578125,327.6000061035156,319.0206604003906,2598900.0,LLY,2022-10-11,0.011389441828893282,0.02961079375599998,9.600006103515625
327.3800048828125,333.6499938964844,323.8800048828125,324.57000732421875,316.0700378417969,1764700.0,LLY,2022-10-12,-0.009292039064494715,0.029719429162540792,9.769989013671875
319.1199951171875,333.3699951171875,319.1000061035156,332.1000061035156,323.40283203125,2657400.0,LLY,2022-10-13,0.0229348763900829,0.04374841720616508,14.269989013671875
331.5599975585937,335.2900085449219,328.2300109863281,331.3900146484375,322.7114562988281,2231400.0,LLY,2022-10-14,-0.002140104340012398,0.021281238846190275,7.05999755859375
332.7900085449219,337.5799865722656,331.75,332.760009765625,324.0455322265625,2230000.0,LLY,2022-10-17,0.0041254376635495105,0.01742080627201289,5.829986572265625
334.1400146484375,335.3299865722656,330.3699951171875,335.0299987792969,326.25604248046875,2087100.0,LLY,2022-10-18,0.00679844199616366,0.014901857827937907,4.959991455078125
335.25,335.6300048828125,325.9700012207031,329.2900085449219,320.6664123535156,2419000.0,LLY,2022-10-19,-0.017281110557394667,0.029204020942359715,9.660003662109375
331.1499938964844,331.44000244140625,325.8999938964844,329.07000732421875,320.4522399902344,1761200.0,LLY,2022-10-20,-0.000668120855524176,0.01685623801987402,5.540008544921875
329.07000732421875,342.42999267578125,326.7699890136719,340.7699890136719,331.8457336425781,3274700.0,LLY,2022-10-21,0.0349369551611639,0.046810709977485945,15.660003662109375
344.2200012207031,351.7699890136719,344.2200012207031,347.8999938964844,338.7890319824219,3375900.0,LLY,2022-10-24,0.020707385893963152,0.0216965303227435,7.54998779296875
346.5199890136719,352.3299865722656,343.04998779296875,351.3099975585937,342.1097717285156,2513100.0,LLY,2022-10-25,0.009754066408654345,0.026692024755119233,9.279998779296875
352.5,361.4800109863281,350.44000244140625,357.8599853515625,348.4881896972656,2373500.0,LLY,2022-10-26,0.018472685136649267,0.0310172306615338,11.040008544921875
358.989990234375,361.1199951171875,355.32000732421875,356.3299865722656,346.998291015625,2347600.0,LLY,2022-10-27,-0.004284485758120551,0.016191487033402216,5.79998779296875
360.3200073242188,362.0,357.0400085449219,359.8999938964844,350.47479248046875,2942100.0,LLY,2022-10-28,0.009968930237340889,0.013796367572082979,4.959991455078125
358.6499938964844,363.9200134277344,350.4599914550781,362.0899963378906,352.6073913574219,4258200.0,LLY,2022-10-31,0.0060664470420629365,0.03768754726098221,13.46002197265625
345.8299865722656,358.989990234375,340.75,352.5799865722656,343.34649658203125,7013000.0,LLY,2022-11-01,-0.026615100807173872,0.05214543516741535,18.239990234375
354.1600036621094,363.1499938964844,350.2099914550781,354.9599914550781,345.6641540527344,3774400.0,LLY,2022-11-02,0.006727519262290467,0.03628300508902565,12.94000244140625
354.0599975585937,362.8299865722656,351.510009765625,361.6799926757813,352.2080993652344,2602500.0,LLY,2022-11-03,0.018754541649591096,0.031696179871331304,11.319976806640625
365.2000122070313,365.8800048828125,353.3399963378906,357.4100036621094,348.0499572753906,3004600.0,LLY,2022-11-04,-0.011876167431386466,0.0348746683132875,12.540008544921875
358.0,367.0,357.5,365.0700073242188,355.5093688964844,2560300.0,LLY,2022-11-07,0.021205578174788926,0.026226485920507893,9.5
365.1499938964844,368.75,361.9299926757813,366.6600036621094,357.0577392578125,3278600.0,LLY,2022-11-08,0.004345900282499657,0.018668104928986972,6.820007324218693
368.4400024414063,369.7999877929688,361.9100036621094,363.2699890136719,353.7565002441406,2323700.0,LLY,2022-11-09,-0.00928867928064882,0.021566713693897458,7.889984130859432
367.239990234375,369.0,363.0,368.7200012207031,359.0638122558594,2994000.0,LLY,2022-11-10,0.014891298671859248,0.016393809775676352,6.0
366.1600036621094,367.8299865722656,344.5199890136719,352.29998779296875,343.0738220214844,6646300.0,LLY,2022-11-11,-0.04555447414804667,0.06546872637495615,23.30999755859375
359.07000732421875,360.7999877929688,340.1199951171875,356.0599975585937,347.7025756835937,4717400.0,LLY,2022-11-14,0.01340179820113756,0.05902527219378769,20.679992675781307
356.94000244140625,356.989990234375,346.3599853515625,349.95001220703125,341.7359313964844,4180700.0,LLY,2022-11-15,-0.017309138365285658,0.030229088540298904,10.6300048828125
350.0,356.8800048828125,349.9599914550781,352.92999267578125,344.64605712890625,3563800.0,LLY,2022-11-16,0.00847966065159369,0.01958076668074357,6.920013427734375
352.9100036621094,362.2999877929688,352.7099914550781,360.7699890136719,352.30206298828125,2929700.0,LLY,2022-11-17,0.02197097205315845,0.02682639888659409,9.589996337890682
362.5499877929688,364.6700134277344,359.3500061035156,361.6700134277344,353.18084716796875,2420900.0,LLY,2022-11-18,0.0024912995667400123,0.014696010962139433,5.32000732421875
360.3900146484375,363.760009765625,355.3699951171875,361.1700134277344,352.692626953125,1999200.0,LLY,2022-11-21,-0.0013833082290112052,0.023334849875732595,8.3900146484375
362.0,362.7999877929688,357.29998779296875,360.8800048828125,352.409423828125,2460400.0,LLY,2022-11-22,-0.0008032968842315055,0.015275953729549156,5.500000000000057
361.3399963378906,362.4700012207031,358.6300048828125,361.7200012207031,353.2297058105469,1993000.0,LLY,2022-11-23,0.0023249344245760335,0.010650485657453987,3.839996337890625
362.8999938964844,365.8299865722656,361.5499877929688,365.25,356.6768798828125,1039100.0,LLY,2022-11-25,0.009711703583750076,0.011768397059636428,4.279998779296818
363.4500122070313,369.510009765625,361.0,365.7699890136719,357.1846618652344,2481300.0,LLY,2022-11-28,0.0014226346101224327,0.02329987171720231,8.510009765625
364.6199951171875,366.1099853515625,360.6400146484375,363.9500122070313,355.4073486328125,2207000.0,LLY,2022-11-29,-0.004988315590652088,0.01505352321408307,5.469970703125
365.0700073242188,372.3500061035156,361.7999877929688,371.0799865722656,362.3699951171875,5556400.0,LLY,2022-11-30,0.019401183227847587,0.028742749327059173,10.550018310546818
374.7900085449219,375.1900024414063,368.489990234375,370.3299865722656,361.6375732421875,2516100.0,LLY,2022-12-01,-0.002023244388199319,0.0180190231146054,6.700012207031307
366.0799865722656,375.0400085449219,365.0,374.760009765625,365.9636535644531,1925600.0,LLY,2022-12-02,0.011891489846694643,0.027135356150129443,10.040008544921875
373.760009765625,375.25,368.2799987792969,369.2900085449219,360.62200927734375,2296500.0,LLY,2022-12-05,-0.014703677206234368,0.018748955408532334,6.970001220703125
367.0,370.6400146484375,365.5199890136719,368.5400085449219,359.8896484375,1971000.0,LLY,2022-12-06,-0.002032891721370079,0.01391031343209443,5.120025634765625
369.3200073242188,375.239990234375,368.760009765625,371.9700012207031,363.2390441894531,1629100.0,LLY,2022-12-07,0.009263689129465888,0.017419742820013285,6.47998046875
373.260009765625,373.260009765625,366.5,371.7900085449219,363.06341552734375,2090900.0,LLY,2022-12-08,-0.0004836240417002667,0.0182767325913401,6.760009765625
373.0,374.0,360.80999755859375,360.989990234375,352.5168151855469,2787200.0,LLY,2022-12-09,-0.029479193660671324,0.035904300190356425,13.19000244140625
362.9299926757813,367.8299865722656,362.5,367.25,358.62994384765625,2639200.0,LLY,2022-12-12,0.01719273600123684,0.014596364112402734,5.329986572265625
361.6300048828125,372.739990234375,358.32000732421875,358.6600036621094,350.24151611328125,5032600.0,LLY,2022-12-13,-0.02366809722075165,0.03945463711347064,14.41998291015625
359.010009765625,369.4299926757813,357.0599975585937,363.5,354.96795654296875,5095500.0,LLY,2022-12-14,0.013404559593092941,0.03405742937201751,12.369995117187614
360.6600036621094,363.9700012207031,356.69000244140625,360.010009765625,351.55987548828125,3437100.0,LLY,2022-12-15,-0.009647482615003181,0.020204385958289266,7.279998779296875
357.92999267578125,360.4800109863281,355.1700134277344,359.8699951171875,351.4230651855469,6612200.0,LLY,2022-12-16,-0.0003892279500565248,0.014839921262722959,5.30999755859375
357.8099975585937,359.70001220703125,354.6099853515625,357.7799987792969,349.3822021484375,2658400.0,LLY,2022-12-19,-0.005824353501895579,0.014251831914770004,5.09002685546875
358.5,361.4500122070313,356.3399963378906,359.6400146484375,351.1985778808594,2276000.0,LLY,2022-12-20,0.005185354363337033,0.014238432239883364,5.110015869140682
362.6300048828125,370.6799926757813,361.2099914550781,368.010009765625,359.3720703125,2211200.0,LLY,2022-12-21,0.023006446905891386,0.025879653963605115,9.470001220703182
367.3200073242188,369.760009765625,362.2900085449219,365.30999755859375,356.7354431152344,1958100.0,LLY,2022-12-22,-0.0073638079819612345,0.020409153266090743,7.470001220703125
364.8200073242188,367.8999938964844,362.4700012207031,367.8999938964844,359.2646789550781,1030300.0,LLY,2022-12-23,0.007064932762093167,0.014869429903488322,5.42999267578125
369.5,369.7300109863281,364.3299865722656,364.8800048828125,356.3155822753906,1372100.0,LLY,2022-12-27,-0.008242578886751454,0.014713025760888392,5.4000244140625
366.1700134277344,368.010009765625,363.9400024414063,365.2200012207031,356.6475524902344,996000.0,LLY,2022-12-28,0.0009312409650565305,0.011121112655710844,4.070007324218693
368.1000061035156,370.9500122070313,366.4599914550781,367.0199890136719,358.4052734375,1077900.0,LLY,2022-12-29,0.004916348621928597,0.012177964008464956,4.490020751953182
367.489990234375,367.9500122070313,362.1099853515625,365.8399963378906,357.25299072265625,1388000.0,LLY,2022-12-30,-0.0032202065379184947,0.015999099930664167,5.840026855468807
366.260009765625,369.0,361.4599914550781,364.989990234375,356.4229431152344,2006700.0,LLY,2023-01-03,-0.0023261201403528393,0.020645282273055527,7.540008544921875
364.6400146484375,367.1199951171875,360.3399963378906,363.1000061035156,354.5773010253906,1886200.0,LLY,2023-01-04,-0.0051916894561323005,0.018640736761634254,6.779998779296875
360.9500122070313,361.489990234375,352.9599914550781,358.9200134277344,350.4953918457031,2008500.0,LLY,2023-01-05,-0.011578819675389613,0.023879639828174495,8.529998779296875
360.0,366.7000122070313,357.5799865722656,362.9400024414063,354.4211120605469,2131300.0,LLY,2023-01-06,0.011138229218520805,0.02518503259417679,9.120025634765682
364.0,364.9700012207031,348.7900085449219,349.8299865722656,341.6188049316406,2980600.0,LLY,2023-01-09,-0.036790278268630225,0.04534511537057979,16.17999267578125
349.0,353.2099914550781,343.3399963378906,352.75,344.47027587890625,2465200.0,LLY,2023-01-10,0.008312294847283744,0.02834155753095496,9.8699951171875
354.3399963378906,361.760009765625,351.0,360.4100036621094,351.9504699707031,2602800.0,LLY,2023-01-11,0.021482650574750756,0.030194812058555256,10.760009765625
359.25,360.5,353.0799865722656,359.1199951171875,350.6907043457031,2019700.0,LLY,2023-01-12,-0.003585804592404167,0.020797334603261136,7.420013427734375
359.57000732421875,363.30999755859375,358.6400146484375,361.6199951171875,353.13201904296875,1690900.0,LLY,2023-01-13,0.006937327844436426,0.012937316897902375,4.66998291015625
361.6199951171875,362.0,356.54998779296875,357.739990234375,349.3430480957031,2435200.0,LLY,2023-01-17,-0.010787593378535111,0.015169763587979203,5.45001220703125
356.32000732421875,359.0,351.5799865722656,352.010009765625,343.74761962890625,2302300.0,LLY,2023-01-18,-0.01614666101957132,0.020885145309077865,7.420013427734375
352.3699951171875,355.79998779296875,350.4200134277344,351.0799865722656,342.8394470214844,2658300.0,LLY,2023-01-19,-0.002645471146165374,0.015236267545132617,5.379974365234375
347.0,349.07000732421875,341.5799865722656,346.07000732421875,337.9470520019531,5391900.0,LLY,2023-01-20,-0.014373020764538214,0.02169062325794579,7.490020751953125
346.6099853515625,346.6099853515625,340.2200012207031,342.2099914550781,334.1776428222656,3403100.0,LLY,2023-01-23,-0.011216516006087805,0.0186077155361181,6.389984130859375
346.0,346.6300048828125,341.3599853515625,346.3900146484375,338.25958251953125,2242500.0,LLY,2023-01-24,0.012140880021098545,0.015320346761353944,5.27001953125
345.54998779296875,349.7799987792969,345.1000061035156,349.7300109863281,341.52117919921875,2503300.0,LLY,2023-01-25,0.0095960988955055,0.013470134140947646,4.67999267578125
351.0,352.17999267578125,346.7300109863281,348.010009765625,339.8415222167969,2576200.0,LLY,2023-01-26,-0.004930297421128453,0.015595976961491245,5.449981689453125
346.1099853515625,348.0899963378906,341.5299987792969,342.1000061035156,334.0702819824219,2363600.0,LLY,2023-01-27,-0.01712800188206374,0.019025537198142036,6.55999755859375
344.3299865722656,347.79998779296875,339.4599914550781,340.5,332.5077819824219,2647700.0,LLY,2023-01-30,-0.004688131657076072,0.0242714722610522,8.339996337890625
340.67999267578125,344.3999938964844,339.3800048828125,344.1499938964844,336.0721435546875,2406700.0,LLY,2023-01-31,0.010662585595614657,0.01468331689927576,5.019989013671875
342.7900085449219,345.94000244140625,337.5199890136719,342.57000732421875,334.5292663574219,2990900.0,LLY,2023-02-01,-0.00460148128774774,0.024640621407160192,8.420013427734375
334.0,335.29998779296875,317.0,330.70001220703125,322.9378356933594,13036600.0,LLY,2023-02-02,-0.03526452304197645,0.05612384318860501,18.29998779296875
332.95001220703125,342.3299865722656,329.3699951171875,339.0799865722656,331.12109375,5670700.0,LLY,2023-02-03,0.025024305071826573,0.03859342080011682,12.959991455078125
341.9800109863281,343.4200134277344,334.6199951171875,337.6600036621094,329.7344665527344,3055700.0,LLY,2023-02-06,-0.004196466869534516,0.025958681948286513,8.800018310546875
336.04998779296875,340.9599914550781,332.69000244140625,339.67999267578125,331.7070617675781,2464100.0,LLY,2023-02-07,0.005964551599644518,0.024554010486362247,8.269989013671875
338.5599975585937,342.8699951171875,337.82000732421875,340.7300109863281,332.7323608398437,2399400.0,LLY,2023-02-08,0.0030862102734570754,0.014838121403582673,5.04998779296875
340.8900146484375,347.3500061035156,340.5,341.7900085449219,333.7675170898437,3072800.0,LLY,2023-02-09,0.003106248377863522,0.01991780912098134,6.850006103515625
343.2699890136719,348.42999267578125,342.7300109863281,345.1199951171875,337.0193786621094,1980000.0,LLY,2023-02-10,0.009695738147909435,0.01649433094552013,5.699981689453125
346.4700012207031,350.8099975585937,346.0,350.3999938964844,342.1754150390625,2291600.0,LLY,2023-02-13,0.015183082892948618,0.013805984346046693,4.809997558593693
350.5400085449219,353.82000732421875,347.2799987792969,347.5599975585937,340.5002136230469,2028900.0,LLY,2023-02-14,-0.004907762070615259,0.018656962464578625,6.540008544921875
345.8500061035156,346.8699951171875,334.3500061035156,335.010009765625,328.205078125,3600700.0,LLY,2023-02-15,-0.036777101779671084,0.036761689150759315,12.519989013671875
331.0,332.94000244140625,325.7200012207031,326.07000732421875,319.4466552734375,3654200.0,LLY,2023-02-16,-0.027048354462899167,0.021924180552098774,7.220001220703125
323.1499938964844,331.5899963378906,320.5,328.3999938964844,321.7293395996094,3695600.0,LLY,2023-02-17,0.007120335098632144,0.03401697858616022,11.089996337890625
327.1499938964844,331.7200012207031,326.3299865722656,327.510009765625,320.857421875,2515600.0,LLY,2023-02-21,-0.002713775981682013,0.0163821451050049,5.3900146484375
328.7099914550781,332.6000061035156,326.3299865722656,329.07000732421875,322.3857727050781,2379800.0,LLY,2023-02-22,0.004752024487854305,0.019031486951827666,6.27001953125
328.010009765625,332.8299865722656,325.69000244140625,327.5199890136719,320.8672790527344,2229500.0,LLY,2023-02-23,-0.0047213035954812195,0.021685792565023093,7.139984130859375
326.0,327.2300109863281,320.0899963378906,321.6400146484375,315.1067199707031,2594600.0,LLY,2023-02-24,-0.018116201730741414,0.022061126331344414,7.1400146484375
322.6000061035156,323.3999938964844,315.8999938964844,316.6199951171875,310.1886901855469,3043500.0,LLY,2023-02-27,-0.015730584678086884,0.023464239783042927,7.5
315.489990234375,315.489990234375,309.6400146484375,311.2200012207031,304.8983154296875,3966900.0,LLY,2023-02-28,-0.01720246134163482,0.018716575159561943,5.8499755859375
310.0,316.9100036621094,309.20001220703125,314.1700134277344,307.78839111328125,3580800.0,LLY,2023-03-01,0.009434176026056467,0.024629477257815214,7.709991455078125
311.7900085449219,316.29998779296875,310.5299987792969,315.04998779296875,308.6504821777344,2885200.0,LLY,2023-03-02,0.002797006041749291,0.01841058058565845,5.769989013671875
316.3699951171875,320.1600036621094,315.239990234375,318.42999267578125,311.9618530273437,3002800.0,LLY,2023-03-03,0.010671403342465908,0.015486659766728974,4.920013427734375
316.94000244140625,320.239990234375,316.5,318.9599914550781,312.48114013671875,2673700.0,LLY,2023-03-06,0.0016632013963350878,0.011747442605379835,3.739990234375
319.0,320.3500061035156,309.6000061035156,310.6300048828125,304.3203125,2620800.0,LLY,2023-03-07,-0.026463309556628713,0.03413300570790823,10.75
310.5,313.0299987792969,309.32000732421875,312.5400085449219,306.1915283203125,2313200.0,LLY,2023-03-08,0.006130009460106313,0.011922665273601772,3.709991455078125
312.3099975585937,318.7699890136719,312.3099975585937,316.8500061035156,310.4139404296875,3920300.0,LLY,2023-03-09,0.013695882782498833,0.020473528685283668,6.459991455078182
318.8500061035156,326.5299987792969,314.3399963378906,315.0199890136719,308.62115478515625,4597300.0,LLY,2023-03-10,-0.005792210072325255,0.03804663337309407,12.19000244140625
317.239990234375,331.79998779296875,317.239990234375,324.489990234375,317.8987731933594,5275600.0,LLY,2023-03-13,0.029618520406862154,0.04487378653397803,14.55999755859375
324.04998779296875,327.2799987792969,321.44000244140625,327.07000732421875,320.4263916015625,4214300.0,LLY,2023-03-14,0.007919573780069626,0.018005161229459467,5.839996337890625
326.0,331.3599853515625,324.5,329.4700012207031,322.77764892578125,4743500.0,LLY,2023-03-15,0.007311110159166744,0.020919817296110373,6.8599853515625
327.6400146484375,331.70001220703125,325.0400085449219,329.5299987792969,322.8363647460937,3498200.0,LLY,2023-03-16,0.00018189140641590215,0.020282704786124005,6.660003662109375
331.5,334.95001220703125,328.1000061035156,329.17999267578125,322.49346923828125,8679800.0,LLY,2023-03-17,-0.0010626985520427075,0.020662844828950963,6.850006103515625
329.17999267578125,333.94000244140625,329.010009765625,333.6000061035156,326.8236694335937,3540900.0,LLY,2023-03-20,0.013337902643598173,0.014873168309648533,4.92999267578125
334.3900146484375,334.44000244140625,328.0799865722656,331.0799865722656,324.3549499511719,3240400.0,LLY,2023-03-21,-0.007582347566561291,0.019200058426269127,6.360015869140625
331.7699890136719,335.6000061035156,330.6499938964844,330.9700012207031,324.2471008300781,2472200.0,LLY,2023-03-22,-0.00033255868358053397,0.014859597118398864,4.95001220703125
330.8900146484375,335.3399963378906,330.2099914550781,332.6400146484375,325.8832397460937,2703400.0,LLY,2023-03-23,0.005033274923629904,0.015416141762901138,5.1300048828125
332.989990234375,336.92999267578125,328.7699890136719,336.1300048828125,329.30230712890625,2791900.0,LLY,2023-03-24,0.010437038595109065,0.024516787177997688,8.160003662109375
327.79998779296875,336.2200012207031,323.260009765625,334.6000061035156,327.8033752441406,3102300.0,LLY,2023-03-27,-0.004562232605399755,0.0393087280441027,12.959991455078125
335.79998779296875,338.8299865722656,334.7200012207031,337.6499938964844,330.7914733886719,2433200.0,LLY,2023-03-28,0.009074224174161687,0.012204101960441976,4.1099853515625
339.0,339.7699890136719,334.5799865722656,335.8699951171875,329.0475769042969,2743800.0,LLY,2023-03-29,-0.005285836126189778,0.01539291200787167,5.19000244140625
336.07000732421875,341.3099975585937,336.07000732421875,340.69000244140625,333.76971435546875,2146900.0,LLY,2023-03-30,0.014248926238192003,0.015471654674796515,5.239990234374943
342.0,343.6499938964844,340.69000244140625,343.4200134277344,336.4442443847656,2933600.0,LLY,2023-03-31,0.00798116539196895,0.008650699740025612,2.959991455078125
343.239990234375,351.5400085449219,342.29998779296875,350.739990234375,343.61553955078125,3039600.0,LLY,2023-04-03,0.021090972196430493,0.02663601721751574,9.240020751953125
352.07000732421875,359.0,351.2699890136719,354.6199951171875,347.4167785644531,3585900.0,LLY,2023-04-04,0.011001735389792463,0.021767261235557923,7.730010986328125
358.0799865722656,364.8500061035156,357.92999267578125,362.239990234375,354.8819885253906,3442700.0,LLY,2023-04-05,0.021260157342373246,0.01914891084735868,6.920013427734375
364.8500061035156,369.5,364.25,368.2900085449219,360.80908203125,3531700.0,LLY,2023-04-06,0.016563652278253606,0.01431029531294233,5.25
368.1799926757813,368.3500061035156,363.0400085449219,367.0,359.5452575683594,1868000.0,LLY,2023-04-10,-0.003508900245723045,0.014520545130035997,5.30999755859375
367.760009765625,368.7999877929688,363.5899963378906,364.0400085449219,356.6454162597656,2027000.0,LLY,2023-04-11,-0.00809800312015322,0.014227609480356658,5.209991455078182
364.0199890136719,372.4400024414063,363.3299865722656,369.0499877929688,361.5536804199219,2672600.0,LLY,2023-04-12,0.013668467696407612,0.024764482331833856,9.110015869140682
372.6199951171875,375.55999755859375,370.30999755859375,375.1499938964844,367.5296936035156,2839900.0,LLY,2023-04-13,0.01639359018080515,0.014077752796599395,5.25
374.239990234375,376.30999755859375,372.510009765625,374.7300109863281,367.1182861328125,2287900.0,LLY,2023-04-14,-0.0011200126456688394,0.010149355987531708,3.79998779296875
375.0,375.8999938964844,371.1600036621094,372.3500061035156,364.7866516113281,2059700.0,LLY,2023-04-17,-0.006371435111305263,0.012689887981421477,4.739990234375
373.0,374.260009765625,369.6600036621094,369.9100036621094,362.3961791992188,1925300.0,LLY,2023-04-18,-0.0065746354882584524,0.012367094981568554,4.600006103515625
370.5499877929688,371.2799987792969,367.3500061035156,370.4700012207031,362.9447937011719,2173000.0,LLY,2023-04-19,0.001512708166408732,0.01064140296382302,3.92999267578125
371.3900146484375,376.05999755859375,369.760009765625,374.80999755859375,367.1966552734375,2766500.0,LLY,2023-04-20,0.011646810741240608,0.016894525698480094,6.29998779296875
378.010009765625,386.2699890136719,378.0,385.239990234375,377.414794921875,3682500.0,LLY,2023-04-21,0.027447284424403938,0.021642382745012442,8.269989013671875
385.239990234375,387.0499877929688,381.6300048828125,383.3500061035156,375.5632019042969,2059700.0,LLY,2023-04-24,-0.004918063363006055,0.014102286481226833,5.419982910156307
385.0499877929688,390.4800109863281,384.0,384.8399963378906,377.0229187011719,2648600.0,LLY,2023-04-25,0.0038792068772540464,0.016734227126608672,6.480010986328125
381.1199951171875,381.5,370.6799926757813,376.2699890136719,368.6269836425781,3161200.0,LLY,2023-04-26,-0.02252072959623519,0.028771713764893316,10.820007324218693
391.260009765625,398.5299987792969,380.7699890136719,390.3500061035156,382.4210510253906,4981300.0,LLY,2023-04-27,0.036736981099856035,0.04558728519408821,17.760009765625
398.0,404.30999755859375,392.510009765625,395.8599853515625,387.8190612792969,5350100.0,LLY,2023-04-28,0.014016664530716998,0.02961986492586892,11.79998779296875
397.260009765625,407.3500061035156,392.260009765625,405.80999755859375,397.5669555664063,4091100.0,LLY,2023-05-01,0.024824467640802258,0.03774787161095773,15.089996337890625
407.0,411.5400085449219,399.260009765625,404.2000122070313,395.9896240234375,3884600.0,LLY,2023-05-02,-0.003975352635987333,0.030293383298749116,12.279998779296875
415.0299987792969,434.2000122070313,414.30999755859375,431.1900024414063,422.4314270019531,10129800.0,LLY,2023-05-03,0.06463912172053497,0.04689080555995799,19.890014648437557
431.4500122070313,432.7000122070313,425.2200012207031,428.4400024414063,419.7372741699219,4070700.0,LLY,2023-05-04,-0.006398152814299822,0.017437990521166707,7.480010986328182
428.1000061035156,431.2699890136719,424.55999755859375,427.80999755859375,419.12005615234375,2753400.0,LLY,2023-05-05,-0.001471568779696808,0.01568098583822953,6.709991455078125
426.2000122070313,435.0,423.0,432.7200012207031,423.9302978515625,2478600.0,LLY,2023-05-08,0.011411640781887536,0.027973852042406162,12.0
431.7699890136719,435.6000061035156,428.0499877929688,428.3800048828125,419.6784973144531,2601600.0,LLY,2023-05-09,-0.010080114297228538,0.017484422399824368,7.550018310546818
426.05999755859375,438.3900146484375,426.05999755859375,435.9200134277344,427.06536865234375,2766300.0,LLY,2023-05-10,0.017448154129232053,0.028528782876975384,12.33001708984375
436.7000122070313,436.8500061035156,431.1199951171875,435.5499877929688,426.7028503417969,2595900.0,LLY,2023-05-11,-0.0008492195522586685,0.013203438416391058,5.730010986328125
440.1600036621094,445.5400085449219,434.4200134277344,434.4299926757813,426.712646484375,3939200.0,LLY,2023-05-12,2.2957498697884756e-05,0.025275209830411635,11.1199951171875
435.3699951171875,436.0,430.6700134277344,434.510009765625,426.7912292480469,2234800.0,LLY,2023-05-15,0.00018414155138195775,0.012300076587761482,5.329986572265625
434.2000122070313,438.4800109863281,430.6600036621094,436.6499938964844,428.8932495117188,2128800.0,LLY,2023-05-16,0.004913083137836714,0.017995301611399964,7.82000732421875
438.7999877929688,438.9500122070313,432.7300109863281,437.4700012207031,429.6986999511719,2274200.0,LLY,2023-05-17,0.0018762129699308571,0.01427153686517848,6.220001220703182
436.510009765625,439.5199890136719,433.5899963378906,437.8900146484375,430.1112365722656,2268100.0,LLY,2023-05-18,0.0009595996399348219,0.01358381866792611,5.92999267578125
439.0,447.510009765625,439.0,442.3800048828125,434.5214538574219,3442800.0,LLY,2023-05-19,0.010201454516802707,0.019199492580915307,8.510009765625
444.30999755859375,454.9500122070313,432.3900146484375,433.989990234375,426.2804870605469,4398000.0,LLY,2023-05-22,-0.019147769517216542,0.05085955699333168,22.559997558593807
432.9200134277344,435.8900146484375,421.510009765625,423.2099914550781,415.6920471191406,4492100.0,LLY,2023-05-23,-0.025152835158815123,0.03354642642440305,14.3800048828125
424.0,428.9599914550781,420.260009765625,425.7699890136719,418.2064514160156,3133000.0,LLY,2023-05-24,0.006030498727078089,0.02049006396493109,8.699981689453125
426.3800048828125,428.2000122070313,419.7999877929688,427.30999755859375,419.7191467285156,2882200.0,LLY,2023-05-25,0.003610575829579908,0.01981202635503635,8.4000244140625
424.8999938964844,431.6700134277344,423.6700134277344,425.7900085449219,418.2261352539063,2338400.0,LLY,2023-05-26,-0.003563509662603603,0.018706556545057186,8.0
423.7900085449219,428.7300109863281,422.05999755859375,427.239990234375,419.650390625,2595700.0,LLY,2023-05-30,0.003399681692657966,0.01567989754743059,6.670013427734375
427.0,430.55999755859375,424.010009765625,429.4599914550781,421.8309631347656,3950900.0,LLY,2023-05-31,0.005182711134260136,0.01532961841720172,6.54998779296875
430.2699890136719,436.7900085449219,428.1300048828125,436.489990234375,428.7361145019531,2914400.0,LLY,2023-06-01,0.01623693945655318,0.020025650773347184,8.660003662109375
439.9599914550781,444.7000122070313,436.7799987792969,442.3299865722656,434.4723510742188,2499000.0,LLY,2023-06-02,0.013290696834962387,0.017970291924838996,7.920013427734432
443.0,447.7999877929688,441.7099914550781,444.260009765625,436.3680419921875,2113800.0,LLY,2023-06-05,0.00435371148934286,0.013693138102767996,6.089996337890682
447.8299865722656,448.8699951171875,440.0199890136719,443.0700073242188,435.19921875,1495300.0,LLY,2023-06-06,-0.0026821198902743084,0.019913147190748652,8.850006103515625
440.2000122070313,446.6900024414063,435.6799926757813,436.3699951171875,428.61822509765625,2458300.0,LLY,2023-06-07,-0.015237295860003441,0.02495683506952392,11.010009765625
435.8800048828125,447.4700012207031,432.3399963378906,445.6600036621094,437.7431640625,2040300.0,LLY,2023-06-08,0.0210657504390377,0.034397191830086334,15.1300048828125
449.2999877929688,449.2999877929688,442.6000061035156,446.0400085449219,438.1164245605469,2082000.0,LLY,2023-06-09,0.0008523295868243637,0.015024347500026552,6.699981689453182
446.1499938964844,446.989990234375,438.6799926757813,445.30999755859375,437.3993835449219,2566600.0,LLY,2023-06-12,-0.0016379856749699179,0.0187659999551797,8.309997558593693
443.6700134277344,447.3999938964844,442.25,445.7200012207031,437.8020629882813,1766300.0,LLY,2023-06-13,0.0009201983688878077,0.011577702373944792,5.149993896484375
444.2900085449219,448.7799987792969,443.5400085449219,447.7200012207031,439.7666320800781,2163300.0,LLY,2023-06-14,0.004477307325784636,0.011744778610446985,5.239990234375
448.0,456.5799865722656,447.6900024414063,453.9299926757813,445.8662414550781,2287100.0,LLY,2023-06-15,0.013774795413528313,0.019662867647259087,8.889984130859318
455.7999877929688,456.9800109863281,447.5,447.7099914550781,439.7567443847656,4295700.0,LLY,2023-06-16,-0.013797279626176875,0.020963112586645422,9.480010986328125
445.8599853515625,454.8800048828125,445.1099853515625,451.9500122070313,443.9214477539063,2506300.0,LLY,2023-06-20,0.009425906945565159,0.021712248915867437,9.77001953125
454.5,455.3399963378906,450.2099914550781,453.0,444.9528503417969,2347500.0,LLY,2023-06-21,0.0023206949576465206,0.011330263005144553,5.1300048828125
455.0,462.260009765625,453.8200073242188,457.6799926757813,449.5496520996094,2912500.0,LLY,2023-06-22,0.0102779862800263,0.018426864682207233,8.440002441406193
457.0,460.010009765625,452.3200073242188,458.8399963378906,450.6890258789063,4832100.0,LLY,2023-06-23,0.002531271796092858,0.01685833946860163,7.690002441406193
465.260009765625,465.260009765625,448.9200134277344,452.760009765625,444.7170715332031,3214700.0,LLY,2023-06-26,-0.013339294684790408,0.035751682042254394,16.339996337890625
462.5,467.9800109863281,451.7000122070313,464.5,456.24847412109375,4138700.0,LLY,2023-06-27,0.025599274843065595,0.03540731375260557,16.279998779296818
468.510009765625,468.5299987792969,457.3200073242188,458.7000122070313,450.551513671875,2854700.0,LLY,2023-06-28,-0.012565142214493778,0.024216750485244427,11.209991455078068
459.05999755859375,465.8299865722656,457.510009765625,464.489990234375,456.2386474609375,2112400.0,LLY,2023-06-29,0.012543604025243271,0.01802196812972944,8.319976806640625
464.6499938964844,469.8699951171875,464.0,468.9800109863281,460.6489562988281,3173200.0,LLY,2023-06-30,0.009620247528600651,0.01257149808167286,5.8699951171875
466.260009765625,466.260009765625,457.3699951171875,461.4200134277344,453.2232360839844,2113200.0,LLY,2023-07-03,-0.016251470851443003,0.019250758738647646,8.8900146484375
462.1000061035156,467.25,460.0,465.7000122070313,457.42718505859375,2130200.0,LLY,2023-07-05,0.009232914719778666,0.015637956852531523,7.25
463.1199951171875,467.6000061035156,461.6199951171875,463.2099914550781,454.98138427734375,2191700.0,LLY,2023-07-06,-0.00536120926887587,0.012871211416723772,5.980010986328125
462.3299865722656,463.6099853515625,451.239990234375,452.0799865722656,444.0491027832031,2914700.0,LLY,2023-07-07,-0.02432135626633795,0.02704432286076964,12.3699951171875
452.9599914550781,454.6700134277344,449.7099914550781,453.1600036621094,445.1099853515625,2011400.0,LLY,2023-07-10,0.0023862615496516304,0.010968999044263614,4.96002197265625
450.0,450.55999755859375,437.6099853515625,439.3900146484375,431.5845642089844,3570900.0,LLY,2023-07-11,-0.030857941089321345,0.029163178818514348,12.95001220703125
438.4700012207031,444.2999877929688,435.010009765625,440.6000061035156,432.7730407714844,3107800.0,LLY,2023-07-12,0.0027499666911508006,0.021130940687717006,9.289978027343807
440.2300109863281,442.239990234375,434.3399963378906,434.7000122070313,426.9778137207031,2865100.0,LLY,2023-07-13,-0.013481381943728115,0.018025069955396076,7.899993896484375
441.1000061035156,450.4500122070313,440.8699951171875,449.4599914550781,441.4756164550781,2955000.0,LLY,2023-07-14,0.033390736272313676,0.021497073863655188,9.580017089843807
449.4500122070313,450.6199951171875,443.260009765625,447.1400146484375,439.1968994140625,2347900.0,LLY,2023-07-17,-0.005174959103020602,0.016467874078577055,7.3599853515625
446.9500122070313,453.3200073242188,445.0400085449219,451.2000122070313,443.1847839355469,2237000.0,LLY,2023-07-18,0.009038972019813435,0.018434109054204464,8.279998779296932
451.3999938964844,455.0,448.55999755859375,453.55999755859375,445.5028381347656,2212800.0,LLY,2023-07-19,0.005216814995128577,0.014254972578297359,6.44000244140625
455.1499938964844,465.2200012207031,455.0,463.8200073242188,455.5805969238281,2624200.0,LLY,2023-07-20,0.02236902513918523,0.02221299565473768,10.220001220703125
465.4100036621094,467.0400085449219,461.9700012207031,462.0400085449219,453.8321838378906,2226700.0,LLY,2023-07-21,-0.0038451521182526704,0.010914968850897194,5.07000732421875
462.0,465.6400146484375,457.6700134277344,459.3200073242188,451.1605529785156,2190700.0,LLY,2023-07-24,-0.005904221131802658,0.0172644051048886,7.970001220703125
457.760009765625,460.9200134277344,456.6000061035156,457.5400085449219,449.4121398925781,1737800.0,LLY,2023-07-25,-0.003882896509067999,0.009416773815266111,4.32000732421875
455.0,455.0,446.55999755859375,453.5899963378906,445.5323181152344,1959800.0,LLY,2023-07-26,-0.008670585195254479,0.018723654630078808,8.44000244140625
453.3200073242188,458.6799926757813,452.25,454.989990234375,446.9074401855469,1883500.0,LLY,2023-07-27,0.003081716487446639,0.014117658926663194,6.429992675781307
455.1300048828125,459.5700073242188,451.7799987792969,458.4800109863281,450.3354797363281,1437600.0,LLY,2023-07-28,0.0076413112989051615,0.01709595265268351,7.790008544921932
459.0199890136719,459.0199890136719,450.7999877929688,454.5499877929688,446.4752502441406,2110200.0,LLY,2023-07-31,-0.008608847338614478,0.018070003074682345,8.220001220703068
455.3500061035156,457.3699951171875,451.4500122070313,453.0899963378906,445.0411987304688,1738200.0,LLY,2023-08-01,-0.0032171088983613738,0.013028028862052586,5.919982910156193
455.2300109863281,461.6400146484375,451.3200073242188,454.4800109863281,446.4064636230469,2366600.0,LLY,2023-08-02,0.003063031106955286,0.022608759784820267,10.320007324218693
450.7799987792969,454.1000061035156,448.260009765625,449.1600036621094,441.1810302734375,2414100.0,LLY,2023-08-03,-0.011774599703348975,0.012944008543420584,5.839996337890625
449.239990234375,452.4700012207031,446.8900146484375,449.489990234375,441.5051574707031,1870400.0,LLY,2023-08-04,0.0007344109748955586,0.012408953200354463,5.579986572265625
453.25,455.0,450.5799865722656,454.0799865722656,446.0135803222656,2446400.0,LLY,2023-08-07,0.010159699033429,0.00976180700295373,4.420013427734375
506.0,538.0,502.7099914550781,521.5999755859375,512.3341674804688,15094500.0,LLY,2023-08-08,0.13862768229324193,0.06784511407875835,35.290008544921875
520.3699951171875,532.530029296875,516.8900146484375,526.22998046875,516.8818969726562,5376600.0,LLY,2023-08-09,0.008837326284980247,0.029809174786667853,15.6400146484375
523.469970703125,528.739990234375,519.989990234375,521.3400268554688,512.078857421875,4108500.0,LLY,2023-08-10,-0.009335777705790967,0.016687237341556888,8.75
523.719970703125,531.8099975585938,520.0,528.280029296875,518.8955078125,2524300.0,LLY,2023-08-11,0.013223897618943624,0.02245746652758053,11.80999755859375
531.280029296875,542.2999877929688,529.25,538.0,529.5756225585938,3981100.0,LLY,2023-08-14,0.020373444450434156,0.02435842132230163,13.04998779296875
537.72998046875,547.2899780273438,533.780029296875,546.6199951171875,538.060546875,2826800.0,LLY,2023-08-15,0.01589512083804208,0.024994962382135475,13.50994873046875
547.4000244140625,552.8699951171875,542.5,546.239990234375,537.6865844726562,2597100.0,LLY,2023-08-16,-0.0006952608220099685,0.018934798265685532,10.3699951171875
543.2100219726562,548.7999877929688,537.3900146484375,537.6599731445312,529.240966796875,2549900.0,LLY,2023-08-17,-0.015831991730300497,0.0210099390149369,11.40997314453125
535.030029296875,547.77001953125,533.9000244140625,546.4299926757812,537.87353515625,2958600.0,LLY,2023-08-18,0.01617962582729716,0.025646925238762008,13.8699951171875
546.989990234375,553.5,545.75,550.0499877929688,541.4368286132812,2305400.0,LLY,2023-08-21,0.00660293187740088,0.01410075671863835,7.75
549.530029296875,556.0999755859375,547.280029296875,553.6599731445312,544.9904174804688,1936600.0,LLY,2023-08-22,0.006541812262225344,0.015987482306703396,8.8199462890625
556.719970703125,557.4000244140625,548.2100219726562,553.3599853515625,544.6951293945312,2121300.0,LLY,2023-08-23,-0.0005419693672404642,0.01662469354701073,9.19000244140625
552.7000122070312,556.97998046875,547.2999877929688,548.0,539.4190673828125,1776700.0,LLY,2023-08-24,-0.00973348321081332,0.017532221727778508,9.67999267578125
549.6300048828125,556.0999755859375,547.0800170898438,553.6500244140625,544.9805908203125,1847600.0,LLY,2023-08-25,0.010257421529371383,0.016353015039589042,9.01995849609375
550.1300048828125,556.22998046875,550.1199951171875,553.9199829101562,545.2462768554688,1373700.0,LLY,2023-08-28,0.000487395877487837,0.011045415293646445,6.1099853515625
553.4500122070312,556.3499755859375,549.8599853515625,553.9000244140625,545.2266235351562,1701200.0,LLY,2023-08-29,-3.6045499723229334e-05,0.011733874991674107,6.489990234375
555.010009765625,557.75,547.0399780273438,547.989990234375,539.4091796875,2191100.0,LLY,2023-08-30,-0.010727102341734072,0.019388947588104163,10.71002197265625
547.02001953125,557.4099731445312,543.0,554.2000122070312,545.52197265625,3043400.0,LLY,2023-08-31,0.01126865541701352,0.026191687211708087,14.40997314453125
556.3200073242188,559.2100219726562,553.510009765625,557.1099853515625,548.3863525390625,2030800.0,LLY,2023-09-01,0.005236977109249947,0.010245276265669368,5.70001220703125
559.22998046875,561.9299926757812,556.7100219726562,558.1900024414062,549.4493408203125,2257200.0,LLY,2023-09-05,0.0019365167663472338,0.009332776448747832,5.219970703125
561.02001953125,561.5900268554688,552.7000122070312,559.9500122070312,551.1819458007812,2424300.0,LLY,2023-09-06,0.003148386626311818,0.01595671318028264,8.8900146484375
564.1900024414062,576.3099975585938,562.6199951171875,573.22998046875,564.2539672851562,3707100.0,LLY,2023-09-07,0.02343948193956029,0.024041270148490657,13.69000244140625
572.3300170898438,587.5499877929688,571.219970703125,586.4600219726562,577.27685546875,4308300.0,LLY,2023-09-08,0.022817523518651295,0.02818695487404433,16.33001708984375
587.1500244140625,598.1599731445312,584.47998046875,595.5599975585938,586.2343139648438,3876500.0,LLY,2023-09-11,0.015397592570853887,0.023135702164344917,13.67999267578125
590.969970703125,601.1300048828125,587.8499755859375,599.2999877929688,589.915771484375,3212100.0,LLY,2023-09-12,0.006260203673224251,0.022339453640892636,13.280029296875
594.6599731445312,600.75,591.7000122070312,598.8800048828125,589.5023193359375,3126600.0,LLY,2023-09-13,-0.0007011121307902891,0.01517910430349026,9.04998779296875
599.239990234375,601.8400268554688,590.010009765625,591.6099853515625,582.3461303710938,3244800.0,LLY,2023-09-14,-0.012213657706083462,0.019852171413939666,11.83001708984375
592.0,594.0599975585938,575.0599975585938,575.6599731445312,566.6458740234375,5941200.0,LLY,2023-09-15,-0.02733044887252952,0.032505941318681016,19.0
578.0,578.0,564.4099731445312,571.280029296875,562.3345336914062,2723600.0,LLY,2023-09-18,-0.007637619325218132,0.023792978501624658,13.59002685546875
571.6199951171875,578.4099731445312,570.6300048828125,574.9600219726562,565.956787109375,2185100.0,LLY,2023-09-19,0.006420798947278905,0.013541891148851829,7.77996826171875
573.4199829101562,575.25,569.1900024414062,569.6400146484375,560.7203369140625,1869900.0,LLY,2023-09-20,-0.009295454373632028,0.01059042708205918,6.05999755859375
567.1900024414062,568.0,542.5,550.1300048828125,541.5156860351562,4049900.0,LLY,2023-09-21,-0.03485023928283347,0.045933333306536775,25.5
548.8099975585938,555.489990234375,547.6300048828125,550.5399780273438,541.9192504882812,2353800.0,LLY,2023-09-22,0.0007449722326368823,0.014250704193087828,7.8599853515625
550.0999755859375,552.6599731445312,545.75,552.2899780273438,543.6417846679688,1686500.0,LLY,2023-09-25,0.0031735398924431484,0.012581940205033776,6.90997314453125
550.7000122070312,554.1300048828125,548.0,550.010009765625,541.3974609375,1864300.0,LLY,2023-09-26,-0.004136858533481093,0.01112403812299591,6.1300048828125
549.8900146484375,551.6900024414062,543.6699829101562,549.760009765625,541.1514282226562,2004200.0,LLY,2023-09-27,-0.00045454338652669424,0.014643885038696874,8.02001953125
551.3200073242188,551.6799926757812,541.4000244140625,544.4500122070312,535.924560546875,2178800.0,LLY,2023-09-28,-0.00970573805695541,0.01880973248454953,10.27996826171875
545.489990234375,546.0900268554688,532.2000122070312,537.1300048828125,528.71923828125,2967700.0,LLY,2023-09-29,-0.013535855440310834,0.02576446502313688,13.8900146484375
536.010009765625,540.6400146484375,526.8099975585938,538.2899780273438,529.8610229492188,2810100.0,LLY,2023-10-02,0.0021572008331565257,0.025913702469896868,13.83001708984375
536.0,537.3400268554688,516.5700073242188,525.1900024414062,516.9662475585938,3266100.0,LLY,2023-10-03,-0.024637164118952223,0.03942027010316396,20.77001953125
525.5599975585938,536.1699829101562,523.6300048828125,531.4600219726562,523.1380004882812,2220400.0,LLY,2023-10-04,0.011867705334659834,0.023665905725180538,12.53997802734375
533.5399780273438,542.5,531.6099853515625,541.47998046875,533.0010986328125,2950700.0,LLY,2023-10-05,0.0186781928630632,0.020277975171116243,10.8900146484375
544.0,566.3599853515625,542.7100219726562,565.219970703125,556.369384765625,4745200.0,LLY,2023-10-06,0.042908949361193854,0.042654744779488996,23.64996337890625
564.02001953125,579.7899780273438,563.5800170898438,571.760009765625,562.806884765625,4208100.0,LLY,2023-10-09,0.011504123474742898,0.028356607556340147,16.2099609375
570.0,585.9500122070312,569.72998046875,579.3099975585938,570.23876953125,3526700.0,LLY,2023-10-10,0.013118608807061454,0.028071952424826813,16.22003173828125
596.2000122070312,608.7899780273438,585.010009765625,605.280029296875,595.8021850585938,5850600.0,LLY,2023-10-11,0.04385354067732702,0.03984438676870552,23.77996826171875
605.4600219726562,613.0,602.2000122070312,610.5,600.9403076171875,4063500.0,LLY,2023-10-12,0.008586900125232853,0.017775299617852097,10.79998779296875
617.8900146484375,629.969970703125,602.5599975585938,609.2000122070312,599.6607666015625,3963800.0,LLY,2023-10-13,-0.0021315015079464788,0.04448491128188006,27.40997314453125
610.989990234375,621.97998046875,608.4299926757812,616.6400146484375,606.9841918945312,2941500.0,LLY,2023-10-16,0.012138641386890437,0.02202604968339629,13.54998779296875
619.0,620.4000244140625,602.530029296875,608.3099975585938,598.78466796875,2911700.0,LLY,2023-10-17,-0.01360070008994701,0.029226965375094775,17.8699951171875
607.239990234375,615.8800048828125,603.239990234375,607.239990234375,597.7314453125,2049100.0,LLY,2023-10-18,-0.0017604826488841748,0.020737035986045094,12.6400146484375
605.0,605.0,578.3400268554688,590.7999877929688,581.5487670898438,3493700.0,LLY,2023-10-19,-0.0274467322329172,0.04506648057147694,26.65997314453125
590.0,596.9199829101562,580.8800048828125,584.6400146484375,575.4852905273438,3666900.0,LLY,2023-10-20,-0.01048116437192778,0.027238868955346517,16.03997802734375
586.0599975585938,588.3400268554688,576.1400146484375,576.6500244140625,567.6204223632812,2781900.0,LLY,2023-10-23,-0.013760743527616472,0.020954345582651406,12.20001220703125
580.0,594.52001953125,579.1099853515625,592.4299926757812,583.1531982421875,2633000.0,LLY,2023-10-24,0.02699700270487004,0.026261973170162965,15.4100341796875
596.9400024414062,599.7000122070312,585.8699951171875,586.4600219726562,577.27685546875,2283300.0,LLY,2023-10-25,-0.010127957278082982,0.023331636901186358,13.83001708984375
580.0,581.0,566.1599731445312,568.0999755859375,559.204345703125,2846500.0,LLY,2023-10-26,-0.03180700809311262,0.025874080518798637,14.84002685546875
563.010009765625,570.8099975585938,556.6400146484375,560.22998046875,551.45751953125,2717400.0,LLY,2023-10-27,-0.013950153590464422,0.025137662723877657,14.16998291015625
571.2100219726562,573.2100219726562,562.5499877929688,565.7100219726562,556.8517456054688,2290900.0,LLY,2023-10-30,0.009734230035059802,0.018772182734518857,10.6600341796875
568.969970703125,569.6099853515625,547.6099853515625,553.9299926757812,545.2560424804688,3661400.0,LLY,2023-10-31,-0.0210435515630324,0.03938856240428467,22.0
555.0,558.4299926757812,551.260009765625,554.4600219726562,545.77783203125,2935900.0,LLY,2023-11-01,0.0009565048395897526,0.012922676916479813,7.16998291015625
578.3300170898438,597.4400024414062,571.989990234375,580.2899780273438,571.2034301757812,5181300.0,LLY,2023-11-02,0.04553342432049857,0.0435323728033789,25.45001220703125
578.4299926757812,583.0,567.1799926757812,567.8099975585938,558.918701171875,3056500.0,LLY,2023-11-03,-0.021741389825083165,0.027510485598538508,15.82000732421875
571.0999755859375,597.7100219726562,571.010009765625,595.1900024414062,585.8699951171875,3978500.0,LLY,2023-11-06,0.047093887236545735,0.04569898351317535,26.70001220703125
597.0,601.9400024414062,590.1300048828125,599.9299926757812,590.535888671875,3168200.0,LLY,2023-11-07,0.007932496913771228,0.01981491673759079,11.80999755859375
607.6599731445312,625.8699951171875,592.1799926757812,619.1300048828125,609.4351806640625,7776400.0,LLY,2023-11-08,0.03150218434640216,0.05533204364613698,33.69000244140625
614.760009765625,615.6500244140625,583.4299926757812,591.3200073242188,582.0607299804688,6279800.0,LLY,2023-11-09,-0.04595780555553811,0.05375419364228427,32.22003173828125
595.0,598.8599853515625,586.0,597.7100219726562,588.3505859375,3645900.0,LLY,2023-11-10,0.010748215475849077,0.02170803388899955,12.8599853515625
594.3499755859375,618.75,578.1500244140625,612.7100219726562,603.11572265625,5744800.0,LLY,2023-11-13,0.024786085041600427,0.06786792108002657,40.5999755859375
608.219970703125,616.0399780273438,602.6699829101562,610.8200073242188,602.3662719726562,3827600.0,LLY,2023-11-14,-0.0012434043535956263,0.02194210593740125,13.3699951171875
610.8800048828125,612.9099731445312,584.4199829101562,588.5399780273438,580.3947143554688,4287000.0,LLY,2023-11-15,-0.03715727142803745,0.047598189234211774,28.489990234375
591.5,595.0900268554688,581.75,588.75,580.601806640625,3030500.0,LLY,2023-11-16,0.00035674919538085517,0.022671897557128114,13.34002685546875
592.4500122070312,596.1799926757812,587.2100219726562,591.7100219726562,583.5209350585938,2628200.0,LLY,2023-11-17,0.005015166239553377,0.01516007805926241,8.969970703125
591.4400024414062,604.8599853515625,590.6900024414062,597.5999755859375,589.3291625976562,2827200.0,LLY,2023-11-20,0.009904547960367549,0.02370565284018135,14.16998291015625
598.4400024414062,601.5599975585938,591.77001953125,592.5999755859375,584.3983764648438,1851600.0,LLY,2023-11-21,-0.008401975714703679,0.016408198120591702,9.78997802734375
595.4000244140625,599.1799926757812,586.75,595.0900268554688,586.8540649414062,2052200.0,LLY,2023-11-22,0.00419327548538569,0.02096320685397124,12.42999267578125
598.3599853515625,603.5,596.97998046875,601.0999755859375,592.78076171875,1341700.0,LLY,2023-11-24,0.010048442979341553,0.010862461260428757,6.52001953125
601.1699829101562,603.6900024414062,591.1400146484375,591.530029296875,583.3433837890625,2630700.0,LLY,2023-11-27,-0.016048612760579214,0.02100792442482996,12.54998779296875
592.0,595.3800048828125,589.3599853515625,591.5999755859375,583.4122314453125,1793900.0,LLY,2023-11-28,0.00011801555601014624,0.010162687835638421,6.02001953125
592.2000122070312,594.5399780273438,584.4400024414062,591.8599853515625,583.668701171875,1908600.0,LLY,2023-11-29,0.0004395063333195882,0.017133832360229546,10.0999755859375
591.4600219726562,596.22998046875,586.2100219726562,591.0399780273438,582.8599243164062,5658400.0,LLY,2023-11-30,-0.0013866389000458863,0.016948341267041023,10.01995849609375
591.7000122070312,601.969970703125,583.0,584.0399780273438,575.9568481445312,3638600.0,LLY,2023-12-01,-0.011914148969216809,0.032020375161204206,18.969970703125
582.1300048828125,587.0900268554688,574.3300170898438,585.6799926757812,577.5743408203125,2577100.0,LLY,2023-12-04,0.0028044213305310926,0.02197400202640271,12.760009765625
583.280029296875,591.7999877929688,579.3699951171875,588.1500244140625,580.0100708007812,2157300.0,LLY,2023-12-05,0.00420830403504172,0.021227421473283332,12.42999267578125
590.739990234375,593.9000244140625,584.4000244140625,589.25,581.0947875976562,2093100.0,LLY,2023-12-06,0.0018684223127505898,0.016125274477018288,9.5
588.280029296875,588.8699951171875,577.6099853515625,588.27001953125,580.1283569335938,2095000.0,LLY,2023-12-07,-0.0016645050380622644,0.019306562838323514,11.260009765625
589.0,598.2999877929688,584.77001953125,598.0499877929688,589.77294921875,2446800.0,LLY,2023-12-08,0.016488246886332374,0.02287363906314599,13.52996826171875
598.6599731445312,601.1900024414062,567.4099731445312,584.0399780273438,575.9568481445312,5614100.0,LLY,2023-12-11,-0.023704889526593546,0.05782892926107612,33.780029296875
582.0,585.8499755859375,578.1699829101562,584.760009765625,576.6668701171875,2846100.0,LLY,2023-12-12,0.0012320101542519586,0.013195828924464241,7.67999267578125
583.260009765625,598.6699829101562,582.3099975585938,597.5,589.2306518554688,3112500.0,LLY,2023-12-13,0.021552954444154778,0.027707551779542733,16.3599853515625
594.5,594.5,568.6900024414062,573.6699829101562,565.73046875,5275900.0,LLY,2023-12-14,-0.04069994491185779,0.04438524164307233,25.80999755859375
572.0999755859375,573.7100219726562,561.6500244140625,572.0399780273438,564.1229858398438,5317000.0,LLY,2023-12-15,-0.0028454734341651954,0.02124515691202571,12.05999755859375
576.469970703125,583.0499877929688,575.7000122070312,579.760009765625,571.7361450195312,3033900.0,LLY,2023-12-18,0.01340531229812967,0.012686212144263322,7.3499755859375
580.25,585.1099853515625,577.25,579.8099975585938,571.7854614257812,2192700.0,LLY,2023-12-19,8.625356268329787e-05,0.013524390473716955,7.8599853515625
576.47998046875,579.8599853515625,570.030029296875,570.2100219726562,562.318359375,2647100.0,LLY,2023-12-20,-0.016695688323873713,0.017097627413550687,9.8299560546875
571.4099731445312,575.0,567.02001953125,572.0,564.0835571289062,1786500.0,LLY,2023-12-21,0.003134226199474571,0.013975429877648958,7.97998046875
573.02001953125,575.9000244140625,567.4199829101562,570.3900146484375,562.4957885742188,2226100.0,LLY,2023-12-22,-0.002818744391188607,0.014834336768543383,8.48004150390625
569.5,572.77001953125,567.6400146484375,570.6699829101562,562.7719116210938,1678700.0,LLY,2023-12-26,0.000490768645308445,0.008996833300621447,5.1300048828125
570.5,583.6799926757812,570.5,581.510009765625,573.4619750976562,2163400.0,LLY,2023-12-27,0.018817215424686354,0.022839705595435168,13.17999267578125
581.97998046875,586.6900024414062,580.0,580.8499755859375,572.81103515625,1973500.0,LLY,2023-12-28,-0.0011357503937639312,0.011468471921304037,6.69000244140625
582.8499755859375,586.1699829101562,579.469970703125,582.9199829101562,574.8523559570312,2000100.0,LLY,2023-12-29,0.003557354829459238,0.011495978623905702,6.70001220703125
580.4099731445312,592.719970703125,579.0499877929688,592.2000122070312,584.0039672851562,3226700.0,LLY,2024-01-02,0.015794540524582026,0.02333325413129927,13.66998291015625
600.0,619.8400268554688,598.7999877929688,617.7000122070312,609.151123046875,5130300.0,LLY,2024-01-03,0.04215861032650654,0.0345337913854339,21.0400390625
625.260009765625,636.4099731445312,613.27001953125,614.5,605.995361328125,6272500.0,LLY,2024-01-04,-0.005194054962192765,0.03703763994830371,23.13995361328125
614.0,619.9400024414062,610.1900024414062,618.5499877929688,609.9893188476562,2404000.0,LLY,2024-01-05,0.006569115462277316,0.015852315020940446,9.75
622.4299926757812,626.0599975585938,609.5900268554688,626.030029296875,617.3657836914062,2453900.0,LLY,2024-01-08,0.01202024360310797,0.02665956515945399,16.469970703125
630.1099853515625,634.4199829101562,623.719970703125,625.47998046875,616.8233642578125,2918900.0,LLY,2024-01-09,-0.0008789892042380264,0.017009665991675804,10.70001220703125
628.489990234375,637.0499877929688,625.760009765625,630.1900024414062,621.4681396484375,2679100.0,LLY,2024-01-10,0.0075019446707486935,0.017881199652352422,11.28997802734375
634.3900146484375,639.760009765625,628.1400146484375,635.719970703125,626.921630859375,2690300.0,LLY,2024-01-11,0.008736896168170619,0.018330026408490612,11.6199951171875
638.2000122070312,644.0,633.010009765625,642.9199829101562,634.02197265625,2067800.0,LLY,2024-01-12,0.011262068857160109,0.017212490869367724,10.989990234375
643.9099731445312,647.72998046875,633.6699829101562,634.5700073242188,625.78759765625,2413600.0,LLY,2024-01-16,-0.013072598367269123,0.0219456254764253,14.05999755859375
639.4500122070312,640.52001953125,625.1900024414062,628.9099731445312,620.2058715820312,2124100.0,LLY,2024-01-17,-0.008959538794739536,0.024224769504251096,15.33001708984375
621.280029296875,623.8800048828125,612.7000122070312,623.3499755859375,614.722900390625,3385000.0,LLY,2024-01-18,-0.008879876061669505,0.018082610355199803,11.17999267578125
622.3900146484375,629.5900268554688,620.0,628.5800170898438,619.8805541992188,3125000.0,LLY,2024-01-19,0.008355207161967207,0.015349378493024493,9.59002685546875
630.0,632.6400146484375,625.0,630.8800048828125,622.1486206054688,2030200.0,LLY,2024-01-22,0.0036521991162847644,0.01214991340031016,7.6400146484375
627.6900024414062,630.0,614.8200073242188,629.6799926757812,620.9652709960938,2525000.0,LLY,2024-01-23,-0.0019038480300221838,0.024390265433111475,15.17999267578125
633.52001953125,643.1699829101562,632.0,633.7000122070312,624.9296264648438,2276900.0,LLY,2024-01-24,0.006363889692814151,0.0175196542678219,11.16998291015625
627.3699951171875,632.6099853515625,624.6799926757812,627.6199951171875,618.9337768554688,2407900.0,LLY,2024-01-25,-0.009640762857570777,0.012614588473583328,7.92999267578125
637.3499755859375,639.5999755859375,630.5,639.25,630.40283203125,2410300.0,LLY,2024-01-26,0.018360748085948148,0.01432978738399485,9.0999755859375
641.5,645.6500244140625,639.77001953125,645.0,636.0732421875,2718500.0,LLY,2024-01-29,0.008954686412873834,0.009148831814217615,5.8800048828125
645.7000122070312,646.7999877929688,641.0,644.97998046875,636.0535278320312,2006100.0,LLY,2024-01-30,-3.099432530619767e-05,0.00900765190932042,5.79998779296875
650.3800048828125,663.5499877929688,637.0,645.6099853515625,636.6748046875,4719000.0,LLY,2024-01-31,0.0009762914660445495,0.040834534914544064,26.54998779296875
647.3300170898438,660.52001953125,643.1699829101562,660.4299926757812,651.2896728515625,2494300.0,LLY,2024-02-01,0.022695494695838956,0.02661838474961364,17.35003662109375
662.3800048828125,672.6199951171875,659.739990234375,667.6500244140625,658.4097290039062,3019200.0,LLY,2024-02-02,0.010872916772699987,0.019334723750235674,12.8800048828125
691.02001953125,711.8800048828125,682.530029296875,706.2000122070312,696.4262084960938,7602400.0,LLY,2024-02-05,0.05613441545110397,0.04210283967985488,29.3499755859375
742.0,742.0,691.0999755859375,705.030029296875,695.2724609375,8187300.0,LLY,2024-02-06,-0.0016580425752332891,0.0710647473964142,50.9000244140625
710.3800048828125,740.989990234375,707.02001953125,725.3800048828125,715.3408203125,5798000.0,LLY,2024-02-07,0.02845530202088632,0.046928135084864604,33.969970703125
728.3200073242188,741.0,725.75,735.6799926757812,725.498291015625,4636900.0,LLY,2024-02-08,0.014099615838343703,0.020795022391347544,15.25
735.5,745.7000122070312,733.6099853515625,740.1599731445312,729.9161376953125,2833900.0,LLY,2024-02-09,0.006070930947615197,0.016345858631144242,12.09002685546875
740.7999877929688,740.7999877929688,726.4500122070312,737.260009765625,727.0563354492188,2932300.0,LLY,2024-02-12,-0.003925682840964313,0.01956099253277066,14.3499755859375
730.1799926757812,742.97998046875,730.1799926757812,742.969970703125,732.6873168945312,2860300.0,LLY,2024-02-13,0.007715066089809802,0.017378031107846147,12.79998779296875
745.8200073242188,764.0499877929688,745.0,757.3099975585938,748.1380615234375,3394300.0,LLY,2024-02-14,0.020868504249294737,0.025248997694962628,19.04998779296875
755.7999877929688,762.989990234375,750.010009765625,757.780029296875,748.602294921875,2507000.0,LLY,2024-02-15,0.0006203259120060151,0.0171583594440623,12.97998046875
771.030029296875,794.469970703125,763.5,782.0599975585938,772.588134765625,5009400.0,LLY,2024-02-16,0.03153823149163415,0.03976206413194117,30.969970703125
790.0,793.3800048828125,753.2000122070312,755.6599731445312,746.5078735351562,4701100.0,LLY,2024-02-20,-0.03433992838450505,0.0519714929613406,40.17999267578125
738.0800170898438,749.5,733.239990234375,745.9099731445312,736.8759765625,3541800.0,LLY,2024-02-21,-0.012986567624665024,0.021933261009944853,16.260009765625
763.5800170898438,775.1199951171875,756.27001953125,769.6400146484375,760.3185424804688,3167400.0,LLY,2024-02-22,0.031317883744212044,0.02461936867521164,18.8499755859375
774.0,777.6500244140625,762.260009765625,769.5399780273438,760.2197875976562,2394800.0,LLY,2024-02-23,-0.00012989463139188046,0.0199888652360877,15.3900146484375
771.2999877929688,780.219970703125,769.1199951171875,771.9199829101562,762.5709228515625,2243800.0,LLY,2024-02-26,0.0030879320526571935,0.014328895850117629,11.0999755859375
754.9000244140625,772.9500122070312,745.4400024414062,765.0,755.73486328125,2716700.0,LLY,2024-02-27,-0.00900491301091099,0.03623972789151768,27.510009765625
762.25,763.0,751.6599731445312,757.6400146484375,748.4639282226562,2716300.0,LLY,2024-02-28,-0.009667594109873454,0.01497397296293406,11.34002685546875
753.0800170898438,756.4600219726562,744.030029296875,753.6799926757812,744.5518798828125,3905400.0,LLY,2024-02-29,-0.005240476720364729,0.016568289817807412,12.42999267578125
769.02001953125,784.0800170898438,764.1300048828125,782.1199951171875,772.6473999023438,4247500.0,LLY,2024-03-01,0.03704026561452104,0.025773139607430356,19.95001220703125
796.4400024414062,800.780029296875,786.1599731445312,792.280029296875,782.684326171875,3855600.0,LLY,2024-03-04,0.0129066557720369,0.0184259893557154,14.62005615234375
785.3099975585938,788.530029296875,769.280029296875,777.5900268554688,768.17236328125,3168700.0,LLY,2024-03-05,-0.018715315954783523,0.024715439207420174,19.25
784.2899780273438,787.8499755859375,774.0,779.77001953125,770.325927734375,2518600.0,LLY,2024-03-06,0.0027995687382468986,0.017735811830115314,13.8499755859375
771.8400268554688,792.989990234375,761.1199951171875,780.1599731445312,770.7111206054688,3977400.0,LLY,2024-03-07,0.000499913846368244,0.04101957263124456,31.8699951171875
780.0,780.0,755.0,762.1400146484375,752.9094848632812,4054900.0,LLY,2024-03-08,-0.023368607357421068,0.03257617043461267,25.0
752.2100219726562,756.7999877929688,727.6199951171875,734.3699951171875,725.4757080078125,3968900.0,LLY,2024-03-11,-0.03711742589036511,0.03932007442177767,29.17999267578125
740.9600219726562,755.969970703125,738.010009765625,754.9500122070312,745.8065795898438,2701700.0,LLY,2024-03-12,0.027638701237185235,0.0240442662219124,17.9599609375
757.0,760.77001953125,745.7100219726562,757.8400268554688,748.6615600585938,2357500.0,LLY,2024-03-13,0.003820735773610633,0.01999428980622137,15.05999755859375
764.9500122070312,768.0,749.4000244140625,760.72998046875,751.5164184570312,2647500.0,LLY,2024-03-14,0.0038060308651120056,0.02451681420993983,18.5999755859375
755.3800048828125,760.8900146484375,747.7100219726562,754.1699829101562,745.0359497070312,3730100.0,LLY,2024-03-15,-0.008660584679601914,0.017473588365344937,13.17999267578125
762.280029296875,769.6799926757812,758.25,762.6599731445312,753.4229736328125,2521400.0,LLY,2024-03-18,0.0111943162116182,0.014961687968391521,11.42999267578125
758.4400024414062,773.8499755859375,755.0,772.780029296875,763.4205932617188,2557100.0,LLY,2024-03-19,0.013182327596183712,0.0246602755609128,18.8499755859375
770.1099853515625,773.1599731445312,756.6400146484375,772.8599853515625,763.4995727539062,2038000.0,LLY,2024-03-20,0.00010344940621744406,0.02159837994844983,16.51995849609375
774.0,780.5399780273438,758.8800048828125,770.260009765625,760.93115234375,3013200.0,LLY,2024-03-21,-0.0033696812825731175,0.028142291127432044,21.65997314453125
770.0,777.0,767.280029296875,770.6099853515625,761.2767333984375,1981000.0,LLY,2024-03-22,0.0004540523851723711,0.012588518765183373,9.719970703125
771.0999755859375,778.489990234375,768.1500244140625,773.1400146484375,763.7761840820312,1806600.0,LLY,2024-03-25,0.0032778573029934085,0.013371075072473778,10.3399658203125
774.2000122070312,778.3300170898438,769.0,774.9000244140625,765.514892578125,2099000.0,LLY,2024-03-26,0.0022738761401247492,0.01205965122189359,9.33001708984375
778.7100219726562,785.260009765625,767.3800048828125,778.1799926757812,768.755126953125,2297700.0,LLY,2024-03-27,0.004223818690416548,0.023032763763100414,17.8800048828125
780.3200073242188,793.6699829101562,776.4400024414062,777.9600219726562,768.537841796875,3209400.0,LLY,2024-03-28,-0.0002826854244622116,0.02194836324600308,17.22998046875
776.0,777.5,753.8200073242188,760.5499877929688,751.3387451171875,2921300.0,LLY,2024-04-01,-0.0226331940690341,0.030930021619522737,23.67999267578125
755.0700073242188,765.0700073242188,753.5,763.9600219726562,754.7073974609375,2596800.0,LLY,2024-04-02,0.00447351228675951,0.015238324415057057,11.57000732421875
765.6900024414062,787.25,765.4099731445312,775.989990234375,766.5916748046875,3044900.0,LLY,2024-04-03,0.015624171893670609,0.028134257097244673,21.84002685546875
781.5399780273438,787.9000244140625,767.8200073242188,768.0800170898438,758.7775268554688,2354000.0,LLY,2024-04-04,-0.010245672060672898,0.02581586902134862,20.08001708984375
765.469970703125,786.7100219726562,763.0900268554688,784.2100219726562,774.712158203125,2113400.0,LLY,2024-04-05,0.020782930661799363,0.03048370554963125,23.6199951171875
785.02001953125,785.2000122070312,773.3499755859375,777.2899780273438,767.8759155273438,1664200.0,LLY,2024-04-08,-0.008863399823532372,0.015206782033782923,11.85003662109375
777.6400146484375,777.8200073242188,750.6500244140625,757.239990234375,748.0687255859375,2464100.0,LLY,2024-04-09,-0.02613329889089951,0.03555561397623267,27.16998291015625
751.280029296875,765.260009765625,746.8300170898438,761.97998046875,752.7513427734375,1700300.0,LLY,2024-04-10,0.006240098304714008,0.024378052984425132,18.42999267578125
759.780029296875,763.3300170898438,750.6699829101562,759.5900268554688,750.3902587890625,1594800.0,LLY,2024-04-11,-0.003141534934250681,0.016724345134126045,12.6600341796875
759.5700073242188,763.5,749.7899780273438,751.6400146484375,742.53662109375,2495000.0,LLY,2024-04-12,-0.010521225450915881,0.018119986640730706,13.71002197265625
760.0700073242188,768.0,749.52001953125,750.77001953125,741.6771240234375,2358600.0,LLY,2024-04-15,-0.0011581851592697668,0.02435670544639565,18.47998046875
751.6799926757812,753.1400146484375,743.0,746.739990234375,737.6959228515625,2569800.0,LLY,2024-04-16,-0.005382294602788901,0.013555108225187731,10.1400146484375
759.2000122070312,771.8300170898438,744.8800048828125,750.77001953125,741.6771240234375,3069400.0,LLY,2024-04-17,0.005382294602788986,0.035541202528250875,26.95001220703125
749.4199829101562,752.2000122070312,743.77001953125,745.9500122070312,736.9155883789062,1717300.0,LLY,2024-04-18,-0.006440654095513147,0.011270388750284327,8.42999267578125
749.1599731445312,750.010009765625,722.0700073242188,726.3099975585938,717.5133056640625,3505500.0,LLY,2024-04-19,-0.02668185960283944,0.037964455550313074,27.94000244140625
729.739990234375,737.8800048828125,725.4199829101562,731.3300170898438,722.4725341796875,2354100.0,LLY,2024-04-22,0.006887912346429557,0.017030442465240537,12.46002197265625
741.2000122070312,746.1599731445312,731.4400024414062,745.6900024414062,736.6586303710938,2042000.0,LLY,2024-04-23,0.019445192497881274,0.019924821233059765,14.719970703125
752.6400146484375,752.6400146484375,728.7899780273438,732.2000122070312,723.33203125,2133400.0,LLY,2024-04-24,-0.01825623903610205,0.03220145077629537,23.85003662109375
725.0,727.989990234375,718.2999877929688,724.8699951171875,716.0908203125,2608800.0,LLY,2024-04-25,-0.010061354821072307,0.013400006337681764,9.69000244140625
723.47998046875,737.4500122070312,721.0,733.510009765625,724.6261596679688,2009200.0,LLY,2024-04-26,0.011848877099923943,0.02255916857359115,16.45001220703125
735.75,740.5800170898438,729.6099853515625,737.2000122070312,728.2714233398438,2665600.0,LLY,2024-04-29,0.00501793294087195,0.014923561330723412,10.97003173828125
775.0,795.5,767.6599731445312,781.0999755859375,771.6397705078125,7437100.0,LLY,2024-04-30,0.057844009641991885,0.035623955971315145,27.84002685546875
774.760009765625,782.6099853515625,768.25,776.75,767.3424072265625,2802100.0,LLY,2024-05-01,-0.0055846968373839635,0.018519267886418885,14.3599853515625
777.3400268554688,777.3400268554688,754.2899780273438,755.9099731445312,746.7548828125,3205600.0,LLY,2024-05-02,-0.02719612994780249,0.030100989325948704,23.050048828125
743.0,745.0,730.3400268554688,734.969970703125,726.0684204101562,4595100.0,LLY,2024-05-03,-0.02809274245269651,0.019874002470738773,14.65997314453125
738.0399780273438,766.989990234375,736.0,766.6799926757812,757.3944702148438,3398300.0,LLY,2024-05-06,0.04223996105740088,0.041243632011336996,30.989990234375
768.9000244140625,779.0900268554688,762.1099853515625,777.77001953125,768.35009765625,2879400.0,LLY,2024-05-07,0.014361271169184842,0.022035723399266044,16.98004150390625
779.0999755859375,781.3499755859375,772.2000122070312,775.0,765.6135864257812,2089800.0,LLY,2024-05-08,-0.0035678995035228938,0.01177956197505202,9.14996337890625
777.0,784.0,769.2000122070312,771.5499877929688,762.2054443359375,2522100.0,LLY,2024-05-09,-0.004461454759178793,0.01905799076600785,14.79998779296875
774.02001953125,777.4199829101562,760.0,760.0,750.7953491210938,2082300.0,LLY,2024-05-10,-0.01508302120845697,0.02266228960562919,17.41998291015625
763.5,763.5499877929688,750.530029296875,757.7000122070312,748.5232543945312,1848900.0,LLY,2024-05-13,-0.003030838756379004,0.017198931751366938,13.01995849609375
751.52001953125,764.5,751.52001953125,763.97998046875,754.7271118164062,1956200.0,LLY,2024-05-14,0.008253971238151503,0.01712417710143683,12.97998046875
764.1500244140625,787.6599731445312,763.0999755859375,787.02001953125,778.8132934570312,3038300.0,LLY,2024-05-15,0.031415099895634846,0.031677438268223085,24.55999755859375
784.7100219726562,786.47998046875,770.1400146484375,771.1199951171875,763.0791015625,2299700.0,LLY,2024-05-16,-0.020409644822716497,0.020994932701803897,16.3399658203125
772.8900146484375,774.8699951171875,767.0999755859375,770.0,761.9708251953125,1670300.0,LLY,2024-05-17,-0.001453429875102711,0.010078127907341321,7.77001953125
766.9000244140625,784.3300170898438,766.1199951171875,783.1799926757812,775.0133666992188,2188800.0,LLY,2024-05-20,0.01697200875002819,0.02349106288453775,18.21002197265625
792.4600219726562,816.6099853515625,791.3900146484375,803.1699829101562,794.794921875,4334500.0,LLY,2024-05-21,0.025203844912848303,0.031370695223991794,25.219970703125
801.0,804.8800048828125,795.25,802.9099731445312,794.53759765625,1767500.0,LLY,2024-05-22,-0.0003238142022971273,0.012036673421051648,9.6300048828125
810.0,820.6099853515625,802.1599731445312,808.4500122070312,800.019775390625,3025800.0,LLY,2024-05-23,0.006876139331698206,0.02273989255165458,18.45001220703125
808.0,810.1199951171875,804.1500244140625,807.4299926757812,799.0104370117188,1778100.0,LLY,2024-05-24,-0.0012624383268439346,0.007396529512767621,5.969970703125
809.0,809.0,788.25,807.8599853515625,799.4359741210938,2483500.0,LLY,2024-05-28,0.0005324383932601501,0.025983618633321413,20.75
803.0,815.6099853515625,802.0900268554688,811.530029296875,803.0678100585938,2380000.0,LLY,2024-05-29,0.004532709615410975,0.016715427073628622,13.51995849609375
812.7899780273438,819.989990234375,806.1099853515625,815.0599975585938,806.5609130859375,1984600.0,LLY,2024-05-30,0.004340266125571229,0.017071941702935713,13.8800048828125
818.7999877929688,826.2100219726562,811.0999755859375,820.3400268554688,811.7858276367188,4472100.0,LLY,2024-05-31,0.006457123894965282,0.018457684114450926,15.11004638671875
823.8300170898438,838.280029296875,818.5,831.260009765625,822.5919799804688,2537200.0,LLY,2024-06-03,0.013223759847476,0.02387881168934604,19.780029296875
834.0,835.469970703125,825.3099975585938,832.5900268554688,823.9080810546875,1748300.0,LLY,2024-06-04,0.0015986654184408672,0.012235335308648312,10.15997314453125
830.489990234375,838.4500122070312,817.6199951171875,831.760009765625,823.0867309570312,2169000.0,LLY,2024-06-05,-0.000997392535489939,0.025157288734361755,20.83001708984375
834.8800048828125,846.969970703125,831.8800048828125,837.2899780273438,828.55908203125,2109000.0,LLY,2024-06-06,0.006626567337925476,0.017977034788905995,15.0899658203125
837.760009765625,856.8099975585938,837.010009765625,849.989990234375,841.126708984375,2468800.0,LLY,2024-06-07,0.015054166919077842,0.023380158034534942,19.79998779296875
853.97998046875,871.6300048828125,849.3900146484375,865.0,855.9801635742188,3417500.0,LLY,2024-06-10,0.017504889188143694,0.02584656549907483,22.239990234375
882.1400146484375,882.1400146484375,852.22998046875,865.8200073242188,856.7916259765625,4109100.0,LLY,2024-06-11,0.0009475430036947254,0.03449436964241824,29.9100341796875
872.0,872.0,853.8499755859375,867.2999877929688,858.2562255859375,2594600.0,LLY,2024-06-12,0.0017079406432512858,0.021033918168649426,18.1500244140625
869.030029296875,885.0599975585938,861.5,883.3300170898438,874.1190185546875,2243400.0,LLY,2024-06-13,0.018313857094762093,0.026980380593564227,23.55999755859375
882.3300170898438,884.6099853515625,876.0,878.4500122070312,869.2898559570312,2023300.0,LLY,2024-06-14,-0.00553992241192849,0.0097807624191617,8.6099853515625
878.0,892.2000122070312,876.8599853515625,885.010009765625,875.781494140625,2532200.0,LLY,2024-06-17,0.007440003101141324,0.017343008572254813,15.34002685546875
887.0,894.8699951171875,884.0,891.4600219726562,882.164306640625,2437000.0,LLY,2024-06-18,0.007261703455844589,0.012221388234109185,10.8699951171875
893.0,905.4500122070312,870.1300048828125,885.989990234375,876.7513427734375,3360000.0,LLY,2024-06-20,-0.006154906811137532,0.03978943978435095,35.32000732421875
885.6599731445312,891.969970703125,879.7999877929688,883.8800048828125,874.663330078125,3445900.0,LLY,2024-06-21,-0.002384373862930272,0.01373787184246074,12.16998291015625
889.97998046875,903.5800170898438,882.9400024414062,890.1099853515625,880.828369140625,2878200.0,LLY,2024-06-24,0.007023746577919224,0.02310741868444903,20.6400146484375
891.77001953125,909.4199829101562,891.5,904.6099853515624,895.1771850585938,2830100.0,LLY,2024-06-25,0.016158877544218016,0.019901577576399834,17.91998291015625
904.0,906.3499755859376,897.8400268554688,901.260009765625,891.8619995117188,2232100.0,LLY,2024-06-26,-0.0037102592697184455,0.009433609353048352,8.509948730468864
903.530029296875,909.5700073242188,899.719970703125,909.0399780273438,899.5609130859375,1948100.0,LLY,2024-06-27,0.008595358382192695,0.010888397168593772,9.85003662109375
911.3099975585938,915.5399780273438,905.3800048828124,905.3800048828124,895.9390258789062,3375400.0,LLY,2024-06-28,-0.004034410741051057,0.011159280665162502,10.159973144531364
911.77001953125,916.8300170898438,904.3099975585938,914.3699951171876,904.8353881835938,2546100.0,LLY,2024-07-01,0.009880676460929294,0.013749867315671115,12.52001953125
902.7100219726562,912.0,878.5,906.7100219726562,897.2553100585938,4584600.0,LLY,2024-07-02,-0.008412587487278439,0.037424082447179444,33.5
911.0,918.5,884.0,898.0999755859375,888.7349853515625,3078400.0,LLY,2024-07-03,-0.00954136130299462,0.038284842017536985,34.5
898.4299926757812,916.4600219726562,896.9000244140625,914.5700073242188,905.033203125,2880900.0,LLY,2024-07-05,0.018172544707284764,0.021574045659479037,19.55999755859375
917.8900146484376,928.6099853515624,912.0,918.0,908.4275512695312,2364600.0,LLY,2024-07-08,0.0037435076555090963,0.018048838578338968,16.609985351562386
929.0499877929688,935.0,920.780029296875,932.5,922.7763061523438,2416000.0,LLY,2024-07-09,0.015671710713852257,0.01532536054271553,14.219970703125
936.5700073242188,945.6900024414062,933.0,939.780029296875,929.98046875,2683300.0,LLY,2024-07-10,0.00777673465049309,0.013509621521971745,12.69000244140625
934.0900268554688,942.8800048828124,918.6199951171876,934.1400146484376,924.399169921875,2855100.0,LLY,2024-07-11,-0.006019604147081878,0.02606648766677715,24.260009765624773
937.0,950.7899780273438,936.030029296875,948.4000244140624,938.510498046875,2315100.0,LLY,2024-07-12,0.015150061513347681,0.015645636316765174,14.75994873046875
956.2000122070312,966.0999755859376,948.0900268554688,950.4600219726562,940.549072265625,2358700.0,LLY,2024-07-15,0.0021697822152641037,0.0188178604691807,18.009948730468864
955.75,956.3900146484376,938.3800048828124,941.5999755859376,931.7814331054688,2111800.0,LLY,2024-07-16,-0.009365550816626426,0.01901080552707247,18.010009765625227
910.010009765625,925.0,902.6400146484376,905.5900268554688,896.14697265625,4200600.0,LLY,2024-07-17,-0.0389938418420101,0.02446991845379638,22.359985351562386
907.030029296875,909.8699951171876,836.6599731445312,848.9000244140625,840.0480346679688,7649600.0,LLY,2024-07-18,-0.06464535717463409,0.08388398359643247,73.21002197265636
867.6599731445312,880.2100219726562,853.0,857.469970703125,848.5286865234375,3782200.0,LLY,2024-07-19,0.010044818285027604,0.0314009928380517,27.21002197265625
864.7999877929688,874.4199829101562,856.8200073242188,865.969970703125,856.9400634765625,2904500.0,LLY,2024-07-22,0.00986408593578344,0.020332919803979645,17.5999755859375
870.0,887.719970703125,864.0800170898438,878.2899780273438,869.1315307617188,2087700.0,LLY,2024-07-23,0.014126494019226143,0.026990968063846228,23.63995361328125
872.5,878.3400268554688,854.27001953125,859.8800048828125,850.9136352539062,2726100.0,LLY,2024-07-24,-0.02118383533580257,0.027786467052190574,24.07000732421875
847.0,851.6199951171875,806.3800048828125,821.1900024414062,812.6270141601562,5468000.0,LLY,2024-07-25,-0.04603841012859174,0.05458531073685152,45.239990234375
811.8699951171875,822.010009765625,801.2999877929688,804.6199951171875,796.2297973632812,4173900.0,LLY,2024-07-26,-0.020384392770312027,0.025517178762489837,20.71002197265625
814.010009765625,824.77001953125,804.0,807.7899780273438,799.36669921875,2473700.0,LLY,2024-07-29,0.003931953853785618,0.025505314089205935,20.77001953125
815.1799926757812,821.9000244140625,775.8099975585938,790.2100219726562,781.9700927734375,3848600.0,LLY,2024-07-30,-0.022003292911335945,0.0577111211629111,46.09002685546875
800.1699829101562,811.1400146484375,792.0900268554688,804.27001953125,795.8834228515625,2961700.0,LLY,2024-07-31,0.01763622613620081,0.023765628036936645,19.04998779296875
833.6199951171875,840.8900146484375,820.1799926757812,832.4400024414062,823.7597045898438,4060700.0,LLY,2024-08-01,0.03442614532158498,0.024937052733715992,20.71002197265625
816.6699829101562,820.1900024414062,787.02001953125,804.4600219726562,796.0714721679688,3515900.0,LLY,2024-08-02,-0.034189895767192155,0.041282337840189726,33.16998291015625
758.0,792.9400024414062,747.5499877929688,775.260009765625,767.1759033203125,4661800.0,LLY,2024-08-05,-0.03697285649565352,0.058946383477833,45.3900146484375
789.1400146484375,806.27001953125,785.0,793.1799926757812,784.9091186523438,3437600.0,LLY,2024-08-06,0.02285182418920426,0.0267349804456604,21.27001953125
778.2999877929688,786.5800170898438,763.02001953125,772.1400146484375,764.0885620117188,4407700.0,LLY,2024-08-07,-0.026884237350913918,0.03041018665967987,23.55999755859375
875.0,877.780029296875,825.239990234375,845.3099975585938,836.4955444335938,9434900.0,LLY,2024-08-08,0.09053749266152017,0.06172178485129377,52.5400390625
860.0,908.489990234375,860.0,891.6799926757812,882.3819580078125,6587600.0,LLY,2024-08-09,0.05340382725611976,0.05485148062414999,48.489990234375
904.2100219726562,904.719970703125,883.0,884.3800048828125,875.1580810546875,4206100.0,LLY,2024-08-12,-0.00822048712726634,0.024300270576854716,21.719970703125
894.0800170898438,914.6900024414062,890.3300170898438,908.0499877929688,898.5812377929688,3506800.0,LLY,2024-08-13,0.026412582940023997,0.026993013011815357,24.3599853515625
910.0,934.3800048828124,903.7899780273438,931.6799926757812,921.96484375,3562900.0,LLY,2024-08-14,0.025689975364265174,0.03328620475151953,30.590026855468636
936.0,937.9600219726562,920.0,931.5800170898438,923.154052734375,3080000.0,LLY,2024-08-15,0.0012890325401872529,0.019333657556625115,17.96002197265625
928.3900146484376,936.2999877929688,919.3900146484376,922.1199951171876,913.7796020507812,2364900.0,LLY,2024-08-16,-0.01020671818235739,0.018225502320257353,16.909973144531136
922.1199951171876,926.0,916.5,921.8099975585938,913.4723510742188,2374600.0,LLY,2024-08-19,-0.0003362984277376149,0.010312167366419735,9.5
932.0999755859376,967.0,930.510009765625,949.969970703125,941.3776245117188,4961500.0,LLY,2024-08-20,0.030091252036536724,0.03846566202355644,36.489990234375
955.6199951171876,956.5,939.1699829101562,951.969970703125,943.3595581054688,2617000.0,LLY,2024-08-21,0.0021031413213158327,0.018284300591751634,17.33001708984375
951.97998046875,972.530029296875,948.1400146484376,954.1699829101562,945.5397338867188,3183700.0,LLY,2024-08-22,0.0023084097269005515,0.025398767344186883,24.390014648437386
955.4400024414062,960.5,943.1099853515624,952.739990234375,944.1226196289062,2063300.0,LLY,2024-08-23,-0.0014998600367260183,0.018271072917598188,17.390014648437614
949.2000122070312,955.0,942.77001953125,950.530029296875,941.9326171875,2166000.0,LLY,2024-08-26,-0.0023223110149731044,0.012888969318457719,12.22998046875
952.5,972.47998046875,949.9500122070312,954.47998046875,945.8468627929688,2912900.0,LLY,2024-08-27,0.0041469369239840684,0.023440125163735673,22.52996826171875
954.1500244140624,958.3400268554688,943.260009765625,948.9400024414062,940.35693359375,1701800.0,LLY,2024-08-28,-0.0058211575147018016,0.015860678299251203,15.08001708984375
955.0,957.52001953125,936.0,940.2000122070312,931.6961059570312,1762800.0,LLY,2024-08-29,-0.009252824834426214,0.02273115248526908,21.52001953125
945.0,961.0,940.510009765625,960.02001953125,951.3367919921876,2555100.0,LLY,2024-08-30,0.020861450008390608,0.021552117260192825,20.489990234375
957.77001953125,969.6500244140624,951.5800170898438,956.530029296875,947.8782958984376,2529400.0,LLY,2024-09-03,-0.0036420307933560814,0.018811427887225726,18.070007324218636
949.75,954.0,938.010009765625,946.3099975585938,937.7507934570312,1891700.0,LLY,2024-09-04,-0.010741879069483033,0.016903051107076454,15.989990234375
941.1599731445312,943.0,906.1699829101562,912.75,904.4943237304688,3201100.0,LLY,2024-09-05,-0.036108205862717714,0.039839375082608826,36.83001708984375
917.760009765625,927.9000244140624,893.0,902.7100219726562,894.545166015625,3440000.0,LLY,2024-09-06,-0.011060634523085472,0.038337413793726426,34.900024414062386
912.5700073242188,915.4299926757812,895.9199829101562,908.27001953125,900.0548706054688,2405900.0,LLY,2024-09-09,0.006140334100919781,0.021542788040878332,19.510009765625
914.1099853515624,915.1099853515624,895.0,901.25,893.098388671875,1930400.0,LLY,2024-09-10,-0.0077589763138334305,0.022220542346929505,20.109985351562386
902.1500244140624,921.5399780273438,897.2000122070312,920.8900146484376,912.5606689453124,2721100.0,LLY,2024-09-11,0.02155781727047255,0.026767343560431395,24.3399658203125
924.3099975585938,937.6199951171876,918.6300048828124,935.02001953125,926.5628662109376,2510800.0,LLY,2024-09-12,0.015227327100227606,0.020461309378651798,18.989990234375227
937.010009765625,942.3499755859376,922.0999755859376,923.7100219726562,915.355224609375,2045400.0,LLY,2024-09-13,-0.012169683309120069,0.02172307848649215,20.25
931.1300048828124,932.6099853515624,920.4299926757812,923.5399780273438,915.1867065429688,1760300.0,LLY,2024-09-16,-0.00018411822642729555,0.013146147123753676,12.179992675781136
921.5,921.5,902.2999877929688,906.1799926757812,897.9837036132812,2248000.0,LLY,2024-09-17,-0.01897617461303715,0.02105573163821757,19.20001220703125
906.3099975585938,915.5,903.4600219726562,904.969970703125,896.7847290039062,1777000.0,LLY,2024-09-18,-0.001336077419173595,0.0132385030162532,12.03997802734375
912.8499755859376,916.8099975585938,903.8599853515624,915.0399780273438,906.7636108398438,2446500.0,LLY,2024-09-19,0.011065945332019166,0.01422578580658214,12.950012207031364
921.989990234375,939.8599853515624,913.2000122070312,921.489990234375,913.1552734375,9921800.0,LLY,2024-09-20,0.00702414699085315,0.028775984393023833,26.659973144531136
921.0,922.0,909.4500122070312,918.52001953125,910.212158203125,2292000.0,LLY,2024-09-23,-0.003228222396930368,0.01370518894831199,12.54998779296875
922.1199951171876,925.6799926757812,909.2000122070312,924.4299926757812,916.0686645507812,2767400.0,LLY,2024-09-24,0.00641360994431338,0.01796348925131288,16.47998046875
931.7899780273438,939.2999877929688,921.1900024414062,924.5599975585938,916.1975708007812,1805100.0,LLY,2024-09-25,0.00014070689916736886,0.019468588872696358,18.1099853515625
920.260009765625,921.8499755859376,905.2999877929688,909.3200073242188,901.0953979492188,2693000.0,LLY,2024-09-26,-0.016620897983556704,0.01811612703519833,16.549987792968864
893.6199951171875,901.2100219726562,875.6099853515625,877.7899780273438,869.8505249023438,4377300.0,LLY,2024-09-27,-0.035289745649816635,0.02881755959968487,25.60003662109375
864.52001953125,887.4299926757812,858.8099975585938,885.9400024414062,877.9268798828125,3244600.0,LLY,2024-09-30,0.009241923420969305,0.03278192949749524,28.6199951171875
888.8300170898438,891.27001953125,878.8699951171875,884.47998046875,876.4800415039062,2455200.0,LLY,2024-10-01,-0.0016493764237615275,0.014010447927194577,12.4000244140625
880.0,893.3499755859375,878.7000122070312,891.0700073242188,883.0104370117188,1751600.0,LLY,2024-10-02,0.007423087051772545,0.01653485765656501,14.64996337890625
889.5399780273438,892.0,880.8800048828125,885.5499877929688,877.5404052734375,1974700.0,LLY,2024-10-03,-0.006214020303829947,0.012544719231566285,11.1199951171875
885.9099731445312,888.969970703125,876.8900146484375,887.1599731445312,879.1358032226562,1970500.0,LLY,2024-10-04,0.0018163829852501064,0.013681882590345546,12.0799560546875
890.510009765625,905.280029296875,889.5700073242188,898.4000244140625,890.274169921875,2915700.0,LLY,2024-10-07,0.012590088217797763,0.017506112335888335,15.71002197265625
903.0,921.969970703125,902.22998046875,913.719970703125,905.4554443359376,2200000.0,LLY,2024-10-08,0.016908599141629517,0.02164319846563072,19.739990234375
916.2899780273438,921.3499755859376,912.0,919.739990234375,911.4210815429688,1820100.0,LLY,2024-10-09,0.006566938986658141,0.010199969208396982,9.349975585937614
920.0,922.0,905.1500244140624,910.6900024414062,902.4529418945312,1682100.0,LLY,2024-10-10,-0.009888462604452345,0.018444520762247438,16.849975585937614
916.0399780273438,932.239990234375,911.1799926757812,932.0599975585938,923.6296997070312,2293900.0,LLY,2024-10-11,0.023194686521475497,0.02284982701378669,21.05999755859375
936.0,937.0,926.0,929.510009765625,921.102783203125,1550400.0,LLY,2024-10-14,-0.0027396038263345548,0.011809047592242819,11.0
924.4400024414062,926.52001953125,907.7999877929688,913.3200073242188,905.0591430664062,2284200.0,LLY,2024-10-15,-0.01757133657841537,0.02041157661341307,18.72003173828125
910.030029296875,917.8099975585938,897.8400268554688,916.4199829101562,908.131103515625,1645400.0,LLY,2024-10-16,0.0033884622910149488,0.021998486242106107,19.969970703125
921.0,930.510009765625,916.0399780273438,917.1199951171876,908.8248291015624,2191200.0,LLY,2024-10-17,0.0007636130378217132,0.015672825573330246,14.47003173828125
917.1799926757812,920.9199829101562,905.6199951171876,917.969970703125,909.6670532226562,2286900.0,LLY,2024-10-18,0.0009262886345549006,0.0167533651997823,15.299987792968636
917.97998046875,918.8599853515624,904.5599975585938,906.1300048828124,897.9342041015625,1592200.0,LLY,2024-10-21,-0.01298186073938098,0.0156851203814308,14.299987792968636
901.6799926757812,911.1199951171876,900.2000122070312,909.1500244140624,900.9268798828124,1391800.0,LLY,2024-10-22,0.003327303668831444,0.012057632187776803,10.919982910156364
905.6199951171876,907.9500122070312,891.72998046875,903.25,895.0802612304688,2646600.0,LLY,2024-10-23,-0.006510708305486258,0.01802595017605454,16.22003173828125
898.3300170898438,900.0,888.280029296875,891.3200073242188,883.2581787109375,1797100.0,LLY,2024-10-24,-0.013295845618570388,0.013107721736675798,11.719970703125
899.72998046875,900.9600219726562,889.4500122070312,892.7000122070312,884.625732421875,2228300.0,LLY,2024-10-25,0.0015471083537789804,0.01285757799883132,11.510009765625
894.8699951171875,898.2100219726562,890.780029296875,895.5900268554688,887.4895629882812,2084100.0,LLY,2024-10-28,0.003232106925447545,0.00830640214084658,7.42999267578125
898.2100219726562,907.97998046875,898.2100219726562,903.5800170898438,895.4072875976562,3187500.0,LLY,2024-10-29,0.008881923436230342,0.010818411984083872,9.76995849609375
798.5,860.5,769.0,846.8300170898438,839.1705932617188,18257200.0,LLY,2024-10-30,-0.06486466962984411,0.11242264614595006,91.5
836.510009765625,853.5,825.239990234375,829.739990234375,822.2351684570312,6582800.0,LLY,2024-10-31,-0.020387567920805736,0.0336713009484291,28.260009765625
828.0,833.0,816.72998046875,818.9299926757812,811.5228881835938,5266300.0,LLY,2024-11-01,-0.013113855810201434,0.0197251031966585,16.27001953125
805.0,820.1900024414062,803.6799926757812,806.1400146484375,798.8486328125,3918100.0,LLY,2024-11-04,-0.015741109315056716,0.020334852823629998,16.510009765625
803.8300170898438,809.2100219726562,797.489990234375,806.0599975585938,798.769287109375,3733300.0,LLY,2024-11-05,-9.933001151382063e-05,0.014589207104802005,11.72003173828125
817.3300170898438,820.72998046875,767.6099853515625,776.3800048828125,769.3577270507812,8257900.0,LLY,2024-11-06,-0.037516105953819025,0.06691239174718823,53.1199951171875
784.6500244140625,802.5499877929688,778.1900024414062,797.4500122070312,790.2371826171875,4557600.0,LLY,2024-11-07,0.026777085499501065,0.030823429710795273,24.3599853515625
803.5,847.27001953125,801.260009765625,831.5399780273438,824.0188598632812,7212900.0,LLY,2024-11-08,0.04186028626942714,0.05583393819988968,46.010009765625
831.2999877929688,844.0,824.6300048828125,832.4400024414062,824.9107055664062,3342800.0,LLY,2024-11-11,0.001081726968559165,0.023217687787953713,19.3699951171875
830.2000122070312,833.989990234375,810.719970703125,818.8599853515625,811.4535522460938,3378600.0,LLY,2024-11-12,-0.016447996394918778,0.028298694578925206,23.27001953125
820.3200073242188,829.1099853515625,811.2899780273438,811.8099975585938,804.46728515625,3059300.0,LLY,2024-11-13,-0.008646847614276013,0.021727272308287034,17.82000732421875
809.1900024414062,809.1900024414062,783.510009765625,786.22998046875,779.11865234375,3998800.0,LLY,2024-11-14,-0.032016952854948974,0.03224991292956612,25.67999267578125
775.1900024414062,777.97998046875,744.2000122070312,746.2000122070312,740.6754150390625,7334600.0,LLY,2024-11-15,-0.05060085498995704,0.044390959486595695,33.77996826171875
733.1900024414062,734.0,711.4000244140625,727.2000122070312,721.8160400390625,9148100.0,LLY,2024-11-18,-0.025792178707475938,0.031274134781827806,22.5999755859375
716.3099975585938,730.0,712.4199829101562,729.72998046875,724.3273315429688,5832500.0,LLY,2024-11-19,0.003473091365071359,0.024376932993774712,17.58001708984375
735.7899780273438,757.3699951171875,735.4600219726562,753.4099731445312,747.83203125,5158900.0,LLY,2024-11-20,0.03193499000214951,0.029355715380439136,21.90997314453125
746.1199951171875,753.0,735.0,749.9199829101562,744.3678588867188,4143200.0,LLY,2024-11-21,-0.004643048976929571,0.02419472858705697,18.0
757.0499877929688,761.280029296875,745.0800170898438,748.010009765625,742.4720458984375,4015500.0,LLY,2024-11-22,-0.002550125281914125,0.021509647496571183,16.20001220703125
750.0,755.0,740.010009765625,755.0,749.4102783203125,5690500.0,LLY,2024-11-25,0.009301380318440007,0.02005403643199038,14.989990234375
785.2000122070312,807.0,773.9500122070312,789.3200073242188,783.4761352539062,6622600.0,LLY,2024-11-26,0.044454000514611035,0.04181638047768533,33.04998779296875
788.1199951171875,794.8300170898438,780.2999877929688,788.1900024414062,782.3544921875,2714700.0,LLY,2024-11-27,-0.0014326495325810405,0.018449831332629087,14.530029296875
791.3300170898438,800.3300170898438,789.3300170898438,795.3499755859375,789.46142578125,2206900.0,LLY,2024-11-29,0.00904302080664153,0.013839657961715188,11.0
798.1099853515625,805.3499755859375,795.219970703125,799.7999877929688,793.8786010742188,2895600.0,LLY,2024-12-02,0.00557958073132011,0.012658166131542619,10.1300048828125
802.9299926757812,817.1300048828125,801.6099853515625,813.3300170898438,807.3084106445312,2782100.0,LLY,2024-12-03,0.01677521040100524,0.019176019875658413,15.52001953125
828.0999755859375,846.4600219726562,820.5,829.8400268554688,823.6962280273438,3871100.0,LLY,2024-12-04,0.020096042046845626,0.0311490624885218,25.96002197265625
827.780029296875,831.1300048828125,817.4600219726562,825.6199951171875,819.5073852539062,2423400.0,LLY,2024-12-05,-0.005098396587234374,0.016584227731791888,13.66998291015625
827.6799926757812,841.0,825.6900024414062,826.7100219726562,820.5892944335938,3047100.0,LLY,2024-12-06,0.0013193238545254906,0.018372256602271184,15.30999755859375
823.7000122070312,823.7000122070312,801.280029296875,803.5800170898438,797.630615234375,3176000.0,LLY,2024-12-09,-0.02837713179353838,0.027595915172739648,22.41998291015625
809.27001953125,814.0,797.0,799.5800170898438,793.6602172851562,2695200.0,LLY,2024-12-10,-0.004990170378975114,0.021105687212325155,17.0
795.25,799.5,786.3699951171875,796.030029296875,790.1365356445312,3510900.0,LLY,2024-12-11,-0.004449671270072676,0.016559118902956117,13.1300048828125
796.72998046875,801.8400268554688,778.3900146484375,782.3499755859375,776.5577392578125,2823800.0,LLY,2024-12-12,-0.01733476228442464,0.029681417466113042,23.45001220703125
777.1300048828125,794.25,772.989990234375,789.1199951171875,783.2776489257812,3059400.0,LLY,2024-12-13,0.008616231292548156,0.027132173890062658,21.260009765625
792.0,799.780029296875,775.25,779.0,773.2325439453125,3426200.0,LLY,2024-12-16,-0.012907393072395447,0.031151168499101944,24.530029296875
777.8599853515625,788.0,772.4299926757812,778.6199951171875,772.8554077148438,3924800.0,LLY,2024-12-17,-0.00048785871145793383,0.01995670956053548,15.57000732421875
775.0,779.0,762.5,764.7100219726562,759.0484008789062,3354200.0,LLY,2024-12-18,-0.01802643304537465,0.021408537389181574,16.5
765.0999755859375,772.969970703125,752.4000244140625,757.5399780273438,751.9314575195312,4032600.0,LLY,2024-12-19,-0.009420371756187207,0.02697207022565499,20.5699462890625
811.3499755859375,811.3499755859375,766.6099853515625,767.760009765625,762.0757446289062,9942300.0,LLY,2024-12-20,0.013400780266504058,0.05672131852899906,44.739990234375
785.1699829101562,799.3599853515625,773.0700073242188,796.280029296875,790.3846435546875,3622300.0,LLY,2024-12-23,0.03647376439717073,0.03344177893604618,26.28997802734375
791.3699951171875,797.75,787.0999755859375,795.6699829101562,789.7791748046875,1165400.0,LLY,2024-12-24,-0.0007663367210367201,0.013439991027687993,10.6500244140625
794.1199951171875,803.9099731445312,791.5,794.1400146484375,788.260498046875,1274200.0,LLY,2024-12-26,-0.0019247643171402817,0.015557409887544976,12.40997314453125
790.0,793.2999877929688,779.219970703125,783.1699829101562,777.3717041015625,2096500.0,LLY,2024-12-27,-0.01390999686992802,0.0179080631679371,14.08001708984375
777.9199829101562,779.760009765625,771.0,773.8400268554688,768.1107788085938,1719100.0,LLY,2024-12-30,-0.01198465364978746,0.011297818989510586,8.760009765625
771.0,773.9099731445312,764.2999877929688,772.0,766.2843627929688,2327000.0,LLY,2024-12-31,-0.0023806343342659244,0.01249518678068066,9.6099853515625
780.5900268554688,787.0,771.77001953125,778.0700073242188,772.3094482421875,1938900.0,LLY,2025-01-02,0.007831977750254323,0.019541644935883666,15.22998046875
778.1699829101562,785.8400268554688,775.530029296875,781.97998046875,776.1905517578125,1799100.0,LLY,2025-01-03,0.005012737026155917,0.013206539176354063,10.30999755859375
783.719970703125,784.77001953125,763.3499755859375,765.0999755859375,759.4354858398438,3991100.0,LLY,2025-01-06,-0.021822670936492868,0.027674096388519285,21.4200439453125
764.9000244140625,783.9600219726562,761.6199951171875,773.2899780273438,767.5648193359375,3576100.0,LLY,2025-01-07,0.010647555564422408,0.028910289442967547,22.34002685546875
773.8300170898438,792.5599975585938,770.6699829101562,787.219970703125,781.3916625976562,3478400.0,LLY,2025-01-08,0.01785358168160725,0.028007965385356194,21.8900146484375
791.9299926757812,800.0,784.8599853515625,799.9000244140625,793.9778442382812,3973100.0,LLY,2025-01-10,0.015979044138144886,0.019106388403495263,15.1400146484375
794.4000244140625,805.3400268554688,783.6099853515625,797.47998046875,791.57568359375,3683800.0,LLY,2025-01-13,-0.003030061666506247,0.02735315293627939,21.73004150390625
784.22998046875,784.22998046875,729.0,744.9099731445312,739.3948974609375,10373000.0,LLY,2025-01-14,-0.06819334964896907,0.07302858775989989,55.22998046875
749.0,754.5999755859375,735.27001953125,746.739990234375,741.21142578125,5736900.0,LLY,2025-01-15,0.002453763979301847,0.02594996991694634,19.3299560546875
747.5,765.510009765625,746.4000244140625,757.5999755859375,751.990966796875,3070300.0,LLY,2025-01-16,0.014438402099868899,0.02528060888449398,19.1099853515625
747.8300170898438,755.280029296875,725.010009765625,725.719970703125,720.3469848632812,5560100.0,LLY,2025-01-17,-0.04299129229596568,0.04090311888104194,30.27001953125
731.27001953125,743.280029296875,726.530029296875,742.3499755859375,736.8538818359375,5122800.0,LLY,2025-01-21,0.02265659245133746,0.02279304739182612,16.75
745.5800170898438,760.3699951171875,739.0499877929688,753.97998046875,748.397705078125,3737800.0,LLY,2025-01-22,0.015544916162800135,0.028439589353955203,21.32000732421875
747.6599731445312,766.5999755859375,744.25,766.5999755859375,760.9243774414062,3127200.0,LLY,2025-01-23,0.01659945235310205,0.029588121203369858,22.3499755859375
761.9500122070312,789.2899780273438,760.489990234375,785.4099731445312,779.5950927734375,4170600.0,LLY,2025-01-24,0.024240692758749648,0.037170829813893656,28.79998779296875
778.7100219726562,809.25,778.7100219726562,808.1699829101562,802.1865844726562,3915200.0,LLY,2025-01-27,0.02856655670682129,0.038469160173118216,30.53997802734375
807.239990234375,816.1500244140625,800.1099853515625,804.989990234375,799.0301513671875,2808800.0,LLY,2025-01-28,-0.003942548342605092,0.0198489916060999,16.0400390625
806.989990234375,809.1199951171875,799.0,804.0800170898438,798.1268920898438,1827600.0,LLY,2025-01-29,-0.0011310839811813041,0.012586285530678316,10.1199951171875
808.4099731445312,824.6199951171875,805.0,823.22998046875,817.1350708007812,2643000.0,LLY,2025-01-30,0.023536809080276038,0.024080390822667035,19.6199951171875
823.0,827.3499755859375,811.030029296875,811.0800170898438,805.0750732421875,2561600.0,LLY,2025-01-31,-0.01486887477663917,0.019922711506128583,16.3199462890625
804.27001953125,817.9600219726562,801.75,810.4299926757812,804.4298706054688,2808800.0,LLY,2025-02-03,-0.0008017405274158539,0.0200166239411007,16.21002197265625
811.0499877929688,829.0399780273438,805.9400024414062,826.0700073242188,819.9541015625,4299700.0,LLY,2025-02-04,0.019114573758670428,0.028259077294597822,23.0999755859375
835.1500244140625,846.9000244140625,831.0599975585938,842.1799926757812,835.94482421875,4578900.0,LLY,2025-02-05,0.01931424618084158,0.018880661277754607,15.84002685546875
839.52001953125,887.739990234375,835.6099853515625,870.3699951171875,863.9261474609375,7138500.0,LLY,2025-02-06,0.0329246765065955,0.06051691679754369,52.1300048828125
876.530029296875,889.3599853515625,869.6199951171875,878.3099975585938,871.807373046875,4426100.0,LLY,2025-02-07,0.009081209362374169,0.022445757446915737,19.739990234375
877.72998046875,880.0,859.3699951171875,868.8800048828125,862.4472045898438,3065600.0,LLY,2025-02-10,-0.010794562075022081,0.023722350497911122,20.6300048828125
867.030029296875,874.1900024414062,860.5,865.0,858.5958862304688,1944200.0,LLY,2025-02-11,-0.0044755704359080795,0.015784130474987383,13.69000244140625
856.9299926757812,877.780029296875,856.1099853515625,872.969970703125,866.5067749023438,2533400.0,LLY,2025-02-12,0.009171563297377602,0.024997170689201133,21.6700439453125
877.0700073242188,883.5,867.7999877929688,871.8599853515625,865.4050903320312,2472900.0,LLY,2025-02-13,-0.0012722179933291802,0.017930032462142125,15.70001220703125
869.0999755859375,873.5,841.489990234375,844.27001953125,839.4636840820312,3222300.0,LLY,2025-02-14,-0.030434493233547924,0.037334011160314415,32.010009765625
856.4199829101562,862.72998046875,851.3599853515625,857.2000122070312,852.3200073242188,4289400.0,LLY,2025-02-18,0.01519883516513656,0.013266703741922242,11.3699951171875
857.1799926757812,881.3300170898438,857.1799926757812,867.0499877929688,862.1139526367188,3205500.0,LLY,2025-02-19,0.011425405798902433,0.027784226534226037,24.1500244140625
866.8400268554688,880.3200073242188,864.0,873.1199951171875,868.1494140625,2990300.0,LLY,2025-02-20,0.006976378302486371,0.01871271725210453,16.32000732421875
880.6199951171875,894.4000244140625,873.4299926757812,873.6799926757812,868.7061767578125,3940400.0,LLY,2025-02-21,0.0006411157235242616,0.023725149098420738,20.97003173828125
879.2899780273438,893.1099853515625,870.02001953125,881.4000244140625,876.3822631835938,3017100.0,LLY,2025-02-24,0.008797417663544025,0.02619351484063697,23.0899658203125
890.739990234375,912.0,890.739990234375,901.7999877929688,896.6661376953125,5111300.0,LLY,2025-02-25,0.02288122474630362,0.023587423109427214,21.260009765625
898.3699951171875,922.4299926757812,896.5999755859375,915.010009765625,909.8009643554688,3032800.0,LLY,2025-02-26,0.014542261102862634,0.02840167984491395,25.83001708984375
915.719970703125,925.5,904.0599975585938,905.1599731445312,900.0068969726562,3085400.0,LLY,2025-02-27,-0.010823428501686256,0.023438404842953776,21.44000244140625
901.8400268554688,921.219970703125,892.6099853515625,920.6300048828124,915.388916015625,4071100.0,LLY,2025-02-28,0.0169465931974784,0.03154910777243051,28.6099853515625
912.7999877929688,935.6300048828124,910.0,929.719970703125,924.4271240234376,3979800.0,LLY,2025-03-03,0.00982520047579658,0.02777550488883673,25.630004882812386
922.239990234375,929.1599731445312,902.7899780273438,911.0599975585938,905.8733520507812,3343500.0,LLY,2025-03-04,-0.02027471202287146,0.028790979390677925,26.3699951171875
904.7999877929688,930.489990234375,901.6400146484376,929.719970703125,924.4271240234376,3109500.0,LLY,2025-03-05,0.02027471202287132,0.031495975058954795,28.849975585937386
920.4199829101562,931.3800048828124,898.280029296875,912.760009765625,907.563720703125,3273100.0,LLY,2025-03-06,-0.018410440946345273,0.0361855061842103,33.099975585937386
905.3900146484376,908.0,861.3900146484375,869.5800170898438,864.6295776367188,4818100.0,LLY,2025-03-07,-0.04846259805728124,0.05269699805167783,46.6099853515625
853.9099731445312,863.1900024414062,825.780029296875,829.760009765625,825.0362548828125,5962900.0,LLY,2025-03-10,-0.04687385058593366,0.04430640220711597,37.40997314453125
827.2000122070312,832.3499755859375,811.6400146484375,824.0599975585938,819.36865234375,3796500.0,LLY,2025-03-11,-0.006893223142551482,0.02519608596116079,20.7099609375
814.9500122070312,834.6500244140625,813.260009765625,821.8599853515625,817.18115234375,3014800.0,LLY,2025-03-12,-0.002673308562313216,0.025961630924357267,21.3900146484375
818.239990234375,821.1099853515625,795.3800048828125,801.6500244140625,797.0863037109375,3566300.0,LLY,2025-03-13,-0.024897840338923886,0.03183707157025496,25.72998046875
803.1099853515625,815.2100219726562,800.0,813.47998046875,808.848876953125,3102300.0,LLY,2025-03-14,0.014649138688035655,0.018834048047079832,15.21002197265625
816.9500122070312,829.0,814.5700073242188,824.760009765625,820.064697265625,2546600.0,LLY,2025-03-17,0.013771138924487877,0.017559779498620174,14.42999267578125
833.4199829101562,836.2899780273438,812.6199951171875,822.510009765625,817.8275146484375,2354900.0,LLY,2025-03-18,-0.0027317841701534986,0.02871182701305604,23.66998291015625
821.719970703125,842.1300048828125,819.5,837.010009765625,832.2449340820312,3790500.0,LLY,2025-03-19,0.017475337341731418,0.027240004238326065,22.6300048828125
839.030029296875,854.3900146484375,832.4600219726562,842.5700073242188,837.7733154296875,4402700.0,LLY,2025-03-20,0.006620767819482769,0.026002582115438353,21.92999267578125
837.7999877929688,850.4299926757812,825.3200073242188,837.5700073242188,832.8017578125,5963800.0,LLY,2025-03-21,-0.00595192921701358,0.029970896518164977,25.1099853515625
845.3200073242188,866.8699951171875,837.760009765625,864.9000244140625,859.9762573242188,3102400.0,LLY,2025-03-24,0.03210915307951965,0.03415734263719159,29.1099853515625
869.5499877929688,874.9199829101562,847.9199829101562,852.3499755859375,847.49755859375,2670600.0,LLY,2025-03-25,-0.01461682256879895,0.031346162509322935,27.0
845.6900024414062,851.4099731445312,826.4000244140625,826.760009765625,822.0532836914062,2562100.0,LLY,2025-03-26,-0.030482743570782515,0.029814819795213554,25.00994873046875
822.8200073242188,826.77001953125,815.2899780273438,821.6699829101562,816.9922485351562,2128200.0,LLY,2025-03-27,-0.006175607866407117,0.013982715083479239,11.48004150390625
820.0,829.780029296875,817.4299926757812,822.510009765625,817.8275146484375,2124700.0,LLY,2025-03-28,0.0010218449822682345,0.014995377487958957,12.35003662109375
808.97998046875,828.010009765625,789.4000244140625,825.9099731445312,821.2081298828125,3737000.0,LLY,2025-03-31,0.004125133019003201,0.04775204924499428,38.6099853515625
818.5999755859375,820.6599731445312,797.0,805.22998046875,800.6458129882812,2987700.0,LLY,2025-04-01,-0.02535791686005381,0.0292541830519972,23.65997314453125
795.0399780273438,819.8499755859375,795.0399780273438,818.219970703125,813.5618896484375,2683800.0,LLY,2025-04-02,0.01600333376638786,0.030728966700343432,24.80999755859375
810.510009765625,818.7899780273438,787.0599975585938,789.0900268554688,784.5977783203125,2675100.0,LLY,2025-04-03,-0.03625079984215416,0.03952313259114202,31.72998046875
762.1099853515625,768.27001953125,734.7000122070312,738.2100219726562,734.0074462890625,5299400.0,LLY,2025-04-04,-0.06665202879233417,0.04467899004521483,33.57000732421875
697.9299926757812,748.0,677.0900268554688,723.72998046875,719.60986328125,6274400.0,LLY,2025-04-07,-0.019809964772078085,0.09959873479609603,70.90997314453125
754.97998046875,763.5,713.280029296875,726.239990234375,722.1055908203125,4115200.0,LLY,2025-04-08,0.003462167274274446,0.06803903338772743,50.219970703125
704.4000244140625,754.8300170898438,689.0,753.7100219726562,749.419189453125,6619000.0,LLY,2025-04-09,0.03712711658114547,0.09125130995953314,65.83001708984375
738.9000244140625,741.9500122070312,691.77001953125,720.9099731445312,716.8058471679688,4182700.0,LLY,2025-04-10,-0.04449347350555129,0.07002831324269343,50.17999267578125
722.8900146484375,735.8400268554688,711.97998046875,732.4099731445312,728.2403564453125,3603400.0,LLY,2025-04-11,0.01582613470939986,0.03296294659045043,23.86004638671875
750.4500122070312,759.5599975585938,734.52001953125,754.3499755859375,750.0554809570312,3461200.0,LLY,2025-04-14,0.029516024745509923,0.03352206380150557,25.03997802734375
755.5700073242188,765.3099975585938,751.489990234375,757.1799926757812,752.8694458007812,2458100.0,LLY,2025-04-15,0.003744655613693306,0.01822308792203481,13.82000732421875
755.6400146484375,756.2999877929688,730.3400268554688,734.9000244140625,730.71630859375,3302600.0,LLY,2025-04-16,-0.029866536331863192,0.034927890812701284,25.9599609375
840.7999877929688,858.0,821.8400268554688,839.9600219726562,835.1781616210938,10853400.0,LLY,2025-04-17,0.13361977161662547,0.043058337902707584,36.15997314453125
841.510009765625,843.9099731445312,807.0,818.02001953125,813.363037109375,3326600.0,LLY,2025-04-21,-0.026467519313822338,0.04472215374632525,36.90997314453125
821.8800048828125,832.0,814.0,827.5399780273438,822.8287963867188,3086500.0,LLY,2025-04-22,0.011570605217286136,0.021872074818668312,18.0
836.9600219726562,846.010009765625,818.6400146484375,829.4199829101562,824.6981201171875,2714600.0,LLY,2025-04-23,0.0022692491563144268,0.032886746738363275,27.3699951171875
836.0,862.25,829.2100219726562,859.72998046875,854.8355712890625,2939500.0,LLY,2025-04-24,0.035891731798220854,0.03907178501305332,33.03997802734375
859.6599731445312,885.5800170898438,851.0700073242188,884.5399780273438,879.50439453125,3398900.0,LLY,2025-04-25,0.028449424629433187,0.039748426912528084,34.510009765625
870.4400024414062,882.25,864.4099731445312,877.2899780273438,872.2955932617188,3457600.0,LLY,2025-04-28,-0.008230211224140983,0.02042830033935576,17.84002685546875
877.7000122070312,892.469970703125,874.030029296875,885.2000122070312,880.16064453125,2454400.0,LLY,2025-04-29,0.008976091850120107,0.020878133288196626,18.43994140625
888.2000122070312,902.5,882.1199951171875,898.9500122070312,893.8323364257812,4374100.0,LLY,2025-04-30,0.0154137730215918,0.022840594568354845,20.3800048828125
844.0,850.9299926757812,792.0700073242188,794.0999755859375,789.5791625976562,12601100.0,LLY,2025-05-01,-0.12401811648674625,0.07168007941950473,58.8599853515625
825.1199951171875,831.530029296875,807.5900268554688,823.6199951171875,818.93115234375,6059400.0,LLY,2025-05-02,0.036499919296770066,0.02921287534090275,23.94000244140625
817.0,829.6400146484375,812.030029296875,821.4600219726562,816.7835083007812,2889600.0,LLY,2025-05-05,-0.002625941221587307,0.021454568046487797,17.6099853515625
816.8900146484375,818.4199829101562,770.3499755859375,775.1199951171875,770.7073364257812,5982000.0,LLY,2025-05-06,-0.05806536411510183,0.06053070604935674,48.07000732421875
780.5,784.3400268554688,772.260009765625,776.719970703125,772.2981567382812,3807800.0,LLY,2025-05-07,0.0020619769445994218,0.015521340515354467,12.08001708984375
765.0,769.97998046875,739.0800170898438,751.4500122070312,747.172119140625,6162000.0,LLY,2025-05-08,-0.03307511642064119,0.04095832250842273,30.89996337890625
752.010009765625,762.010009765625,733.0,734.5700073242188,730.38818359375,4072600.0,LLY,2025-05-09,-0.022719421277825547,0.038813989889076826,29.010009765625
727.8699951171875,765.3300170898438,722.1799926757812,755.5700073242188,751.2686157226562,9176100.0,LLY,2025-05-12,0.028187114049837425,0.05803273053291155,43.1500244140625
755.5499877929688,759.5,740.8499755859375,746.0599975585938,741.812744140625,4523900.0,LLY,2025-05-13,-0.012666420276180828,0.024862179335208113,18.6500244140625
749.239990234375,759.5,714.030029296875,715.5599975585938,711.486328125,7558500.0,LLY,2025-05-14,-0.041740643150747804,0.061735302741888855,45.469970703125
725.7000122070312,738.6799926757812,712.2100219726562,733.2899780273438,729.1154174804688,5212900.0,LLY,2025-05-15,0.024475840715787848,0.036491957066197275,26.469970703125
740.0,758.8699951171875,738.0,757.3900146484375,754.6218872070312,4645100.0,LLY,2025-05-16,0.03438476965930279,0.027886653693721047,20.8699951171875
753.0,758.719970703125,747.5599975585938,755.1099853515625,752.3501586914062,4062700.0,LLY,2025-05-19,-0.003014960022170422,0.014818197927218205,11.15997314453125
756.0,763.5,743.0,747.010009765625,744.27978515625,3873500.0,LLY,2025-05-20,-0.010784832672946743,0.027217079940927924,20.5
747.0499877929688,750.52001953125,723.969970703125,724.9500122070312,722.3004150390625,4060000.0,LLY,2025-05-21,-0.029975879795326784,0.0360164110466577,26.550048828125
717.0999755859375,722.1900024414062,711.5499877929688,715.2000122070312,712.5860595703125,4249900.0,LLY,2025-05-22,-0.0135404494535432,0.014842593574038023,10.6400146484375
710.0,719.6400146484375,709.0,713.7100219726562,711.1015625,2635700.0,LLY,2025-05-23,-0.0020854260236671824,0.014895580791520691,10.6400146484375
717.030029296875,731.3099975585938,714.3300170898438,725.219970703125,722.5693969726562,3792700.0,LLY,2025-05-27,0.015998202360179334,0.023492378760392764,16.97998046875
725.219970703125,729.989990234375,714.739990234375,719.3900146484375,716.7608032226562,2948800.0,LLY,2025-05-28,-0.008071289385751305,0.02111199550526987,15.25
719.22998046875,727.3300170898438,716.9600219726562,722.5700073242188,719.9291381835938,2785500.0,LLY,2025-05-29,0.0044106108157176095,0.014360236574859681,10.3699951171875
725.0,745.9000244140625,717.1099853515625,737.6699829101562,734.973876953125,6106200.0,LLY,2025-05-30,0.02068216904368469,0.03936235027139888,28.7900390625
732.5,747.3699951171875,730.7000122070312,747.1199951171875,744.389404296875,2946900.0,LLY,2025-06-02,0.01272933376211405,0.02255737506029608,16.66998291015625
746.25,757.0,741.4600219726562,750.780029296875,748.0360717773438,3056500.0,LLY,2025-06-03,0.004886910330024335,0.0207420083868951,15.53997802734375
756.3900146484375,772.6199951171875,756.0,765.8400268554688,763.041015625,3135900.0,LLY,2025-06-04,0.01986058446062951,0.021745954014403334,16.6199951171875
769.5,770.0,753.0499877929688,765.6799926757812,762.881591796875,3636400.0,LLY,2025-06-05,-0.00020895401631728223,0.022258904399992535,16.95001220703125
768.47998046875,772.5999755859375,765.2000122070312,769.8800048828125,767.0662231445312,2069900.0,LLY,2025-06-06,0.0054703065581038195,0.009624165113475946,7.39996337890625
771.9500122070312,779.2899780273438,767.5900268554688,773.7100219726562,770.8822021484375,2262200.0,LLY,2025-06-09,0.004962437975297401,0.015127449125833565,11.699951171875
777.0900268554688,808.6300048828125,777.0,807.1900024414062,804.2398681640625,4744400.0,LLY,2025-06-10,0.042361992080339514,0.039901113351671694,31.6300048828125
809.6500244140625,820.719970703125,805.030029296875,808.6099853515625,805.6546630859375,3125400.0,LLY,2025-06-11,0.0017576248116044876,0.01930238788571863,15.68994140625
810.3300170898438,818.5599975585938,806.3499755859375,812.030029296875,809.0621948242188,2271100.0,LLY,2025-06-12,0.0042205997663494,0.015028834818588957,12.21002197265625
810.3400268554688,825.0,808.0999755859375,819.3599853515625,816.3653564453125,2754600.0,LLY,2025-06-13,0.008986202750943915,0.020697603306964327,16.9000244140625
821.6799926757812,825.0,805.760009765625,807.5800170898438,804.62841796875,2821800.0,LLY,2025-06-16,-0.014481417233427977,0.023597442798984455,19.239990234375
805.1599731445312,805.1599731445312,788.9400024414062,791.239990234375,788.34814453125,2875600.0,LLY,2025-06-17,-0.02044077819617508,0.020350706657206896,16.219970703125
789.9500122070312,790.6300048828125,779.4400024414062,785.030029296875,782.160888671875,2442900.0,LLY,2025-06-18,-0.00787934069698041,0.014254385933067435,11.19000244140625
786.0,786.0,755.5599975585938,762.72998046875,759.9423217773438,6210600.0,LLY,2025-06-20,-0.028817921371180725,0.03949759949684162,30.44000244140625
770.530029296875,793.2100219726562,763.8300170898438,770.6400146484375,767.8234252929688,3951500.0,LLY,2025-06-23,0.010317253727885844,0.03774275773628175,29.3800048828125
772.8900146484375,784.4400024414062,763.02001953125,778.0800170898438,775.2362670898438,2788500.0,LLY,2025-06-24,0.009608051923779405,0.027685821666922704,21.41998291015625
779.0,798.9500122070312,773.5999755859375,792.2999877929688,789.404296875,3023100.0,LLY,2025-06-25,0.0181107627764631,0.032243468284181794,25.35003662109375
793.9500122070312,798.7999877929688,788.25,795.1199951171875,792.2139282226562,3118200.0,LLY,2025-06-26,0.0035528603028549513,0.013295287834778142,10.54998779296875
795.7999877929688,802.5,774.6400146484375,775.4500122070312,772.6159057617188,4115100.0,LLY,2025-06-27,-0.025049429395106772,0.03533343079090184,27.8599853515625
778.5399780273438,785.0,774.0,779.530029296875,776.6809692382812,3041500.0,LLY,2025-06-30,0.005247635712288165,0.014111844192681414,11.0
779.530029296875,790.0,773.0,775.9000244140625,773.0642700195312,2734000.0,LLY,2025-07-01,-0.004667484297508408,0.021753896873645286,17.0
776.5,779.8400268554688,768.0,779.280029296875,776.431884765625,1978300.0,LLY,2025-07-02,0.0043467291454925725,0.015299071726320744,11.84002685546875
780.4600219726562,783.5499877929688,773.0,780.6699829101562,777.8167114257812,1450800.0,LLY,2025-07-03,0.0017819890975069393,0.01355581180266795,10.54998779296875
780.6799926757812,781.1500244140625,762.030029296875,772.8699951171875,770.0452270507812,2576900.0,LLY,2025-07-07,-0.010041657443427806,0.024781260675678745,19.1199951171875
774.8499755859375,792.6900024414062,768.7999877929688,777.6599731445312,774.8177490234375,3301800.0,LLY,2025-07-08,0.006178589595496412,0.030601385952483802,23.8900146484375
783.7999877929688,794.0,781.989990234375,786.9199829101562,784.0439453125,2703100.0,LLY,2025-07-09,0.01183723232613413,0.015241520995544641,12.010009765625
789.6699829101562,799.489990234375,786.4299926757812,790.6500244140625,787.7603149414062,3130400.0,LLY,2025-07-10,0.004728803259037055,0.01647030484658673,13.05999755859375
786.3499755859375,795.72998046875,777.2000122070312,793.010009765625,790.1116943359375,2852500.0,LLY,2025-07-11,0.002980445969414067,0.023562174569736073,18.52996826171875
790.0,800.8800048828125,787.3599853515625,799.3400268554688,796.4185791015625,2401400.0,LLY,2025-07-14,0.007950580072255782,0.01702557069486734,13.52001953125
801.6699829101562,805.4199829101562,764.3800048828125,771.75,768.9293823242188,4174100.0,LLY,2025-07-15,-0.035125766013447475,0.05229880517202498,41.03997802734375
773.5,796.0399780273438,772.1599731445312,789.7999877929688,786.9133911132812,3255400.0,LLY,2025-07-16,0.02311905818890078,0.03045766057866157,23.8800048828125
786.7899780273438,790.0,760.02001953125,761.5,758.7168579101562,4107300.0,LLY,2025-07-17,-0.03648953138529325,0.03868817103913459,29.97998046875
763.8599853515625,775.9600219726562,760.5,771.7100219726562,768.8895263671875,3357700.0,LLY,2025-07-18,0.013318638800528278,0.020124889080295544,15.46002197265625
768.1699829101562,772.0,760.5,762.1799926757812,759.3943481445312,3058000.0,LLY,2025-07-21,-0.012426095123030972,0.015008438325428556,11.5
763.3400268554688,778.2899780273438,762.5,776.4400024414062,773.6022338867188,2496600.0,LLY,2025-07-22,0.018536626543398847,0.020496668653270916,15.78997802734375
780.0,800.0900268554688,777.0800170898438,798.8900146484375,795.97021484375,2683600.0,LLY,2025-07-23,0.02850393482049687,0.029180927742869844,23.010009765625
801.3599853515625,810.1400146484375,797.6500244140625,805.4299926757812,802.4862670898438,2786400.0,LLY,2025-07-24,0.008152975590827383,0.01553715496450251,12.489990234375
809.0,815.1900024414062,802.3699951171875,812.6900024414062,809.7197875976562,2976900.0,LLY,2025-07-25,0.008973504380432543,0.015851375873001644,12.82000732421875
812.6500244140625,820.219970703125,802.5,808.1099853515625,805.156494140625,2587700.0,LLY,2025-07-28,-0.00565158539357282,0.021840706234694883,17.719970703125
774.5,779.489990234375,755.1799926757812,762.9500122070312,760.1615600585938,7100700.0,LLY,2025-07-29,-0.05750567147085353,0.03168372541982753,24.30999755859375
774.0,778.0999755859375,758.4099731445312,760.0800170898438,757.3020629882812,4338700.0,LLY,2025-07-30,-0.003768789460939738,0.02563091814870904,19.69000244140625
747.2999877929688,766.4500122070312,735.4400024414062,740.0700073242188,737.3651733398438,5810300.0,LLY,2025-07-31,-0.026678944561436987,0.04130051766367899,31.010009765625
746.8200073242188,768.0,745.989990234375,762.3300170898438,759.5438232421875,4859500.0,LLY,2025-08-01,0.029634764801872517,0.029077550950319796,22.010009765625
759.969970703125,774.47998046875,752.5700073242188,769.0,766.1893920898438,3353400.0,LLY,2025-08-04,0.008711366846248694,0.028697785908556345,21.90997314453125
765.5700073242188,769.9400024414062,759.52001953125,765.9500122070312,763.1505737304688,3615200.0,LLY,2025-08-05,-0.003974031185489693,0.013625912386367274,10.41998291015625
756.5599975585938,763.0,740.1900024414062,746.3699951171875,743.6421508789062,4752100.0,LLY,2025-08-06,-0.02589541702974055,0.030351117987509123,22.80999755859375
675.6599731445312,678.2899780273438,633.2000122070312,640.8599853515625,638.5177001953125,26101600.0,LLY,2025-08-07,-0.15241054250777183,0.06878854542479022,45.0899658203125
655.0,656.1799926757812,623.780029296875,625.6500244140625,623.3634033203125,14125100.0,LLY,2025-08-08,-0.024019735978061955,0.05063734131976219,32.39996337890625
629.4199829101562,654.4400024414062,625.9000244140625,635.219970703125,632.8983154296875,11294200.0,LLY,2025-08-11,0.015180109470910115,0.04458925890841717,28.53997802734375
639.5,646.1799926757812,629.4000244140625,639.4299926757812,637.0929565429688,6897400.0,LLY,2025-08-12,0.006605803455785154,0.026311067986835517,16.77996826171875
650.4000244140625,661.75,644.5,660.489990234375,658.0760498046875,6310000.0,LLY,2025-08-13,0.03240492829305847,0.02641301872796849,17.25
662.0,685.47998046875,655.0999755859375,684.4299926757812,681.9285278320312,8395900.0,LLY,2025-08-14,0.035604352593973695,0.04533143582969828,30.3800048828125
694.2000122070312,706.7899780273438,685.7999877929688,701.22998046875,700.20166015625,8224600.0,LLY,2025-08-15,0.02644352504058797,0.03014753875446249,20.989990234375
695.02001953125,707.75,693.5,698.0499877929688,697.0263061523438,4997300.0,LLY,2025-08-18,-0.004545227474876002,0.020339684237122783,14.25
706.6099853515625,714.27001953125,698.5499877929688,703.2100219726562,702.1787719726562,5941000.0,LLY,2025-08-19,0.007364880517687371,0.02225432884158998,15.72003173828125
701.52001953125,705.7999877929688,685.1500244140625,705.4400024414062,704.405517578125,4139400.0,LLY,2025-08-20,0.0031661770747918082,0.02969406592048392,20.64996337890625
705.2000122070312,718.4000244140625,705.2000122070312,709.8200073242188,708.7791137695312,3617300.0,LLY,2025-08-21,0.0061897222175453515,0.018545083138186952,13.20001220703125
715.0399780273438,719.4600219726562,709.4299926757812,711.6799926757812,710.6363525390625,3222700.0,LLY,2025-08-22,0.002616907978687221,0.014039140780085013,10.030029296875
711.0,713.5,694.22998046875,695.3300170898438,694.3103637695312,2898100.0,LLY,2025-08-25,-0.023241769225205388,0.027379147344889082,19.27001953125
716.239990234375,736.1799926757812,713.0999755859375,736.030029296875,734.95068359375,7695600.0,LLY,2025-08-26,0.05688432922961244,0.03185301529838156,23.08001708984375
736.9600219726562,746.5900268554688,731.5499877929688,734.1699829101562,733.0933837890625,4326200.0,LLY,2025-08-27,-0.0025303065989535937,0.020350654170939578,15.0400390625
735.7999877929688,738.5900268554688,726.3400268554688,731.9600219726562,730.8866577148438,3117000.0,LLY,2025-08-28,-0.0030146964889650094,0.01672473782884935,12.25
732.3200073242188,737.4199829101562,728.5,732.5800170898438,731.5057373046875,2551200.0,LLY,2025-08-29,0.0008466669122928023,0.012169958943468139,8.91998291015625
727.989990234375,737.1400146484375,723.6400146484375,735.1900024414062,734.1118774414062,3222500.0,LLY,2025-09-02,0.003556374947088082,0.018483801920005264,13.5
732.02001953125,737.8300170898438,729.02001953125,737.8300170898438,736.748046875,2222500.0,LLY,2025-09-03,0.0035845320314483405,0.012012275658405442,8.80999755859375
736.3200073242188,747.0,735.3300170898438,742.9099731445312,741.820556640625,2423400.0,LLY,2025-09-04,0.006861405895169278,0.015745783848269038,11.66998291015625
744.7000122070312,744.7000122070312,722.5700073242188,727.2100219726562,726.1436157226562,3958200.0,LLY,2025-09-05,-0.021359563447204424,0.030167157865523743,22.1300048828125
729.7100219726562,742.7000122070312,719.219970703125,738.6400146484375,737.5568237304688,4534600.0,LLY,2025-09-08,0.015595321310665688,0.03212496039843977,23.48004150390625
734.1799926757812,752.8400268554688,733.8699951171875,750.6099853515625,749.50927734375,2986900.0,LLY,2025-09-09,0.01607556113783803,0.025520862936324957,18.97003173828125
748.0900268554688,755.7999877929688,742.489990234375,754.6199951171875,753.5133666992188,2477400.0,LLY,2025-09-10,0.005328061880845095,0.01776738534409093,13.30999755859375
752.47998046875,761.1300048828125,750.3699951171875,756.280029296875,755.1709594726562,2197500.0,LLY,2025-09-11,0.0021974026132134724,0.01423776583796377,10.760009765625
760.1699829101562,761.5999755859375,748.0,755.3900146484375,754.2822875976562,2198300.0,LLY,2025-09-12,-0.0011774753267775517,0.018018473446398182,13.5999755859375
753.0700073242188,756.3400268554688,742.1099853515625,748.1900024414062,747.0928344726562,2790900.0,LLY,2025-09-15,-0.009577230863392048,0.018993585616461556,14.23004150390625
745.4099731445312,770.3800048828125,744.5399780273438,764.7100219726562,763.588623046875,3881300.0,LLY,2025-09-16,0.02183973882649193,0.034117357442280505,25.84002685546875
761.489990234375,776.9600219726562,756.3400268554688,760.1300048828125,759.0153198242188,3471200.0,LLY,2025-09-17,-0.006007231226558545,0.026897851235586745,20.6199951171875
761.3800048828125,772.5399780273438,759.010009765625,762.9299926757812,761.8112182617188,3464000.0,LLY,2025-09-18,0.0036768185158439753,0.017668793518875,13.52996826171875
765.0,765.0,749.2000122070312,751.989990234375,750.88720703125,7349500.0,LLY,2025-09-19,-0.014443329816147444,0.020869846963181192,15.79998779296875
748.5599975585938,762.0399780273438,746.27001953125,754.9500122070312,753.8428955078125,2527400.0,LLY,2025-09-22,0.003928534788970805,0.020911527723715767,15.76995849609375
750.5700073242188,753.0,743.1699829101562,746.97998046875,745.8845825195312,2910100.0,LLY,2025-09-23,-0.010613111789360469,0.013140430095797467,9.83001708984375
745.989990234375,746.9400024414062,736.1599731445312,741.8499755859375,740.7620849609375,2243000.0,LLY,2025-09-24,-0.006891372298940887,0.014537413963613792,10.780029296875
737.6699829101562,740.0,712.0499877929688,714.5900268554688,713.5421142578125,5136400.0,LLY,2025-09-25,-0.0374380407506236,0.03850206967628168,27.95001220703125
724.1199951171875,729.0,717.0800170898438,724.5399780273438,723.4774780273438,3559700.0,LLY,2025-09-26,0.013827956328607512,0.016486297789472304,11.91998291015625
725.5499877929688,727.8599853515625,716.0800170898438,726.510009765625,725.4446411132812,3309200.0,LLY,2025-09-29,0.0027153485596330823,0.01631678545701897,11.77996826171875
726.9600219726562,766.3499755859375,725.3099975585938,763.0,761.881103515625,6234300.0,LLY,2025-09-30,0.049005746429094894,0.05503980628070647,41.03997802734375
763.2999877929688,833.2999877929688,763.2999877929688,825.4199829101562,824.2095336914062,10124500.0,LLY,2025-10-01,0.07863427466344457,0.08774258392715537,70.0
814.3599853515625,834.4600219726562,812.8099975585938,819.8499755859375,818.647705078125,4291800.0,LLY,2025-10-02,-0.006770947262916527,0.026287458496231406,21.6500244140625
824.9400024414062,848.1300048828125,816.0999755859375,839.8699951171875,838.6383666992188,5088500.0,LLY,2025-10-03,0.024125745802369123,0.03849706512664446,32.030029296875
839.9500122070312,856.5700073242188,838.6599731445312,845.0499877929688,843.810791015625,3651400.0,LLY,2025-10-06,0.0061487036189359036,0.021130702964750052,17.9100341796875
845.0,848.5399780273438,836.5800170898438,843.6300048828125,842.3928833007812,2610800.0,LLY,2025-10-07,-0.001681775541873116,0.014195026820581698,11.9599609375
850.0,856.0,844.989990234375,845.719970703125,844.479736328125,2180900.0,LLY,2025-10-08,0.0024742284244461286,0.012945594731210538,11.010009765625
851.6900024414062,860.25,845.7000122070312,855.3499755859375,854.0956420898438,3071700.0,LLY,2025-10-09,0.011322439512208259,0.017058343455179835,14.54998779296875
858.0,864.3499755859375,830.1099853515625,833.489990234375,832.2677001953125,3431000.0,LLY,2025-10-10,-0.025889036485656935,0.04041954663981699,34.239990234375
832.6799926757812,835.3200073242188,817.3499755859375,819.4000244140625,818.1984252929688,2167500.0,LLY,2025-10-13,-0.01704926321731062,0.02174752390929539,17.97003173828125
822.0900268554688,822.0900268554688,806.0,812.3499755859375,811.15869140625,1928400.0,LLY,2025-10-14,-0.008641172176650254,0.019766168274467057,16.09002685546875
812.5,830.1900024414062,808.5800170898438,826.5700073242188,825.35791015625,2355800.0,LLY,2025-10-15,0.0173534140322275,0.026374949268815118,21.6099853515625
825.0700073242188,834.7000122070312,815.3699951171875,819.3800048828125,818.1784057617188,2272900.0,LLY,2025-10-16,-0.008736709974253935,0.02343040151993291,19.33001708984375
788.9600219726562,804.4400024414062,783.8499755859375,802.8300170898438,801.6527099609375,3983000.0,LLY,2025-10-17,-0.020404928667544682,0.02592874183312146,20.59002685546875
805.5999755859375,809.4099731445312,799.77001953125,808.9600219726562,807.7737426757812,2279700.0,LLY,2025-10-20,0.007606513758839806,0.011981343264153281,9.63995361328125
806.9299926757812,812.989990234375,798.7100219726562,799.5700073242188,798.3974609375,2099500.0,LLY,2025-10-21,-0.011675453063210934,0.017720843636469502,14.27996826171875
798.4000244140625,815.9400024414062,793.8200073242188,812.4299926757812,811.2385864257812,2930600.0,LLY,2025-10-22,0.015955653994870724,0.027484081319653242,22.1199951171875
806.4000244140625,824.7000122070312,806.02001953125,821.0399780273438,819.8359375,2632900.0,LLY,2025-10-23,0.010542045222303608,0.02291111831482474,18.67999267578125
815.2100219726562,834.1500244140625,812.5,825.4500122070312,824.239501953125,2211200.0,LLY,2025-10-24,0.005356901365936388,0.026297357365981787,21.6500244140625
825.0,826.4199829101562,811.47998046875,826.4099731445312,825.1980590820312,2114800.0,LLY,2025-10-27,0.0011622837498796276,0.01824338132403635,14.94000244140625
826.0,829.4600219726562,814.0499877929688,820.0999755859375,818.8973388671875,2493500.0,LLY,2025-10-28,-0.007664702509018237,0.01875313895563869,15.4100341796875
827.3099975585938,830.2899780273438,809.6300048828125,813.530029296875,812.3370361328125,3591200.0,LLY,2025-10-29,-0.00804340345427198,0.025197651678491615,20.65997314453125
837.5,853.0,812.25,844.5,843.2615966796875,6037200.0,LLY,2025-10-30,0.03736190303631244,0.0489513729424694,40.75
839.1599731445312,869.9099731445312,834.1900024414062,862.8599853515625,861.5946655273438,5015000.0,LLY,2025-10-31,0.021507708256925356,0.04192853006536947,35.719970703125
866.530029296875,901.3400268554688,862.6199951171875,896.530029296875,895.21533203125,5401500.0,LLY,2025-11-03,0.03827934931834344,0.04390831071003151,38.72003173828125
891.4099731445312,915.219970703125,883.6400146484375,906.8599853515624,905.5300903320312,5911500.0,LLY,2025-11-04,0.0114562236125743,0.035114685071497925,31.5799560546875
911.0,955.4600219726562,907.8599853515624,925.8099975585938,924.4523315429688,7272900.0,LLY,2025-11-05,0.020680980762242673,0.05110275734558002,47.600036621093864
928.0,949.9000244140624,916.260009765625,937.4400024414062,936.0653076171876,6417400.0,LLY,2025-11-06,0.012483758979055064,0.036056563746572456,33.640014648437386
931.1699829101562,932.0,900.9000244140624,924.3699951171876,923.0144653320312,4373400.0,LLY,2025-11-07,-0.014040340676428384,0.03393852392856087,31.099975585937614
939.739990234375,981.989990234375,938.4099731445312,966.6400146484376,965.2224731445312,5696600.0,LLY,2025-11-10,0.044713710424500216,0.04539418995757834,43.58001708984375
966.5499877929688,999.9500122070312,965.2899780273438,988.6199951171876,987.1702270507812,4166400.0,LLY,2025-11-11,0.022483876825194815,0.0352767383753176,34.6600341796875
993.1199951171876,1022.4199829101562,990.0999755859376,1017.780029296875,1016.2874755859376,5185200.0,LLY,2025-11-12,0.029069042815315266,0.03212170506189521,32.320007324218636
1010.0900268554688,1032.949951171875,1010.0900268554688,1022.8699951171876,1021.3699951171876,4153600.0,LLY,2025-11-13,0.004988601023163783,0.022379276603640044,22.85992431640625
1009.0,1033.6199951171875,1007.7899780273438,1025.280029296875,1025.280029296875,3860600.0,LLY,2025-11-14,0.003820916023801461,0.025307406171576244,25.83001708984375
