symbol,period_end_date,wc_accruals_over_assets
A,2021-04-30,-0.0091
A,2021-07-31,0.0100
A,2021-10-31,0.0034
A,2022-01-31,0.0205
A,2022-04-30,-0.0105
A,2022-07-31,0.0084
A,2022-10-31,0.0146
A,2023-01-31,-0.0269
A,2023-04-30,0.0137
A,2023-07-31,-0.0284
A,2023-10-31,-0.0146
A,2024-01-31,-0.0268
A,2024-04-30,-0.0423
A,2024-07-31,-0.0617
A,2024-10-31,0.0341
A,2025-01-31,-0.0186
A,2025-04-30,-0.0111
A,2025-07-31,-0.0024
AAPL,2021-03-31,0.0021
AAPL,2021-06-30,0.0083
AAPL,2021-09-30,0.0039
AAPL,2021-12-31,-0.0123
AAPL,2022-03-31,-0.0055
AAPL,2022-06-30,0.0098
AAPL,2022-09-30,-0.0144
AAPL,2022-12-31,-0.0158
AAPL,2023-03-31,-0.0233
AAPL,2023-06-30,-0.0359
AAPL,2023-09-30,0.0177
AAPL,2023-12-31,-0.0164
AAPL,2024-03-31,-0.0146
AAPL,2024-06-30,-0.0347
AAPL,2024-09-30,-0.0754
AAPL,2024-12-31,0.0354
AAPL,2025-03-31,-0.0251
AAPL,2025-06-30,-0.0257
ABBV,2021-03-31,0.0043
ABBV,2021-06-30,0.0029
ABBV,2021-09-30,-0.0119
ABBV,2021-12-31,0.0037
ABBV,2022-03-31,0.0067
ABBV,2022-06-30,0.0016
ABBV,2022-09-30,-0.0114
ABBV,2022-12-31,-0.0686
ABBV,2023-03-31,-0.0072
ABBV,2023-06-30,-0.0468
ABBV,2023-09-30,-0.0692
ABBV,2023-12-31,-0.0697
ABBV,2024-03-31,-0.0151
ABBV,2024-06-30,-0.0162
ABBV,2024-09-30,-0.0533
ABBV,2024-12-31,-0.0740
ABBV,2025-03-31,0.0099
ABBV,2025-06-30,-0.0366
ABNB,2021-03-31,0.0363
ABNB,2021-06-30,-0.0437
ABNB,2021-09-30,0.0392
ABNB,2021-12-31,-0.0027
ABNB,2022-03-31,-0.0676
ABNB,2022-06-30,-0.0012
ABNB,2022-09-30,0.0338
ABNB,2022-12-31,-0.0027
ABNB,2023-03-31,-0.0671
ABNB,2023-06-30,0.0002
ABNB,2023-09-30,0.0293
ABNB,2023-12-31,-0.0141
ABNB,2024-03-31,-0.0594
ABNB,2024-06-30,-0.0006
ABNB,2024-09-30,0.0212
ABNB,2024-12-31,0.0284
ABNB,2025-03-31,-0.0593
ABNB,2025-06-30,-0.0025
ABT,2021-03-31,0.0048
ABT,2021-06-30,0.0012
ABT,2021-09-30,-0.0019
ABT,2021-12-31,-0.0006
ABT,2022-03-31,0.0133
ABT,2022-06-30,0.0088
ABT,2022-09-30,-0.0080
ABT,2022-12-31,-0.0562
ABT,2023-03-31,-0.0003
ABT,2023-06-30,-0.0125
ABT,2023-09-30,-0.0287
ABT,2023-12-31,-0.0583
ABT,2024-03-31,0.0038
ABT,2024-06-30,-0.0216
ABT,2024-09-30,-0.0394
ABT,2024-12-31,-0.0443
ABT,2025-03-31,-0.0300
ABT,2025-06-30,-0.0038
ACGL,2021-03-31,0.0019
ACGL,2021-06-30,-0.0131
ACGL,2021-09-30,0.0137
ACGL,2021-12-31,-0.0042
ACGL,2022-03-31,-0.0016
ACGL,2022-06-30,-0.0030
ACGL,2022-09-30,-0.0240
ACGL,2022-12-31,-0.0157
ACGL,2023-03-31,-0.0109
ACGL,2023-06-30,-0.0094
ACGL,2023-09-30,-0.0180
ACGL,2023-12-31,-0.0125
ACGL,2024-03-31,-0.0060
ACGL,2024-06-30,-0.0107
ACGL,2024-09-30,-0.0551
ACGL,2024-12-31,-0.0154
ACGL,2025-03-31,-0.0103
ACGL,2025-06-30,-0.0112
ACN,2021-02-28,-0.0212
ACN,2021-05-31,-0.0024
ACN,2021-08-31,-0.0097
ACN,2021-11-30,0.0451
ACN,2022-02-28,0.0097
ACN,2022-05-31,-0.0096
ACN,2022-08-31,-0.0331
ACN,2022-11-30,0.0341
ACN,2023-02-28,-0.0185
ACN,2023-05-31,-0.0483
ACN,2023-08-31,-0.0712
ACN,2023-11-30,0.0348
ACN,2024-02-29,-0.0118
ACN,2024-05-31,-0.0344
ACN,2024-08-31,-0.0597
ACN,2024-11-30,0.0246
ACN,2025-02-28,-0.0189
ACN,2025-05-31,-0.0382
ACN,2025-08-31,-0.0682
ADBE,2021-02-28,-0.0011
ADBE,2021-05-31,-0.0178
ADBE,2021-08-31,0.0038
ADBE,2021-11-30,-0.0122
ADBE,2022-02-28,0.0052
ADBE,2022-05-31,-0.0135
ADBE,2022-08-31,0.0024
ADBE,2022-11-30,-0.0509
ADBE,2023-02-28,-0.0086
ADBE,2023-05-31,-0.0378
ADBE,2023-08-31,-0.0261
ADBE,2023-11-30,-0.0150
ADBE,2024-02-29,-0.0019
ADBE,2024-05-31,-0.0202
ADBE,2024-08-31,-0.0189
ADBE,2024-11-30,-0.0529
ADBE,2025-02-28,-0.0094
ADBE,2025-05-31,-0.0157
ADBE,2025-08-31,-0.0221
ADI,2021-04-30,-0.0072
ADI,2021-07-31,-0.0002
ADI,2021-10-31,0.0272
ADI,2022-01-31,-0.0101
ADI,2022-04-30,-0.0011
ADI,2022-07-31,0.0030
ADI,2022-10-31,0.0060
ADI,2023-01-31,-0.0450
ADI,2023-04-30,-0.0145
ADI,2023-07-31,-0.0250
ADI,2023-10-31,-0.0385
ADI,2024-01-31,-0.0479
ADI,2024-04-30,-0.0161
ADI,2024-07-31,-0.0297
ADI,2024-10-31,-0.0442
ADI,2025-01-31,-0.0127
ADI,2025-04-30,-0.0196
ADI,2025-07-31,-0.0324
ADM,2021-03-31,0.0222
ADM,2021-06-30,-0.0088
ADM,2021-09-30,-0.0175
ADM,2021-12-31,-0.0138
ADM,2022-03-31,-0.0051
ADM,2022-06-30,0.0150
ADM,2022-09-30,-0.0022
ADM,2022-12-31,-0.0168
ADM,2023-03-31,0.0091
ADM,2023-06-30,-0.0145
ADM,2023-09-30,-0.0037
ADM,2023-12-31,-0.0315
ADM,2024-03-31,-0.0315
ADM,2024-06-30,-0.0203
ADM,2024-09-30,-0.0173
ADM,2024-12-31,-0.0236
ADM,2025-03-31,-0.0004
ADM,2025-06-30,-0.0233
ADP,2021-03-31,-0.0123
ADP,2021-06-30,-0.0034
ADP,2021-09-30,0.0129
ADP,2021-12-31,-0.0084
ADP,2022-03-31,-0.0170
ADP,2022-06-30,-0.0141
ADP,2022-09-30,-0.0112
ADP,2022-12-31,-0.0078
ADP,2023-03-31,-0.0176
ADP,2023-06-30,-0.0433
ADP,2023-09-30,0.0018
ADP,2023-12-31,0.0038
ADP,2024-03-31,-0.0421
ADP,2024-06-30,-0.0250
ADP,2024-09-30,-0.0724
ADP,2024-12-31,0.0655
ADP,2025-03-31,-0.0160
ADP,2025-06-30,-0.1191
ADSK,2021-04-30,-0.0185
ADSK,2021-07-31,0.0111
ADSK,2021-10-31,0.0059
ADSK,2022-01-31,-0.0689
ADSK,2022-04-30,-0.0023
ADSK,2022-07-31,0.0230
ADSK,2022-10-31,0.0013
ADSK,2023-01-31,-0.0060
ADSK,2023-04-30,-0.0568
ADSK,2023-07-31,0.0034
ADSK,2023-10-31,0.0107
ADSK,2024-01-31,-0.0240
ADSK,2024-04-30,-0.0343
ADSK,2024-07-31,-0.0356
ADSK,2024-10-31,-0.0095
ADSK,2025-01-31,-0.0634
ADSK,2025-04-30,-0.0311
ADSK,2025-07-31,0.0109
AEE,2021-03-31,0.0013
AEE,2021-06-30,0.0100
AEE,2021-09-30,0.0052
AEE,2021-12-31,-0.0073
AEE,2022-03-31,-0.0071
AEE,2022-06-30,0.0006
AEE,2022-09-30,0.0023
AEE,2022-12-31,-0.0412
AEE,2023-03-31,-0.0097
AEE,2023-06-30,-0.0266
AEE,2023-09-30,-0.0342
AEE,2023-12-31,-0.0190
AEE,2024-03-31,-0.0102
AEE,2024-06-30,-0.0178
AEE,2024-09-30,-0.0455
AEE,2024-12-31,-0.0327
AEE,2025-03-31,0.0001
AEE,2025-06-30,-0.0218
AEP,2021-03-31,0.0042
AEP,2021-06-30,0.0058
AEP,2021-09-30,0.0003
AEP,2021-12-31,0.0031
AEP,2022-03-31,0.0076
AEP,2022-06-30,0.0062
AEP,2022-09-30,0.0010
AEP,2022-12-31,-0.0420
AEP,2023-03-31,0.0013
AEP,2023-06-30,-0.0122
AEP,2023-09-30,-0.0359
AEP,2023-12-31,-0.0449
AEP,2024-03-31,-0.0065
AEP,2024-06-30,-0.0124
AEP,2024-09-30,-0.0290
AEP,2024-12-31,-0.0447
AEP,2025-03-31,-0.0028
AEP,2025-06-30,-0.0123
AES,2021-03-31,0.0161
AES,2021-06-30,0.0090
AES,2021-09-30,0.0016
AES,2021-12-31,-0.0054
AES,2022-03-31,0.0089
AES,2022-06-30,0.0068
AES,2022-09-30,0.0038
AES,2022-12-31,-0.0520
AES,2023-03-31,-0.0041
AES,2023-06-30,-0.0239
AES,2023-09-30,-0.0287
AES,2023-12-31,-0.0423
AES,2024-03-31,0.0059
AES,2024-06-30,0.0127
AES,2024-09-30,-0.0212
AES,2024-12-31,-0.0412
AES,2025-03-31,-0.0192
AES,2025-06-30,-0.0050
AFL,2021-03-31,0.0396
AFL,2021-06-30,-0.0020
AFL,2021-09-30,0.0049
AFL,2021-12-31,0.0145
AFL,2022-03-31,0.0355
AFL,2022-06-30,0.0638
AFL,2022-09-30,0.0305
AFL,2022-12-31,-0.0603
AFL,2023-03-31,-0.0510
AFL,2023-06-30,0.0429
AFL,2023-09-30,0.0555
AFL,2023-12-31,-0.0493
AFL,2024-03-31,0.0491
AFL,2024-06-30,0.0609
AFL,2024-09-30,-0.0880
AFL,2024-12-31,0.0746
AFL,2025-03-31,-0.0175
AFL,2025-06-30,-0.0020
AIG,2021-03-31,0.0129
AIG,2021-06-30,-0.0112
AIG,2021-09-30,-0.0041
AIG,2021-12-31,-0.0027
AIG,2022-03-31,0.0131
AIG,2022-06-30,0.0098
AIG,2022-09-30,0.0026
AIG,2022-12-31,-0.0147
AIG,2023-03-31,0.0097
AIG,2023-06-30,-0.0047
AIG,2023-09-30,-0.0006
AIG,2023-12-31,-0.0284
AIG,2024-03-31,-0.0010
AIG,2024-06-30,0.5895
AIG,2024-09-30,-0.0244
AIG,2024-12-31,-0.0113
AIG,2025-03-31,-0.0048
AIG,2025-06-30,-0.0192
AIZ,2021-03-31,0.1628
AIZ,2021-06-30,-0.0242
AIZ,2021-09-30,-0.0050
AIZ,2021-12-31,-0.0053
AIZ,2022-03-31,0.0187
AIZ,2022-06-30,-0.0082
AIZ,2022-09-30,-0.0145
AIZ,2022-12-31,-0.0113
AIZ,2023-03-31,-0.0025
AIZ,2023-06-30,-0.0062
AIZ,2023-09-30,-0.0044
AIZ,2023-12-31,-0.0146
AIZ,2024-03-31,0.0020
AIZ,2024-06-30,-0.0173
AIZ,2024-09-30,-0.0191
AIZ,2024-12-31,-0.0726
AIZ,2025-03-31,0.0645
AIZ,2025-06-30,-0.0080
AJG,2021-03-31,0.0161
AJG,2021-06-30,-0.0095
AJG,2021-09-30,-0.0028
AJG,2021-12-31,-0.0331
AJG,2022-03-31,0.0070
AJG,2022-06-30,-0.0069
AJG,2022-09-30,-0.0098
AJG,2022-12-31,-0.0175
AJG,2023-03-31,0.0950
AJG,2023-06-30,-0.0033
AJG,2023-09-30,-0.0070
AJG,2023-12-31,-0.0201
AJG,2024-03-31,-0.0037
AJG,2024-06-30,-0.0034
AJG,2024-09-30,-0.0143
AJG,2024-12-31,-0.0171
AJG,2025-03-31,-0.0059
AJG,2025-06-30,0.0104
AKAM,2021-03-31,0.0108
AKAM,2021-06-30,0.0041
AKAM,2021-09-30,-0.0095
AKAM,2021-12-31,-0.0076
AKAM,2022-03-31,0.0135
AKAM,2022-06-30,-0.0036
AKAM,2022-09-30,-0.0066
AKAM,2022-12-31,-0.0768
AKAM,2023-03-31,-0.0088
AKAM,2023-06-30,-0.0364
AKAM,2023-09-30,-0.0440
AKAM,2023-12-31,-0.0605
AKAM,2024-03-31,-0.0123
AKAM,2024-06-30,-0.0324
AKAM,2024-09-30,-0.0513
AKAM,2024-12-31,-0.0696
AKAM,2025-03-31,-0.0498
AKAM,2025-06-30,-0.0172
ALB,2021-03-31,0.0024
ALB,2021-06-30,-0.0137
ALB,2021-09-30,-0.0416
ALB,2021-12-31,0.0176
ALB,2022-03-31,0.0169
ALB,2022-06-30,0.0513
ALB,2022-09-30,-0.0160
ALB,2022-12-31,-0.0020
ALB,2023-03-31,0.0322
ALB,2023-06-30,-0.0098
ALB,2023-09-30,-0.0058
ALB,2023-12-31,-0.0420
ALB,2024-03-31,0.0110
ALB,2024-06-30,-0.0290
ALB,2024-09-30,-0.0429
ALB,2024-12-31,-0.0354
ALB,2025-03-31,-0.0113
ALB,2025-06-30,-0.0112
ALGN,2021-03-31,0.0055
ALGN,2021-06-30,-0.0269
ALGN,2021-09-30,-0.0040
ALGN,2021-12-31,-0.0048
ALGN,2022-03-31,0.0345
ALGN,2022-06-30,0.0117
ALGN,2022-09-30,-0.0123
ALGN,2022-12-31,-0.0386
ALGN,2023-03-31,-0.0153
ALGN,2023-06-30,-0.0273
ALGN,2023-09-30,-0.0263
ALGN,2023-12-31,-0.0049
ALGN,2024-03-31,0.0191
ALGN,2024-06-30,-0.0059
ALGN,2024-09-30,-0.0329
ALGN,2024-12-31,-0.0359
ALGN,2025-03-31,-0.0028
ALGN,2025-06-30,-0.0041
ALL,2021-03-31,0.1835
ALL,2021-06-30,-0.0062
ALL,2021-09-30,-0.0112
ALL,2021-12-31,-0.0039
ALL,2022-03-31,-0.0018
ALL,2022-06-30,-0.0259
ALL,2022-09-30,-0.0234
ALL,2022-12-31,-0.0256
ALL,2023-03-31,-0.0134
ALL,2023-06-30,-0.0327
ALL,2023-09-30,-0.0151
ALL,2023-12-31,-0.0032
ALL,2024-03-31,-0.0028
ALL,2024-06-30,-0.0237
ALL,2024-09-30,-0.0032
ALL,2024-12-31,0.0007
ALL,2025-03-31,-0.0091
ALL,2025-06-30,-0.0147
ALLE,2021-03-31,0.0017
ALLE,2021-06-30,-0.0093
ALLE,2021-09-30,0.0071
ALLE,2021-12-31,-0.0032
ALLE,2022-03-31,0.0234
ALLE,2022-06-30,0.0099
ALLE,2022-09-30,0.0111
ALLE,2022-12-31,-0.0353
ALLE,2023-03-31,0.0098
ALLE,2023-06-30,-0.0134
ALLE,2023-09-30,-0.0165
ALLE,2023-12-31,-0.0499
ALLE,2024-03-31,0.0184
ALLE,2024-06-30,-0.0096
ALLE,2024-09-30,-0.0265
ALLE,2024-12-31,-0.0393
ALLE,2025-03-31,0.0104
ALLE,2025-06-30,-0.0137
ALLE,2025-09-30,-0.0157
AMAT,2021-04-30,0.0102
AMAT,2021-07-31,0.0094
AMAT,2021-10-31,0.0275
AMAT,2022-01-31,-0.0233
AMAT,2022-04-30,0.0380
AMAT,2022-07-31,0.0148
AMAT,2022-10-31,0.0345
AMAT,2023-01-31,-0.0290
AMAT,2023-04-30,-0.0257
AMAT,2023-07-31,-0.0314
AMAT,2023-10-31,0.0099
AMAT,2024-01-31,-0.0259
AMAT,2024-04-30,0.0037
AMAT,2024-07-31,-0.0234
AMAT,2024-10-31,-0.0221
AMAT,2025-01-31,0.0401
AMAT,2025-04-30,0.0004
AMAT,2025-07-31,-0.0137
AMCR,2021-03-31,0.0078
AMCR,2021-06-30,-0.1625
AMCR,2021-09-30,0.1726
AMCR,2021-12-31,-0.0091
AMCR,2022-03-31,0.0117
AMCR,2022-06-30,-0.1830
AMCR,2022-09-30,0.1883
AMCR,2022-12-31,-0.0201
AMCR,2023-03-31,-0.0257
AMCR,2023-06-30,-0.0620
AMCR,2023-09-30,0.0154
AMCR,2023-12-31,-0.0177
AMCR,2024-03-31,-0.0213
AMCR,2024-06-30,-0.0692
AMCR,2024-09-30,0.0287
AMCR,2024-12-31,-0.0272
AMCR,2025-03-31,-0.0160
AMCR,2025-06-30,-0.0262
AMD,2021-03-31,-0.0230
AMD,2021-06-30,-0.0081
AMD,2021-09-30,-0.0290
AMD,2021-12-31,0.0196
AMD,2022-03-31,0.0131
AMD,2022-06-30,0.0103
AMD,2022-09-30,-0.0018
AMD,2022-12-31,-0.0560
AMD,2023-03-31,-0.0098
AMD,2023-06-30,-0.0239
AMD,2023-09-30,-0.0310
AMD,2023-12-31,-0.0484
AMD,2024-03-31,0.0031
AMD,2024-06-30,-0.0147
AMD,2024-09-30,-0.0237
AMD,2024-12-31,-0.0465
AMD,2025-03-31,0.0021
AMD,2025-06-30,-0.0030
AME,2021-03-31,0.0039
AME,2021-06-30,0.0078
AME,2021-09-30,-0.0007
AME,2021-12-31,0.0042
AME,2022-03-31,0.0116
AME,2022-06-30,0.0094
AME,2022-09-30,0.0016
AME,2022-12-31,-0.0228
AME,2023-03-31,-0.0035
AME,2023-06-30,-0.0070
AME,2023-09-30,-0.0229
AME,2023-12-31,-0.0210
AME,2024-03-31,-0.0063
AME,2024-06-30,-0.0105
AME,2024-09-30,-0.0230
AME,2024-12-31,-0.0368
AME,2025-03-31,-0.0013
AME,2025-06-30,-0.0075
AMGN,2021-03-31,0.0077
AMGN,2021-06-30,0.0218
AMGN,2021-09-30,0.0024
AMGN,2021-12-31,-0.0262
AMGN,2022-03-31,0.0113
AMGN,2022-06-30,0.0068
AMGN,2022-09-30,-0.0088
AMGN,2022-12-31,-0.0687
AMGN,2023-03-31,0.0010
AMGN,2023-06-30,-0.0375
AMGN,2023-09-30,-0.0297
AMGN,2023-12-31,0.0017
AMGN,2024-03-31,-0.0134
AMGN,2024-06-30,-0.0375
AMGN,2024-09-30,-0.0564
AMGN,2024-12-31,-0.0993
AMGN,2025-03-31,-0.0134
AMGN,2025-06-30,-0.0150
AMP,2021-03-31,0.0025
AMP,2021-06-30,-0.0021
AMP,2021-09-30,0.0400
AMP,2021-12-31,-0.0094
AMP,2022-03-31,-0.0079
AMP,2022-06-30,-0.0140
AMP,2022-09-30,-0.0256
AMP,2022-12-31,-0.0194
AMP,2023-03-31,-0.0204
AMP,2023-06-30,-0.0121
AMP,2023-09-30,-0.0047
AMP,2023-12-31,-0.0063
AMP,2024-03-31,0.0037
AMP,2024-06-30,0.0030
AMP,2024-09-30,-0.0013
AMP,2024-12-31,0.0014
AMP,2025-03-31,0.0051
AMP,2025-06-30,0.0049
AMT,2021-03-31,0.0036
AMT,2021-06-30,-0.0002
AMT,2021-09-30,-0.0028
AMT,2021-12-31,-0.0050
AMT,2022-03-31,0.0065
AMT,2022-06-30,-0.0017
AMT,2022-09-30,0.0011
AMT,2022-12-31,-0.0527
AMT,2023-03-31,-0.0073
AMT,2023-06-30,-0.0241
AMT,2023-09-30,-0.0368
AMT,2023-12-31,-0.0489
AMT,2024-03-31,-0.0039
AMT,2024-06-30,-0.0174
AMT,2024-09-30,-0.0243
AMT,2024-12-31,-0.0403
AMT,2025-03-31,-0.0320
AMT,2025-06-30,-0.0055
AMZN,2021-03-31,0.0335
AMZN,2021-06-30,0.0013
AMZN,2021-09-30,0.0064
AMZN,2021-12-31,-0.0306
AMZN,2022-03-31,0.0114
AMZN,2022-06-30,0.0113
AMZN,2022-09-30,-0.0005
AMZN,2022-12-31,-0.1189
AMZN,2023-03-31,-0.0178
AMZN,2023-06-30,-0.0397
AMZN,2023-09-30,-0.0612
AMZN,2023-12-31,-0.1215
AMZN,2024-03-31,-0.0121
AMZN,2024-06-30,-0.0435
AMZN,2024-09-30,-0.0648
AMZN,2024-12-31,-0.1138
AMZN,2025-03-31,-0.0167
AMZN,2025-06-30,-0.0484
ANET,2021-03-31,-0.0017
ANET,2021-06-30,-0.0004
ANET,2021-09-30,0.0111
ANET,2021-12-31,0.0090
ANET,2022-03-31,0.0029
ANET,2022-06-30,0.0397
ANET,2022-09-30,0.0414
ANET,2022-12-31,0.0557
ANET,2023-03-31,0.0147
ANET,2023-06-30,0.0093
ANET,2023-09-30,-0.0159
ANET,2024-03-31,0.0344
ANET,2024-06-30,-0.0262
ANET,2024-09-30,-0.0320
ANET,2024-12-31,-0.0105
ANET,2025-03-31,0.0080
ANET,2025-06-30,-0.0272
AON,2021-03-31,0.0263
AON,2021-06-30,-0.0013
AON,2021-09-30,-0.0220
AON,2021-12-31,-0.0069
AON,2022-03-31,0.0304
AON,2022-06-30,0.0007
AON,2022-09-30,-0.0227
AON,2022-12-31,-0.0161
AON,2023-03-31,0.0313
AON,2023-06-30,-0.0006
AON,2023-09-30,-0.0225
AON,2023-12-31,-0.0243
AON,2024-03-31,0.0283
AON,2024-06-30,-0.0044
AON,2024-09-30,-0.0232
AON,2024-12-31,-0.0244
AON,2025-03-31,0.0280
AON,2025-06-30,-0.0079
AOS,2021-03-31,0.0045
AOS,2021-06-30,0.0131
AOS,2021-09-30,-0.0084
AOS,2021-12-31,-0.0198
AOS,2022-03-31,0.0397
AOS,2022-06-30,0.0308
AOS,2022-09-30,0.0024
AOS,2022-12-31,-0.0329
AOS,2023-03-31,0.0044
AOS,2023-06-30,0.0000
AOS,2023-09-30,-0.0250
AOS,2023-12-31,-0.0478
AOS,2024-03-31,0.0201
AOS,2024-06-30,0.0191
AOS,2024-09-30,-0.0386
AOS,2024-12-31,-0.0537
AOS,2025-03-31,0.0305
AOS,2025-06-30,-0.0013
APA,2021-03-31,0.0149
APA,2021-06-30,-0.0250
APA,2021-09-30,0.0031
APA,2021-12-31,-0.0003
APA,2022-03-31,-0.1114
APA,2022-06-30,0.1081
APA,2022-09-30,-0.0079
APA,2022-12-31,-0.1264
APA,2023-03-31,0.0186
APA,2023-06-30,-0.0753
APA,2023-09-30,-0.0653
APA,2023-12-31,-0.1139
APA,2024-03-31,-0.0099
APA,2024-06-30,-0.0797
APA,2024-09-30,-0.0430
APA,2024-12-31,-0.1559
APA,2025-03-31,-0.1264
APA,2025-06-30,-0.0432
APD,2021-03-31,-0.0039
APD,2021-06-30,-0.0030
APD,2021-09-30,-0.0033
APD,2021-12-31,-0.0001
APD,2022-03-31,0.0027
APD,2022-06-30,-0.0051
APD,2022-09-30,-0.0047
APD,2022-12-31,0.0026
APD,2023-03-31,-0.0185
APD,2023-06-30,-0.0618
APD,2023-09-30,-0.0351
APD,2023-12-31,0.0059
APD,2024-03-31,-0.0265
APD,2024-06-30,-0.0442
APD,2024-09-30,-0.0365
APD,2024-12-31,-0.0117
APD,2025-03-31,-0.0319
APD,2025-06-30,-0.0147
APH,2021-03-31,0.0098
APH,2021-06-30,0.0703
APH,2021-09-30,0.0172
APH,2021-12-31,-0.0511
APH,2022-03-31,0.0110
APH,2022-06-30,-0.0008
APH,2022-09-30,-0.0001
APH,2022-12-31,-0.0292
APH,2023-03-31,0.0002
APH,2023-06-30,-0.0132
APH,2023-09-30,-0.0171
APH,2023-12-31,-0.0320
APH,2024-03-31,-0.0043
APH,2024-06-30,-0.0010
APH,2024-09-30,-0.0186
APH,2024-12-31,-0.0290
APH,2025-03-31,0.0142
APH,2025-06-30,-0.0107
APO,2021-03-31,-0.0218
APO,2021-06-30,-0.0049
APO,2021-09-30,-0.0127
APO,2021-12-31,-0.0104
APO,2022-03-31,-0.0370
APO,2022-06-30,0.0494
APO,2022-09-30,-0.0211
APO,2022-12-31,-0.0447
APO,2023-03-31,-0.0191
APO,2023-06-30,0.0051
APO,2023-09-30,-0.0674
APO,2023-12-31,-0.0017
APO,2024-03-31,-0.0028
APO,2024-06-30,-0.0068
APO,2024-09-30,0.0030
APO,2024-12-31,-0.0117
APO,2025-03-31,0.0086
APO,2025-06-30,-0.0012
APP,2021-06-30,-0.0019
APP,2021-09-30,0.0166
APP,2021-12-31,0.0048
APP,2022-03-31,0.0130
APP,2022-06-30,0.0203
APP,2022-09-30,0.0198
APP,2022-12-31,-0.1057
APP,2023-03-31,-0.0390
APP,2023-06-30,-0.0366
APP,2023-09-30,-0.0499
APP,2023-12-31,-0.0950
APP,2024-03-31,-0.0099
APP,2024-06-30,-0.0304
APP,2024-09-30,-0.0493
APP,2024-12-31,-0.0890
APP,2025-03-31,-0.0624
APP,2025-06-30,-0.0291
APTV,2021-03-31,0.0217
APTV,2021-06-30,0.0087
APTV,2021-09-30,0.0168
APTV,2021-12-31,-0.0217
APTV,2022-03-31,0.0358
APTV,2022-06-30,0.0050
APTV,2022-09-30,0.0065
APTV,2022-12-31,-0.0654
APTV,2023-03-31,0.0241
APTV,2023-06-30,-0.0178
APTV,2023-09-30,-0.0376
APTV,2023-12-31,-0.0474
APTV,2024-03-31,0.0100
APTV,2024-06-30,-0.0217
APTV,2024-09-30,-0.0271
APTV,2024-12-31,-0.0681
APTV,2025-03-31,0.0090
APTV,2025-06-30,-0.0160
ARE,2021-03-31,-0.0033
ARE,2021-06-30,-0.0029
ARE,2021-09-30,-0.0116
ARE,2021-12-31,-0.0021
ARE,2022-03-31,0.0012
ARE,2022-06-30,-0.0044
ARE,2022-09-30,-0.0022
ARE,2022-12-31,-0.0292
ARE,2023-03-31,-0.0070
ARE,2023-06-30,-0.0141
ARE,2023-09-30,-0.0248
ARE,2023-12-31,-0.0265
ARE,2024-03-31,-0.0042
ARE,2024-06-30,-0.0148
ARE,2024-09-30,-0.0302
ARE,2024-12-31,-0.0243
ARE,2025-03-31,0.0011
ARE,2025-06-30,-0.0200
ATO,2021-03-31,-0.0029
ATO,2021-06-30,-0.0081
ATO,2021-09-30,0.0969
ATO,2021-12-31,0.0186
ATO,2022-03-31,-0.0022
ATO,2022-06-30,-0.0020
ATO,2022-09-30,-0.0138
ATO,2022-12-31,0.0169
ATO,2023-03-31,-0.1143
ATO,2023-06-30,-0.0235
ATO,2023-09-30,-0.0401
ATO,2023-12-31,0.0237
ATO,2024-03-31,-0.0186
ATO,2024-06-30,-0.0231
ATO,2024-09-30,-0.0436
ATO,2024-12-31,0.0107
ATO,2025-03-31,-0.0217
ATO,2025-06-30,-0.0252
AVB,2021-03-31,-0.0021
AVB,2021-06-30,0.0010
AVB,2021-09-30,-0.0023
AVB,2021-12-31,0.0022
AVB,2022-03-31,-0.0009
AVB,2022-06-30,0.0016
AVB,2022-09-30,-0.0037
AVB,2022-12-31,-0.0401
AVB,2023-03-31,-0.0124
AVB,2023-06-30,-0.0200
AVB,2023-09-30,-0.0329
AVB,2023-12-31,-0.0387
AVB,2024-03-31,-0.0120
AVB,2024-06-30,-0.0202
AVB,2024-09-30,-0.0363
AVB,2024-12-31,-0.0386
AVB,2025-03-31,-0.0425
AVB,2025-06-30,-0.0102
AVGO,2021-04-30,-0.0046
AVGO,2021-07-31,-0.0034
AVGO,2021-10-31,0.0016
AVGO,2022-01-31,0.0094
AVGO,2022-04-30,0.0009
AVGO,2022-07-31,-0.0002
AVGO,2022-10-31,0.0040
AVGO,2023-01-31,-0.0635
AVGO,2023-04-30,-0.0128
AVGO,2023-07-31,-0.0257
AVGO,2023-10-31,-0.0290
AVGO,2024-01-31,-0.0583
AVGO,2024-04-30,-0.0113
AVGO,2024-07-31,-0.0653
AVGO,2024-10-31,-0.0547
AVGO,2025-01-31,-0.0508
AVGO,2025-04-30,-0.0058
AVGO,2025-07-31,-0.0182
AVY,2021-03-31,0.0011
AVY,2021-06-30,0.0109
AVY,2021-09-30,-0.0488
AVY,2021-12-31,0.0077
AVY,2022-03-31,0.0000
AVY,2022-06-30,-0.0297
AVY,2022-09-30,0.0139
AVY,2022-12-31,-0.0464
AVY,2023-03-31,0.0132
AVY,2023-06-30,-0.0140
AVY,2023-09-30,-0.0471
AVY,2023-12-31,-0.0339
AVY,2024-03-31,-0.0687
AVY,2024-06-30,-0.0109
AVY,2024-09-30,-0.0203
AVY,2024-12-31,0.0061
AVY,2025-03-31,-0.0380
AVY,2025-06-30,-0.0063
AWK,2021-03-31,0.0182
AWK,2021-06-30,0.0234
AWK,2021-09-30,-0.0044
AWK,2021-12-31,-0.0140
AWK,2022-03-31,-0.0065
AWK,2022-06-30,0.0078
AWK,2022-09-30,-0.0120
AWK,2022-12-31,-0.0398
AWK,2023-03-31,0.0412
AWK,2023-06-30,-0.0103
AWK,2023-09-30,-0.0206
AWK,2023-12-31,-0.0415
AWK,2024-03-31,0.0040
AWK,2024-06-30,-0.0072
AWK,2024-09-30,-0.0278
AWK,2024-12-31,-0.0537
AWK,2025-03-31,-0.0019
AWK,2025-06-30,-0.0224
AXON,2021-03-31,-0.0101
AXON,2021-06-30,0.0020
AXON,2021-09-30,0.0057
AXON,2021-12-31,0.0510
AXON,2022-03-31,-0.0208
AXON,2022-06-30,0.0805
AXON,2022-09-30,0.0183
AXON,2022-12-31,-0.0790
AXON,2023-03-31,0.0387
AXON,2023-06-30,0.0008
AXON,2023-09-30,-0.0056
AXON,2023-12-31,-0.0276
AXON,2024-03-31,0.0277
AXON,2024-06-30,-0.0094
AXON,2024-09-30,0.0150
AXON,2024-12-31,-0.0444
AXON,2025-03-31,-0.0546
AXON,2025-06-30,0.0338
AXP,2021-03-31,-0.0295
AXP,2021-06-30,0.0776
AXP,2021-09-30,0.0185
AXP,2021-12-31,0.0864
AXP,2022-03-31,-0.0340
AXP,2022-06-30,0.0229
AXP,2022-09-30,-0.0139
AXP,2022-12-31,0.0089
AXP,2023-03-31,-0.0457
AXP,2023-06-30,0.0163
AXP,2023-09-30,0.0006
AXP,2023-12-31,0.0146
AXP,2024-03-31,-0.0228
AXP,2024-06-30,0.0178
AXP,2024-09-30,0.0013
AXP,2024-12-31,0.0022
AXP,2025-03-31,-0.0294
AXP,2025-06-30,0.0056
AXP,2025-09-30,0.0065
AZO,2021-02-28,0.0022
AZO,2021-05-31,-0.0362
AZO,2021-08-31,-0.0252
AZO,2021-11-30,-0.0051
AZO,2022-02-28,0.0315
AZO,2022-05-31,-0.0036
AZO,2022-08-31,-0.0283
AZO,2022-11-30,-0.0152
AZO,2023-02-28,-0.0001
AZO,2023-05-31,-0.0164
AZO,2023-08-31,-0.0308
AZO,2023-11-30,-0.0139
AZO,2024-02-29,-0.0036
AZO,2024-05-31,-0.0084
AZO,2024-08-31,-0.0343
AZO,2024-11-30,-0.0117
AZO,2025-02-28,-0.0152
AZO,2025-05-31,-0.0223
BA,2021-03-31,0.0244
BA,2021-06-30,0.0128
BA,2021-09-30,0.0029
BA,2021-12-31,-0.0334
BA,2022-03-31,0.0212
BA,2022-06-30,0.0039
BA,2022-09-30,-0.0319
BA,2022-12-31,-0.0389
BA,2023-03-31,0.0041
BA,2023-06-30,-0.0235
BA,2023-09-30,-0.0161
BA,2023-12-31,-0.0337
BA,2024-03-31,0.0271
BA,2024-06-30,0.0163
BA,2024-09-30,-0.0367
BA,2024-12-31,-0.0140
BA,2025-03-31,0.0120
BA,2025-06-30,0.0031
BALL,2021-06-30,-0.0133
BALL,2021-09-30,-0.0107
BALL,2021-12-31,-0.0191
BALL,2022-03-31,0.0469
BALL,2022-06-30,0.0050
BALL,2022-09-30,-0.0079
BALL,2022-12-31,-0.0476
BALL,2023-03-31,0.0282
BALL,2023-06-30,-0.0302
BALL,2023-09-30,-0.0420
BALL,2023-12-31,-0.0553
BALL,2024-03-31,0.0238
BALL,2024-06-30,-0.0117
BALL,2024-09-30,-0.0406
BALL,2024-12-31,-0.0354
BALL,2025-03-31,0.0398
BALL,2025-06-30,-0.0212
BAX,2021-03-31,0.0071
BAX,2021-06-30,0.0044
BAX,2021-09-30,-0.0002
BAX,2021-12-31,0.0082
BAX,2022-03-31,0.0061
BAX,2022-06-30,0.0038
BAX,2022-09-30,0.0086
BAX,2022-12-31,-0.1560
BAX,2023-03-31,-0.0160
BAX,2023-06-30,-0.0197
BAX,2023-09-30,-0.0495
BAX,2023-12-31,-0.0418
BAX,2024-03-31,-0.0094
BAX,2024-06-30,-0.0318
BAX,2024-09-30,0.0059
BAX,2024-12-31,-0.0718
BAX,2025-03-31,-0.1223
BAX,2025-06-30,-0.0017
BBY,2021-04-30,0.0416
BBY,2021-07-31,0.0029
BBY,2021-10-31,0.0340
BBY,2022-01-31,-0.0629
BBY,2022-04-30,0.1290
BBY,2022-07-31,-0.0121
BBY,2022-10-31,-0.0020
BBY,2023-01-31,-0.1090
BBY,2023-04-30,0.0418
BBY,2023-07-31,-0.0346
BBY,2023-10-31,-0.0162
BBY,2024-01-31,-0.1007
BBY,2024-04-30,0.0089
BBY,2024-07-31,-0.0398
BBY,2024-10-31,-0.0007
BBY,2025-01-31,-0.1306
BBY,2025-04-30,0.0128
BBY,2025-07-31,-0.0395
BDX,2021-03-31,0.0301
BDX,2021-06-30,-0.0406
BDX,2021-09-30,0.0245
BDX,2021-12-31,-0.0054
BDX,2022-03-31,0.0119
BDX,2022-06-30,-0.0086
BDX,2022-09-30,-0.0100
BDX,2022-12-31,0.0014
BDX,2023-03-31,-0.0135
BDX,2023-06-30,-0.0229
BDX,2023-09-30,-0.0457
BDX,2023-12-31,-0.0329
BDX,2024-03-31,-0.0135
BDX,2024-06-30,-0.0224
BDX,2024-09-30,-0.0592
BDX,2024-12-31,-0.0238
BDX,2025-03-31,-0.0103
BDX,2025-06-30,-0.0258
BEN,2021-03-31,-0.0236
BEN,2021-06-30,0.0290
BEN,2021-09-30,-0.0329
BEN,2021-12-31,0.0151
BEN,2022-03-31,0.0040
BEN,2022-06-30,0.0031
BEN,2022-09-30,-0.0618
BEN,2022-12-31,0.3570
BEN,2023-03-31,-0.2987
BEN,2023-06-30,-0.0234
BEN,2023-09-30,-0.0168
BEN,2023-12-31,0.0089
BEN,2024-03-31,-0.0177
BEN,2024-06-30,-0.0158
BEN,2024-09-30,-0.0276
BEN,2024-12-31,0.0103
BEN,2025-03-31,0.0065
BEN,2025-06-30,-0.0406
BG,2021-03-31,0.0313
BG,2021-06-30,0.0079
BG,2021-09-30,-0.0498
BG,2021-12-31,0.0003
BG,2022-03-31,0.0637
BG,2022-06-30,0.0066
BG,2022-09-30,-0.0574
BG,2022-12-31,-0.0297
BG,2023-03-31,-0.0217
BG,2023-06-30,0.0399
BG,2023-09-30,-0.0451
BG,2023-12-31,-0.0400
BG,2024-03-31,-0.0229
BG,2024-06-30,0.0408
BG,2024-09-30,-0.0472
BG,2024-12-31,-0.0208
BG,2025-03-31,0.0144
BG,2025-06-30,0.0270
BIIB,2021-03-31,0.0198
BIIB,2021-06-30,-0.0095
BIIB,2021-09-30,-0.0328
BIIB,2021-12-31,-0.0100
BIIB,2022-03-31,0.0194
BIIB,2022-06-30,-0.0120
BIIB,2022-09-30,0.0402
BIIB,2022-12-31,0.0072
BIIB,2023-03-31,-0.0012
BIIB,2023-06-30,-0.0309
BIIB,2023-09-30,-0.0142
BIIB,2023-12-31,0.0256
BIIB,2024-03-31,-0.0040
BIIB,2024-06-30,-0.0303
BIIB,2024-09-30,-0.1117
BIIB,2024-12-31,-0.0397
BIIB,2025-03-31,-0.0020
BIIB,2025-06-30,0.0642
BK,2021-03-31,0.0186
BK,2021-06-30,0.0035
BK,2021-09-30,-0.0099
BK,2021-12-31,0.0606
BK,2022-03-31,-0.0600
BK,2022-06-30,0.0501
BK,2022-09-30,0.0555
BK,2022-12-31,0.0441
BK,2023-03-31,-0.0465
BK,2023-06-30,-0.0085
BK,2023-09-30,0.0582
BK,2023-12-31,-0.0176
BK,2024-03-31,-0.0384
BK,2024-06-30,0.0025
BK,2024-09-30,0.0064
BK,2024-12-31,0.0165
BK,2025-03-31,-0.0586
BK,2025-06-30,-0.0815
BKNG,2021-03-31,0.0084
BKNG,2021-06-30,-0.0581
BKNG,2021-09-30,0.0022
BKNG,2021-12-31,0.0072
BKNG,2022-03-31,-0.0676
BKNG,2022-06-30,-0.0895
BKNG,2022-09-30,0.0808
BKNG,2022-12-31,-0.0416
BKNG,2023-03-31,-0.1041
BKNG,2023-06-30,-0.0262
BKNG,2023-09-30,0.0303
BKNG,2023-12-31,-0.0466
BKNG,2024-03-31,-0.0770
BKNG,2024-06-30,-0.0422
BKNG,2024-09-30,-0.0052
BKNG,2024-12-31,-0.0237
BKNG,2025-03-31,-0.0852
BKNG,2025-06-30,-0.0497
BKR,2021-03-31,-0.0174
BKR,2021-06-30,-0.0133
BKR,2021-09-30,-0.0050
BKR,2021-12-31,0.0130
BKR,2022-03-31,0.0081
BKR,2022-06-30,-0.0139
BKR,2022-09-30,0.0039
BKR,2022-12-31,-0.0421
BKR,2023-03-31,0.0018
BKR,2023-06-30,-0.0308
BKR,2023-09-30,-0.0336
BKR,2023-12-31,-0.0369
BKR,2024-03-31,-0.0114
BKR,2024-06-30,-0.0039
BKR,2024-09-30,-0.0208
BKR,2024-12-31,-0.0367
BKR,2025-03-31,-0.0044
BKR,2025-06-30,0.0124
BLDR,2021-03-31,0.1406
BLDR,2021-06-30,0.0878
BLDR,2021-09-30,-0.0565
BLDR,2021-12-31,-0.0164
BLDR,2022-03-31,0.0543
BLDR,2022-06-30,0.0138
BLDR,2022-09-30,-0.0457
BLDR,2022-12-31,-0.0873
BLDR,2023-03-31,-0.0325
BLDR,2023-06-30,-0.0082
BLDR,2023-09-30,-0.0482
BLDR,2023-12-31,-0.0612
BLDR,2024-03-31,-0.0046
BLDR,2024-06-30,-0.0239
BLDR,2024-09-30,-0.0669
BLDR,2024-12-31,-0.0508
BLDR,2025-03-31,0.0012
BLDR,2025-06-30,-0.0254
BLK,2021-03-31,0.0088
BLK,2021-06-30,-0.0410
BLK,2021-09-30,0.0341
BLK,2021-12-31,-0.0051
BLK,2022-03-31,0.0122
BLK,2022-06-30,-0.0038
BLK,2022-09-30,-0.0060
BLK,2022-12-31,-0.0063
BLK,2023-03-31,0.0132
BLK,2023-06-30,-0.0026
BLK,2023-09-30,-0.0060
BLK,2023-12-31,-0.0084
BLK,2024-03-31,0.0086
BLK,2024-06-30,-0.0040
BLK,2024-09-30,-0.0050
BLK,2024-12-31,-0.0121
BLK,2025-03-31,0.0080
BLK,2025-06-30,-0.0054
BMY,2021-03-31,0.0087
BMY,2021-06-30,0.0110
BMY,2021-09-30,-0.0042
BMY,2021-12-31,-0.0001
BMY,2022-03-31,0.0045
BMY,2022-06-30,0.0112
BMY,2022-09-30,-0.0003
BMY,2022-12-31,-0.1113
BMY,2023-03-31,-0.0140
BMY,2023-06-30,-0.0440
BMY,2023-09-30,-0.0818
BMY,2023-12-31,-0.1219
BMY,2024-03-31,-0.0362
BMY,2024-06-30,-0.0412
BMY,2024-09-30,-0.1041
BMY,2024-12-31,-0.1163
BMY,2025-03-31,0.0030
BMY,2025-06-30,-0.0396
BR,2021-03-31,0.0149
BR,2021-06-30,-0.0484
BR,2021-09-30,0.0284
BR,2021-12-31,-0.0036
BR,2022-03-31,0.0174
BR,2022-06-30,-0.0304
BR,2022-09-30,0.0262
BR,2022-12-31,-0.0291
BR,2023-03-31,-0.0282
BR,2023-06-30,-0.0691
BR,2023-09-30,0.0156
BR,2023-12-31,-0.0362
BR,2024-03-31,-0.0329
BR,2024-06-30,-0.1057
BR,2024-09-30,0.0180
BR,2024-12-31,-0.0283
BR,2025-03-31,-0.0473
BR,2025-06-30,-0.0819
BRO,2021-03-31,0.0167
BRO,2021-06-30,-0.0227
BRO,2021-09-30,0.0027
BRO,2021-12-31,-0.0177
BRO,2022-03-31,0.1657
BRO,2022-06-30,-0.0104
BRO,2022-09-30,-0.0065
BRO,2022-12-31,-0.0076
BRO,2023-03-31,0.0174
BRO,2023-06-30,-0.0135
BRO,2023-09-30,-0.0336
BRO,2023-12-31,0.0077
BRO,2024-03-31,0.0287
BRO,2024-06-30,-0.0101
BRO,2024-09-30,-0.0376
BRO,2024-12-31,-0.0068
BRO,2025-03-31,0.0152
BRO,2025-06-30,-0.0064
BSX,2021-03-31,-0.0190
BSX,2021-06-30,-0.0140
BSX,2021-09-30,0.0079
BSX,2021-12-31,-0.0044
BSX,2022-03-31,0.0100
BSX,2022-06-30,0.0121
BSX,2022-09-30,0.0057
BSX,2022-12-31,-0.0464
BSX,2023-03-31,0.0069
BSX,2023-06-30,-0.0224
BSX,2023-09-30,-0.0270
BSX,2023-12-31,-0.0432
BSX,2024-03-31,0.0132
BSX,2024-06-30,-0.0226
BSX,2024-09-30,-0.0340
BSX,2024-12-31,-0.0457
BSX,2025-03-31,0.0030
BSX,2025-06-30,-0.0284
BX,2021-03-31,-0.0418
BX,2021-06-30,-0.0665
BX,2021-09-30,-0.0277
BX,2021-12-31,0.0009
BX,2022-03-31,-0.0260
BX,2022-06-30,0.0344
BX,2022-09-30,0.0006
BX,2022-12-31,0.0062
BX,2023-03-31,0.0182
BX,2023-06-30,-0.0054
BX,2023-09-30,-0.0119
BX,2023-12-31,-0.0154
BX,2024-03-31,0.0152
BX,2024-06-30,-0.0085
BX,2024-09-30,-0.0197
BX,2024-12-31,-0.0074
BX,2025-03-31,-0.0076
BX,2025-06-30,0.0186
BXP,2021-03-31,0.0045
BXP,2021-06-30,-0.0018
BXP,2021-09-30,0.0012
BXP,2021-12-31,0.0012
BXP,2022-03-31,0.0011
BXP,2022-06-30,-0.0010
BXP,2022-09-30,-0.0010
BXP,2022-12-31,-0.0321
BXP,2023-03-31,-0.0071
BXP,2023-06-30,-0.0163
BXP,2023-09-30,-0.0248
BXP,2023-12-31,-0.0319
BXP,2024-03-31,-0.0044
BXP,2024-06-30,-0.0163
BXP,2024-09-30,-0.0268
BXP,2024-12-31,-0.0311
BXP,2025-03-31,-0.0327
BXP,2025-06-30,-0.0113
C,2025-03-31,-0.0591
CAG,2021-02-28,-0.0234
CAG,2021-05-31,-0.0062
CAG,2021-08-31,0.0222
CAG,2021-11-30,0.0056
CAG,2022-02-28,0.0023
CAG,2022-05-31,0.0055
CAG,2022-08-31,0.0033
CAG,2022-11-30,0.0094
CAG,2023-02-28,-0.0242
CAG,2023-05-31,-0.0155
CAG,2023-08-31,0.0042
CAG,2023-11-30,-0.0072
CAG,2024-02-29,-0.0058
CAG,2024-05-31,-0.0610
CAG,2024-08-31,-0.0137
CAG,2024-11-30,-0.0103
CAG,2025-02-28,-0.0139
CAG,2025-05-31,-0.0153
CAG,2025-08-31,0.0341
CAH,2021-03-31,0.0207
CAH,2021-06-30,-0.0151
CAH,2021-09-30,0.0042
CAH,2021-12-31,0.0043
CAH,2022-03-31,-0.0136
CAH,2022-06-30,-0.0564
CAH,2022-09-30,-0.0006
CAH,2022-12-31,-0.0058
CAH,2023-03-31,-0.0408
CAH,2023-06-30,-0.0195
CAH,2023-09-30,-0.0113
CAH,2023-12-31,-0.0207
CAH,2024-03-31,0.0087
CAH,2024-06-30,-0.0673
CAH,2024-09-30,0.0357
CAH,2024-12-31,0.0132
CAH,2025-03-31,-0.0557
CAH,2025-06-30,-0.0347
CARR,2021-03-31,0.0102
CARR,2021-06-30,-0.0039
CARR,2021-09-30,0.0794
CARR,2021-12-31,-0.0275
CARR,2022-03-31,-0.0498
CARR,2022-06-30,0.0108
CARR,2022-09-30,-0.0009
CARR,2022-12-31,-0.0340
CARR,2023-03-31,0.0149
CARR,2023-06-30,-0.0165
CARR,2023-09-30,-0.0320
CARR,2023-12-31,0.0333
CARR,2024-03-31,0.0210
CARR,2024-06-30,-0.0888
CARR,2024-09-30,-0.0064
CARR,2024-12-31,-0.0679
CARR,2025-03-31,0.0069
CARR,2025-06-30,-0.0226
CAT,2021-03-31,0.0116
CAT,2021-06-30,-0.0061
CAT,2021-09-30,0.0014
CAT,2021-12-31,0.0001
CAT,2022-03-31,0.0328
CAT,2022-06-30,-0.0131
CAT,2022-09-30,-0.0087
CAT,2022-12-31,-0.0449
CAT,2023-03-31,0.0258
CAT,2023-06-30,-0.0148
CAT,2023-09-30,0.0070
CAT,2023-12-31,-0.0541
CAT,2024-03-31,0.0021
CAT,2024-06-30,-0.0209
CAT,2024-09-30,-0.0125
CAT,2024-12-31,-0.0435
CAT,2025-03-31,0.0175
CAT,2025-06-30,-0.0176
CB,2021-03-31,-0.1084
CB,2021-06-30,-0.0139
CB,2021-09-30,-0.0110
CB,2021-12-31,0.0041
CB,2022-03-31,-0.0047
CB,2022-06-30,0.0003
CB,2022-09-30,-0.0178
CB,2022-12-31,-0.0029
CB,2023-03-31,0.0286
CB,2023-06-30,-0.0271
CB,2023-09-30,-0.0655
CB,2023-12-31,-0.0046
CB,2024-03-31,-0.0085
CB,2024-06-30,0.0071
CB,2024-09-30,-0.0336
CB,2024-12-31,0.0119
CB,2025-03-31,-0.0184
CB,2025-06-30,-0.0164
CBOE,2021-03-31,0.0065
CBOE,2021-06-30,-0.0031
CBOE,2021-09-30,0.0075
CBOE,2021-12-31,-0.0110
CBOE,2022-03-31,-0.0129
CBOE,2022-06-30,0.0006
CBOE,2022-09-30,0.0158
CBOE,2022-12-31,-0.1089
CBOE,2023-03-31,0.0055
CBOE,2023-06-30,-0.0134
CBOE,2023-09-30,0.0027
CBOE,2023-12-31,-0.0304
CBOE,2024-03-31,0.0051
CBOE,2024-06-30,-0.0208
CBOE,2024-09-30,-0.0113
CBOE,2024-12-31,-0.0345
CBOE,2025-03-31,-0.0188
CBOE,2025-06-30,-0.0282
CBRE,2021-03-31,0.0265
CBRE,2021-06-30,0.0057
CBRE,2021-09-30,-0.0246
CBRE,2021-12-31,-0.0306
CBRE,2022-03-31,0.0291
CBRE,2022-06-30,0.0080
CBRE,2022-09-30,-0.0151
CBRE,2022-12-31,-0.0482
CBRE,2023-03-31,-0.0015
CBRE,2023-06-30,0.0297
CBRE,2023-09-30,-0.0349
CBRE,2023-12-31,-0.0305
CBRE,2024-03-31,-0.0052
CBRE,2024-06-30,-0.0175
CBRE,2024-09-30,-0.0188
CBRE,2024-12-31,-0.0505
CBRE,2025-03-31,-0.0239
CBRE,2025-06-30,0.0110
CBRE,2025-09-30,-0.0315
CCI,2021-03-31,0.0021
CCI,2021-06-30,-0.0028
CCI,2021-09-30,0.0005
CCI,2021-12-31,-0.0011
CCI,2022-03-31,0.0061
CCI,2022-06-30,-0.0008
CCI,2022-09-30,0.0007
CCI,2022-12-31,-0.0467
CCI,2023-03-31,-0.0050
CCI,2023-06-30,-0.0296
CCI,2023-09-30,-0.0303
CCI,2023-12-31,-0.0491
CCI,2024-03-31,-0.0065
CCI,2024-06-30,-0.0252
CCI,2024-09-30,-0.0309
CCI,2024-12-31,-0.1912
CCI,2025-03-31,-0.2033
CCI,2025-06-30,-0.0102
CCL,2021-02-28,-0.0010
CCL,2021-05-31,-0.0030
CCL,2021-08-31,-0.0176
CCL,2021-11-30,-0.0077
CCL,2022-02-28,-0.0006
CCL,2022-05-31,-0.0247
CCL,2022-08-31,0.0023
CCL,2022-11-30,-0.0090
CCL,2023-02-28,-0.0200
CCL,2023-05-31,-0.0470
CCL,2023-08-31,-0.0193
CCL,2023-11-30,-0.0339
CCL,2024-02-29,-0.0797
CCL,2024-05-31,-0.0357
CCL,2024-08-31,-0.0175
CCL,2024-11-30,-0.0539
CCL,2025-02-28,-0.0551
CCL,2025-05-31,-0.0567
CCL,2025-08-31,-0.0145
CDNS,2021-03-31,0.0153
CDNS,2021-06-30,-0.0325
CDNS,2021-09-30,-0.0146
CDNS,2021-12-31,0.0079
CDNS,2022-03-31,-0.0039
CDNS,2022-06-30,-0.0121
CDNS,2022-09-30,-0.0105
CDNS,2022-12-31,-0.0185
CDNS,2023-03-31,0.0037
CDNS,2023-06-30,-0.0250
CDNS,2023-09-30,-0.0156
CDNS,2023-12-31,-0.0033
CDNS,2024-03-31,0.0063
CDNS,2024-06-30,0.0097
CDNS,2024-09-30,-0.0133
CDNS,2024-12-31,-0.0207
CDNS,2025-03-31,-0.0315
CDNS,2025-06-30,-0.0074
CDW,2021-03-31,0.0201
CDW,2021-06-30,0.0298
CDW,2021-09-30,0.0080
CDW,2021-12-31,-0.0014
CDW,2022-03-31,-0.0093
CDW,2022-06-30,0.0063
CDW,2022-09-30,0.0015
CDW,2022-12-31,-0.0106
CDW,2023-03-31,-0.0123
CDW,2023-06-30,-0.0059
CDW,2023-09-30,-0.0198
CDW,2023-12-31,-0.0198
CDW,2024-03-31,-0.0136
CDW,2024-06-30,0.0048
CDW,2024-09-30,-0.0081
CDW,2024-12-31,-0.0225
CDW,2025-03-31,-0.0188
CDW,2025-06-30,0.0048
CEG,2022-06-30,0.0139
CEG,2022-09-30,-0.0136
CEG,2022-12-31,-0.0457
CEG,2023-03-31,0.0053
CEG,2023-06-30,-0.0231
CEG,2023-09-30,-0.0251
CEG,2023-12-31,-0.0731
CEG,2024-03-31,-0.0063
CEG,2024-06-30,-0.0135
CEG,2024-09-30,-0.0345
CEG,2024-12-31,-0.0733
CEG,2025-03-31,-0.0055
CEG,2025-06-30,-0.0464
CF,2021-03-31,-0.0194
CF,2021-06-30,0.0296
CF,2021-09-30,-0.0090
CF,2021-12-31,-0.0422
CF,2022-03-31,-0.0041
CF,2022-06-30,0.0582
CF,2022-09-30,-0.0123
CF,2022-12-31,-0.0453
CF,2023-03-31,-0.0300
CF,2023-06-30,-0.0265
CF,2023-09-30,-0.0636
CF,2023-12-31,-0.0474
CF,2024-03-31,-0.0152
CF,2024-06-30,-0.0250
CF,2024-09-30,-0.0818
CF,2024-12-31,-0.0584
CF,2025-03-31,-0.0165
CF,2025-06-30,-0.0282
CFG,2021-03-31,-0.0231
CFG,2021-06-30,0.0036
CFG,2021-09-30,-0.0061
CFG,2021-12-31,0.0156
CFG,2022-03-31,-0.0149
CFG,2022-06-30,0.0113
CFG,2022-09-30,0.0103
CFG,2022-12-31,-0.0130
CFG,2023-03-31,0.0279
CFG,2023-06-30,-0.0432
CFG,2023-09-30,-0.0098
CFG,2023-12-31,-0.0169
CFG,2024-03-31,-0.0076
CFG,2024-06-30,-0.0064
CFG,2024-09-30,0.0027
CFG,2024-12-31,-0.0105
CFG,2025-03-31,-0.0116
CFG,2025-06-30,0.0136
CHD,2021-03-31,0.0137
CHD,2021-06-30,0.0060
CHD,2021-09-30,-0.0060
CHD,2021-12-31,-0.0160
CHD,2022-03-31,0.0138
CHD,2022-06-30,0.0132
CHD,2022-09-30,-0.0011
CHD,2022-12-31,-0.0338
CHD,2023-03-31,-0.0056
CHD,2023-06-30,-0.0088
CHD,2023-09-30,-0.0279
CHD,2023-12-31,-0.0285
CHD,2024-03-31,0.0014
CHD,2024-06-30,-0.0041
CHD,2024-09-30,-0.0316
CHD,2024-12-31,-0.0341
CHD,2025-03-31,0.0061
CHD,2025-06-30,-0.0108
CHRW,2021-03-31,0.0527
CHRW,2021-06-30,0.0163
CHRW,2021-09-30,0.0596
CHRW,2021-12-31,0.0202
CHRW,2022-03-31,0.0441
CHRW,2022-06-30,0.0067
CHRW,2022-09-30,-0.0634
CHRW,2022-12-31,-0.1027
CHRW,2023-03-31,-0.0219
CHRW,2023-06-30,-0.0282
CHRW,2023-09-30,-0.0326
CHRW,2023-12-31,-0.0101
CHRW,2024-03-31,0.0264
CHRW,2024-06-30,-0.0085
CHRW,2024-09-30,0.0060
CHRW,2024-12-31,-0.0473
CHRW,2025-03-31,0.0035
CHRW,2025-06-30,-0.0105
CHTR,2021-03-31,-0.0004
CHTR,2021-06-30,-0.0003
CHTR,2021-09-30,-0.0010
CHTR,2021-12-31,-0.0020
CHTR,2022-03-31,0.0014
CHTR,2022-06-30,-0.0021
CHTR,2022-09-30,-0.0013
CHTR,2022-12-31,-0.0645
CHTR,2023-03-31,-0.0120
CHTR,2023-06-30,-0.0289
CHTR,2023-09-30,-0.0483
CHTR,2023-12-31,-0.0640
CHTR,2024-03-31,-0.0108
CHTR,2024-06-30,-0.0294
CHTR,2024-09-30,-0.0463
CHTR,2024-12-31,-0.0601
CHTR,2025-03-31,-0.0131
CHTR,2025-06-30,-0.0295
CI,2021-03-31,0.0062
CI,2021-06-30,-0.0977
CI,2021-09-30,0.0022
CI,2021-12-31,0.0929
CI,2022-03-31,0.0008
CI,2022-06-30,0.0041
CI,2022-09-30,-0.0116
CI,2022-12-31,-0.1053
CI,2023-03-31,0.0595
CI,2023-06-30,-0.0163
CI,2023-09-30,-0.0202
CI,2023-12-31,-0.0285
CI,2024-03-31,-0.0083
CI,2024-06-30,-0.0088
CI,2024-09-30,0.0016
CI,2024-12-31,-0.0472
CI,2025-03-31,0.0046
CI,2025-06-30,0.0180
CINF,2021-03-31,-0.0106
CINF,2021-06-30,-0.0058
CINF,2021-09-30,-0.0095
CINF,2021-12-31,0.0005
CINF,2022-03-31,-0.0060
CINF,2022-06-30,-0.0143
CINF,2022-09-30,-0.0149
CINF,2022-12-31,-0.0104
CINF,2023-03-31,-0.0095
CINF,2023-06-30,-0.0104
CINF,2023-09-30,-0.0068
CINF,2023-12-31,-0.0079
CINF,2024-03-31,-0.0080
CINF,2024-06-30,-0.0160
CINF,2024-09-30,-0.0199
CINF,2024-12-31,-0.0021
CINF,2025-03-31,-0.0186
CINF,2025-06-30,-0.0134
CL,2021-03-31,-0.0011
CL,2021-06-30,0.0304
CL,2021-09-30,-0.0050
CL,2021-12-31,0.0054
CL,2022-03-31,0.0021
CL,2022-06-30,0.0230
CL,2022-09-30,-0.0037
CL,2022-12-31,-0.0487
CL,2023-03-31,-0.0190
CL,2023-06-30,-0.0274
CL,2023-09-30,-0.0371
CL,2023-12-31,-0.0490
CL,2024-03-31,-0.0288
CL,2024-06-30,-0.0222
CL,2024-09-30,-0.0383
CL,2024-12-31,-0.0311
CL,2025-03-31,0.0165
CL,2025-06-30,-0.0128
CLX,2021-03-31,0.0027
CLX,2021-06-30,-0.0308
CLX,2021-09-30,0.0184
CLX,2021-12-31,-0.0509
CLX,2022-03-31,0.0051
CLX,2022-06-30,0.0277
CLX,2022-09-30,-0.0460
CLX,2022-12-31,-0.0021
CLX,2023-03-31,-0.1160
CLX,2023-06-30,-0.1095
CLX,2023-09-30,-0.0737
CLX,2023-12-31,0.0242
CLX,2024-03-31,-0.0012
CLX,2024-06-30,0.0026
CLX,2024-09-30,-0.0322
CLX,2024-12-31,-0.0386
CLX,2025-03-31,-0.1019
CLX,2025-06-30,0.0170
CMCSA,2021-03-31,-0.0032
CMCSA,2021-06-30,0.0011
CMCSA,2021-09-30,0.0029
CMCSA,2021-12-31,-0.0025
CMCSA,2022-03-31,0.0003
CMCSA,2022-06-30,0.0107
CMCSA,2022-09-30,-0.0004
CMCSA,2022-12-31,-0.0573
CMCSA,2023-03-31,-0.0154
CMCSA,2023-06-30,-0.0211
CMCSA,2023-09-30,-0.0457
CMCSA,2023-12-31,-0.0992
CMCSA,2024-03-31,-0.0134
CMCSA,2024-06-30,-0.0139
CMCSA,2024-09-30,-0.0407
CMCSA,2024-12-31,-0.0492
CMCSA,2025-03-31,-0.0203
CMCSA,2025-06-30,0.0075
CME,2021-03-31,0.0149
CME,2021-06-30,0.0010
CME,2021-09-30,-0.0111
CME,2021-12-31,-0.0062
CME,2022-03-31,0.0098
CME,2022-06-30,0.0004
CME,2022-09-30,-0.0001
CME,2022-12-31,-0.0127
CME,2023-03-31,0.0097
CME,2023-06-30,0.0000
CME,2023-09-30,-0.0019
CME,2023-12-31,-0.0188
CME,2024-03-31,0.0085
CME,2024-06-30,0.0003
CME,2024-09-30,-0.0018
CME,2024-12-31,-0.0182
CME,2025-03-31,0.0166
CME,2025-06-30,-0.0002
CMG,2021-03-31,-0.0134
CMG,2021-06-30,0.0091
CMG,2021-09-30,0.0036
CMG,2021-12-31,-0.0321
CMG,2022-03-31,-0.0040
CMG,2022-06-30,0.0071
CMG,2022-09-30,0.0034
CMG,2022-12-31,-0.0592
CMG,2023-03-31,-0.0183
CMG,2023-06-30,-0.0331
CMG,2023-09-30,-0.0420
CMG,2023-12-31,-0.0190
CMG,2024-03-31,-0.0181
CMG,2024-06-30,-0.0165
CMG,2024-09-30,-0.0256
CMG,2024-12-31,-0.0462
CMG,2025-03-31,-0.0133
CMG,2025-06-30,-0.0155
CMI,2021-03-31,0.0178
CMI,2021-06-30,0.0130
CMI,2021-09-30,0.0014
CMI,2021-12-31,-0.0171
CMI,2022-03-31,0.0106
CMI,2022-06-30,-0.0079
CMI,2022-09-30,-0.0442
CMI,2022-12-31,-0.0237
CMI,2023-03-31,0.0097
CMI,2023-06-30,0.0174
CMI,2023-09-30,-0.0342
CMI,2023-12-31,-0.1138
CMI,2024-03-31,0.0332
CMI,2024-06-30,0.0088
CMI,2024-09-30,-0.0151
CMI,2024-12-31,-0.0398
CMI,2025-03-31,0.0089
CMI,2025-06-30,0.0342
CMS,2021-03-31,-0.0014
CMS,2021-06-30,-0.0330
CMS,2021-09-30,0.0017
CMS,2021-12-31,0.0220
CMS,2022-03-31,0.0078
CMS,2022-06-30,0.0010
CMS,2022-09-30,0.0256
CMS,2022-12-31,-0.0358
CMS,2023-03-31,-0.0267
CMS,2023-06-30,-0.0282
CMS,2023-09-30,-0.0270
CMS,2023-12-31,-0.0331
CMS,2024-03-31,-0.0100
CMS,2024-06-30,-0.0266
CMS,2024-09-30,-0.0232
CMS,2024-12-31,-0.0426
CMS,2025-03-31,-0.0094
CMS,2025-06-30,-0.0220
CNC,2021-03-31,0.0203
CNC,2021-06-30,-0.0203
CNC,2021-09-30,-0.0157
CNC,2021-12-31,0.0003
CNC,2022-03-31,0.0058
CNC,2022-06-30,-0.0051
CNC,2022-09-30,-0.0416
CNC,2022-12-31,0.0099
CNC,2023-03-31,-0.0430
CNC,2023-06-30,-0.0075
CNC,2023-09-30,-0.0123
CNC,2023-12-31,-0.0121
CNC,2024-03-31,0.0155
CNC,2024-06-30,-0.0139
CNC,2024-09-30,-0.0074
CNC,2024-12-31,0.0004
CNC,2025-03-31,-0.0072
CNC,2025-06-30,-0.0133
CNP,2021-03-31,0.0199
CNP,2021-06-30,0.0375
CNP,2021-09-30,0.0601
CNP,2021-12-31,-0.0350
CNP,2022-03-31,-0.0393
CNP,2022-06-30,0.0050
CNP,2022-09-30,0.0101
CNP,2022-12-31,-0.0352
CNP,2023-03-31,-0.0339
CNP,2023-06-30,-0.0235
CNP,2023-09-30,-0.0256
CNP,2023-12-31,-0.0429
CNP,2024-03-31,0.0329
CNP,2024-06-30,-0.0316
CNP,2024-09-30,-0.0449
CNP,2024-12-31,-0.0245
CNP,2025-03-31,-0.0239
CNP,2025-06-30,-0.0191
CNP,2025-09-30,-0.0257
COF,2021-03-31,-0.0280
COF,2021-06-30,0.0371
COF,2021-09-30,0.0303
COF,2021-12-31,0.0248
COF,2022-03-31,-0.0085
COF,2022-06-30,0.0485
COF,2022-09-30,-0.0035
COF,2022-12-31,-0.0297
COF,2023-03-31,-0.0477
COF,2023-06-30,0.0159
COF,2023-09-30,-0.0038
COF,2023-12-31,-0.0003
COF,2024-03-31,-0.0169
COF,2024-06-30,-0.0025
COF,2024-09-30,-0.0060
COF,2024-12-31,-0.0091
COF,2025-03-31,-0.0179
COF,2025-06-30,0.0089
COIN,2021-06-30,0.2664
COIN,2021-09-30,-0.0234
COIN,2021-12-31,0.0802
COIN,2022-03-31,-0.0352
COIN,2022-06-30,-0.0391
COIN,2022-09-30,-0.0624
COIN,2022-12-31,0.0476
COIN,2023-03-31,0.0041
COIN,2023-06-30,-0.0121
COIN,2023-09-30,-0.0047
COIN,2023-12-31,0.0053
COIN,2024-03-31,0.0039
COIN,2024-06-30,-0.0043
COIN,2024-09-30,-0.0009
COIN,2024-12-31,0.0136
COIN,2025-03-31,-0.2869
COIN,2025-06-30,0.0225
COO,2021-04-30,0.0021
COO,2021-07-31,0.0111
COO,2021-10-31,-0.0021
COO,2022-01-31,-0.0052
COO,2022-04-30,-0.0058
COO,2022-07-31,-0.0074
COO,2022-10-31,0.0016
COO,2023-01-31,-0.0228
COO,2023-04-30,-0.0077
COO,2023-07-31,-0.0098
COO,2023-10-31,-0.0253
COO,2024-01-31,-0.0243
COO,2024-04-30,-0.0001
COO,2024-07-31,-0.0192
COO,2024-10-31,-0.0335
COO,2025-01-31,-0.0008
COO,2025-04-30,-0.0050
COO,2025-07-31,-0.0231
COP,2021-03-31,0.0021
COP,2021-06-30,-0.0006
COP,2021-09-30,-0.0097
COP,2021-12-31,-0.0010
COP,2022-03-31,0.0146
COP,2022-06-30,-0.0090
COP,2022-09-30,-0.0259
COP,2022-12-31,-0.0782
COP,2023-03-31,-0.0196
COP,2023-06-30,-0.0369
COP,2023-09-30,-0.0654
COP,2023-12-31,-0.0848
COP,2024-03-31,-0.0259
COP,2024-06-30,-0.0482
COP,2024-09-30,-0.0845
COP,2024-12-31,-0.0840
COP,2025-03-31,-0.0924
COP,2025-06-30,-0.0143
COR,2021-03-31,0.0014
COR,2021-06-30,-0.0023
COR,2021-09-30,-0.0019
COR,2022-06-30,-0.1649
COR,2022-09-30,-0.0208
COR,2022-12-31,0.0223
COR,2023-03-31,-0.0346
COR,2023-06-30,-0.0111
COR,2023-09-30,-0.0427
COR,2023-12-31,-0.0077
COR,2024-03-31,0.0161
COR,2024-06-30,-0.0405
COR,2024-09-30,-0.0273
COR,2024-12-31,0.0362
COR,2025-03-31,-0.0392
COR,2025-06-30,0.0038
COST,2021-02-28,0.0952
COST,2021-05-31,-0.0300
COST,2021-08-31,-0.0036
COST,2021-11-30,-0.0139
COST,2022-02-28,0.0140
COST,2022-05-31,0.0108
COST,2022-08-31,0.0049
COST,2022-11-30,-0.0106
COST,2023-02-28,-0.0333
COST,2023-05-31,-0.0105
COST,2023-08-31,-0.0414
COST,2023-11-30,-0.0297
COST,2024-02-29,0.0096
COST,2024-05-31,-0.0334
COST,2024-08-31,-0.0291
COST,2024-11-30,-0.0123
COST,2025-02-28,-0.0241
COST,2025-05-31,-0.0359
COST,2025-08-31,-0.0283
CPAY,2023-03-31,0.0018
CPAY,2023-06-30,-0.0188
CPAY,2023-09-30,-0.0150
CPAY,2023-12-31,-0.0673
CPAY,2024-03-31,0.0051
CPAY,2024-06-30,-0.0543
CPAY,2024-09-30,-0.0340
CPAY,2024-12-31,-0.0682
CPAY,2025-03-31,0.0272
CPAY,2025-06-30,-0.0495
CPB,2021-04-30,0.0736
CPB,2021-07-31,0.0113
CPB,2021-10-31,-0.0290
CPB,2022-01-31,-0.0141
CPB,2022-04-30,-0.0289
CPB,2022-07-31,0.0009
CPB,2022-10-31,0.0144
CPB,2023-01-31,-0.0002
CPB,2023-04-30,0.0156
CPB,2023-07-31,-0.0188
CPB,2023-10-31,-0.0164
CPB,2024-01-31,-0.0073
CPB,2024-04-30,-0.1069
CPB,2024-07-31,-0.0326
CPB,2024-10-31,0.0159
CPB,2025-01-31,-0.0090
CPB,2025-04-30,-0.0021
CPB,2025-07-31,-0.0319
CPRT,2021-04-30,-0.0156
CPRT,2021-07-31,0.0136
CPRT,2021-10-31,0.0034
CPRT,2022-01-31,0.0346
CPRT,2022-04-30,-0.0181
CPRT,2022-07-31,0.0091
CPRT,2022-10-31,-0.0101
CPRT,2023-01-31,0.0223
CPRT,2023-04-30,-0.0306
CPRT,2023-07-31,-0.0136
CPRT,2023-10-31,-0.0335
CPRT,2024-01-31,0.0242
CPRT,2024-04-30,-0.0188
CPRT,2024-07-31,-0.0326
CPRT,2024-10-31,-0.0274
CPRT,2025-01-31,0.0183
CPRT,2025-04-30,-0.0351
CPT,2021-03-31,0.0069
CPT,2021-06-30,-0.0040
CPT,2021-09-30,-0.0079
CPT,2021-12-31,0.0029
CPT,2022-03-31,0.0056
CPT,2022-06-30,-0.0085
CPT,2022-09-30,-0.0058
CPT,2022-12-31,-0.0583
CPT,2023-03-31,-0.0083
CPT,2023-06-30,-0.0357
CPT,2023-09-30,-0.0525
CPT,2023-12-31,-0.0594
CPT,2024-03-31,-0.0096
CPT,2024-06-30,-0.0366
CPT,2024-09-30,-0.0542
CPT,2024-12-31,-0.0587
CPT,2025-03-31,-0.0108
CPT,2025-06-30,-0.0397
CRL,2021-03-31,-0.0044
CRL,2021-06-30,-0.0064
CRL,2021-09-30,0.0096
CRL,2021-12-31,-0.0257
CRL,2022-03-31,0.0138
CRL,2022-06-30,0.0064
CRL,2022-09-30,0.0083
CRL,2022-12-31,-0.0534
CRL,2023-03-31,0.0098
CRL,2023-06-30,-0.0159
CRL,2023-09-30,-0.0309
CRL,2023-12-31,-0.0418
CRL,2024-03-31,0.0029
CRL,2024-06-30,-0.0230
CRL,2024-09-30,-0.0450
CRL,2024-12-31,-0.0819
CRL,2025-03-31,-0.0143
CRL,2025-06-30,-0.0342
CRM,2021-04-30,-0.0320
CRM,2021-07-31,0.0059
CRM,2021-10-31,0.0111
CRM,2022-01-31,-0.0110
CRM,2022-04-30,-0.0267
CRM,2022-07-31,0.0086
CRM,2022-10-31,0.0154
CRM,2023-01-31,-0.0684
CRM,2023-04-30,-0.0451
CRM,2023-07-31,-0.0077
CRM,2023-10-31,-0.0373
CRM,2024-01-31,-0.0690
CRM,2024-04-30,-0.0496
CRM,2024-07-31,-0.0041
CRM,2024-10-31,-0.0338
CRM,2025-01-31,-0.0736
CRM,2025-04-30,-0.0480
CRM,2025-07-31,0.0042
CRWD,2021-04-30,-0.0495
CRWD,2021-07-31,-0.0140
CRWD,2021-10-31,-0.0367
CRWD,2022-01-31,-0.0124
CRWD,2022-04-30,-0.0225
CRWD,2022-07-31,-0.0188
CRWD,2022-10-31,-0.0204
CRWD,2023-01-31,-0.0755
CRWD,2023-04-30,-0.0419
CRWD,2023-07-31,-0.0417
CRWD,2023-10-31,-0.0643
CRWD,2024-01-31,-0.0577
CRWD,2024-04-30,-0.0377
CRWD,2024-07-31,-0.0416
CRWD,2024-10-31,-0.0653
CRWD,2025-01-31,-0.0629
CRWD,2025-04-30,-0.0370
CRWD,2025-07-31,-0.0478
CSCO,2021-04-30,0.0334
CSCO,2021-07-31,-0.0092
CSCO,2021-10-31,0.0276
CSCO,2022-01-31,-0.0130
CSCO,2022-04-30,0.0209
CSCO,2022-07-31,0.0009
CSCO,2022-10-31,-0.0037
CSCO,2023-01-31,-0.0283
CSCO,2023-04-30,-0.0218
CSCO,2023-07-31,-0.0336
CSCO,2023-10-31,0.0148
CSCO,2024-01-31,-0.0390
CSCO,2024-04-30,-0.0840
CSCO,2024-07-31,-0.0088
CSCO,2024-10-31,-0.0216
CSCO,2025-01-31,-0.0023
CSCO,2025-04-30,0.0223
CSCO,2025-07-31,-0.0139
CSGP,2021-03-31,0.0058
CSGP,2021-06-30,-0.0040
CSGP,2021-09-30,0.0024
CSGP,2021-12-31,-0.0013
CSGP,2022-03-31,-0.0029
CSGP,2022-06-30,0.0089
CSGP,2022-09-30,0.0051
CSGP,2022-12-31,-0.0335
CSGP,2023-03-31,-0.0062
CSGP,2023-06-30,-0.0165
CSGP,2023-09-30,-0.0105
CSGP,2023-12-31,-0.0291
CSGP,2024-03-31,-0.0195
CSGP,2024-06-30,-0.0105
CSGP,2024-09-30,-0.0223
CSGP,2024-12-31,-0.0291
CSGP,2025-03-31,-0.0235
CSGP,2025-06-30,-0.0181
CSX,2021-03-31,-0.0026
CSX,2021-06-30,0.0041
CSX,2021-09-30,-0.0023
CSX,2021-12-31,-0.0039
CSX,2022-03-31,-0.0009
CSX,2022-06-30,0.0086
CSX,2022-09-30,-0.0062
CSX,2022-12-31,-0.0384
CSX,2023-03-31,-0.0062
CSX,2023-06-30,-0.0130
CSX,2023-09-30,-0.0357
CSX,2023-12-31,-0.0445
CSX,2024-03-31,-0.0040
CSX,2024-06-30,-0.0137
CSX,2024-09-30,-0.0383
CSX,2024-12-31,-0.0461
CSX,2025-03-31,-0.0431
CSX,2025-06-30,0.0015
CSX,2025-09-30,-0.0200
CTAS,2021-02-28,0.0313
CTAS,2021-05-31,-0.0110
CTAS,2021-08-31,0.0112
CTAS,2021-11-30,0.0097
CTAS,2022-02-28,0.0010
CTAS,2022-05-31,-0.0083
CTAS,2022-08-31,0.0194
CTAS,2022-11-30,-0.0117
CTAS,2023-02-28,-0.0362
CTAS,2023-05-31,-0.0596
CTAS,2023-08-31,0.0047
CTAS,2023-11-30,-0.0164
CTAS,2024-02-29,-0.0564
CTAS,2024-05-31,-0.0669
CTAS,2024-08-31,-0.0007
CTAS,2024-11-30,-0.0160
CTAS,2025-02-28,-0.0460
CTAS,2025-05-31,-0.0591
CTAS,2025-08-31,0.0078
CTRA,2021-03-31,-0.0110
CTRA,2021-06-30,-0.0140
CTRA,2021-09-30,-0.0122
CTRA,2021-12-31,-0.0017
CTRA,2022-03-31,-0.0181
CTRA,2022-06-30,0.0396
CTRA,2022-09-30,-0.0062
CTRA,2022-12-31,-0.0717
CTRA,2023-03-31,-0.0440
CTRA,2023-06-30,-0.0359
CTRA,2023-09-30,-0.0615
CTRA,2023-12-31,-0.0716
CTRA,2024-03-31,-0.0254
CTRA,2024-06-30,-0.0393
CTRA,2024-09-30,-0.0710
CTRA,2024-12-31,-0.0827
CTRA,2025-03-31,-0.0930
CTRA,2025-06-30,-0.0069
CTSH,2021-03-31,0.0417
CTSH,2021-06-30,0.0078
CTSH,2021-09-30,-0.0091
CTSH,2021-12-31,-0.0096
CTSH,2022-03-31,0.0271
CTSH,2022-06-30,-0.0013
CTSH,2022-09-30,-0.0108
CTSH,2022-12-31,-0.0292
CTSH,2023-03-31,-0.0069
CTSH,2023-06-30,0.0056
CTSH,2023-09-30,-0.0361
CTSH,2023-12-31,-0.0320
CTSH,2024-03-31,0.0087
CTSH,2024-06-30,-0.0002
CTSH,2024-09-30,-0.0185
CTSH,2024-12-31,-0.0499
CTSH,2025-03-31,0.0168
CTSH,2025-06-30,0.0110
CTVA,2021-03-31,0.0550
CTVA,2021-06-30,0.0010
CTVA,2021-09-30,0.0005
CTVA,2021-12-31,-0.0808
CTVA,2022-03-31,0.0815
CTVA,2022-06-30,0.0010
CTVA,2022-09-30,0.0103
CTVA,2022-12-31,-0.0924
CTVA,2023-03-31,0.0932
CTVA,2023-06-30,-0.0107
CTVA,2023-09-30,-0.0214
CTVA,2023-12-31,-0.1193
CTVA,2024-03-31,0.0625
CTVA,2024-06-30,-0.0056
CTVA,2024-09-30,-0.0276
CTVA,2024-12-31,-0.1307
CTVA,2025-03-31,0.0675
CTVA,2025-06-30,0.0072
CVS,2021-03-31,0.0024
CVS,2021-06-30,-0.0101
CVS,2021-09-30,-0.0100
CVS,2021-12-31,-0.0042
CVS,2022-03-31,0.0030
CVS,2022-06-30,-0.0081
CVS,2022-09-30,-0.0234
CVS,2022-12-31,0.0020
CVS,2023-03-31,-0.0226
CVS,2023-06-30,-0.0235
CVS,2023-09-30,-0.0110
CVS,2023-12-31,0.0051
CVS,2024-03-31,-0.0153
CVS,2024-06-30,-0.0150
CVS,2024-09-30,-0.0029
CVS,2024-12-31,-0.0180
CVS,2025-03-31,-0.0106
CVS,2025-06-30,-0.0119
CVX,2021-03-31,0.0036
CVX,2021-06-30,0.0003
CVX,2021-09-30,0.0018
CVX,2021-12-31,0.0013
CVX,2022-03-31,0.0024
CVX,2022-06-30,0.0032
CVX,2022-09-30,-0.0059
CVX,2022-12-31,-0.0678
CVX,2023-03-31,-0.0077
CVX,2023-06-30,-0.0165
CVX,2023-09-30,-0.0493
CVX,2023-12-31,-0.0728
CVX,2024-03-31,-0.0141
CVX,2024-06-30,-0.0253
CVX,2024-09-30,-0.0480
CVX,2024-12-31,-0.0783
CVX,2025-03-31,-0.0583
CVX,2025-06-30,-0.0175
D,2021-03-31,0.0091
D,2021-06-30,0.0034
D,2021-09-30,0.0252
D,2021-12-31,-0.0116
D,2022-03-31,0.0099
D,2022-06-30,-0.0086
D,2022-09-30,0.0060
D,2022-12-31,-0.0221
D,2023-03-31,-0.0082
D,2023-06-30,-0.0121
D,2023-09-30,0.0580
D,2023-12-31,-0.0293
D,2024-03-31,-0.0520
D,2024-06-30,-0.0420
D,2024-09-30,-0.0477
D,2024-12-31,-0.0268
D,2025-03-31,-0.0237
D,2025-06-30,0.0014
DAL,2021-03-31,-0.0413
DAL,2021-06-30,-0.0388
DAL,2021-09-30,0.0325
DAL,2021-12-31,0.0069
DAL,2022-03-31,-0.0454
DAL,2022-06-30,-0.0090
DAL,2022-09-30,0.0059
DAL,2022-12-31,-0.0249
DAL,2023-03-31,-0.0328
DAL,2023-06-30,0.0016
DAL,2023-09-30,0.0143
DAL,2023-12-31,-0.0143
DAL,2024-03-31,-0.0205
DAL,2024-06-30,0.0013
DAL,2024-09-30,0.0099
DAL,2024-12-31,-0.0335
DAL,2025-03-31,-0.0199
DAL,2025-06-30,0.0071
DAL,2025-09-30,-0.0003
DASH,2021-09-30,-0.0083
DASH,2021-12-31,-0.0243
DASH,2022-03-31,0.0021
DASH,2022-06-30,-0.0303
DASH,2022-09-30,-0.0150
DASH,2022-12-31,-0.0389
DASH,2023-03-31,-0.0255
DASH,2023-06-30,-0.0372
DASH,2023-09-30,-0.0476
DASH,2023-12-31,-0.0705
DASH,2024-03-31,-0.0318
DASH,2024-06-30,-0.0381
DASH,2024-09-30,-0.0376
DASH,2024-12-31,-0.0674
DASH,2025-03-31,-0.0236
DASH,2025-06-30,-0.0182
DAY,2023-03-31,0.0080
DAY,2023-06-30,-0.0103
DAY,2023-09-30,-0.0084
DAY,2023-12-31,-0.0089
DAY,2024-03-31,0.0012
DAY,2024-06-30,-0.0124
DAY,2024-09-30,-0.0132
DAY,2024-12-31,-0.0298
DAY,2025-03-31,-0.0164
DAY,2025-06-30,-0.0066
DD,2021-03-31,-0.0194
DD,2021-06-30,0.0022
DD,2021-09-30,0.0003
DD,2021-12-31,-0.0145
DD,2022-03-31,0.1342
DD,2022-06-30,-0.0071
DD,2022-09-30,0.0023
DD,2022-12-31,-0.1438
DD,2023-03-31,0.0024
DD,2023-06-30,-0.0272
DD,2023-09-30,-0.0143
DD,2023-12-31,-0.0853
DD,2024-03-31,-0.0057
DD,2024-06-30,-0.0110
DD,2024-09-30,-0.0216
DD,2024-12-31,-0.0931
DD,2025-03-31,0.0316
DD,2025-06-30,-0.0349
DDOG,2021-03-31,-0.0130
DDOG,2021-06-30,-0.0134
DDOG,2021-09-30,-0.0103
DDOG,2021-12-31,-0.0179
DDOG,2022-03-31,-0.0232
DDOG,2022-06-30,0.0035
DDOG,2022-09-30,-0.0011
DDOG,2022-12-31,-0.0371
DDOG,2023-03-31,-0.0139
DDOG,2023-06-30,-0.0140
DDOG,2023-09-30,-0.0163
DDOG,2023-12-31,-0.0237
DDOG,2024-03-31,-0.0058
DDOG,2024-06-30,-0.1786
DDOG,2024-09-30,-0.0157
DDOG,2024-12-31,-0.0019
DDOG,2025-03-31,-0.0179
DDOG,2025-06-30,0.0968
DE,2021-04-30,0.0274
DE,2021-07-31,0.0113
DE,2021-10-31,-0.0019
DE,2022-01-31,0.0234
DE,2022-04-30,0.0280
DE,2022-07-31,0.0229
DE,2022-10-31,0.0013
DE,2023-01-31,0.0163
DE,2023-04-30,0.0333
DE,2023-07-31,0.0155
DE,2023-10-31,-0.0275
DE,2024-01-31,0.0009
DE,2024-04-30,0.0171
DE,2024-07-31,-0.0392
DE,2024-10-31,-0.0360
DE,2025-01-31,-0.0081
DE,2025-04-30,0.0076
DE,2025-07-31,-0.0166
DECK,2021-03-31,-0.0149
DECK,2021-06-30,0.0332
DECK,2021-09-30,0.1051
DECK,2021-12-31,-0.0589
DECK,2022-03-31,0.0398
DECK,2022-06-30,0.0367
DECK,2022-09-30,0.1245
DECK,2022-12-31,-0.1633
DECK,2023-03-31,0.0037
DECK,2023-06-30,-0.0192
DECK,2023-09-30,0.0631
DECK,2023-12-31,-0.1838
DECK,2024-03-31,0.0253
DECK,2024-06-30,0.0076
DECK,2024-09-30,0.0950
DECK,2024-12-31,-0.1722
DECK,2025-03-31,0.0393
DECK,2025-06-30,0.0095
DELL,2021-04-30,-0.0163
DELL,2021-07-31,0.0255
DELL,2021-10-31,-0.0873
DELL,2022-01-31,0.1249
DELL,2022-04-30,0.0257
DELL,2022-07-31,0.0034
DELL,2022-10-31,-0.0011
DELL,2023-01-31,-0.0336
DELL,2023-04-30,0.0004
DELL,2023-07-31,-0.0575
DELL,2023-10-31,-0.0277
DELL,2024-01-31,-0.0366
DELL,2024-04-30,-0.0553
DELL,2024-07-31,0.0365
DELL,2024-10-31,0.0000
DELL,2025-01-31,0.0341
DELL,2025-04-30,-0.0241
DELL,2025-07-31,-0.0431
DG,2021-04-30,0.0083
DG,2021-07-31,0.0063
DG,2021-10-31,-0.0096
DG,2022-01-31,0.0011
DG,2022-04-30,0.0139
DG,2022-07-31,0.0124
DG,2022-10-31,0.0161
DG,2023-01-31,-0.0194
DG,2023-04-30,0.0044
DG,2023-07-31,-0.0008
DG,2023-10-31,-0.0257
DG,2024-01-31,-0.0391
DG,2024-04-30,-0.0080
DG,2024-07-31,-0.0269
DG,2024-10-31,-0.0253
DG,2025-01-31,-0.0364
DG,2025-04-30,-0.0152
DG,2025-07-31,-0.0236
DGX,2021-03-31,-0.0044
DGX,2021-06-30,-0.0020
DGX,2021-09-30,0.0054
DGX,2021-12-31,0.0007
DGX,2022-03-31,-0.0039
DGX,2022-06-30,-0.0003
DGX,2022-09-30,-0.0020
DGX,2022-12-31,-0.0335
DGX,2023-03-31,0.0113
DGX,2023-06-30,-0.0195
DGX,2023-09-30,-0.0165
DGX,2023-12-31,-0.0453
DGX,2024-03-31,0.0051
DGX,2024-06-30,-0.0183
DGX,2024-09-30,-0.0219
DGX,2024-12-31,-0.0364
DGX,2025-03-31,-0.0202
DGX,2025-06-30,-0.0144
DGX,2025-09-30,-0.0185
DHI,2021-03-31,0.0171
DHI,2021-06-30,0.0756
DHI,2021-09-30,-0.2218
DHI,2021-12-31,0.2771
DHI,2022-03-31,0.0533
DHI,2022-06-30,0.0501
DHI,2022-09-30,-0.0028
DHI,2022-12-31,0.0412
DHI,2023-03-31,0.0006
DHI,2023-06-30,0.0091
DHI,2023-09-30,-0.0282
DHI,2023-12-31,0.0461
DHI,2024-03-31,0.0317
DHI,2024-06-30,0.0140
DHI,2024-09-30,-0.0217
DHI,2024-12-31,0.0294
DHI,2025-03-31,0.0144
DHI,2025-06-30,-0.0020
DHR,2021-03-31,0.0065
DHR,2021-06-30,0.0050
DHR,2021-09-30,-0.0035
DHR,2021-12-31,-0.0005
DHR,2022-03-31,0.0058
DHR,2022-06-30,0.0034
DHR,2022-09-30,-0.0073
DHR,2022-12-31,-0.0220
DHR,2023-03-31,-0.0193
DHR,2023-06-30,-0.0125
DHR,2023-09-30,-0.0301
DHR,2023-12-31,-0.0225
DHR,2024-03-31,-0.0101
DHR,2024-06-30,-0.0027
DHR,2024-09-30,-0.0279
DHR,2024-12-31,-0.0234
DHR,2025-03-31,-0.0041
DHR,2025-06-30,-0.0104
DHR,2025-09-30,-0.0163
DIS,2021-03-31,-0.0053
DIS,2021-06-30,-0.0019
DIS,2021-09-30,-0.0134
DIS,2021-12-31,0.0134
DIS,2022-03-31,-0.0062
DIS,2022-06-30,-0.0030
DIS,2022-09-30,-0.0091
DIS,2022-12-31,0.0090
DIS,2023-03-31,-0.0195
DIS,2023-06-30,-0.0200
DIS,2023-09-30,-0.0329
DIS,2023-12-31,0.0041
DIS,2024-03-31,-0.0328
DIS,2024-06-30,-0.0289
DIS,2024-09-30,-0.0457
DIS,2024-12-31,-0.0143
DIS,2025-03-31,-0.0178
DIS,2025-06-30,-0.0124
DLR,2021-03-31,0.0138
DLR,2021-06-30,-0.0024
DLR,2021-09-30,0.0001
DLR,2021-12-31,-0.0133
DLR,2022-03-31,0.0113
DLR,2022-06-30,-0.0007
DLR,2022-09-30,0.0016
DLR,2022-12-31,-0.0527
DLR,2023-03-31,-0.0004
DLR,2023-06-30,-0.0261
DLR,2023-09-30,-0.0260
DLR,2023-12-31,-0.0514
DLR,2024-03-31,0.0038
DLR,2024-06-30,-0.0234
DLR,2024-09-30,-0.0337
DLR,2024-12-31,-0.0479
DLR,2025-03-31,-0.0256
DLR,2025-06-30,-0.0133
DLTR,2021-04-30,0.0012
DLTR,2021-07-31,0.0133
DLTR,2021-10-31,0.0086
DLTR,2022-01-31,0.0030
DLTR,2022-04-30,0.0148
DLTR,2022-07-31,0.0237
DLTR,2022-10-31,0.0161
DLTR,2023-01-31,-0.0413
DLTR,2023-04-30,-0.0192
DLTR,2023-07-31,-0.0069
DLTR,2023-10-31,-0.0284
DLTR,2024-01-31,-0.1128
DLTR,2024-04-30,-0.0126
DLTR,2024-07-31,-0.0186
DLTR,2024-10-31,-0.0430
DLTR,2025-01-31,-0.0373
DLTR,2025-04-30,-0.0034
DLTR,2025-07-31,-0.0571
DOC,2021-03-31,0.0080
DOC,2021-06-30,-0.0110
DOC,2021-09-30,0.0025
DOC,2021-12-31,-0.0150
DOC,2022-03-31,-0.0021
DOC,2022-06-30,-0.0004
DOC,2022-09-30,0.0027
DOC,2022-12-31,-0.0402
DOC,2023-03-31,-0.0069
DOC,2023-06-30,-0.0271
DOC,2023-09-30,-0.0304
DOC,2023-12-31,-0.0356
DOC,2024-03-31,-0.0452
DOC,2024-06-30,-0.0221
DOC,2024-09-30,-0.0172
DOC,2024-12-31,-0.0446
DOC,2025-03-31,-0.0108
DOC,2025-06-30,-0.0269
DOV,2021-03-31,0.0148
DOV,2021-06-30,0.0058
DOV,2021-09-30,-0.0004
DOV,2021-12-31,-0.0126
DOV,2022-03-31,0.0257
DOV,2022-06-30,-0.0157
DOV,2022-09-30,-0.0322
DOV,2022-12-31,-0.0205
DOV,2023-03-31,0.0174
DOV,2023-06-30,0.0011
DOV,2023-09-30,0.0040
DOV,2023-12-31,-0.0656
DOV,2024-03-31,-0.0571
DOV,2024-06-30,0.0547
DOV,2024-09-30,-0.0071
DOV,2024-12-31,-0.0710
DOV,2025-03-31,0.0063
DOV,2025-06-30,-0.0001
DOV,2025-09-30,-0.0245
DOW,2021-03-31,0.0137
DOW,2021-06-30,0.0136
DOW,2021-09-30,-0.0003
DOW,2021-12-31,-0.0018
DOW,2022-03-31,0.0231
DOW,2022-06-30,0.0021
DOW,2022-09-30,-0.0139
DOW,2022-12-31,-0.0457
DOW,2023-03-31,-0.0079
DOW,2023-06-30,-0.0172
DOW,2023-09-30,-0.0507
DOW,2023-12-31,-0.0500
DOW,2024-03-31,-0.0156
DOW,2024-06-30,-0.0231
DOW,2024-09-30,-0.0377
DOW,2024-12-31,-0.0488
DOW,2025-03-31,-0.0095
DOW,2025-06-30,-0.0170
DPZ,2021-03-31,-0.0198
DPZ,2021-06-30,0.0130
DPZ,2021-09-30,-0.0126
DPZ,2021-12-31,0.0081
DPZ,2022-03-31,-0.0048
DPZ,2022-06-30,0.0389
DPZ,2022-09-30,-0.0301
DPZ,2022-12-31,-0.0203
DPZ,2023-03-31,-0.0459
DPZ,2023-06-30,-0.0002
DPZ,2023-09-30,-0.0584
DPZ,2023-12-31,-0.0493
DPZ,2024-03-31,-0.0334
DPZ,2024-06-30,-0.0087
DPZ,2024-09-30,-0.0417
DPZ,2024-12-31,-0.0131
DPZ,2025-03-31,-0.1035
DPZ,2025-06-30,-0.0019
DPZ,2025-09-30,-0.0202
DRI,2021-02-28,-0.0128
DRI,2021-05-31,0.0144
DRI,2021-08-31,0.0176
DRI,2021-11-30,-0.0008
DRI,2022-02-28,-0.0076
DRI,2022-05-31,0.0001
DRI,2022-08-31,-0.0171
DRI,2022-11-30,-0.0185
DRI,2023-02-28,-0.0368
DRI,2023-05-31,-0.0355
DRI,2023-08-31,-0.0235
DRI,2023-11-30,-0.0427
DRI,2024-02-29,-0.0134
DRI,2024-05-31,-0.0339
DRI,2024-08-31,-0.0224
DRI,2024-11-30,-0.0242
DRI,2025-02-28,-0.0215
DRI,2025-05-31,-0.0350
DRI,2025-08-31,-0.0166
DTE,2021-03-31,-0.0014
DTE,2021-06-30,-0.0083
DTE,2021-09-30,0.0081
DTE,2021-12-31,-0.0031
DTE,2022-03-31,0.0024
DTE,2022-06-30,-0.0015
DTE,2022-09-30,0.0147
DTE,2022-12-31,-0.0348
DTE,2023-03-31,-0.0102
DTE,2023-06-30,-0.0290
DTE,2023-09-30,-0.0207
DTE,2023-12-31,-0.0397
DTE,2024-03-31,-0.0119
DTE,2024-06-30,-0.0249
DTE,2024-09-30,-0.0216
DTE,2024-12-31,-0.0388
DTE,2025-03-31,-0.0084
DTE,2025-06-30,-0.0250
DUK,2021-03-31,0.0002
DUK,2021-06-30,0.0061
DUK,2021-09-30,0.0049
DUK,2021-12-31,-0.0068
DUK,2022-03-31,0.0094
DUK,2022-06-30,-0.0052
DUK,2022-09-30,0.0063
DUK,2022-12-31,-0.0373
DUK,2023-03-31,-0.0015
DUK,2023-06-30,-0.0120
DUK,2023-09-30,-0.0270
DUK,2023-12-31,-0.0427
DUK,2024-03-31,-0.0068
DUK,2024-06-30,-0.0135
DUK,2024-09-30,-0.0322
DUK,2024-12-31,-0.0364
DUK,2025-03-31,-0.0224
DUK,2025-06-30,-0.0165
DVA,2021-03-31,0.0189
DVA,2021-06-30,-0.0064
DVA,2021-09-30,-0.0031
DVA,2021-12-31,-0.0062
DVA,2022-03-31,0.0049
DVA,2022-06-30,0.0140
DVA,2022-09-30,-0.0207
DVA,2022-12-31,-0.0428
DVA,2023-03-31,-0.0161
DVA,2023-06-30,-0.0209
DVA,2023-09-30,-0.0393
DVA,2023-12-31,-0.0444
DVA,2024-03-31,0.0267
DVA,2024-06-30,-0.0386
DVA,2024-09-30,-0.0479
DVA,2024-12-31,-0.0471
DVA,2025-03-31,0.0069
DVA,2025-06-30,-0.0087
DVN,2021-03-31,-0.0470
DVN,2021-06-30,-0.0200
DVN,2021-09-30,-0.0031
DVN,2021-12-31,0.0233
DVN,2022-03-31,-0.0139
DVN,2022-06-30,0.0092
DVN,2022-09-30,0.0297
DVN,2022-12-31,-0.0890
DVN,2023-03-31,-0.0243
DVN,2023-06-30,-0.0504
DVN,2023-09-30,-0.0828
DVN,2023-12-31,-0.0956
DVN,2024-03-31,-0.0435
DVN,2024-06-30,-0.0520
DVN,2024-09-30,-0.0825
DVN,2024-12-31,-0.1039
DVN,2025-03-31,-0.1134
DVN,2025-06-30,-0.0383
DXCM,2021-03-31,0.0242
DXCM,2021-06-30,0.0180
DXCM,2021-09-30,-0.0140
DXCM,2021-12-31,0.0019
DXCM,2022-03-31,0.0234
DXCM,2022-06-30,-0.0197
DXCM,2022-09-30,-0.0239
DXCM,2022-12-31,-0.1764
DXCM,2023-03-31,-0.0148
DXCM,2023-06-30,-0.0200
DXCM,2023-09-30,0.0519
DXCM,2023-12-31,0.0281
DXCM,2024-03-31,-0.0107
DXCM,2024-06-30,-0.0346
DXCM,2024-09-30,-0.0196
DXCM,2024-12-31,-0.2280
DXCM,2025-03-31,-0.0051
DXCM,2025-06-30,-0.0209
EA,2021-03-31,0.0283
EA,2021-06-30,0.0464
EA,2021-09-30,0.0275
EA,2021-12-31,-0.0838
EA,2022-03-31,-0.0098
EA,2022-06-30,0.0513
EA,2022-09-30,0.0563
EA,2022-12-31,-0.0899
EA,2023-03-31,-0.0590
EA,2023-06-30,0.0126
EA,2023-09-30,0.0310
EA,2023-12-31,-0.0778
EA,2024-03-31,-0.0351
EA,2024-06-30,0.0289
EA,2024-09-30,0.0052
EA,2024-12-31,-0.0666
EA,2025-03-31,-0.0620
EA,2025-06-30,0.0189
EBAY,2021-03-31,-0.0007
EBAY,2021-06-30,-0.0327
EBAY,2021-09-30,0.0234
EBAY,2021-12-31,-0.0262
EBAY,2022-03-31,-0.0695
EBAY,2022-06-30,0.1042
EBAY,2022-09-30,-0.0025
EBAY,2022-12-31,-0.0358
EBAY,2023-03-31,-0.0139
EBAY,2023-06-30,-0.0350
EBAY,2023-09-30,-0.0374
EBAY,2023-12-31,0.0123
EBAY,2024-03-31,0.0141
EBAY,2024-06-30,-0.0435
EBAY,2024-09-30,-0.0162
EBAY,2024-12-31,-0.0431
EBAY,2025-03-31,-0.0199
EBAY,2025-06-30,0.0380
ECL,2021-03-31,0.0105
ECL,2021-06-30,0.0049
ECL,2021-09-30,-0.0005
ECL,2021-12-31,-0.0014
ECL,2022-03-31,0.0087
ECL,2022-06-30,0.0106
ECL,2022-09-30,0.0057
ECL,2022-12-31,-0.0687
ECL,2023-03-31,0.0027
ECL,2023-06-30,-0.0191
ECL,2023-09-30,-0.0422
ECL,2023-12-31,-0.0564
ECL,2024-03-31,-0.0093
ECL,2024-06-30,0.0007
ECL,2024-09-30,-0.0659
ECL,2024-12-31,-0.0510
ECL,2025-03-31,-0.0270
ECL,2025-06-30,-0.0097
ED,2021-03-31,0.0159
ED,2021-06-30,0.0013
ED,2021-09-30,0.0055
ED,2021-12-31,-0.0103
ED,2022-03-31,0.0137
ED,2022-06-30,-0.0251
ED,2022-09-30,0.0122
ED,2022-12-31,-0.0019
ED,2023-03-31,-0.0159
ED,2023-06-30,-0.0477
ED,2023-09-30,-0.0052
ED,2023-12-31,-0.0443
ED,2024-03-31,0.0049
ED,2024-06-30,-0.0302
ED,2024-09-30,-0.0060
ED,2024-12-31,-0.0425
ED,2025-03-31,0.0244
ED,2025-06-30,-0.0437
EFX,2021-03-31,0.0256
EFX,2021-06-30,0.0463
EFX,2021-09-30,-0.0020
EFX,2021-12-31,-0.0336
EFX,2022-03-31,0.0103
EFX,2022-06-30,-0.0198
EFX,2022-09-30,0.0478
EFX,2022-12-31,-0.0465
EFX,2023-03-31,0.0117
EFX,2023-06-30,0.0342
EFX,2023-09-30,-0.0769
EFX,2023-12-31,-0.0894
EFX,2024-03-31,-0.0009
EFX,2024-06-30,-0.0131
EFX,2024-09-30,-0.0527
EFX,2024-12-31,-0.0508
EFX,2025-03-31,-0.0005
EFX,2025-06-30,-0.0453
EFX,2025-09-30,-0.0520
EG,2022-09-30,-0.0318
EG,2022-12-31,-0.0153
EG,2023-03-31,-0.0217
EG,2023-06-30,-0.0154
EG,2023-09-30,-0.0159
EG,2023-12-31,-0.0022
EG,2024-03-31,-0.0101
EG,2024-06-30,-0.0153
EG,2024-09-30,-0.0319
EG,2024-12-31,-0.0149
EG,2025-03-31,-0.0355
EG,2025-06-30,0.0034
EIX,2021-03-31,0.0107
EIX,2021-06-30,0.0196
EIX,2021-09-30,0.0014
EIX,2021-12-31,-0.0059
EIX,2022-03-31,-0.0008
EIX,2022-06-30,0.0075
EIX,2022-09-30,0.0019
EIX,2022-12-31,-0.0386
EIX,2023-03-31,0.0089
EIX,2023-06-30,-0.0114
EIX,2023-09-30,-0.0367
EIX,2023-12-31,-0.0370
EIX,2024-03-31,-0.0065
EIX,2024-06-30,-0.0048
EIX,2024-09-30,-0.0403
EIX,2024-12-31,-0.0405
EIX,2025-03-31,-0.0390
EIX,2025-06-30,0.0014
EL,2021-03-31,0.0038
EL,2021-06-30,-0.0157
EL,2021-09-30,0.0417
EL,2021-12-31,-0.0271
EL,2022-03-31,0.0303
EL,2022-06-30,-0.0343
EL,2022-09-30,0.0552
EL,2022-12-31,-0.0508
EL,2023-03-31,-0.0247
EL,2023-06-30,-0.0493
EL,2023-09-30,0.0224
EL,2023-12-31,-0.0475
EL,2024-03-31,-0.0258
EL,2024-06-30,-0.0639
EL,2024-09-30,0.0161
EL,2024-12-31,-0.0494
EL,2025-03-31,-0.0241
EL,2025-06-30,-0.0773
ELV,2021-09-30,-0.0083
ELV,2021-12-31,0.0120
ELV,2022-03-31,-0.0161
ELV,2022-06-30,-0.0041
ELV,2022-09-30,-0.0210
ELV,2022-12-31,0.0077
ELV,2023-03-31,-0.0361
ELV,2023-06-30,-0.0071
ELV,2023-09-30,-0.0133
ELV,2023-12-31,0.0184
ELV,2024-03-31,-0.0055
ELV,2024-06-30,0.0307
ELV,2024-09-30,-0.0295
ELV,2024-12-31,-0.0089
ELV,2025-03-31,0.0060
ELV,2025-06-30,-0.0068
ELV,2025-09-30,-0.0004
EME,2021-03-31,0.0393
EME,2021-06-30,0.0092
EME,2021-09-30,0.0021
EME,2021-12-31,-0.0196
EME,2022-03-31,0.0367
EME,2022-06-30,0.0110
EME,2022-09-30,-0.0236
EME,2022-12-31,-0.0351
EME,2023-03-31,0.0359
EME,2023-06-30,-0.0314
EME,2023-09-30,-0.0235
EME,2023-12-31,-0.0461
EME,2024-03-31,0.0098
EME,2024-06-30,-0.0056
EME,2024-09-30,-0.0437
EME,2024-12-31,-0.0377
EME,2025-03-31,0.0106
EME,2025-06-30,0.0172
EMN,2021-03-31,0.0187
EMN,2021-06-30,0.0367
EMN,2021-09-30,-0.0488
EMN,2021-12-31,0.0108
EMN,2022-03-31,0.0057
EMN,2022-06-30,-0.0591
EMN,2022-09-30,0.0025
EMN,2022-12-31,-0.0594
EMN,2023-03-31,0.0154
EMN,2023-06-30,-0.0127
EMN,2023-09-30,-0.0232
EMN,2023-12-31,-0.0448
EMN,2024-03-31,0.0025
EMN,2024-06-30,-0.0126
EMN,2024-09-30,-0.0161
EMN,2024-12-31,-0.0448
EMN,2025-03-31,0.0353
EMN,2025-06-30,-0.0170
EMR,2021-03-31,-0.0019
EMR,2021-06-30,-0.0028
EMR,2021-09-30,-0.0004
EMR,2021-12-31,0.0053
EMR,2022-03-31,0.0163
EMR,2022-06-30,-0.0012
EMR,2022-09-30,-0.0061
EMR,2022-12-31,-0.0261
EMR,2023-03-31,0.0128
EMR,2023-06-30,-0.0566
EMR,2023-09-30,0.0087
EMR,2023-12-31,0.0026
EMR,2024-03-31,-0.0204
EMR,2024-06-30,-0.0381
EMR,2024-09-30,-0.0545
EMR,2024-12-31,-0.0071
EMR,2025-03-31,-0.0036
EMR,2025-06-30,-0.0271
EOG,2021-03-31,-0.0090
EOG,2021-06-30,-0.0120
EOG,2021-09-30,0.0140
EOG,2021-12-31,-0.0064
EOG,2022-03-31,0.0031
EOG,2022-06-30,0.0290
EOG,2022-09-30,-0.0033
EOG,2022-12-31,-0.0912
EOG,2023-03-31,-0.0267
EOG,2023-06-30,-0.0288
EOG,2023-09-30,-0.0532
EOG,2023-12-31,-0.0826
EOG,2024-03-31,-0.0292
EOG,2024-06-30,-0.0484
EOG,2024-09-30,-0.0809
EOG,2024-12-31,-0.0956
EOG,2025-03-31,-0.0803
EOG,2025-06-30,-0.0219
EPAM,2021-03-31,0.0374
EPAM,2021-06-30,0.0223
EPAM,2021-09-30,-0.0129
EPAM,2021-12-31,-0.0393
EPAM,2022-03-31,0.0708
EPAM,2022-06-30,0.0037
EPAM,2022-09-30,-0.0189
EPAM,2022-12-31,-0.0189
EPAM,2023-03-31,0.0109
EPAM,2023-06-30,0.0138
EPAM,2023-09-30,-0.0316
EPAM,2023-12-31,-0.0284
EPAM,2024-03-31,0.0018
EPAM,2024-06-30,0.0099
EPAM,2024-09-30,-0.0371
EPAM,2024-12-31,-0.0303
EPAM,2025-03-31,0.0098
EPAM,2025-06-30,0.0207
EQIX,2021-03-31,0.0104
EQIX,2021-06-30,0.0134
EQIX,2021-09-30,0.0036
EQIX,2021-12-31,0.0015
EQIX,2022-03-31,-0.0020
EQIX,2022-06-30,0.0011
EQIX,2022-09-30,0.0002
EQIX,2022-12-31,-0.0675
EQIX,2023-03-31,-0.0139
EQIX,2023-06-30,-0.0311
EQIX,2023-09-30,-0.0414
EQIX,2023-12-31,-0.0991
EQIX,2024-03-31,-0.0029
EQIX,2024-06-30,-0.0342
EQIX,2024-09-30,-0.0802
EQIX,2024-12-31,-0.0283
EQIX,2025-03-31,-0.0132
EQIX,2025-06-30,-0.0453
EQR,2021-03-31,-0.0025
EQR,2021-06-30,0.0022
EQR,2021-09-30,-0.0021
EQR,2021-12-31,0.0022
EQR,2022-03-31,-0.0018
EQR,2022-06-30,0.0013
EQR,2022-09-30,-0.0019
EQR,2022-12-31,-0.0422
EQR,2023-03-31,-0.0126
EQR,2023-06-30,-0.0220
EQR,2023-09-30,-0.0353
EQR,2023-12-31,-0.0437
EQR,2024-03-31,-0.0129
EQR,2024-06-30,-0.0226
EQR,2024-09-30,-0.0367
EQR,2024-12-31,-0.0450
EQR,2025-03-31,-0.0140
EQR,2025-06-30,-0.0238
EQT,2021-03-31,-0.0020
EQT,2021-06-30,-0.0536
EQT,2021-09-30,-0.1170
EQT,2021-12-31,0.0872
EQT,2022-03-31,-0.0990
EQT,2022-06-30,0.0628
EQT,2022-09-30,0.0135
EQT,2022-12-31,-0.0022
EQT,2023-03-31,-0.0029
EQT,2023-06-30,-0.0419
EQT,2023-09-30,-0.0526
EQT,2023-12-31,-0.0417
EQT,2024-03-31,-0.0393
EQT,2024-06-30,-0.0448
EQT,2024-09-30,-0.0556
EQT,2024-12-31,-0.0523
EQT,2025-03-31,-0.0331
EQT,2025-06-30,-0.0192
EQT,2025-09-30,-0.0432
ERIE,2021-03-31,-0.0209
ERIE,2021-06-30,0.0131
ERIE,2021-09-30,0.0027
ERIE,2021-12-31,-0.0022
ERIE,2022-03-31,-0.0296
ERIE,2022-06-30,0.0395
ERIE,2022-09-30,-0.0023
ERIE,2023-09-30,0.0066
ERIE,2023-12-31,-0.0224
ERIE,2024-03-31,-0.0211
ERIE,2024-06-30,0.0202
ERIE,2024-09-30,0.0076
ERIE,2024-12-31,-0.0243
ERIE,2025-03-31,-0.0321
ERIE,2025-06-30,0.0167
ES,2021-03-31,-0.0081
ES,2021-06-30,-0.0008
ES,2021-09-30,0.0164
ES,2021-12-31,-0.0203
ES,2022-03-31,0.0019
ES,2022-06-30,0.0322
ES,2022-09-30,-0.0135
ES,2022-12-31,-0.0540
ES,2023-03-31,0.0131
ES,2023-06-30,0.0055
ES,2023-09-30,-0.0287
ES,2023-12-31,-0.0182
ES,2024-03-31,0.0018
ES,2024-06-30,0.0003
ES,2024-09-30,-0.0059
ES,2024-12-31,-0.0508
ES,2025-03-31,-0.0089
ES,2025-06-30,-0.0220
ESS,2021-03-31,0.0051
ESS,2021-06-30,-0.0023
ESS,2021-09-30,-0.0067
ESS,2021-12-31,0.0129
ESS,2022-03-31,-0.0137
ESS,2022-06-30,0.0017
ESS,2022-09-30,-0.0023
ESS,2022-12-31,-0.0466
ESS,2023-03-31,-0.0132
ESS,2023-06-30,-0.0172
ESS,2023-09-30,-0.0359
ESS,2023-12-31,-0.0407
ESS,2024-03-31,-0.0139
ESS,2024-06-30,-0.0162
ESS,2024-09-30,-0.0424
ESS,2024-12-31,-0.0429
ESS,2025-03-31,-0.0522
ESS,2025-06-30,-0.0079
ETN,2021-03-31,-0.0062
ETN,2021-06-30,-0.0758
ETN,2021-09-30,0.0191
ETN,2021-12-31,0.0128
ETN,2022-03-31,-0.0088
ETN,2022-06-30,-0.0012
ETN,2022-09-30,0.0078
ETN,2022-12-31,-0.0146
ETN,2023-03-31,0.0129
ETN,2023-06-30,-0.0097
ETN,2023-09-30,-0.0231
ETN,2023-12-31,-0.0285
ETN,2024-03-31,0.0060
ETN,2024-06-30,-0.0055
ETN,2024-09-30,-0.0200
ETN,2024-12-31,-0.0339
ETN,2025-03-31,-0.0211
ETN,2025-06-30,-0.0005
ETR,2021-03-31,0.0386
ETR,2021-06-30,0.0074
ETR,2021-09-30,-0.0389
ETR,2021-12-31,0.0113
ETR,2022-03-31,0.0131
ETR,2022-06-30,0.0131
ETR,2022-09-30,0.0061
ETR,2022-12-31,-0.0394
ETR,2023-03-31,-0.0108
ETR,2023-06-30,-0.0232
ETR,2023-09-30,-0.0274
ETR,2023-12-31,-0.0416
ETR,2024-03-31,-0.0177
ETR,2024-06-30,-0.0022
ETR,2024-09-30,-0.0374
ETR,2024-12-31,-0.0449
ETR,2025-03-31,-0.0106
ETR,2025-06-30,-0.0099
EVRG,2021-03-31,-0.0279
EVRG,2021-06-30,0.0225
EVRG,2021-09-30,0.0048
EVRG,2021-12-31,-0.0214
EVRG,2022-03-31,-0.0026
EVRG,2022-06-30,-0.0175
EVRG,2022-09-30,0.0058
EVRG,2022-12-31,-0.0282
EVRG,2023-03-31,-0.0206
EVRG,2023-06-30,-0.0363
EVRG,2023-09-30,-0.0293
EVRG,2023-12-31,-0.0022
EVRG,2024-03-31,0.0011
EVRG,2024-06-30,-0.0171
EVRG,2024-09-30,-0.0502
EVRG,2024-12-31,-0.0359
EVRG,2025-03-31,-0.0272
EVRG,2025-06-30,-0.0205
EW,2021-03-31,0.0201
EW,2021-06-30,-0.0085
EW,2021-09-30,-0.0154
EW,2021-12-31,-0.0086
EW,2022-03-31,0.0134
EW,2022-06-30,-0.0020
EW,2022-09-30,0.0093
EW,2022-12-31,-0.0163
EW,2023-03-31,0.0032
EW,2023-06-30,-0.0013
EW,2023-09-30,-0.0135
EW,2023-12-31,0.0092
EW,2024-03-31,0.0134
EW,2024-06-30,-0.0132
EW,2024-09-30,-0.0939
EW,2024-12-31,0.0239
EW,2025-03-31,-0.0031
EW,2025-06-30,0.0116
EXC,2021-03-31,-0.0084
EXC,2021-06-30,0.0053
EXC,2021-09-30,-0.0085
EXC,2021-12-31,0.0049
EXC,2022-03-31,-0.0079
EXC,2022-06-30,-0.0078
EXC,2022-09-30,0.0044
EXC,2022-12-31,-0.0469
EXC,2023-03-31,0.0179
EXC,2023-06-30,-0.0163
EXC,2023-09-30,-0.0330
EXC,2023-12-31,-0.0446
EXC,2024-03-31,-0.0001
EXC,2024-06-30,-0.0113
EXC,2024-09-30,-0.0226
EXC,2024-12-31,-0.0439
EXC,2025-03-31,0.0031
EXC,2025-06-30,-0.0203
EXE,2023-12-31,-0.1048
EXE,2024-03-31,-0.0308
EXE,2024-06-30,-0.0625
EXE,2024-09-30,-0.0956
EXE,2024-12-31,-0.1251
EXE,2025-03-31,-0.0875
EXE,2025-06-30,-0.0077
EXPD,2021-03-31,-0.0071
EXPD,2021-06-30,0.0561
EXPD,2021-09-30,0.0293
EXPD,2021-12-31,0.0222
EXPD,2022-03-31,-0.0102
EXPD,2022-06-30,-0.0208
EXPD,2022-09-30,-0.0308
EXPD,2022-12-31,-0.0581
EXPD,2023-03-31,-0.0548
EXPD,2023-06-30,0.0057
EXPD,2023-09-30,-0.0099
EXPD,2023-12-31,-0.0123
EXPD,2024-03-31,-0.0122
EXPD,2024-06-30,0.0120
EXPD,2024-09-30,0.0209
EXPD,2024-12-31,-0.0059
EXPD,2025-03-31,-0.0368
EXPD,2025-06-30,0.0070
EXPE,2021-03-31,-0.1131
EXPE,2021-06-30,-0.1039
EXPE,2021-09-30,0.0886
EXPE,2021-12-31,0.0016
EXPE,2022-03-31,-0.1265
EXPE,2022-06-30,-0.0383
EXPE,2022-09-30,0.0917
EXPE,2022-12-31,-0.0400
EXPE,2023-03-31,-0.1429
EXPE,2023-06-30,-0.0428
EXPE,2023-09-30,0.0505
EXPE,2023-12-31,-0.0421
EXPE,2024-03-31,-0.1266
EXPE,2024-06-30,-0.0537
EXPE,2024-09-30,0.0574
EXPE,2024-12-31,-0.0400
EXPE,2025-03-31,-0.1268
EXPE,2025-06-30,-0.0458
EXR,2021-03-31,-0.0633
EXR,2021-06-30,-0.0022
EXR,2021-09-30,-0.0016
EXR,2021-12-31,0.0023
EXR,2022-03-31,0.0005
EXR,2022-06-30,-0.0032
EXR,2022-09-30,-0.0017
EXR,2022-12-31,-0.0232
EXR,2023-03-31,-0.0072
EXR,2023-06-30,-0.0161
EXR,2023-09-30,-0.0269
EXR,2023-12-31,-0.0156
EXR,2024-03-31,-0.0074
EXR,2024-06-30,-0.0161
EXR,2024-09-30,-0.0218
EXR,2024-12-31,-0.0266
EXR,2025-03-31,-0.0281
EXR,2025-06-30,-0.0089
F,2021-03-31,0.0080
F,2021-06-30,-0.0011
F,2021-09-30,-0.0157
F,2021-12-31,-0.0018
F,2022-03-31,0.0176
F,2022-06-30,-0.0069
F,2022-09-30,0.0027
F,2022-12-31,-0.0103
F,2023-03-31,0.0017
F,2023-06-30,-0.0144
F,2023-09-30,-0.0128
F,2023-12-31,-0.0210
F,2024-03-31,0.0064
F,2024-06-30,-0.0095
F,2024-09-30,-0.0171
F,2024-12-31,-0.0153
F,2025-03-31,-0.0072
F,2025-06-30,-0.0186
FANG,2021-03-31,-0.0210
FANG,2021-06-30,-0.0102
FANG,2021-09-30,0.0091
FANG,2021-12-31,0.0162
FANG,2022-03-31,-0.0012
FANG,2022-06-30,0.0087
FANG,2022-09-30,-0.0096
FANG,2022-12-31,-0.0460
FANG,2023-03-31,-0.0258
FANG,2023-06-30,-0.0468
FANG,2023-09-30,-0.0398
FANG,2023-12-31,-0.0618
FANG,2024-03-31,-0.0159
FANG,2024-06-30,-0.0339
FANG,2024-09-30,-0.0451
FANG,2024-12-31,-0.0451
FANG,2025-03-31,-0.0391
FANG,2025-06-30,-0.0169
FAST,2021-03-31,-0.0055
FAST,2021-06-30,0.0277
FAST,2021-09-30,0.0281
FAST,2021-12-31,0.0253
FAST,2022-03-31,0.0205
FAST,2022-06-30,0.0358
FAST,2022-09-30,0.0130
FAST,2022-12-31,-0.0394
FAST,2023-03-31,-0.0203
FAST,2023-06-30,-0.0093
FAST,2023-09-30,-0.0432
FAST,2023-12-31,-0.0486
FAST,2024-03-31,-0.0073
FAST,2024-06-30,-0.0025
FAST,2024-09-30,-0.0156
FAST,2024-12-31,-0.0368
FAST,2025-03-31,0.0057
FAST,2025-06-30,0.0148
FAST,2025-09-30,-0.0205
FCX,2021-03-31,0.0014
FCX,2021-06-30,-0.0113
FCX,2021-09-30,-0.0070
FCX,2021-12-31,-0.0053
FCX,2022-03-31,0.0131
FCX,2022-06-30,-0.0016
FCX,2022-09-30,0.0006
FCX,2022-12-31,-0.0334
FCX,2023-03-31,0.0020
FCX,2023-06-30,-0.0193
FCX,2023-09-30,-0.0252
FCX,2023-12-31,-0.0351
FCX,2024-03-31,-0.0109
FCX,2024-06-30,-0.0205
FCX,2024-09-30,-0.0328
FCX,2024-12-31,-0.0392
FCX,2025-03-31,0.0002
FCX,2025-06-30,-0.0164
FDS,2021-02-28,-0.0099
FDS,2021-05-31,-0.0068
FDS,2021-08-31,-0.0279
FDS,2021-11-30,0.0299
FDS,2022-02-28,0.0099
FDS,2022-05-31,-0.0282
FDS,2022-08-31,0.0064
FDS,2022-11-30,0.0036
FDS,2023-02-28,-0.0190
FDS,2023-05-31,-0.0387
FDS,2023-08-31,-0.0587
FDS,2023-11-30,0.0008
FDS,2024-02-29,-0.0068
FDS,2024-08-31,-0.0665
FDS,2024-11-30,0.0177
FDS,2025-02-28,-0.0160
FDS,2025-05-31,-0.0466
FDS,2025-08-31,-0.0490
FDX,2021-02-28,-0.0119
FDX,2021-05-31,0.0005
FDX,2021-08-31,-0.0009
FDX,2021-11-30,0.0029
FDX,2022-02-28,-0.0074
FDX,2022-05-31,-0.0030
FDX,2022-08-31,-0.0017
FDX,2022-11-30,-0.0175
FDX,2023-02-28,-0.0428
FDX,2023-05-31,-0.0594
FDX,2023-08-31,-0.0114
FDX,2023-11-30,-0.0229
FDX,2024-02-29,-0.0358
FDX,2024-05-31,-0.0527
FDX,2024-08-31,-0.0096
FDX,2024-11-30,-0.0222
FDX,2025-02-28,-0.0388
FDX,2025-05-31,-0.0484
FDX,2025-08-31,-0.0165
FE,2021-03-31,-0.0006
FE,2021-06-30,0.0004
FE,2021-09-30,-0.0059
FE,2021-12-31,-0.0015
FE,2022-03-31,0.0015
FE,2022-06-30,0.0001
FE,2022-09-30,-0.0021
FE,2022-12-31,-0.0332
FE,2023-03-31,0.0046
FE,2023-06-30,-0.0083
FE,2023-09-30,-0.0257
FE,2023-12-31,-0.0292
FE,2024-03-31,0.0087
FE,2024-06-30,-0.0114
FE,2024-09-30,-0.0370
FE,2024-12-31,-0.0363
FE,2025-03-31,-0.0323
FE,2025-06-30,-0.0070
FFIV,2021-03-31,0.0059
FFIV,2021-06-30,-0.0047
FFIV,2021-09-30,-0.0074
FFIV,2021-12-31,0.0177
FFIV,2022-03-31,0.0035
FFIV,2022-06-30,0.0204
FFIV,2022-09-30,0.0000
FFIV,2022-12-31,-0.0082
FFIV,2023-03-31,-0.0064
FFIV,2023-06-30,-0.0182
FFIV,2023-09-30,-0.0140
FFIV,2023-12-31,0.0018
FFIV,2024-03-31,-0.0228
FFIV,2024-06-30,-0.0069
FFIV,2024-09-30,-0.0285
FFIV,2024-12-31,0.0063
FFIV,2025-03-31,-0.0161
FFIV,2025-06-30,-0.0189
FI,2021-03-31,0.0074
FI,2021-06-30,0.0175
FI,2022-06-30,0.0135
FI,2022-09-30,0.0018
FI,2022-12-31,-0.0420
FI,2023-03-31,-0.0076
FI,2023-06-30,-0.0122
FI,2023-09-30,-0.0326
FI,2023-12-31,-0.0412
FI,2024-03-31,-0.0018
FI,2024-06-30,-0.0105
FI,2024-09-30,-0.0332
FI,2024-12-31,-0.0443
FI,2025-03-31,-0.0245
FI,2025-06-30,-0.0061
FICO,2021-03-31,-0.0158
FICO,2021-06-30,-0.0341
FICO,2021-09-30,0.0146
FICO,2021-12-31,-0.0026
FICO,2022-03-31,0.0081
FICO,2022-06-30,0.0061
FICO,2022-09-30,-0.0090
FICO,2022-12-31,0.0232
FICO,2023-03-31,0.0133
FICO,2023-06-30,0.0035
FICO,2023-09-30,-0.0302
FICO,2023-12-31,0.0134
FICO,2024-03-31,0.0448
FICO,2024-06-30,-0.0363
FICO,2024-09-30,-0.0384
FICO,2024-12-31,-0.0050
FICO,2025-03-31,0.0830
FICO,2025-06-30,-0.0605
FIS,2021-03-31,0.0068
FIS,2021-06-30,-0.0041
FIS,2021-09-30,-0.0081
FIS,2021-12-31,-0.0074
FIS,2022-03-31,0.0159
FIS,2022-06-30,-0.0064
FIS,2022-09-30,0.0169
FIS,2022-12-31,-0.0750
FIS,2023-03-31,-0.0151
FIS,2023-06-30,-0.0574
FIS,2023-09-30,-0.0066
FIS,2023-12-31,-0.0601
FIS,2024-03-31,0.0671
FIS,2024-06-30,-0.0177
FIS,2024-09-30,-0.0434
FIS,2024-12-31,-0.0720
FIS,2025-03-31,-0.0234
FIS,2025-06-30,-0.0366
FITB,2021-03-31,-0.0070
FITB,2021-06-30,-0.0039
FITB,2021-09-30,-0.0142
FITB,2021-12-31,-0.0046
FITB,2022-03-31,0.0076
FITB,2022-06-30,0.0256
FITB,2022-09-30,0.0062
FITB,2022-12-31,-0.0033
FITB,2023-03-31,-0.0028
FITB,2023-06-30,-0.0052
FITB,2023-09-30,-0.0226
FITB,2023-12-31,-0.0159
FITB,2024-03-31,-0.0066
FITB,2024-06-30,0.0111
FITB,2024-09-30,0.0008
FITB,2024-12-31,0.0025
FITB,2025-03-31,0.0133
FITB,2025-06-30,0.0160
FOX,2021-03-31,-0.0452
FOX,2021-06-30,-0.0036
FOX,2021-09-30,0.0319
FOX,2021-12-31,0.0345
FOX,2022-03-31,-0.0436
FOX,2022-06-30,-0.0170
FOX,2022-09-30,0.0178
FOX,2022-12-31,0.0253
FOX,2023-03-31,-0.0820
FOX,2023-06-30,-0.0172
FOX,2023-09-30,0.0230
FOX,2023-12-31,0.0292
FOX,2024-03-31,-0.0473
FOX,2024-06-30,-0.0342
FOX,2024-09-30,0.0185
FOX,2024-12-31,0.0301
FOX,2025-03-31,-0.0665
FOX,2025-06-30,-0.0507
FOXA,2021-03-31,-0.0452
FOXA,2021-06-30,-0.0036
FOXA,2021-09-30,0.0319
FOXA,2021-12-31,0.0345
FOXA,2022-03-31,-0.0436
FOXA,2022-06-30,-0.0170
FOXA,2022-09-30,0.0178
FOXA,2022-12-31,0.0253
FOXA,2023-03-31,-0.0820
FOXA,2023-06-30,-0.0172
FOXA,2023-09-30,0.0230
FOXA,2023-12-31,0.0292
FOXA,2024-03-31,-0.0473
FOXA,2024-06-30,-0.0342
FOXA,2024-09-30,0.0185
FOXA,2024-12-31,0.0301
FOXA,2025-03-31,-0.0665
FOXA,2025-06-30,-0.0507
FRT,2021-03-31,-0.0033
FRT,2021-06-30,-0.0047
FRT,2021-09-30,0.0020
FRT,2021-12-31,0.0025
FRT,2022-03-31,0.0020
FRT,2022-06-30,0.0013
FRT,2022-09-30,-0.0022
FRT,2022-12-31,-0.0287
FRT,2023-03-31,-0.0099
FRT,2023-06-30,-0.0186
FRT,2023-09-30,-0.0321
FRT,2023-12-31,-0.0331
FRT,2024-03-31,-0.0106
FRT,2024-06-30,-0.0207
FRT,2024-09-30,-0.0317
FRT,2024-12-31,-0.0356
FRT,2025-03-31,-0.0127
FRT,2025-06-30,-0.0193
FSLR,2021-03-31,0.0663
FSLR,2021-06-30,-0.0281
FSLR,2021-09-30,-0.0394
FSLR,2021-12-31,0.0267
FSLR,2022-03-31,0.0100
FSLR,2022-06-30,0.0031
FSLR,2022-09-30,-0.0185
FSLR,2022-12-31,-0.0884
FSLR,2023-03-31,-0.0082
FSLR,2023-06-30,0.0422
FSLR,2023-09-30,-0.0071
FSLR,2023-12-31,0.0177
FSLR,2024-03-31,-0.0682
FSLR,2024-06-30,-0.0280
FSLR,2024-09-30,0.0088
FSLR,2024-12-31,0.0049
FSLR,2025-03-31,-0.0306
FSLR,2025-06-30,0.0027
FTNT,2021-03-31,-0.0234
FTNT,2021-06-30,-0.0310
FTNT,2021-09-30,-0.0231
FTNT,2021-12-31,0.0114
FTNT,2022-03-31,-0.0304
FTNT,2022-06-30,0.0015
FTNT,2022-09-30,-0.0171
FTNT,2022-12-31,-0.0489
FTNT,2023-03-31,-0.0601
FTNT,2023-06-30,-0.0464
FTNT,2023-09-30,-0.0523
FTNT,2023-12-31,-0.0024
FTNT,2024-03-31,-0.0832
FTNT,2024-06-30,-0.0076
FTNT,2024-09-30,-0.0577
FTNT,2024-12-31,-0.0172
FTNT,2025-03-31,-0.0772
FTNT,2025-06-30,-0.0030
FTV,2021-03-31,0.0073
FTV,2021-06-30,-0.0047
FTV,2021-09-30,-0.0152
FTV,2021-12-31,0.0173
FTV,2022-03-31,0.0042
FTV,2022-06-30,-0.0032
FTV,2022-09-30,0.0000
FTV,2022-12-31,-0.0362
FTV,2023-03-31,-0.0001
FTV,2023-06-30,-0.0128
FTV,2023-09-30,-0.0276
FTV,2023-12-31,-0.0338
FTV,2024-03-31,0.0024
FTV,2024-06-30,-0.0132
FTV,2024-09-30,-0.0283
FTV,2024-12-31,-0.0440
FTV,2025-03-31,-0.0258
FTV,2025-06-30,-0.0082
GD,2021-03-31,0.0172
GD,2021-06-30,-0.0032
GD,2021-09-30,-0.0067
GD,2021-12-31,-0.0141
GD,2022-03-31,-0.0110
GD,2022-06-30,0.0102
GD,2022-09-30,-0.0054
GD,2022-12-31,-0.0049
GD,2023-03-31,-0.0123
GD,2023-06-30,-0.0050
GD,2023-09-30,-0.0125
GD,2023-12-31,-0.0103
GD,2024-03-31,0.0162
GD,2024-06-30,-0.0110
GD,2024-09-30,-0.0222
GD,2024-12-31,-0.0108
GD,2025-03-31,0.0155
GD,2025-06-30,-0.0272
GDDY,2021-03-31,-0.0012
GDDY,2021-06-30,-0.0062
GDDY,2021-09-30,-0.0023
GDDY,2021-12-31,0.0075
GDDY,2022-03-31,0.0042
GDDY,2022-06-30,0.0142
GDDY,2022-09-30,0.0205
GDDY,2022-12-31,-0.0455
GDDY,2023-03-31,-0.0225
GDDY,2023-06-30,-0.0171
GDDY,2023-09-30,-0.0184
GDDY,2023-12-31,-0.0454
GDDY,2024-03-31,-0.0002
GDDY,2024-06-30,-0.0046
GDDY,2024-09-30,-0.0313
GDDY,2024-12-31,0.0033
GDDY,2025-03-31,-0.0191
GDDY,2025-06-30,-0.0353
GE,2021-03-31,0.1135
GE,2021-06-30,0.0000
GE,2021-09-30,-0.0015
GE,2021-12-31,-0.1396
GE,2022-03-31,0.0032
GE,2022-06-30,0.0025
GE,2022-09-30,-0.0053
GE,2022-12-31,-0.0336
GE,2023-03-31,0.0050
GE,2023-06-30,-0.0015
GE,2023-09-30,-0.0154
GE,2023-12-31,-0.0250
GE,2024-03-31,-0.0041
GE,2024-06-30,0.0204
GE,2024-09-30,-0.0117
GE,2024-12-31,-0.0063
GE,2025-03-31,0.0027
GE,2025-06-30,-0.0045
GE,2025-09-30,-0.0067
GEHC,2022-12-31,-0.0407
GEHC,2023-03-31,-0.0269
GEHC,2023-06-30,0.0113
GEHC,2023-09-30,-0.0216
GEHC,2023-12-31,-0.0361
GEHC,2024-03-31,-0.0037
GEHC,2024-06-30,0.0455
GEHC,2024-09-30,-0.0099
GEHC,2024-12-31,-0.0277
GEHC,2025-03-31,0.0006
GEHC,2025-06-30,0.0071
GEN,2021-12-31,-0.0131
GEN,2022-03-31,-0.0398
GEN,2022-06-30,0.0036
GEN,2022-09-30,-0.0408
GEN,2022-12-31,-0.0103
GEN,2023-03-31,-0.0242
GEN,2023-06-30,-0.0027
GEN,2023-09-30,-0.0023
GEN,2023-12-31,0.0187
GEN,2024-03-31,-0.0804
GEN,2024-06-30,-0.0063
GEN,2024-09-30,-0.0132
GEN,2024-12-31,-0.0195
GEN,2025-03-31,-0.0395
GEN,2025-06-30,0.0018
GEV,2024-06-30,-0.0229
GEV,2024-09-30,-0.0459
GEV,2024-12-31,-0.0278
GEV,2025-03-31,-0.0255
GEV,2025-06-30,-0.0097
GEV,2025-09-30,-0.0115
GILD,2021-03-31,0.0032
GILD,2021-06-30,-0.0106
GILD,2021-09-30,0.0159
GILD,2021-12-31,-0.0350
GILD,2022-03-31,0.0246
GILD,2022-06-30,-0.0073
GILD,2022-09-30,0.0068
GILD,2022-12-31,-0.0666
GILD,2023-03-31,0.0166
GILD,2023-06-30,-0.0478
GILD,2023-09-30,-0.0118
GILD,2023-12-31,-0.0372
GILD,2024-03-31,-0.0009
GILD,2024-06-30,-0.0143
GILD,2024-09-30,-0.0522
GILD,2024-12-31,-0.0635
GILD,2025-03-31,-0.0402
GILD,2025-06-30,0.0176
GIS,2021-02-28,-0.0024
GIS,2021-05-31,0.0087
GIS,2021-08-31,0.0192
GIS,2021-11-30,-0.0212
GIS,2022-02-28,-0.0136
GIS,2022-05-31,0.0073
GIS,2022-08-31,-0.0044
GIS,2022-11-30,-0.0279
GIS,2023-02-28,-0.0092
GIS,2023-05-31,0.0208
GIS,2023-08-31,-0.0056
GIS,2023-11-30,-0.0357
GIS,2024-02-29,-0.0150
GIS,2024-05-31,0.0120
GIS,2024-08-31,-0.0059
GIS,2024-11-30,-0.0025
GIS,2025-02-28,-0.0148
GIS,2025-05-31,-0.0230
GIS,2025-08-31,-0.0069
GL,2021-03-31,-0.0060
GL,2021-06-30,-0.0068
GL,2021-09-30,-0.0067
GL,2021-12-31,-0.0076
GL,2022-03-31,-0.0070
GL,2022-06-30,-0.0072
GL,2022-09-30,-0.0050
GL,2022-12-31,-0.0325
GL,2023-03-31,-0.0891
GL,2023-06-30,0.0031
GL,2023-09-30,0.0584
GL,2023-12-31,-0.0977
GL,2024-03-31,0.0155
GL,2024-06-30,0.0149
GL,2024-09-30,-0.0497
GL,2024-12-31,0.0334
GL,2025-03-31,-0.0244
GL,2025-06-30,-0.0041
GLW,2021-03-31,0.0050
GLW,2021-06-30,-0.0273
GLW,2021-09-30,0.0041
GLW,2021-12-31,-0.0140
GLW,2022-03-31,0.0048
GLW,2022-06-30,-0.0060
GLW,2022-09-30,0.0168
GLW,2022-12-31,-0.0631
GLW,2023-03-31,0.0100
GLW,2023-06-30,-0.0107
GLW,2023-09-30,-0.0311
GLW,2023-12-31,-0.0566
GLW,2024-03-31,-0.0008
GLW,2024-06-30,-0.0318
GLW,2024-09-30,-0.0290
GLW,2024-12-31,-0.0528
GLW,2025-03-31,0.0034
GLW,2025-06-30,-0.0245
GM,2021-03-31,0.0108
GM,2021-06-30,0.0058
GM,2021-09-30,0.0161
GM,2021-12-31,-0.0165
GM,2022-03-31,0.0124
GM,2022-06-30,0.0053
GM,2022-09-30,-0.0005
GM,2022-12-31,-0.0441
GM,2023-03-31,-0.0080
GM,2023-06-30,-0.0187
GM,2023-09-30,-0.0329
GM,2023-12-31,-0.0357
GM,2024-03-31,0.0099
GM,2024-06-30,-0.0268
GM,2024-09-30,-0.0323
GM,2024-12-31,-0.0412
GM,2025-03-31,0.0007
GM,2025-06-30,-0.0148
GM,2025-09-30,-0.0395
GNRC,2021-03-31,0.0054
GNRC,2021-06-30,0.0171
GNRC,2021-09-30,0.0136
GNRC,2021-12-31,0.0167
GNRC,2022-03-31,0.0263
GNRC,2022-06-30,0.0335
GNRC,2022-09-30,0.0220
GNRC,2022-12-31,-0.0175
GNRC,2023-03-31,0.0118
GNRC,2023-06-30,-0.0116
GNRC,2023-09-30,-0.0292
GNRC,2023-12-31,-0.0670
GNRC,2024-03-31,-0.0113
GNRC,2024-06-30,-0.0144
GNRC,2024-09-30,-0.0325
GNRC,2024-12-31,-0.0659
GNRC,2025-03-31,0.0069
GNRC,2025-06-30,0.0023
GOOG,2021-03-31,0.0025
GOOG,2021-06-30,0.0076
GOOG,2021-09-30,-0.0110
GOOG,2021-12-31,0.0111
GOOG,2022-03-31,-0.0064
GOOG,2022-06-30,0.0115
GOOG,2022-09-30,-0.0060
GOOG,2022-12-31,-0.0499
GOOG,2023-03-31,-0.0188
GOOG,2023-06-30,-0.0315
GOOG,2023-09-30,-0.0335
GOOG,2023-12-31,-0.0081
GOOG,2024-03-31,-0.0045
GOOG,2024-06-30,-0.0101
GOOG,2024-09-30,-0.0259
GOOG,2024-12-31,-0.0452
GOOG,2025-03-31,-0.0180
GOOG,2025-06-30,-0.0016
GOOGL,2021-03-31,0.0025
GOOGL,2021-06-30,0.0076
GOOGL,2021-09-30,-0.0110
GOOGL,2021-12-31,0.0111
GOOGL,2022-03-31,-0.0064
GOOGL,2022-06-30,0.0115
GOOGL,2022-09-30,-0.0060
GOOGL,2022-12-31,-0.0499
GOOGL,2023-03-31,-0.0188
GOOGL,2023-06-30,-0.0315
GOOGL,2023-09-30,-0.0335
GOOGL,2023-12-31,-0.0081
GOOGL,2024-03-31,-0.0045
GOOGL,2024-06-30,-0.0101
GOOGL,2024-09-30,-0.0259
GOOGL,2024-12-31,-0.0452
GOOGL,2025-03-31,-0.0180
GOOGL,2025-06-30,-0.0016
GPC,2021-03-31,-0.0005
GPC,2021-06-30,-0.0087
GPC,2021-09-30,0.0046
GPC,2021-12-31,0.0094
GPC,2022-03-31,0.0148
GPC,2022-06-30,0.0025
GPC,2022-09-30,-0.0016
GPC,2022-12-31,-0.0194
GPC,2023-03-31,0.0053
GPC,2023-06-30,-0.0007
GPC,2023-09-30,-0.0238
GPC,2023-12-31,-0.0141
GPC,2024-03-31,-0.0088
GPC,2024-06-30,0.0095
GPC,2024-09-30,-0.0156
GPC,2024-12-31,-0.0171
GPC,2025-03-31,-0.0038
GPC,2025-06-30,0.0014
GPC,2025-09-30,-0.0116
GPN,2021-03-31,-0.0040
GPN,2021-06-30,0.0006
GPN,2021-09-30,-0.0071
GPN,2021-12-31,-0.0022
GPN,2022-03-31,0.0003
GPN,2022-06-30,0.0050
GPN,2022-09-30,0.0081
GPN,2022-12-31,-0.0479
GPN,2023-03-31,-0.0070
GPN,2023-06-30,-0.0220
GPN,2023-09-30,-0.0264
GPN,2023-12-31,-0.0425
GPN,2024-03-31,-0.0080
GPN,2024-06-30,-0.0171
GPN,2024-09-30,-0.0440
GPN,2024-12-31,-0.0343
GPN,2025-03-31,-0.0196
GPN,2025-06-30,0.0014
GRMN,2021-03-31,0.0034
GRMN,2021-06-30,-0.0317
GRMN,2021-09-30,0.0262
GRMN,2021-12-31,0.0411
GRMN,2022-03-31,0.0216
GRMN,2022-06-30,-0.0324
GRMN,2022-09-30,0.0232
GRMN,2022-12-31,0.0082
GRMN,2023-03-31,0.0093
GRMN,2023-06-30,-0.0656
GRMN,2023-09-30,0.0024
GRMN,2023-12-31,-0.0152
GRMN,2024-03-31,-0.0030
GRMN,2024-06-30,-0.0509
GRMN,2024-09-30,0.0249
GRMN,2024-12-31,-0.0063
GRMN,2025-03-31,-0.0069
GRMN,2025-06-30,-0.0185
GWW,2021-03-31,-0.0084
GWW,2021-06-30,0.0114
GWW,2021-09-30,0.0321
GWW,2021-12-31,0.0177
GWW,2022-03-31,0.0134
GWW,2022-06-30,0.0263
GWW,2022-09-30,0.0118
GWW,2022-12-31,-0.0202
GWW,2023-03-31,0.0148
GWW,2023-06-30,-0.0009
GWW,2023-09-30,-0.0193
GWW,2023-12-31,-0.0422
GWW,2024-03-31,-0.0198
GWW,2024-06-30,0.0042
GWW,2024-09-30,-0.0213
GWW,2024-12-31,-0.0213
GWW,2025-03-31,-0.0121
GWW,2025-06-30,0.0089
HAL,2021-03-31,0.0086
HAL,2021-06-30,0.0041
HAL,2021-09-30,-0.0279
HAL,2021-12-31,-0.0122
HAL,2022-03-31,0.0234
HAL,2022-06-30,0.0068
HAL,2022-09-30,0.0087
HAL,2022-12-31,-0.0500
HAL,2023-03-31,0.0255
HAL,2023-06-30,-0.0249
HAL,2023-09-30,-0.0243
HAL,2023-12-31,-0.0599
HAL,2024-03-31,0.0089
HAL,2024-06-30,-0.0210
HAL,2024-09-30,-0.0223
HAL,2024-12-31,-0.0546
HAL,2025-03-31,-0.0035
HAL,2025-06-30,-0.0267
HAS,2021-03-31,-0.0214
HAS,2021-06-30,0.0325
HAS,2021-09-30,-0.0241
HAS,2021-12-31,0.0164
HAS,2022-03-31,-0.0146
HAS,2022-06-30,0.0132
HAS,2022-09-30,0.0041
HAS,2022-12-31,-0.1200
HAS,2023-03-31,-0.0234
HAS,2023-06-30,-0.0429
HAS,2023-09-30,0.0160
HAS,2023-12-31,-0.3809
HAS,2024-03-31,-0.0214
HAS,2024-06-30,0.0001
HAS,2024-09-30,-0.0141
HAS,2024-12-31,-0.0515
HAS,2025-03-31,-0.0361
HAS,2025-06-30,0.0158
HBAN,2021-03-31,-0.0344
HBAN,2021-06-30,-0.0650
HBAN,2021-09-30,-0.0024
HBAN,2021-12-31,0.0029
HBAN,2022-03-31,-0.0087
HBAN,2022-06-30,0.0132
HBAN,2022-09-30,0.0153
HBAN,2022-12-31,-0.0136
HBAN,2023-03-31,-0.0047
HBAN,2023-06-30,0.0115
HBAN,2023-09-30,-0.0038
HBAN,2023-12-31,-0.0104
HBAN,2024-03-31,-0.0054
HBAN,2024-06-30,0.0014
HBAN,2024-09-30,-0.0156
HBAN,2024-12-31,0.0008
HBAN,2025-03-31,-0.0081
HBAN,2025-06-30,0.0206
HCA,2021-03-31,0.0117
HCA,2021-06-30,0.0083
HCA,2021-09-30,-0.0030
HCA,2021-12-31,-0.0020
HCA,2022-03-31,0.0166
HCA,2022-06-30,0.0139
HCA,2022-09-30,-0.0274
HCA,2022-12-31,-0.0522
HCA,2023-03-31,0.0015
HCA,2023-06-30,-0.0322
HCA,2023-09-30,-0.0488
HCA,2023-12-31,-0.0523
HCA,2024-03-31,-0.0120
HCA,2024-06-30,-0.0158
HCA,2024-09-30,-0.0606
HCA,2024-12-31,-0.0488
HCA,2025-03-31,0.0036
HCA,2025-06-30,-0.0510
HD,2021-04-30,-0.0196
HD,2021-07-31,0.0283
HD,2021-10-31,0.0205
HD,2022-01-31,0.0079
HD,2022-04-30,0.0215
HD,2022-07-31,0.0329
HD,2022-10-31,0.0335
HD,2023-01-31,-0.0431
HD,2023-04-30,-0.0206
HD,2023-07-31,-0.0328
HD,2023-10-31,-0.0282
HD,2024-01-31,-0.0564
HD,2024-04-30,-0.0184
HD,2024-07-31,-0.0014
HD,2024-10-31,-0.0238
HD,2025-01-31,-0.0449
HD,2025-04-30,-0.0078
HD,2025-07-31,-0.0035
HIG,2021-03-31,-0.0095
HIG,2021-06-30,-0.0010
HIG,2021-09-30,-0.0101
HIG,2021-12-31,-0.0010
HIG,2022-03-31,0.0002
HIG,2022-06-30,-0.0032
HIG,2022-09-30,-0.0102
HIG,2022-12-31,-0.0103
HIG,2023-03-31,-0.0067
HIG,2023-06-30,0.0023
HIG,2023-09-30,-0.0105
HIG,2023-12-31,-0.0099
HIG,2024-03-31,-0.0073
HIG,2024-06-30,-0.0098
HIG,2024-09-30,-0.0117
HIG,2024-12-31,-0.0100
HIG,2025-03-31,-0.0112
HIG,2025-06-30,-0.0059
HII,2021-03-31,0.0049
HII,2021-06-30,0.0122
HII,2021-09-30,-0.0055
HII,2021-12-31,-0.0056
HII,2022-03-31,0.0282
HII,2022-06-30,-0.0035
HII,2022-09-30,0.0197
HII,2022-12-31,-0.0736
HII,2023-03-31,0.0087
HII,2023-06-30,-0.0076
HII,2023-09-30,-0.0382
HII,2023-12-31,-0.0570
HII,2024-03-31,0.0310
HII,2024-06-30,0.0037
HII,2024-09-30,-0.0305
HII,2024-12-31,-0.0515
HII,2025-03-31,0.0441
HII,2025-06-30,-0.0662
HLT,2021-03-31,0.0018
HLT,2021-06-30,-0.0045
HLT,2021-09-30,0.0142
HLT,2021-12-31,-0.0224
HLT,2022-03-31,-0.0054
HLT,2022-06-30,0.0078
HLT,2022-09-30,-0.0093
HLT,2022-12-31,-0.0163
HLT,2023-03-31,-0.0046
HLT,2023-06-30,-0.0017
HLT,2023-09-30,-0.0172
HLT,2023-12-31,-0.0216
HLT,2024-03-31,-0.0049
HLT,2024-06-30,0.0049
HLT,2024-09-30,-0.0234
HLT,2024-12-31,-0.0269
HLT,2025-03-31,-0.0079
HLT,2025-06-30,-0.0186
HLT,2025-09-30,-0.0192
HOLX,2021-03-31,0.0178
HOLX,2021-06-30,-0.0359
HOLX,2021-09-30,0.0456
HOLX,2021-12-31,0.0077
HOLX,2022-03-31,-0.0547
HOLX,2022-06-30,0.0000
HOLX,2022-09-30,0.0063
HOLX,2022-12-31,-0.0043
HOLX,2023-03-31,-0.0119
HOLX,2023-06-30,-0.0344
HOLX,2023-09-30,-0.0440
HOLX,2023-12-31,0.0079
HOLX,2024-03-31,-0.0199
HOLX,2024-06-30,-0.0377
HOLX,2024-09-30,-0.0458
HOLX,2024-12-31,-0.0261
HOLX,2025-03-31,0.0016
HOLX,2025-06-30,-0.0260
HON,2021-03-31,0.0064
HON,2021-06-30,0.0035
HON,2021-09-30,0.0031
HON,2021-12-31,-0.0138
HON,2022-03-31,0.0241
HON,2022-06-30,0.0104
HON,2022-09-30,-0.0094
HON,2022-12-31,-0.0376
HON,2023-03-31,0.0223
HON,2023-06-30,0.0050
HON,2023-09-30,-0.0037
HON,2023-12-31,-0.0381
HON,2024-03-31,0.0195
HON,2024-06-30,-0.0557
HON,2024-09-30,0.0207
HON,2024-12-31,-0.0506
HON,2025-03-31,-0.0076
HON,2025-06-30,-0.0245
HON,2025-09-30,-0.0263
HOOD,2021-06-30,-0.1201
HOOD,2021-09-30,0.0906
HOOD,2021-12-31,-0.0532
HOOD,2022-03-31,-0.1119
HOOD,2022-06-30,0.0455
HOOD,2022-09-30,0.0169
HOOD,2022-12-31,-0.0067
HOOD,2023-03-31,-0.0087
HOOD,2023-06-30,-0.0060
HOOD,2023-09-30,0.0375
HOOD,2023-12-31,-0.0394
HOOD,2024-03-31,-0.0001
HOOD,2024-06-30,0.0219
HOOD,2024-09-30,-0.0115
HOOD,2024-12-31,0.0482
HOOD,2025-03-31,0.0268
HOOD,2025-06-30,-0.1086
HPE,2021-04-30,0.0023
HPE,2021-07-31,-0.0052
HPE,2021-10-31,0.0067
HPE,2022-01-31,0.0141
HPE,2022-04-30,-0.0009
HPE,2022-07-31,-0.0087
HPE,2022-10-31,-0.0225
HPE,2023-01-31,-0.0413
HPE,2023-04-30,-0.0064
HPE,2023-07-31,-0.0227
HPE,2023-10-31,-0.0657
HPE,2024-01-31,-0.0270
HPE,2024-04-30,0.0083
HPE,2024-07-31,-0.0336
HPE,2024-10-31,-0.0730
HPE,2025-01-31,0.0203
HPE,2025-04-30,-0.0070
HPE,2025-07-31,-0.0433
HPQ,2021-04-30,0.0069
HPQ,2021-07-31,0.0245
HPQ,2021-10-31,-0.0195
HPQ,2022-01-31,0.0017
HPQ,2022-04-30,0.0328
HPQ,2022-07-31,0.0169
HPQ,2022-10-31,-0.0077
HPQ,2023-01-31,-0.0214
HPQ,2023-04-30,0.0098
HPQ,2023-07-31,-0.0251
HPQ,2023-10-31,-0.0254
HPQ,2024-01-31,-0.0144
HPQ,2024-04-30,0.0122
HPQ,2024-07-31,-0.0653
HPQ,2024-10-31,-0.0360
HPQ,2025-01-31,0.0124
HPQ,2025-04-30,0.0068
HPQ,2025-07-31,-0.0265
HRL,2021-04-30,0.0172
HRL,2021-07-31,0.0262
HRL,2021-10-31,-0.0185
HRL,2022-01-31,-0.0052
HRL,2022-04-30,0.0136
HRL,2022-07-31,0.0081
HRL,2022-10-31,0.0039
HRL,2023-01-31,-0.0169
HRL,2023-04-30,-0.0011
HRL,2023-07-31,-0.0162
HRL,2023-10-31,-0.0169
HRL,2024-01-31,-0.0287
HRL,2024-04-30,-0.0016
HRL,2024-07-31,-0.0131
HRL,2024-10-31,-0.0228
HRL,2025-01-31,-0.0059
HRL,2025-04-30,0.0043
HRL,2025-07-31,-0.0078
HSIC,2021-03-31,0.0279
HSIC,2021-06-30,0.0097
HSIC,2021-09-30,0.0013
HSIC,2021-12-31,-0.0085
HSIC,2022-03-31,0.0157
HSIC,2022-06-30,0.0055
HSIC,2022-09-30,0.0098
HSIC,2022-12-31,-0.0293
HSIC,2023-03-31,0.0005
HSIC,2023-06-30,-0.0289
HSIC,2023-09-30,0.0192
HSIC,2023-12-31,-0.0409
HSIC,2024-03-31,-0.0163
HSIC,2024-06-30,-0.0466
HSIC,2024-09-30,-0.0364
HSIC,2024-12-31,-0.0380
HSIC,2025-03-31,-0.0361
HSIC,2025-06-30,-0.0005
HST,2021-03-31,-0.0001
HST,2021-06-30,0.0020
HST,2021-09-30,-0.0006
HST,2021-12-31,0.0049
HST,2022-03-31,0.0000
HST,2022-06-30,0.0365
HST,2022-09-30,-0.0078
HST,2022-12-31,-0.0743
HST,2023-03-31,0.0085
HST,2023-06-30,-0.0316
HST,2023-09-30,-0.0575
HST,2023-12-31,-0.0885
HST,2024-03-31,0.0015
HST,2024-06-30,-0.0297
HST,2024-09-30,-0.0519
HST,2024-12-31,-0.0700
HST,2025-03-31,-0.0524
HST,2025-06-30,-0.0179
HSY,2021-03-31,-0.0092
HSY,2021-06-30,0.0051
HSY,2021-09-30,0.0169
HSY,2021-12-31,-0.0208
HSY,2022-03-31,0.0060
HSY,2022-06-30,0.0024
HSY,2022-09-30,0.0063
HSY,2022-12-31,-0.0510
HSY,2023-03-31,-0.0089
HSY,2023-06-30,0.0028
HSY,2023-09-30,-0.0229
HSY,2023-12-31,-0.0423
HSY,2024-03-31,0.0278
HSY,2024-06-30,-0.0228
HSY,2024-09-30,-0.0317
HSY,2024-12-31,-0.0225
HSY,2025-03-31,-0.0081
HSY,2025-06-30,-0.0127
HUBB,2021-03-31,0.0139
HUBB,2021-06-30,0.0019
HUBB,2021-09-30,0.0102
HUBB,2021-12-31,-0.0249
HUBB,2022-03-31,0.0142
HUBB,2022-06-30,-0.0006
HUBB,2022-09-30,-0.0079
HUBB,2022-12-31,-0.0416
HUBB,2023-03-31,0.0161
HUBB,2023-06-30,-0.0087
HUBB,2023-09-30,-0.0140
HUBB,2023-12-31,-0.0310
HUBB,2024-03-31,0.0047
HUBB,2024-06-30,-0.0136
HUBB,2024-09-30,-0.0162
HUBB,2024-12-31,-0.0564
HUBB,2025-03-31,0.0203
HUBB,2025-06-30,0.0136
HUM,2021-03-31,0.0188
HUM,2021-06-30,0.0185
HUM,2021-09-30,-0.0345
HUM,2021-12-31,0.0305
HUM,2022-03-31,-0.0416
HUM,2022-06-30,-0.0067
HUM,2022-09-30,-0.1630
HUM,2022-12-31,0.1393
HUM,2023-03-31,-0.1755
HUM,2023-06-30,-0.0575
HUM,2023-09-30,0.0119
HUM,2023-12-31,0.1531
HUM,2024-03-31,-0.0032
HUM,2024-06-30,-0.0103
HUM,2024-09-30,-0.0167
HUM,2024-12-31,0.0179
HUM,2025-03-31,0.0325
HUM,2025-06-30,-0.0110
HWM,2021-03-31,0.0007
HWM,2021-06-30,0.0419
HWM,2021-09-30,0.0030
HWM,2021-12-31,-0.0121
HWM,2022-03-31,0.0239
HWM,2022-06-30,-0.0029
HWM,2022-09-30,0.0034
HWM,2022-12-31,-0.0403
HWM,2023-03-31,0.0174
HWM,2023-06-30,-0.0069
HWM,2023-09-30,-0.0151
HWM,2023-12-31,-0.0366
HWM,2024-03-31,0.0115
HWM,2024-06-30,-0.0167
HWM,2024-09-30,-0.0074
HWM,2024-12-31,-0.0400
HWM,2025-03-31,0.0144
HWM,2025-06-30,-0.0056
IBKR,2021-03-31,-0.0221
IBKR,2021-06-30,0.0762
IBKR,2021-09-30,-0.0126
IBKR,2021-12-31,0.0146
IBKR,2022-03-31,-0.1196
IBKR,2022-06-30,-0.0425
IBKR,2022-09-30,-0.0099
IBKR,2022-12-31,-0.0160
IBKR,2023-03-31,-0.0414
IBKR,2023-06-30,0.0132
IBKR,2023-09-30,0.0277
IBKR,2023-12-31,-0.0497
IBKR,2024-03-31,0.0261
IBKR,2024-06-30,0.0057
IBKR,2024-09-30,-0.0622
IBKR,2024-12-31,0.0421
IBKR,2025-03-31,-0.0360
IBKR,2025-06-30,-0.1136
IBM,2021-03-31,-0.0051
IBM,2021-06-30,0.0069
IBM,2021-09-30,0.0060
IBM,2021-12-31,0.0134
IBM,2022-03-31,-0.0072
IBM,2022-06-30,0.0005
IBM,2022-09-30,0.0038
IBM,2022-12-31,-0.0475
IBM,2023-03-31,-0.0178
IBM,2023-06-30,-0.0153
IBM,2023-09-30,-0.0239
IBM,2023-12-31,-0.0390
IBM,2024-03-31,-0.0178
IBM,2024-06-30,-0.0107
IBM,2024-09-30,-0.0244
IBM,2024-12-31,-0.0340
IBM,2025-03-31,-0.0477
IBM,2025-06-30,-0.0053
IBM,2025-09-30,-0.0117
ICE,2021-03-31,0.0040
ICE,2021-06-30,0.0154
ICE,2021-09-30,-0.0080
ICE,2021-12-31,0.0013
ICE,2022-03-31,-0.0004
ICE,2022-06-30,0.0043
ICE,2022-09-30,0.0005
ICE,2022-12-31,-0.0068
ICE,2023-03-31,0.0002
ICE,2023-06-30,-0.0045
ICE,2023-09-30,-0.0201
ICE,2023-12-31,-0.0077
ICE,2024-03-31,-0.0016
ICE,2024-06-30,-0.0169
ICE,2024-09-30,-0.0030
ICE,2024-12-31,-0.0161
ICE,2025-03-31,-0.0004
ICE,2025-06-30,0.0005
IDXX,2021-03-31,0.0454
IDXX,2021-06-30,-0.0038
IDXX,2021-09-30,-0.0033
IDXX,2021-12-31,-0.0460
IDXX,2022-03-31,-0.0831
IDXX,2022-06-30,-0.0585
IDXX,2022-09-30,0.0030
IDXX,2022-12-31,-0.0204
IDXX,2023-03-31,0.0690
IDXX,2023-06-30,0.0471
IDXX,2023-09-30,-0.0303
IDXX,2023-12-31,-0.0576
IDXX,2024-03-31,0.0088
IDXX,2024-06-30,-0.0311
IDXX,2024-09-30,-0.0181
IDXX,2024-12-31,-0.0400
IDXX,2025-03-31,-0.0470
IDXX,2025-06-30,-0.0535
IEX,2021-03-31,0.0187
IEX,2021-06-30,0.0032
IEX,2021-09-30,-0.0048
IEX,2021-12-31,0.0074
IEX,2022-03-31,0.0276
IEX,2022-06-30,-0.0002
IEX,2022-09-30,-0.0065
IEX,2022-12-31,-0.0276
IEX,2023-03-31,0.0108
IEX,2023-06-30,-0.0091
IEX,2023-09-30,-0.0333
IEX,2023-12-31,-0.0359
IEX,2024-03-31,0.0043
IEX,2024-06-30,-0.0181
IEX,2024-09-30,-0.0151
IEX,2024-12-31,-0.0312
IEX,2025-03-31,0.0084
IEX,2025-06-30,-0.0192
IFF,2021-03-31,0.0565
IFF,2021-06-30,0.0023
IFF,2021-09-30,0.0156
IFF,2021-12-31,-0.0030
IFF,2022-03-31,0.0044
IFF,2022-06-30,-0.0095
IFF,2022-09-30,-0.0032
IFF,2022-12-31,-0.0082
IFF,2023-03-31,-0.0430
IFF,2023-06-30,-0.0192
IFF,2023-09-30,-0.0189
IFF,2023-12-31,-0.0430
IFF,2024-03-31,-0.0083
IFF,2024-06-30,0.0559
IFF,2024-09-30,-0.0063
IFF,2024-12-31,-0.0840
IFF,2025-03-31,-0.0279
IFF,2025-06-30,-0.0633
INCY,2021-03-31,-0.0177
INCY,2021-06-30,0.0040
INCY,2021-09-30,0.0044
INCY,2021-12-31,0.0044
INCY,2022-03-31,-0.0118
INCY,2022-06-30,0.0229
INCY,2022-09-30,-0.0259
INCY,2022-12-31,-0.0366
INCY,2023-03-31,0.0235
INCY,2023-06-30,-0.0284
INCY,2023-09-30,-0.0033
INCY,2024-03-31,-0.0269
INCY,2024-06-30,0.0110
INCY,2024-09-30,-0.0508
INCY,2024-12-31,-0.0349
INCY,2025-03-31,-0.0149
INCY,2025-06-30,0.0898
INTC,2021-03-31,0.0051
INTC,2021-06-30,0.0098
INTC,2021-09-30,-0.0098
INTC,2021-12-31,0.0276
INTC,2022-03-31,-0.0431
INTC,2022-06-30,0.0011
INTC,2022-09-30,0.0114
INTC,2022-12-31,-0.1117
INTC,2023-03-31,-0.0099
INTC,2023-06-30,-0.0261
INTC,2023-09-30,-0.0495
INTC,2023-12-31,-0.0504
INTC,2024-03-31,0.0190
INTC,2024-06-30,-0.0479
INTC,2024-09-30,-0.0615
INTC,2024-12-31,-0.0447
INTC,2025-03-31,-0.0095
INTC,2025-06-30,-0.0307
INTU,2021-04-30,-0.0119
INTU,2021-07-31,0.0085
INTU,2021-10-31,0.0307
INTU,2022-01-31,0.0004
INTU,2022-04-30,-0.0272
INTU,2022-07-31,-0.0081
INTU,2022-10-31,0.0135
INTU,2023-01-31,0.0040
INTU,2023-04-30,-0.0454
INTU,2023-07-31,-0.0166
INTU,2023-10-31,0.0019
INTU,2024-01-31,0.0151
INTU,2024-04-30,-0.0517
INTU,2024-07-31,-0.0336
INTU,2024-10-31,0.0133
INTU,2025-01-31,0.0107
INTU,2025-04-30,-0.0574
INTU,2025-07-31,0.0065
INVH,2021-03-31,-0.0018
INVH,2021-06-30,-0.0021
INVH,2021-09-30,-0.0566
INVH,2021-12-31,-0.0482
INVH,2022-03-31,0.0010
INVH,2022-06-30,-0.0354
INVH,2022-09-30,-0.0048
INVH,2022-12-31,-0.0284
INVH,2023-03-31,-0.0107
INVH,2023-06-30,-0.0191
INVH,2023-09-30,-0.0750
INVH,2023-12-31,-0.0272
INVH,2024-03-31,-0.0115
INVH,2024-06-30,-0.0248
INVH,2024-09-30,-0.0557
INVH,2024-12-31,-0.0306
INVH,2025-03-31,-0.0397
INVH,2025-06-30,-0.0133
IP,2021-03-31,0.0200
IP,2021-06-30,-0.0033
IP,2021-09-30,-0.0429
IP,2021-12-31,-0.0060
IP,2022-03-31,0.0087
IP,2022-06-30,0.0034
IP,2022-09-30,-0.0164
IP,2022-12-31,-0.0566
IP,2023-03-31,0.0182
IP,2023-06-30,-0.0195
IP,2023-09-30,-0.0276
IP,2023-12-31,-0.0697
IP,2024-03-31,-0.0121
IP,2024-06-30,-0.0295
IP,2024-09-30,-0.0463
IP,2024-12-31,-0.0627
IP,2025-03-31,-0.0362
IP,2025-06-30,-0.0113
IPG,2021-03-31,0.0283
IPG,2021-06-30,-0.0066
IPG,2021-09-30,-0.0038
IPG,2021-12-31,-0.0540
IPG,2022-03-31,0.0452
IPG,2022-06-30,0.0220
IPG,2022-09-30,0.0172
IPG,2022-12-31,-0.0638
IPG,2023-03-31,0.0361
IPG,2023-06-30,0.0069
IPG,2023-09-30,-0.0088
IPG,2023-12-31,-0.0396
IPG,2024-03-31,0.0148
IPG,2024-06-30,-0.0012
IPG,2024-09-30,-0.0124
IPG,2024-12-31,-0.0643
IPG,2025-03-31,-0.0014
IPG,2025-06-30,0.0097
IQV,2021-03-31,-0.0133
IQV,2021-06-30,0.0013
IQV,2021-09-30,-0.0117
IQV,2021-12-31,-0.0028
IQV,2022-03-31,0.0031
IQV,2022-06-30,0.0093
IQV,2022-09-30,-0.0063
IQV,2022-12-31,-0.0479
IQV,2023-03-31,-0.0034
IQV,2023-06-30,-0.0115
IQV,2023-09-30,-0.0332
IQV,2023-12-31,-0.0536
IQV,2024-03-31,-0.0094
IQV,2024-06-30,-0.0150
IQV,2024-09-30,-0.0437
IQV,2024-12-31,-0.0410
IQV,2025-03-31,-0.0135
IQV,2025-06-30,-0.0262
IR,2021-03-31,0.0230
IR,2021-06-30,-0.0474
IR,2021-09-30,0.0093
IR,2021-12-31,0.0114
IR,2022-03-31,0.0136
IR,2022-06-30,0.0021
IR,2022-09-30,-0.0013
IR,2022-12-31,-0.0352
IR,2023-03-31,0.0038
IR,2023-06-30,-0.0104
IR,2023-09-30,-0.0254
IR,2023-12-31,-0.0466
IR,2024-03-31,0.0055
IR,2024-06-30,-0.0045
IR,2024-09-30,-0.0187
IR,2024-12-31,-0.0395
IR,2025-03-31,-0.0007
IR,2025-06-30,-0.0205
IRM,2021-03-31,0.0149
IRM,2021-06-30,-0.0028
IRM,2021-09-30,0.0117
IRM,2021-12-31,-0.0087
IRM,2022-03-31,0.0164
IRM,2022-06-30,-0.0013
IRM,2022-09-30,0.0035
IRM,2022-12-31,-0.0583
IRM,2023-03-31,-0.0130
IRM,2023-06-30,-0.0262
IRM,2023-09-30,-0.0315
IRM,2023-12-31,-0.0558
IRM,2024-03-31,0.0011
IRM,2024-06-30,-0.0303
IRM,2024-09-30,-0.0462
IRM,2024-12-31,-0.0616
IRM,2025-03-31,0.0046
IRM,2025-06-30,-0.0270
ISRG,2021-03-31,0.0047
ISRG,2021-06-30,-0.0025
ISRG,2021-09-30,0.0032
ISRG,2021-12-31,-0.0092
ISRG,2022-03-31,0.0157
ISRG,2022-06-30,-0.0018
ISRG,2022-09-30,0.0048
ISRG,2022-12-31,-0.0324
ISRG,2023-03-31,0.0050
ISRG,2023-06-30,-0.0288
ISRG,2023-09-30,-0.0185
ISRG,2023-12-31,-0.0137
ISRG,2024-03-31,0.0214
ISRG,2024-06-30,-0.0177
ISRG,2024-09-30,-0.0271
ISRG,2024-12-31,-0.0249
ISRG,2025-03-31,0.0056
ISRG,2025-06-30,-0.0100
ISRG,2025-09-30,-0.0201
IT,2021-03-31,0.0108
IT,2021-06-30,-0.0290
IT,2021-09-30,-0.0159
IT,2021-12-31,0.0067
IT,2022-03-31,0.0101
IT,2022-06-30,-0.0168
IT,2022-09-30,-0.0119
IT,2022-12-31,-0.0102
IT,2023-03-31,0.0023
IT,2023-06-30,-0.0354
IT,2023-09-30,-0.0352
IT,2023-12-31,-0.0187
IT,2024-03-31,0.0075
IT,2024-06-30,-0.0187
IT,2024-09-30,-0.0332
IT,2024-12-31,-0.0273
IT,2025-03-31,-0.0115
IT,2025-06-30,-0.0203
ITW,2021-03-31,0.0109
ITW,2021-06-30,0.0124
ITW,2021-09-30,0.0058
ITW,2021-12-31,-0.0011
ITW,2022-03-31,0.0256
ITW,2022-06-30,0.0096
ITW,2022-09-30,-0.0003
ITW,2022-12-31,-0.0285
ITW,2023-03-31,0.0018
ITW,2023-06-30,-0.0191
ITW,2023-09-30,-0.0289
ITW,2023-12-31,-0.0413
ITW,2024-03-31,0.0139
ITW,2024-06-30,-0.0126
ITW,2024-09-30,-0.0278
ITW,2024-12-31,-0.0482
ITW,2025-03-31,0.0075
ITW,2025-06-30,0.0125
IVZ,2021-03-31,0.0137
IVZ,2021-06-30,0.0293
IVZ,2021-09-30,0.0078
IVZ,2021-12-31,0.0202
IVZ,2022-03-31,0.0024
IVZ,2022-06-30,-0.0218
IVZ,2022-09-30,-0.0154
IVZ,2022-12-31,0.0429
IVZ,2023-03-31,-0.0369
IVZ,2023-06-30,-0.0068
IVZ,2023-09-30,-0.0097
IVZ,2023-12-31,-0.0484
IVZ,2024-03-31,0.0186
IVZ,2024-06-30,-0.0459
IVZ,2024-09-30,-0.0170
IVZ,2024-12-31,-0.2944
IVZ,2025-03-31,0.0024
IVZ,2025-06-30,-0.0080
J,2021-03-31,-0.0097
J,2021-06-30,-0.0161
J,2021-09-30,-0.0011
J,2021-12-31,-0.0046
J,2022-03-31,-0.0242
J,2022-06-30,0.0417
J,2022-09-30,0.0045
J,2022-12-31,-0.0034
J,2023-03-31,-0.0025
J,2023-06-30,-0.0178
J,2023-09-30,-0.0267
J,2023-12-31,-0.0158
J,2024-03-31,0.0085
J,2024-06-30,-0.0338
J,2024-09-30,-0.0568
J,2024-12-31,-0.0156
J,2025-03-31,0.0105
J,2025-06-30,-0.0220
JBHT,2021-03-31,-0.0051
JBHT,2021-06-30,-0.0005
JBHT,2021-09-30,0.0055
JBHT,2021-12-31,0.0207
JBHT,2022-03-31,0.0156
JBHT,2022-06-30,-0.0074
JBHT,2022-09-30,-0.0097
JBHT,2022-12-31,-0.0814
JBHT,2023-03-31,-0.0367
JBHT,2023-06-30,-0.0642
JBHT,2023-09-30,-0.0602
JBHT,2023-12-31,-0.0711
JBHT,2024-03-31,-0.0406
JBHT,2024-06-30,-0.0511
JBHT,2024-09-30,-0.0680
JBHT,2024-12-31,-0.0577
JBHT,2025-03-31,-0.1031
JBHT,2025-06-30,-0.0279
JBL,2021-02-28,0.0260
JBL,2021-05-31,-0.0193
JBL,2021-08-31,-0.0336
JBL,2021-11-30,-0.0005
JBL,2022-02-28,0.0252
JBL,2022-05-31,0.0225
JBL,2022-08-31,-0.0384
JBL,2022-11-30,0.0046
JBL,2023-02-28,-0.0152
JBL,2023-05-31,-0.0368
JBL,2023-08-31,-0.0013
JBL,2023-11-30,-0.0187
JBL,2024-02-29,-0.0666
JBL,2024-08-31,-0.0639
JBL,2024-11-30,-0.0145
JBL,2025-02-28,-0.0229
JBL,2025-05-31,-0.0603
JBL,2025-08-31,-0.0455
JCI,2021-03-31,-0.0036
JCI,2021-06-30,0.0003
JCI,2021-09-30,-0.0057
JCI,2021-12-31,-0.0006
JCI,2022-03-31,0.0161
JCI,2022-06-30,0.0003
JCI,2022-09-30,-0.0281
JCI,2022-12-31,0.0293
JCI,2023-03-31,-0.0023
JCI,2023-06-30,-0.0132
JCI,2023-09-30,-0.0582
JCI,2023-12-31,0.0186
JCI,2024-03-31,-0.0035
JCI,2024-06-30,-0.0094
JCI,2024-09-30,-0.0418
JCI,2024-12-31,0.0017
JCI,2025-03-31,-0.0050
JCI,2025-06-30,-0.0123
JKHY,2021-03-31,0.0231
JKHY,2021-06-30,-0.0435
JKHY,2021-09-30,0.0195
JKHY,2021-12-31,0.0210
JKHY,2022-03-31,0.0202
JKHY,2022-06-30,-0.0381
JKHY,2022-09-30,-0.0151
JKHY,2022-12-31,-0.0162
JKHY,2023-03-31,-0.0144
JKHY,2023-06-30,0.8321
JKHY,2023-09-30,-0.9286
JKHY,2023-12-31,-0.0139
JKHY,2024-03-31,-0.0547
JKHY,2024-06-30,-0.0951
JKHY,2024-09-30,-0.0475
JKHY,2024-12-31,-0.0050
JKHY,2025-03-31,-0.0145
JKHY,2025-06-30,-0.1234
JNJ,2021-03-31,0.0197
JNJ,2021-06-30,0.0158
JNJ,2021-09-30,-0.0304
JNJ,2021-12-31,-0.0010
JNJ,2022-03-31,0.0139
JNJ,2022-06-30,-0.0011
JNJ,2022-09-30,-0.0048
JNJ,2022-12-31,-0.0916
JNJ,2023-03-31,-0.0321
JNJ,2023-06-30,0.0122
JNJ,2023-09-30,0.0128
JNJ,2023-12-31,-0.0541
JNJ,2024-03-31,-0.0238
JNJ,2024-06-30,-0.0411
JNJ,2024-09-30,-0.0148
JNJ,2024-12-31,-0.0418
JNJ,2025-03-31,-0.0372
JNJ,2025-06-30,0.0096
JNJ,2025-09-30,-0.0091
K,2021-03-31,0.0018
K,2021-06-30,-0.0025
K,2021-09-30,-0.0042
K,2021-12-31,0.0087
K,2022-03-31,0.0022
K,2022-06-30,0.0104
K,2022-09-30,0.0060
K,2022-12-31,-0.0541
K,2023-03-31,0.0059
K,2023-06-30,-0.0036
K,2023-09-30,-0.0264
K,2023-12-31,-0.0184
K,2024-03-31,0.0156
K,2024-06-30,-0.0061
K,2024-09-30,-0.0231
K,2024-12-31,-0.0206
K,2025-03-31,-0.0381
K,2025-06-30,-0.0131
KDP,2021-03-31,0.0130
KDP,2021-06-30,0.0087
KDP,2021-09-30,0.0055
KDP,2021-12-31,0.0039
KDP,2022-03-31,0.0087
KDP,2022-06-30,0.0002
KDP,2022-09-30,-0.0057
KDP,2022-12-31,-0.0325
KDP,2023-03-31,-0.0217
KDP,2023-06-30,-0.0073
KDP,2023-09-30,-0.0085
KDP,2023-12-31,-0.0166
KDP,2024-03-31,0.0361
KDP,2024-06-30,-0.0143
KDP,2024-09-30,-0.0110
KDP,2024-12-31,0.0203
KDP,2025-03-31,-0.0851
KDP,2025-06-30,0.0410
KEY,2021-03-31,-0.0361
KEY,2021-06-30,-0.0225
KEY,2021-09-30,-0.0417
KEY,2021-12-31,0.0189
KEY,2022-03-31,0.0338
KEY,2022-06-30,0.0329
KEY,2022-09-30,-0.0002
KEY,2022-12-31,0.0207
KEY,2023-03-31,-0.0173
KEY,2023-06-30,0.0014
KEY,2023-09-30,0.0111
KEY,2023-12-31,-0.0238
KEY,2024-03-31,-0.0074
KEY,2024-06-30,-0.0319
KEY,2024-09-30,-0.0151
KEY,2024-12-31,-0.0027
KEY,2025-03-31,0.0012
KEY,2025-06-30,0.0231
KEYS,2021-04-30,-0.0155
KEYS,2021-07-31,0.0052
KEYS,2021-10-31,-0.0005
KEYS,2022-01-31,0.0130
KEYS,2022-04-30,0.0085
KEYS,2022-07-31,0.0207
KEYS,2022-10-31,-0.0021
KEYS,2023-01-31,-0.0245
KEYS,2023-04-30,-0.0016
KEYS,2023-07-31,0.0046
KEYS,2023-10-31,-0.0305
KEYS,2024-01-31,-0.0310
KEYS,2024-04-30,0.0028
KEYS,2024-07-31,-0.0114
KEYS,2024-10-31,-0.0270
KEYS,2025-01-31,-0.0228
KEYS,2025-04-30,-0.0288
KEYS,2025-07-31,0.0447
KHC,2021-03-31,0.0379
KHC,2021-06-30,-0.0425
KHC,2021-09-30,0.0072
KHC,2021-12-31,-0.0279
KHC,2022-03-31,0.0083
KHC,2022-06-30,0.0074
KHC,2022-09-30,0.0028
KHC,2022-12-31,-0.0133
KHC,2023-03-31,0.0044
KHC,2023-06-30,-0.0046
KHC,2023-09-30,-0.0045
KHC,2023-12-31,-0.0156
KHC,2024-03-31,0.0033
KHC,2024-06-30,-0.0035
KHC,2024-09-30,-0.0043
KHC,2024-12-31,-0.0127
KHC,2025-03-31,0.0018
KHC,2025-06-30,-0.0073
KIM,2021-03-31,0.0110
KIM,2021-06-30,-0.0001
KIM,2021-09-30,0.0024
KIM,2021-12-31,-0.0109
KIM,2022-03-31,0.0119
KIM,2022-06-30,0.0003
KIM,2022-09-30,0.0005
KIM,2022-12-31,-0.0379
KIM,2023-03-31,-0.0068
KIM,2023-06-30,-0.0150
KIM,2023-09-30,-0.0247
KIM,2023-12-31,-0.0245
KIM,2024-03-31,-0.0094
KIM,2024-06-30,-0.0163
KIM,2024-09-30,-0.0248
KIM,2024-12-31,-0.0275
KIM,2025-03-31,-0.0079
KIM,2025-06-30,-0.0070
KKR,2021-03-31,-0.8292
KKR,2021-06-30,-0.0213
KKR,2021-09-30,-0.1161
KKR,2021-12-31,0.0011
KKR,2022-03-31,-0.0141
KKR,2022-06-30,-0.0138
KKR,2022-09-30,-0.0018
KKR,2022-12-31,-0.0243
KKR,2023-03-31,0.0002
KKR,2023-06-30,-0.0019
KKR,2023-09-30,-0.0014
KKR,2023-12-31,-0.1000
KKR,2024-03-31,-0.0705
KKR,2024-06-30,-0.0175
KKR,2024-09-30,-0.0227
KKR,2024-12-31,0.0020
KKR,2025-03-31,-0.0151
KKR,2025-06-30,-0.0121
KLAC,2021-03-31,0.0027
KLAC,2021-06-30,0.0163
KLAC,2021-09-30,-0.0094
KLAC,2021-12-31,0.0103
KLAC,2022-03-31,0.0035
KLAC,2022-06-30,0.0336
KLAC,2022-09-30,-0.0030
KLAC,2022-12-31,0.0021
KLAC,2023-03-31,-0.0280
KLAC,2023-06-30,-0.0533
KLAC,2023-09-30,-0.0159
KLAC,2023-12-31,-0.0070
KLAC,2024-03-31,-0.0445
KLAC,2024-06-30,-0.0395
KLAC,2024-09-30,-0.0104
KLAC,2024-12-31,-0.0087
KLAC,2025-03-31,-0.0256
KLAC,2025-06-30,-0.0333
KMB,2021-03-31,0.0281
KMB,2021-06-30,0.0064
KMB,2021-09-30,-0.0026
KMB,2021-12-31,-0.0275
KMB,2022-03-31,0.0078
KMB,2022-06-30,0.0028
KMB,2022-09-30,-0.0082
KMB,2022-12-31,-0.0540
KMB,2023-03-31,-0.0128
KMB,2023-06-30,-0.0220
KMB,2023-09-30,-0.0319
KMB,2023-12-31,-0.0739
KMB,2024-03-31,0.0143
KMB,2024-06-30,-0.0273
KMB,2024-09-30,-0.0526
KMB,2024-12-31,-0.0532
KMB,2025-03-31,0.0135
KMB,2025-06-30,-0.0290
KMI,2021-03-31,0.0054
KMI,2021-06-30,-0.0061
KMI,2021-09-30,-0.0005
KMI,2021-12-31,0.0015
KMI,2022-03-31,0.0007
KMI,2022-06-30,-0.0042
KMI,2022-09-30,0.0045
KMI,2022-12-31,-0.0340
KMI,2023-03-31,-0.0058
KMI,2023-06-30,-0.0210
KMI,2023-09-30,-0.0272
KMI,2023-12-31,-0.0323
KMI,2024-03-31,-0.0044
KMI,2024-06-30,-0.0225
KMI,2024-09-30,-0.0236
KMI,2024-12-31,-0.0349
KMI,2025-03-31,-0.0038
KMI,2025-06-30,-0.0184
KO,2021-03-31,0.0172
KO,2021-06-30,-0.0140
KO,2021-09-30,-0.0072
KO,2021-12-31,-0.0273
KO,2022-03-31,0.0291
KO,2022-06-30,-0.0243
KO,2022-09-30,-0.0169
KO,2022-12-31,0.0018
KO,2023-03-31,-0.0198
KO,2023-06-30,-0.0169
KO,2023-09-30,0.0030
KO,2023-12-31,0.0023
KO,2024-03-31,-0.0623
KO,2024-06-30,-0.0083
KO,2024-09-30,-0.0141
KO,2024-12-31,0.0109
KO,2025-03-31,0.0164
KO,2025-06-30,0.0113
KO,2025-09-30,-0.0037
KR,2021-04-30,-0.0021
KR,2021-07-31,-0.0035
KR,2021-10-31,-0.0162
KR,2022-01-31,-0.0141
KR,2022-04-30,0.0128
KR,2022-07-31,-0.0039
KR,2022-10-31,0.0078
KR,2023-01-31,-0.0697
KR,2023-04-30,-0.0426
KR,2023-07-31,-0.0429
KR,2023-10-31,-0.0372
KR,2024-01-31,-0.0831
KR,2024-07-31,-0.0352
KR,2024-10-31,-0.0475
KR,2025-01-31,-0.0698
KR,2025-04-30,-0.0785
KR,2025-07-31,-0.0252
KVUE,2023-09-30,-0.0172
KVUE,2023-12-31,-0.0372
KVUE,2024-03-31,-0.0235
KVUE,2024-06-30,-0.0051
KVUE,2024-09-30,-0.0174
KVUE,2024-12-31,-0.0321
KVUE,2025-03-31,-0.0521
KVUE,2025-06-30,0.0252
L,2021-03-31,0.0060
L,2021-06-30,-0.0115
L,2021-09-30,-0.0029
L,2021-12-31,0.0012
L,2022-03-31,0.0078
L,2022-06-30,0.0124
L,2022-09-30,0.0019
L,2022-12-31,-0.0064
L,2023-03-31,-0.0186
L,2023-06-30,0.0008
L,2023-09-30,0.0055
L,2023-12-31,-0.0215
L,2024-03-31,0.0002
L,2024-06-30,0.0019
L,2024-09-30,-0.0188
L,2024-12-31,0.0066
L,2025-03-31,-0.0089
L,2025-06-30,-0.0076
LDOS,2021-03-31,0.0044
LDOS,2021-06-30,0.0183
LDOS,2021-09-30,-0.0136
LDOS,2021-12-31,0.0020
LDOS,2022-03-31,0.0081
LDOS,2022-06-30,0.0140
LDOS,2022-09-30,-0.0396
LDOS,2022-12-31,-0.0062
LDOS,2023-03-31,0.0160
LDOS,2023-06-30,-0.0015
LDOS,2023-09-30,-0.0961
LDOS,2023-12-31,-0.0699
LDOS,2024-03-31,0.0118
LDOS,2024-06-30,-0.0115
LDOS,2024-09-30,-0.0296
LDOS,2024-12-31,-0.0099
LDOS,2025-03-31,0.0264
LDOS,2025-06-30,0.0012
LEN,2021-02-28,0.0267
LEN,2021-05-31,0.0177
LEN,2021-08-31,0.0179
LEN,2021-11-30,-0.0150
LEN,2022-02-28,0.0541
LEN,2022-05-31,0.0281
LEN,2022-08-31,0.0191
LEN,2022-11-30,-0.0506
LEN,2023-02-28,0.0077
LEN,2023-05-31,-0.0077
LEN,2023-08-31,0.0054
LEN,2023-11-30,-0.1020
LEN,2024-02-29,0.0124
LEN,2024-08-31,0.0052
LEN,2024-11-30,-0.0172
LEN,2025-02-28,-0.1492
LEN,2025-05-31,0.0234
LEN,2025-08-31,0.0037
LH,2021-03-31,-0.0171
LH,2021-06-30,0.0336
LH,2021-09-30,0.0016
LH,2021-12-31,-0.0011
LH,2022-03-31,0.0136
LH,2022-06-30,-0.0017
LH,2022-09-30,0.0060
LH,2022-12-31,-0.0615
LH,2023-03-31,0.0065
LH,2023-06-30,-0.0368
LH,2023-09-30,-0.0643
LH,2023-12-31,-0.0535
LH,2024-03-31,-0.0446
LH,2024-06-30,-0.0293
LH,2024-09-30,0.0150
LH,2024-12-31,-0.0360
LH,2025-03-31,0.0419
LH,2025-06-30,-0.0449
LHX,2021-03-31,0.0322
LHX,2021-06-30,-0.0340
LHX,2021-09-30,0.0026
LHX,2021-12-31,-0.0092
LHX,2022-03-31,0.0143
LHX,2022-06-30,-0.0066
LHX,2022-09-30,-0.0010
LHX,2022-12-31,-0.0579
LHX,2023-03-31,-0.0015
LHX,2023-06-30,-0.0306
LHX,2023-09-30,-0.0656
LHX,2023-12-31,-0.0136
LHX,2024-03-31,-0.0109
LHX,2024-06-30,-0.0292
LHX,2024-09-30,0.0079
LHX,2024-12-31,-0.0273
LHX,2025-03-31,-0.0130
LHX,2025-06-30,-0.0249
LII,2021-03-31,0.0711
LII,2021-06-30,0.0033
LII,2021-09-30,-0.0365
LII,2021-12-31,-0.0093
LII,2022-03-31,0.0985
LII,2022-06-30,0.0235
LII,2022-09-30,0.0057
LII,2022-12-31,-0.0585
LII,2023-03-31,0.0695
LII,2023-06-30,-0.0033
LII,2023-09-30,-0.0484
LII,2023-12-31,-0.1515
LII,2024-03-31,0.0163
LII,2024-06-30,0.0431
LII,2024-09-30,-0.0348
LII,2024-12-31,-0.0599
LII,2025-03-31,0.0469
LII,2025-06-30,0.0401
LII,2025-09-30,-0.0558
LIN,2021-03-31,0.0044
LIN,2021-06-30,0.0039
LIN,2021-09-30,-0.0048
LIN,2021-12-31,-0.0141
LIN,2022-03-31,0.0042
LIN,2022-06-30,0.0035
LIN,2022-09-30,-0.0009
LIN,2022-12-31,-0.0581
LIN,2023-03-31,-0.0076
LIN,2023-06-30,-0.0206
LIN,2023-09-30,-0.0240
LIN,2023-12-31,-0.0511
LIN,2024-03-31,-0.0026
LIN,2024-06-30,-0.0195
LIN,2024-09-30,-0.0388
LIN,2024-12-31,-0.0364
LIN,2025-03-31,-0.0430
LIN,2025-06-30,-0.0080
LKQ,2021-03-31,-0.0101
LKQ,2021-06-30,-0.0011
LKQ,2021-09-30,-0.0066
LKQ,2021-12-31,0.0223
LKQ,2022-03-31,0.0032
LKQ,2022-06-30,-0.0211
LKQ,2022-09-30,0.0003
LKQ,2022-12-31,-0.0129
LKQ,2023-03-31,0.0086
LKQ,2023-06-30,-0.0184
LKQ,2023-09-30,-0.0083
LKQ,2023-12-31,-0.0246
LKQ,2024-03-31,-0.0040
LKQ,2024-06-30,-0.0091
LKQ,2024-09-30,-0.0263
LKQ,2024-12-31,-0.0266
LKQ,2025-03-31,0.0135
LKQ,2025-06-30,-0.0103
LLY,2021-03-31,0.0117
LLY,2021-06-30,-0.0616
LLY,2021-09-30,0.0285
LLY,2021-12-31,0.0150
LLY,2022-03-31,-0.0004
LLY,2022-06-30,-0.0480
LLY,2022-09-30,0.0103
LLY,2022-12-31,-0.0430
LLY,2023-03-31,0.0406
LLY,2023-06-30,-0.0421
LLY,2023-09-30,-0.0393
LLY,2023-12-31,-0.0744
LLY,2024-03-31,0.1266
LLY,2024-06-30,-0.0751
LLY,2024-09-30,0.0301
LLY,2024-12-31,-0.0525
LLY,2025-03-31,0.0782
LLY,2025-06-30,0.0560
LMT,2021-03-31,0.0063
LMT,2021-06-30,0.0016
LMT,2021-09-30,0.0080
LMT,2021-12-31,-0.0271
LMT,2022-03-31,0.0145
LMT,2022-06-30,-0.0047
LMT,2022-09-30,-0.0103
LMT,2022-12-31,-0.0196
LMT,2023-03-31,-0.0008
LMT,2023-06-30,-0.0090
LMT,2023-09-30,-0.0221
LMT,2023-12-31,-0.0342
LMT,2024-03-31,-0.0004
LMT,2024-06-30,-0.0228
LMT,2024-09-30,-0.0145
LMT,2024-12-31,-0.0605
LMT,2025-03-31,0.0083
LMT,2025-06-30,-0.0137
LMT,2025-09-30,-0.0255
LNT,2021-03-31,0.0025
LNT,2021-06-30,0.0062
LNT,2021-09-30,0.0027
LNT,2021-12-31,-0.0007
LNT,2022-03-31,-0.0006
LNT,2022-06-30,0.0017
LNT,2022-09-30,-0.0089
LNT,2022-12-31,-0.0358
LNT,2023-03-31,-0.0019
LNT,2023-06-30,-0.0146
LNT,2023-09-30,-0.0215
LNT,2023-12-31,-0.0298
LNT,2024-03-31,-0.0068
LNT,2024-06-30,-0.0226
LNT,2024-09-30,-0.0183
LNT,2024-12-31,-0.0414
LNT,2025-03-31,-0.0344
LNT,2025-06-30,-0.0036
LOW,2021-04-30,-0.0285
LOW,2021-07-31,0.0277
LOW,2021-10-31,0.0038
LOW,2022-01-31,0.0034
LOW,2022-04-30,0.0056
LOW,2022-07-31,0.0077
LOW,2022-10-31,0.0123
LOW,2023-01-31,-0.0389
LOW,2023-04-30,0.0055
LOW,2023-07-31,-0.0351
LOW,2023-10-31,-0.0078
LOW,2024-01-31,-0.0379
LOW,2024-04-30,-0.0519
LOW,2024-07-31,-0.0291
LOW,2024-10-31,-0.0145
LOW,2025-01-31,-0.0323
LOW,2025-04-30,-0.0342
LOW,2025-07-31,-0.0464
LRCX,2021-03-31,0.0051
LRCX,2021-06-30,-0.0218
LRCX,2021-09-30,0.0460
LRCX,2021-12-31,-0.0132
LRCX,2022-03-31,0.0258
LRCX,2022-06-30,0.0428
LRCX,2022-09-30,0.0067
LRCX,2022-12-31,0.0121
LRCX,2023-03-31,-0.0472
LRCX,2023-06-30,-0.0312
LRCX,2023-09-30,-0.0092
LRCX,2023-12-31,-0.0336
LRCX,2024-03-31,-0.0286
LRCX,2024-06-30,-0.0026
LRCX,2024-09-30,-0.0509
LRCX,2024-12-31,0.0214
LRCX,2025-03-31,-0.0010
LRCX,2025-06-30,-0.0652
LULU,2021-04-30,0.0042
LULU,2021-07-31,0.0037
LULU,2021-10-31,0.0167
LULU,2022-01-31,-0.0523
LULU,2022-04-30,0.1031
LULU,2022-07-31,0.0487
LULU,2022-10-31,0.0542
LULU,2023-01-31,-0.1352
LULU,2023-04-30,0.0445
LULU,2023-07-31,-0.0334
LULU,2023-10-31,-0.0466
LULU,2024-01-31,-0.1555
LULU,2024-04-30,0.0289
LULU,2024-07-31,-0.0279
LULU,2024-10-31,-0.0279
LULU,2025-01-31,-0.1230
LULU,2025-04-30,0.0111
LULU,2025-07-31,0.0021
LUV,2021-03-31,-0.0216
LUV,2021-06-30,-0.0486
LUV,2021-09-30,0.0435
LUV,2021-12-31,0.0049
LUV,2022-03-31,-0.0107
LUV,2022-06-30,-0.0136
LUV,2022-09-30,-0.0055
LUV,2022-12-31,-0.0528
LUV,2023-03-31,-0.0350
LUV,2023-06-30,-0.0347
LUV,2023-09-30,-0.0293
LUV,2023-12-31,-0.0567
LUV,2024-03-31,-0.0025
LUV,2024-06-30,0.0051
LUV,2024-09-30,-0.0235
LUV,2024-12-31,-0.0508
LUV,2025-03-31,-0.0332
LUV,2025-06-30,-0.0194
LUV,2025-09-30,-0.0409
LVS,2021-03-31,0.1390
LVS,2021-06-30,-0.0054
LVS,2021-09-30,0.0058
LVS,2021-12-31,-0.0003
LVS,2022-03-31,-0.1388
LVS,2022-06-30,0.0063
LVS,2022-09-30,0.0065
LVS,2022-12-31,-0.0496
LVS,2023-03-31,-0.0126
LVS,2023-06-30,-0.0393
LVS,2023-09-30,-0.0436
LVS,2023-12-31,-0.0679
LVS,2024-03-31,-0.0058
LVS,2024-06-30,-0.0420
LVS,2024-09-30,-0.0582
LVS,2024-12-31,-0.0676
LVS,2025-03-31,-0.0460
LVS,2025-06-30,0.0007
LW,2021-02-28,0.0113
LW,2021-05-31,-0.0179
LW,2021-08-31,-0.0203
LW,2021-11-30,0.0259
LW,2022-02-28,0.0402
LW,2022-05-31,-0.0323
LW,2022-08-31,-0.0145
LW,2022-11-30,-0.0009
LW,2023-02-28,0.0049
LW,2023-05-31,-0.0393
LW,2023-08-31,-0.0233
LW,2023-11-30,-0.0001
LW,2024-02-29,0.0007
LW,2024-05-31,-0.0668
LW,2024-08-31,-0.0083
LW,2024-11-30,-0.0191
LW,2025-02-28,-0.0158
LW,2025-05-31,-0.0734
LW,2025-08-31,-0.0297
LYB,2021-03-31,0.0154
LYB,2021-06-30,0.0162
LYB,2021-09-30,-0.0068
LYB,2021-12-31,-0.0357
LYB,2022-03-31,0.0064
LYB,2022-06-30,0.0115
LYB,2022-09-30,-0.0125
LYB,2022-12-31,-0.0453
LYB,2023-03-31,0.0103
LYB,2023-06-30,-0.0207
LYB,2023-09-30,-0.0381
LYB,2023-12-31,-0.0629
LYB,2024-03-31,0.0208
LYB,2024-06-30,-0.0356
LYB,2024-09-30,-0.0262
LYB,2024-12-31,-0.0818
LYB,2025-03-31,-0.0118
LYB,2025-06-30,-0.0139
LYV,2021-03-31,-0.0056
LYV,2021-06-30,-0.0901
LYV,2021-09-30,0.0120
LYV,2021-12-31,-0.0638
LYV,2022-03-31,-0.0629
LYV,2022-06-30,0.0057
LYV,2022-09-30,0.0805
LYV,2022-12-31,-0.1016
LYV,2023-03-31,-0.0688
LYV,2023-06-30,-0.0219
LYV,2023-09-30,0.0629
LYV,2023-12-31,-0.0762
LYV,2024-03-31,-0.0484
LYV,2024-06-30,-0.0132
LYV,2024-09-30,0.0452
LYV,2024-12-31,-0.0886
LYV,2025-03-31,-0.0907
LYV,2025-06-30,-0.0116
MA,2021-03-31,0.0154
MA,2021-06-30,-0.0050
MA,2021-09-30,-0.0033
MA,2021-12-31,-0.0238
MA,2022-03-31,0.0211
MA,2022-06-30,0.0008
MA,2022-09-30,-0.0337
MA,2022-12-31,-0.0864
MA,2023-03-31,0.0052
MA,2023-06-30,-0.0135
MA,2023-09-30,-0.0406
MA,2023-12-31,-0.0944
MA,2024-03-31,0.0110
MA,2024-06-30,-0.0306
MA,2024-09-30,-0.0793
MA,2024-12-31,-0.1068
MA,2025-03-31,0.0173
MA,2025-06-30,-0.0385
MAA,2021-03-31,0.0028
MAA,2021-06-30,-0.0045
MAA,2021-09-30,-0.0046
MAA,2021-12-31,0.0013
MAA,2022-03-31,0.0047
MAA,2022-06-30,-0.0036
MAA,2022-09-30,-0.0066
MAA,2022-12-31,-0.0460
MAA,2023-03-31,-0.0080
MAA,2023-06-30,-0.0298
MAA,2023-09-30,-0.0414
MAA,2023-12-31,-0.0482
MAA,2024-03-31,-0.0061
MAA,2024-06-30,-0.0328
MAA,2024-09-30,-0.0437
MAA,2024-12-31,-0.0467
MAA,2025-03-31,-0.0070
MAA,2025-06-30,-0.0334
MAR,2021-03-31,-0.0170
MAR,2021-06-30,-0.0054
MAR,2021-09-30,-0.0017
MAR,2021-12-31,-0.0059
MAR,2022-03-31,0.0021
MAR,2022-06-30,-0.0168
MAR,2022-09-30,-0.0073
MAR,2022-12-31,-0.0087
MAR,2023-03-31,-0.0047
MAR,2023-06-30,0.0008
MAR,2023-09-30,-0.0108
MAR,2023-12-31,-0.0274
MAR,2024-03-31,-0.0028
MAR,2024-06-30,-0.0029
MAR,2024-09-30,-0.0162
MAR,2024-12-31,-0.0139
MAR,2025-03-31,0.0005
MAR,2025-06-30,0.0036
MAS,2021-03-31,0.0689
MAS,2021-06-30,0.0167
MAS,2021-09-30,-0.0074
MAS,2021-12-31,-0.0204
MAS,2022-03-31,0.0459
MAS,2022-06-30,-0.0654
MAS,2022-09-30,0.0228
MAS,2022-12-31,-0.0268
MAS,2023-03-31,0.0028
MAS,2023-06-30,0.0481
MAS,2023-09-30,-0.0255
MAS,2023-12-31,-0.0678
MAS,2024-03-31,0.0587
MAS,2024-06-30,0.0026
MAS,2024-09-30,-0.0289
MAS,2024-12-31,-0.0611
MAS,2025-03-31,0.0557
MAS,2025-06-30,0.0208
MCD,2021-03-31,-0.0017
MCD,2021-06-30,0.0087
MCD,2021-09-30,-0.0253
MCD,2021-12-31,0.0099
MCD,2022-03-31,-0.0064
MCD,2022-06-30,0.0296
MCD,2022-09-30,-0.0028
MCD,2022-12-31,-0.0457
MCD,2023-03-31,-0.0105
MCD,2023-06-30,-0.0064
MCD,2023-09-30,-0.0346
MCD,2023-12-31,-0.0478
MCD,2024-03-31,-0.0057
MCD,2024-06-30,-0.0083
MCD,2024-09-30,-0.0558
MCD,2024-12-31,-0.0076
MCD,2025-03-31,-0.0391
MCD,2025-06-30,-0.0010
MCHP,2021-03-31,-0.0785
MCHP,2021-06-30,0.0815
MCHP,2021-09-30,-0.0010
MCHP,2021-12-31,-0.0066
MCHP,2022-03-31,0.0042
MCHP,2022-06-30,0.0028
MCHP,2022-09-30,0.0032
MCHP,2022-12-31,-0.0412
MCHP,2023-03-31,-0.1375
MCHP,2023-06-30,-0.0100
MCHP,2023-09-30,0.0778
MCHP,2023-12-31,-0.0547
MCHP,2024-03-31,-0.0662
MCHP,2024-06-30,-0.0169
MCHP,2024-09-30,-0.0154
MCHP,2024-12-31,-0.0525
MCHP,2025-03-31,-0.0541
MCHP,2025-06-30,-0.0586
MCK,2021-03-31,-0.0323
MCK,2021-06-30,0.0329
MCK,2021-09-30,-0.0071
MCK,2021-12-31,-0.0046
MCK,2022-03-31,-0.0326
MCK,2022-06-30,0.0273
MCK,2022-09-30,-0.0123
MCK,2022-12-31,-0.0242
MCK,2023-03-31,-0.0472
MCK,2023-06-30,0.0276
MCK,2023-09-30,-0.0144
MCK,2023-12-31,-0.0018
MCK,2024-03-31,-0.0570
MCK,2024-06-30,0.0333
MCK,2024-09-30,-0.0248
MCK,2024-12-31,0.0424
MCK,2025-03-31,-0.0955
MCK,2025-06-30,0.0236
MCO,2021-03-31,0.0068
MCO,2021-06-30,0.0089
MCO,2021-09-30,-0.0119
MCO,2021-12-31,-0.0009
MCO,2022-03-31,0.0074
MCO,2022-06-30,0.0096
MCO,2022-09-30,0.0038
MCO,2022-12-31,-0.0273
MCO,2023-03-31,-0.0143
MCO,2023-06-30,-0.0158
MCO,2023-09-30,-0.0190
MCO,2023-12-31,-0.0287
MCO,2024-03-31,-0.0117
MCO,2024-06-30,-0.0089
MCO,2024-09-30,-0.0217
MCO,2024-12-31,-0.0416
MCO,2025-03-31,-0.0054
MCO,2025-06-30,0.0014
MCO,2025-09-30,-0.0140
MDLZ,2021-03-31,0.0032
MDLZ,2021-06-30,0.0057
MDLZ,2021-09-30,0.0048
MDLZ,2021-12-31,-0.0048
MDLZ,2022-03-31,-0.0031
MDLZ,2022-06-30,0.0019
MDLZ,2022-09-30,-0.0141
MDLZ,2022-12-31,-0.0402
MDLZ,2023-03-31,0.0179
MDLZ,2023-06-30,-0.0133
MDLZ,2023-09-30,-0.0087
MDLZ,2023-12-31,-0.0219
MDLZ,2024-03-31,0.0199
MDLZ,2024-06-30,-0.0173
MDLZ,2024-09-30,-0.0365
MDLZ,2024-12-31,0.0088
MDLZ,2025-03-31,-0.0391
MDLZ,2025-06-30,-0.0027
MDT,2021-04-30,0.0025
MDT,2021-07-31,0.0092
MDT,2021-10-31,0.0021
MDT,2022-01-31,-0.0028
MDT,2022-04-30,-0.0020
MDT,2022-07-31,0.0123
MDT,2022-10-31,0.0046
MDT,2023-01-31,-0.0105
MDT,2023-04-30,-0.0330
MDT,2023-07-31,-0.0211
MDT,2023-10-31,-0.0012
MDT,2024-01-31,-0.0215
MDT,2024-04-30,-0.0425
MDT,2024-07-31,0.0053
MDT,2024-10-31,-0.0082
MDT,2025-01-31,-0.0291
MDT,2025-04-30,-0.0373
MDT,2025-07-31,0.0045
MET,2021-03-31,0.0133
MET,2021-06-30,-0.0029
MET,2021-09-30,0.0038
MET,2021-12-31,-0.0033
MET,2022-03-31,0.0017
MET,2022-06-30,0.0126
MET,2022-09-30,-0.0061
MET,2022-12-31,-0.0144
MET,2023-03-31,0.0008
MET,2023-06-30,-0.0001
MET,2023-09-30,0.0153
MET,2023-12-31,-0.0147
MET,2024-03-31,0.0094
MET,2024-06-30,0.0041
MET,2024-09-30,-0.0244
MET,2024-12-31,0.0163
MET,2025-03-31,-0.0097
MET,2025-06-30,-0.0114
META,2021-09-30,-0.0130
META,2021-12-31,-0.0119
META,2022-03-31,-0.0196
META,2022-06-30,-0.0060
META,2022-09-30,0.0033
META,2022-12-31,-0.0590
META,2023-03-31,-0.0251
META,2023-06-30,-0.0441
META,2023-09-30,-0.0353
META,2023-12-31,-0.0444
META,2024-03-31,-0.0100
META,2024-06-30,-0.0211
META,2024-09-30,-0.0639
META,2024-12-31,-0.0515
META,2025-03-31,-0.0231
META,2025-06-30,-0.0178
MGM,2021-03-31,0.0023
MGM,2021-06-30,-0.0044
MGM,2021-09-30,-0.0057
MGM,2021-12-31,0.0020
MGM,2022-03-31,0.0044
MGM,2022-06-30,0.0033
MGM,2022-09-30,-0.0030
MGM,2022-12-31,-0.0741
MGM,2023-03-31,-0.0069
MGM,2023-06-30,-0.0065
MGM,2023-09-30,-0.0166
MGM,2023-12-31,-0.0227
MGM,2024-03-31,-0.0057
MGM,2024-06-30,-0.0054
MGM,2024-09-30,-0.0229
MGM,2024-12-31,-0.0219
MGM,2025-03-31,-0.0033
MGM,2025-06-30,-0.0110
MHK,2021-03-31,0.0100
MHK,2021-06-30,0.0098
MHK,2021-09-30,-0.0075
MHK,2021-12-31,0.0084
MHK,2022-03-31,0.0261
MHK,2022-06-30,0.0226
MHK,2022-09-30,0.0019
MHK,2022-12-31,-0.0965
MHK,2023-03-31,-0.0064
MHK,2023-06-30,-0.0254
MHK,2023-09-30,-0.1199
MHK,2023-12-31,-0.1057
MHK,2024-03-31,-0.0071
MHK,2024-06-30,-0.0206
MHK,2024-09-30,-0.0387
MHK,2024-12-31,-0.0629
MHK,2025-03-31,0.0094
MHK,2025-06-30,-0.0127
MKC,2021-02-28,0.0536
MKC,2021-05-31,0.0084
MKC,2021-08-31,-0.0149
MKC,2021-11-30,-0.0051
MKC,2022-02-28,0.0159
MKC,2022-05-31,0.0032
MKC,2022-08-31,-0.0531
MKC,2022-11-30,-0.0198
MKC,2023-02-28,0.0056
MKC,2023-05-31,0.0510
MKC,2023-08-31,-0.0092
MKC,2023-11-30,-0.0365
MKC,2024-02-29,0.0066
MKC,2024-05-31,-0.0049
MKC,2024-08-31,-0.0688
MKC,2024-11-30,0.0124
MKC,2025-02-28,0.0134
MKC,2025-05-31,-0.0047
MKC,2025-08-31,-0.0014
MLM,2021-03-31,0.0007
MLM,2021-06-30,0.0143
MLM,2021-09-30,0.0007
MLM,2021-12-31,-0.0016
MLM,2022-03-31,0.0050
MLM,2022-06-30,0.0099
MLM,2022-09-30,0.0040
MLM,2022-12-31,-0.0488
MLM,2023-03-31,0.0042
MLM,2023-06-30,-0.0120
MLM,2023-09-30,-0.0187
MLM,2023-12-31,-0.0049
MLM,2024-03-31,-0.0738
MLM,2024-06-30,0.0131
MLM,2024-09-30,-0.0231
MLM,2024-12-31,-0.0555
MLM,2025-03-31,-0.0202
MLM,2025-06-30,-0.0046
MMC,2021-03-31,0.0244
MMC,2021-06-30,0.0173
MMC,2021-09-30,-0.0318
MMC,2021-12-31,0.0011
MMC,2022-03-31,0.0168
MMC,2022-06-30,-0.0055
MMC,2022-09-30,-0.0233
MMC,2022-12-31,-0.0157
MMC,2023-03-31,0.0100
MMC,2023-06-30,-0.3036
MMC,2023-09-30,-0.0388
MMC,2023-12-31,0.0030
MMC,2024-03-31,0.0364
MMC,2024-06-30,-0.0018
MMC,2024-09-30,-0.0323
MMC,2024-12-31,-0.0147
MMC,2025-03-31,0.0062
MMC,2025-06-30,0.0074
MMC,2025-09-30,-0.0508
MMM,2021-03-31,0.0087
MMM,2021-06-30,0.0036
MMM,2021-09-30,-0.0073
MMM,2021-12-31,-0.0025
MMM,2022-03-31,0.0195
MMM,2022-06-30,0.0016
MMM,2022-09-30,-0.0059
MMM,2022-12-31,-0.0484
MMM,2023-03-31,-0.0048
MMM,2023-06-30,-0.0173
MMM,2023-09-30,-0.1285
MMM,2023-12-31,-0.0519
MMM,2024-03-31,-0.0032
MMM,2024-06-30,-0.0589
MMM,2024-09-30,0.0548
MMM,2024-12-31,-0.0502
MMM,2025-03-31,0.0311
MMM,2025-06-30,0.0293
MMM,2025-09-30,-0.0009
MNST,2021-03-31,0.0247
MNST,2021-06-30,0.0035
MNST,2021-09-30,0.0007
MNST,2021-12-31,0.0165
MNST,2022-03-31,0.0409
MNST,2022-06-30,0.0202
MNST,2022-09-30,-0.0254
MNST,2022-12-31,0.0131
MNST,2023-03-31,-0.0070
MNST,2023-06-30,0.0133
MNST,2023-09-30,-0.0142
MNST,2023-12-31,-0.0018
MNST,2024-03-31,0.0052
MNST,2024-06-30,-0.0064
MNST,2024-09-30,-0.0322
MNST,2024-12-31,-0.0124
MNST,2025-03-31,-0.0106
MNST,2025-06-30,0.0078
MO,2021-03-31,-0.0182
MO,2021-06-30,0.0599
MO,2021-09-30,-0.0111
MO,2021-12-31,-0.0503
MO,2022-03-31,-0.0268
MO,2022-06-30,0.0739
MO,2022-09-30,-0.0271
MO,2022-12-31,0.0288
MO,2023-03-31,-0.0203
MO,2023-06-30,-0.0169
MO,2023-09-30,-0.0685
MO,2023-12-31,-0.0310
MO,2024-03-31,-0.0296
MO,2024-06-30,0.1332
MO,2024-09-30,-0.0156
MO,2024-12-31,-0.0388
MO,2025-03-31,-0.0307
MO,2025-06-30,0.0397
MOH,2021-03-31,-0.0273
MOH,2021-06-30,-0.0291
MOH,2021-09-30,-0.0259
MOH,2021-12-31,-0.0570
MOH,2022-03-31,-0.0052
MOH,2022-06-30,-0.0068
MOH,2022-09-30,0.0111
MOH,2022-12-31,0.0143
MOH,2023-03-31,-0.0457
MOH,2023-06-30,-0.0118
MOH,2023-09-30,-0.0656
MOH,2023-12-31,0.0535
MOH,2024-03-31,-0.0062
MOH,2024-06-30,0.0317
MOH,2024-09-30,-0.0389
MOH,2024-12-31,0.0238
MOH,2025-03-31,-0.0081
MOH,2025-06-30,0.0315
MOH,2025-09-30,0.0029
MOS,2021-03-31,-0.0055
MOS,2021-06-30,-0.0129
MOS,2021-09-30,0.0179
MOS,2021-12-31,0.0167
MOS,2022-03-31,0.0310
MOS,2022-06-30,0.0035
MOS,2022-09-30,0.0188
MOS,2022-12-31,-0.0605
MOS,2023-03-31,0.0136
MOS,2023-06-30,-0.0487
MOS,2023-09-30,-0.0478
MOS,2023-12-31,-0.0494
MOS,2024-03-31,0.0135
MOS,2024-06-30,-0.0381
MOS,2024-09-30,-0.0344
MOS,2024-12-31,-0.0687
MOS,2025-03-31,-0.0263
MOS,2025-06-30,-0.0166
MPC,2021-03-31,0.0044
MPC,2021-06-30,-0.1497
MPC,2021-09-30,0.0240
MPC,2021-12-31,-0.0202
MPC,2022-03-31,-0.0066
MPC,2022-06-30,0.0000
MPC,2022-09-30,0.0231
MPC,2022-12-31,-0.0295
MPC,2023-03-31,-0.0142
MPC,2023-06-30,-0.0264
MPC,2023-09-30,-0.0396
MPC,2023-12-31,-0.0207
MPC,2024-03-31,-0.0018
MPC,2024-06-30,-0.0261
MPC,2024-09-30,-0.0280
MPC,2024-12-31,-0.0473
MPC,2025-03-31,-0.0261
MPC,2025-06-30,-0.0107
MPWR,2021-03-31,-0.0040
MPWR,2021-06-30,0.0015
MPWR,2021-09-30,-0.0021
MPWR,2021-12-31,0.0513
MPWR,2022-03-31,0.0164
MPWR,2022-06-30,0.0377
MPWR,2022-09-30,0.0161
MPWR,2022-12-31,0.0363
MPWR,2023-03-31,-0.0134
MPWR,2023-06-30,0.0167
MPWR,2023-09-30,-0.0116
MPWR,2023-12-31,-0.0004
MPWR,2024-03-31,-0.0395
MPWR,2024-06-30,0.0059
MPWR,2024-09-30,-0.0159
MPWR,2024-12-31,0.0092
MPWR,2025-03-31,-0.0068
MPWR,2025-06-30,-0.0054
MRK,2021-03-31,0.0131
MRK,2021-06-30,0.0509
MRK,2021-09-30,-0.0094
MRK,2021-12-31,0.0099
MRK,2022-03-31,0.0155
MRK,2022-06-30,-0.0105
MRK,2022-09-30,0.0046
MRK,2022-12-31,-0.0456
MRK,2023-03-31,0.0055
MRK,2023-06-30,-0.0148
MRK,2023-09-30,-0.0287
MRK,2023-12-31,-0.0429
MRK,2024-03-31,0.0034
MRK,2024-06-30,-0.0188
MRK,2024-09-30,-0.0687
MRK,2024-12-31,-0.0342
MRK,2025-03-31,-0.0006
MRK,2025-06-30,0.0018
MRNA,2021-03-31,-0.1770
MRNA,2021-06-30,-0.0962
MRNA,2021-09-30,0.0228
MRNA,2021-12-31,0.0726
MRNA,2022-03-31,0.0299
MRNA,2022-06-30,0.0692
MRNA,2022-09-30,0.0111
MRNA,2022-12-31,-0.0353
MRNA,2023-03-31,0.0413
MRNA,2023-06-30,-0.0358
MRNA,2023-09-30,-0.0268
MRNA,2023-12-31,-0.0367
MRNA,2024-03-31,-0.0010
MRNA,2024-06-30,0.0056
MRNA,2024-09-30,0.1102
MRNA,2024-12-31,-0.1218
MRNA,2025-03-31,0.0168
MRNA,2025-06-30,0.0211
MSCI,2021-03-31,0.0064
MSCI,2021-06-30,0.0011
MSCI,2021-09-30,-0.0183
MSCI,2021-12-31,-0.0139
MSCI,2022-03-31,0.0043
MSCI,2022-06-30,0.0086
MSCI,2022-09-30,0.0142
MSCI,2022-12-31,-0.0486
MSCI,2023-03-31,-0.0038
MSCI,2023-06-30,-0.0168
MSCI,2023-09-30,-0.0257
MSCI,2023-12-31,-0.0440
MSCI,2024-03-31,-0.0041
MSCI,2024-06-30,-0.0167
MSCI,2024-09-30,-0.0439
MSCI,2024-12-31,-0.0496
MSCI,2025-03-31,0.0008
MSCI,2025-06-30,-0.0126
MSFT,2021-03-31,-0.0125
MSFT,2021-06-30,-0.0080
MSFT,2021-09-30,-0.0211
MSFT,2021-12-31,0.0292
MSFT,2022-03-31,-0.0081
MSFT,2022-06-30,-0.0027
MSFT,2022-09-30,-0.0088
MSFT,2022-12-31,0.0131
MSFT,2023-03-31,-0.0284
MSFT,2023-06-30,-0.0500
MSFT,2023-09-30,-0.0224
MSFT,2023-12-31,-0.0079
MSFT,2024-03-31,-0.0194
MSFT,2024-06-30,-0.0519
MSFT,2024-09-30,-0.0322
MSFT,2024-12-31,-0.0016
MSFT,2025-03-31,-0.0529
MSFT,2025-06-30,-0.0705
MSI,2021-03-31,-0.0054
MSI,2021-06-30,0.0024
MSI,2021-09-30,0.0084
MSI,2021-12-31,-0.0152
MSI,2022-03-31,0.0034
MSI,2022-06-30,0.0322
MSI,2022-09-30,0.0191
MSI,2022-12-31,-0.0971
MSI,2023-03-31,0.0294
MSI,2023-06-30,0.0102
MSI,2023-09-30,-0.0222
MSI,2023-12-31,-0.0703
MSI,2024-03-31,0.0012
MSI,2024-06-30,0.0187
MSI,2024-09-30,-0.0220
MSI,2024-12-31,-0.0529
MSI,2025-03-31,0.0007
MSI,2025-06-30,0.0137
MTB,2021-03-31,-0.0494
MTB,2021-06-30,-0.0123
MTB,2021-09-30,-0.0268
MTB,2021-12-31,-0.0228
MTB,2022-03-31,0.0248
MTB,2022-06-30,-0.0477
MTB,2022-09-30,0.0290
MTB,2022-12-31,0.0035
MTB,2023-03-31,0.0125
MTB,2023-06-30,-0.0200
MTB,2023-09-30,-0.0125
MTB,2023-12-31,0.0185
MTB,2024-03-31,-0.0106
MTB,2024-06-30,0.0318
MTB,2024-09-30,-0.0101
MTB,2024-12-31,0.0228
MTB,2025-03-31,-0.0253
MTB,2025-06-30,0.0100
MTCH,2021-03-31,0.0346
MTCH,2021-06-30,-0.0212
MTCH,2021-09-30,0.0204
MTCH,2021-12-31,-0.1163
MTCH,2022-03-31,0.0002
MTCH,2022-06-30,0.0951
MTCH,2022-09-30,-0.0032
MTCH,2022-12-31,-0.1025
MTCH,2023-03-31,0.0127
MTCH,2023-06-30,-0.0036
MTCH,2023-09-30,-0.0222
MTCH,2023-12-31,-0.0170
MTCH,2024-03-31,-0.0204
MTCH,2024-06-30,0.0130
MTCH,2024-09-30,-0.0292
MTCH,2024-12-31,-0.0485
MTCH,2025-03-31,-0.0320
MTCH,2025-06-30,-0.0104
MTD,2021-03-31,0.0038
MTD,2021-06-30,-0.0123
MTD,2021-09-30,-0.0101
MTD,2021-12-31,0.0031
MTD,2022-03-31,0.0260
MTD,2022-06-30,-0.0021
MTD,2022-09-30,-0.0063
MTD,2022-12-31,-0.0174
MTD,2023-03-31,0.0099
MTD,2023-06-30,-0.0292
MTD,2023-09-30,-0.0350
MTD,2023-12-31,-0.0560
MTD,2024-03-31,-0.0029
MTD,2024-06-30,-0.0356
MTD,2024-09-30,-0.0312
MTD,2024-12-31,-0.0306
MTD,2025-03-31,-0.0141
MTD,2025-06-30,-0.0178
MU,2021-02-28,0.0167
MU,2021-05-31,0.0011
MU,2021-08-31,-0.0007
MU,2021-11-30,-0.0131
MU,2022-02-28,0.0059
MU,2022-05-31,0.0154
MU,2022-08-31,-0.0086
MU,2022-11-30,-0.0141
MU,2023-02-28,-0.0564
MU,2023-05-31,-0.0808
MU,2023-08-31,-0.1113
MU,2023-11-30,-0.0331
MU,2024-02-29,-0.0352
MU,2024-05-31,-0.0880
MU,2024-08-31,-0.1302
MU,2024-11-30,-0.0150
MU,2025-02-28,-0.0475
MU,2025-05-31,-0.1029
MU,2025-08-31,-0.1020
NCLH,2021-03-31,0.0016
NCLH,2021-06-30,0.0212
NCLH,2021-09-30,0.0030
NCLH,2021-12-31,-0.0132
NCLH,2022-03-31,-0.0416
NCLH,2022-06-30,-0.0370
NCLH,2022-09-30,0.0063
NCLH,2022-12-31,-0.0676
NCLH,2023-03-31,-0.0335
NCLH,2023-06-30,-0.0336
NCLH,2023-09-30,-0.0074
NCLH,2023-12-31,-0.0533
NCLH,2024-03-31,-0.0350
NCLH,2024-06-30,-0.0393
NCLH,2024-09-30,-0.0073
NCLH,2024-12-31,-0.0539
NCLH,2025-03-31,-0.0651
NCLH,2025-06-30,-0.0237
NDAQ,2021-03-31,-0.0377
NDAQ,2021-06-30,0.0212
NDAQ,2021-09-30,-0.0040
NDAQ,2021-12-31,-0.0240
NDAQ,2022-03-31,-0.0164
NDAQ,2022-06-30,0.0054
NDAQ,2022-09-30,0.0203
NDAQ,2022-12-31,-0.0163
NDAQ,2023-03-31,0.0037
NDAQ,2023-06-30,0.0028
NDAQ,2023-09-30,0.0024
NDAQ,2023-12-31,-0.0204
NDAQ,2024-03-31,-0.0070
NDAQ,2024-06-30,-0.0248
NDAQ,2024-09-30,-0.0082
NDAQ,2024-12-31,-0.0214
NDAQ,2025-03-31,-0.0246
NDAQ,2025-06-30,-0.0134
NDAQ,2025-09-30,0.0048
NDSN,2021-04-30,-0.0030
NDSN,2021-07-31,0.0036
NDSN,2021-10-31,-0.0075
NDSN,2022-01-31,0.0089
NDSN,2022-04-30,0.0102
NDSN,2022-07-31,0.0092
NDSN,2022-10-31,-0.0086
NDSN,2023-01-31,0.0057
NDSN,2023-04-30,-0.0094
NDSN,2023-07-31,-0.0182
NDSN,2023-10-31,-0.0105
NDSN,2024-01-31,-0.0232
NDSN,2024-04-30,-0.0051
NDSN,2024-07-31,-0.0206
NDSN,2024-10-31,-0.0068
NDSN,2025-01-31,-0.0099
NDSN,2025-04-30,-0.0026
NDSN,2025-07-31,-0.0253
NEE,2021-03-31,0.0056
NEE,2021-06-30,-0.0110
NEE,2021-09-30,-0.0033
NEE,2021-12-31,-0.0042
NEE,2022-03-31,0.0051
NEE,2022-06-30,-0.0064
NEE,2022-09-30,-0.0137
NEE,2022-12-31,-0.0167
NEE,2023-03-31,0.0107
NEE,2023-06-30,-0.0126
NEE,2023-09-30,-0.0236
NEE,2023-12-31,-0.0456
NEE,2024-03-31,0.0157
NEE,2024-06-30,-0.0198
NEE,2024-09-30,-0.0345
NEE,2024-12-31,-0.0406
NEE,2025-03-31,0.0052
NEE,2025-06-30,-0.0104
NEM,2021-03-31,0.0075
NEM,2021-06-30,0.0043
NEM,2021-09-30,0.0007
NEM,2021-12-31,-0.0079
NEM,2022-03-31,0.0060
NEM,2022-06-30,-0.0050
NEM,2022-09-30,0.0022
NEM,2022-12-31,-0.0653
NEM,2023-03-31,0.0003
NEM,2023-06-30,-0.0274
NEM,2023-09-30,-0.0445
NEM,2023-12-31,-0.0348
NEM,2024-03-31,0.0503
NEM,2024-06-30,-0.0256
NEM,2024-09-30,-0.0448
NEM,2024-12-31,-0.0645
NEM,2025-03-31,-0.0714
NEM,2025-06-30,-0.0382
NEM,2025-09-30,-0.0177
NFLX,2021-03-31,-0.0002
NFLX,2021-06-30,0.0062
NFLX,2021-09-30,-0.0037
NFLX,2021-12-31,-0.0066
NFLX,2022-03-31,0.0177
NFLX,2022-06-30,0.0038
NFLX,2022-09-30,0.0088
NFLX,2022-12-31,-0.2917
NFLX,2023-03-31,-0.0915
NFLX,2023-06-30,-0.1423
NFLX,2023-09-30,-0.2072
NFLX,2023-12-31,-0.3096
NFLX,2024-03-31,-0.0839
NFLX,2024-06-30,-0.1710
NFLX,2024-09-30,-0.2370
NFLX,2024-12-31,-0.2845
NFLX,2025-03-31,-0.0578
NFLX,2025-06-30,-0.1286
NFLX,2025-09-30,-0.2343
NI,2021-03-31,0.0010
NI,2021-06-30,-0.0076
NI,2021-09-30,-0.0012
NI,2021-12-31,0.0040
NI,2022-03-31,0.0011
NI,2022-06-30,-0.0137
NI,2022-09-30,0.0061
NI,2022-12-31,-0.0276
NI,2023-03-31,-0.0094
NI,2023-06-30,-0.0310
NI,2023-09-30,-0.0103
NI,2023-12-31,-0.0150
NI,2024-03-31,-0.0075
NI,2024-06-30,-0.0192
NI,2024-09-30,-0.0406
NI,2024-12-31,-0.0284
NI,2025-03-31,-0.0068
NI,2025-06-30,-0.0218
NKE,2021-02-28,0.0100
NKE,2021-05-31,-0.0037
NKE,2021-08-31,0.0340
NKE,2021-11-30,-0.0315
NKE,2022-02-28,0.0377
NKE,2022-05-31,0.0078
NKE,2022-08-31,0.0392
NKE,2022-11-30,0.0016
NKE,2023-02-28,-0.0402
NKE,2023-05-31,-0.0468
NKE,2023-08-31,0.0415
NKE,2023-11-30,-0.0450
NKE,2024-02-29,-0.0320
NKE,2024-05-31,-0.0474
NKE,2024-08-31,0.0191
NKE,2024-11-30,-0.0136
NKE,2025-02-28,-0.0420
NKE,2025-05-31,-0.0311
NKE,2025-08-31,0.0154
NOC,2021-03-31,-0.0114
NOC,2021-06-30,-0.0033
NOC,2021-09-30,-0.0042
NOC,2021-12-31,-0.0162
NOC,2022-03-31,0.0276
NOC,2022-06-30,0.0229
NOC,2022-09-30,-0.0395
NOC,2022-12-31,-0.0656
NOC,2023-03-31,0.0275
NOC,2023-06-30,-0.0339
NOC,2023-09-30,0.0198
NOC,2023-12-31,-0.0754
NOC,2024-03-31,-0.0074
NOC,2024-06-30,-0.0239
NOC,2024-09-30,-0.0237
NOC,2024-12-31,-0.0713
NOC,2025-03-31,0.0303
NOC,2025-06-30,0.0075
NOC,2025-09-30,-0.0062
NOW,2021-03-31,-0.0330
NOW,2021-06-30,0.0031
NOW,2021-09-30,0.0135
NOW,2021-12-31,-0.0492
NOW,2022-03-31,-0.0363
NOW,2022-06-30,0.0082
NOW,2022-09-30,0.0300
NOW,2022-12-31,-0.1237
NOW,2023-03-31,-0.0403
NOW,2023-06-30,-0.0315
NOW,2023-09-30,-0.0301
NOW,2023-12-31,-0.1148
NOW,2024-03-31,-0.0325
NOW,2024-06-30,-0.0180
NOW,2024-09-30,-0.0346
NOW,2024-12-31,-0.0856
NOW,2025-03-31,-0.0463
NOW,2025-06-30,-0.0182
NRG,2021-03-31,0.0486
NRG,2021-06-30,-0.0074
NRG,2021-09-30,0.0074
NRG,2021-12-31,0.0303
NRG,2022-03-31,-0.0079
NRG,2022-06-30,-0.0449
NRG,2022-09-30,0.0290
NRG,2022-12-31,-0.0314
NRG,2023-03-31,-0.0485
NRG,2023-06-30,-0.0025
NRG,2023-09-30,-0.0379
NRG,2023-12-31,-0.0770
NRG,2024-03-31,0.0027
NRG,2024-06-30,-0.0266
NRG,2024-09-30,-0.0631
NRG,2024-12-31,-0.0881
NRG,2025-03-31,-0.0621
NRG,2025-06-30,-0.0255
NSC,2021-03-31,-0.0017
NSC,2021-06-30,0.0010
NSC,2021-09-30,-0.0049
NSC,2021-12-31,-0.0012
NSC,2022-03-31,0.0023
NSC,2022-06-30,0.0037
NSC,2022-09-30,-0.0073
NSC,2022-12-31,-0.0236
NSC,2023-03-31,-0.0199
NSC,2023-06-30,-0.0196
NSC,2023-09-30,-0.0216
NSC,2023-12-31,-0.0328
NSC,2024-03-31,-0.0179
NSC,2024-06-30,-0.0165
NSC,2024-09-30,-0.0245
NSC,2024-12-31,-0.0320
NSC,2025-03-31,-0.0254
NSC,2025-06-30,-0.0070
NSC,2025-09-30,-0.0187
NTAP,2021-04-30,-0.0240
NTAP,2021-07-31,0.0030
NTAP,2021-10-31,-0.0060
NTAP,2022-01-31,0.0090
NTAP,2022-04-30,0.0100
NTAP,2022-07-31,0.0051
NTAP,2022-10-31,0.0018
NTAP,2023-01-31,-0.0293
NTAP,2023-04-30,-0.0046
NTAP,2023-07-31,-0.0477
NTAP,2023-10-31,0.0044
NTAP,2024-01-31,-0.0133
NTAP,2024-04-30,-0.0375
NTAP,2024-07-31,-0.0064
NTAP,2024-10-31,0.0090
NTAP,2025-01-31,-0.0152
NTAP,2025-04-30,-0.0355
NTAP,2025-07-31,-0.0341
NTRS,2021-03-31,0.0397
NTRS,2021-06-30,-0.0344
NTRS,2021-09-30,0.0338
NTRS,2021-12-31,-0.0845
NTRS,2022-03-31,0.0537
NTRS,2022-06-30,0.1040
NTRS,2022-09-30,0.0084
NTRS,2022-12-31,0.0225
NTRS,2023-03-31,0.0192
NTRS,2023-06-30,-0.0388
NTRS,2023-09-30,0.0796
NTRS,2023-12-31,0.0001
NTRS,2024-03-31,-0.0491
NTRS,2024-06-30,-0.0303
NTRS,2024-09-30,0.0082
NTRS,2024-12-31,-0.0009
NTRS,2025-03-31,-0.0744
NTRS,2025-06-30,-0.0252
NUE,2021-03-31,0.0369
NUE,2021-06-30,0.0238
NUE,2021-09-30,0.0360
NUE,2021-12-31,-0.0112
NUE,2022-03-31,0.0163
NUE,2022-06-30,0.0281
NUE,2022-09-30,-0.0203
NUE,2022-12-31,-0.0580
NUE,2023-03-31,0.0019
NUE,2023-06-30,-0.0160
NUE,2023-09-30,-0.0536
NUE,2023-12-31,-0.0380
NUE,2024-03-31,0.0142
NUE,2024-06-30,-0.0325
NUE,2024-09-30,-0.0438
NUE,2024-12-31,-0.0419
NUE,2025-03-31,-0.0335
NUE,2025-06-30,0.0023
NVDA,2021-04-30,0.0298
NVDA,2021-07-31,0.0071
NVDA,2021-10-31,0.0301
NVDA,2022-01-31,0.0092
NVDA,2022-04-30,0.0087
NVDA,2022-07-31,-0.0196
NVDA,2022-10-31,0.0099
NVDA,2023-01-31,-0.0381
NVDA,2023-04-30,-0.0302
NVDA,2023-07-31,-0.0130
NVDA,2023-10-31,0.0331
NVDA,2024-01-31,0.0158
NVDA,2024-04-30,-0.0150
NVDA,2024-07-31,0.0364
NVDA,2024-10-31,0.0054
NVDA,2025-01-31,0.0417
NVDA,2025-04-30,-0.0826
NVDA,2025-07-31,0.0766
NVR,2021-03-31,0.0162
NVR,2021-06-30,0.0290
NVR,2021-09-30,-0.0100
NVR,2021-12-31,0.0089
NVR,2022-03-31,0.0202
NVR,2022-06-30,0.0536
NVR,2022-09-30,-0.0521
NVR,2022-12-31,-0.0574
NVR,2023-03-31,0.0047
NVR,2023-06-30,0.0490
NVR,2023-09-30,-0.0192
NVR,2023-12-31,-0.0210
NVR,2024-03-31,0.0348
NVR,2024-06-30,0.0087
NVR,2024-09-30,0.0074
NVR,2024-12-31,-0.0319
NVR,2025-03-31,-0.0033
NVR,2025-06-30,0.0299
NWS,2021-03-31,-0.0245
NWS,2021-06-30,0.0001
NWS,2021-09-30,0.0172
NWS,2021-12-31,0.0112
NWS,2022-03-31,-0.0240
NWS,2022-06-30,-0.0018
NWS,2022-09-30,0.0155
NWS,2022-12-31,-0.0082
NWS,2023-03-31,-0.0509
NWS,2023-06-30,-0.0488
NWS,2023-09-30,0.0126
NWS,2023-12-31,-0.0157
NWS,2024-03-31,-0.0539
NWS,2024-06-30,-0.0314
NWS,2024-09-30,0.0032
NWS,2024-12-31,0.0672
NWS,2025-03-31,-0.0392
NWS,2025-06-30,-0.0823
NWSA,2021-03-31,-0.0245
NWSA,2021-06-30,0.0001
NWSA,2021-09-30,0.0172
NWSA,2021-12-31,0.0112
NWSA,2022-03-31,-0.0240
NWSA,2022-06-30,-0.0018
NWSA,2022-09-30,0.0155
NWSA,2022-12-31,-0.0082
NWSA,2023-03-31,-0.0509
NWSA,2023-06-30,-0.0488
NWSA,2023-09-30,0.0126
NWSA,2023-12-31,-0.0157
NWSA,2024-03-31,-0.0539
NWSA,2024-06-30,-0.0314
NWSA,2024-09-30,0.0032
NWSA,2024-12-31,0.0672
NWSA,2025-03-31,-0.0392
NWSA,2025-06-30,-0.0823
NXPI,2021-03-31,-0.0059
NXPI,2021-06-30,0.0064
NXPI,2021-09-30,-0.0524
NXPI,2021-12-31,0.0473
NXPI,2022-03-31,-0.0094
NXPI,2022-06-30,0.0040
NXPI,2022-09-30,-0.0048
NXPI,2022-12-31,-0.0500
NXPI,2023-03-31,0.0046
NXPI,2023-06-30,-0.0117
NXPI,2023-09-30,-0.0304
NXPI,2023-12-31,-0.0510
NXPI,2024-03-31,-0.0025
NXPI,2024-06-30,-0.0042
NXPI,2024-09-30,-0.0123
NXPI,2024-12-31,-0.0372
NXPI,2025-03-31,-0.0263
NXPI,2025-06-30,0.0076
O,2021-03-31,0.0030
O,2021-06-30,-0.0018
O,2021-09-30,0.0002
O,2021-12-31,0.0001
O,2022-03-31,0.0020
O,2022-06-30,-0.0004
O,2022-09-30,-0.0006
O,2022-12-31,-0.0331
O,2023-03-31,-0.0083
O,2023-06-30,-0.0199
O,2023-09-30,-0.0264
O,2023-12-31,-0.0340
O,2024-03-31,-0.0095
O,2024-06-30,-0.0193
O,2024-09-30,-0.0264
O,2024-12-31,-0.0336
O,2025-03-31,-0.0342
O,2025-06-30,-0.0118
ODFL,2021-03-31,-0.0209
ODFL,2021-06-30,0.0299
ODFL,2021-09-30,0.0000
ODFL,2021-12-31,0.0049
ODFL,2022-03-31,-0.0088
ODFL,2022-06-30,0.0040
ODFL,2022-09-30,-0.0133
ODFL,2022-12-31,-0.0423
ODFL,2023-03-31,-0.0304
ODFL,2023-06-30,-0.0156
ODFL,2023-09-30,-0.0424
ODFL,2023-12-31,-0.0658
ODFL,2024-03-31,-0.0209
ODFL,2024-06-30,-0.0277
ODFL,2024-09-30,-0.0553
ODFL,2024-12-31,-0.0697
ODFL,2025-03-31,-0.0611
ODFL,2025-06-30,-0.0004
OKE,2021-03-31,0.0036
OKE,2021-06-30,-0.0038
OKE,2021-09-30,0.0073
OKE,2021-12-31,-0.0100
OKE,2022-03-31,0.0042
OKE,2022-06-30,0.0038
OKE,2022-09-30,-0.0246
OKE,2022-12-31,0.0019
OKE,2023-03-31,-0.0064
OKE,2023-06-30,-0.0123
OKE,2023-09-30,-0.0189
OKE,2023-12-31,-0.0243
OKE,2024-03-31,-0.0030
OKE,2024-06-30,-0.0141
OKE,2024-09-30,-0.0127
OKE,2024-12-31,-0.0223
OKE,2025-03-31,-0.0176
OKE,2025-06-30,-0.0224
OMC,2021-03-31,0.0338
OMC,2021-06-30,0.0080
OMC,2021-09-30,-0.0024
OMC,2021-12-31,-0.0422
OMC,2022-03-31,0.0306
OMC,2022-06-30,0.0295
OMC,2022-09-30,0.0031
OMC,2022-12-31,-0.0407
OMC,2023-03-31,0.0310
OMC,2023-06-30,0.0204
OMC,2023-09-30,-0.0029
OMC,2023-12-31,-0.0581
OMC,2024-03-31,0.0352
OMC,2024-06-30,0.0164
OMC,2024-09-30,-0.0097
OMC,2024-12-31,-0.0552
OMC,2025-03-31,0.0370
OMC,2025-06-30,0.0000
OMC,2025-09-30,-0.0092
ON,2021-03-31,-0.0009
ON,2021-06-30,-0.0078
ON,2021-09-30,0.0145
ON,2021-12-31,0.0038
ON,2022-03-31,0.0281
ON,2022-06-30,0.0113
ON,2022-09-30,-0.0166
ON,2022-12-31,-0.1156
ON,2023-03-31,0.0260
ON,2023-06-30,0.0063
ON,2023-09-30,-0.0286
ON,2023-12-31,-0.0306
ON,2024-03-31,-0.0004
ON,2024-06-30,-0.0125
ON,2024-09-30,-0.0280
ON,2024-12-31,-0.0478
ON,2025-03-31,-0.0410
ON,2025-06-30,-0.0081
ORCL,2021-02-28,0.0116
ORCL,2021-05-31,-0.0223
ORCL,2021-08-31,-0.0009
ORCL,2021-11-30,0.0402
ORCL,2022-02-28,-0.0177
ORCL,2022-05-31,0.0254
ORCL,2022-08-31,-0.1273
ORCL,2022-11-30,0.0400
ORCL,2023-02-28,-0.0045
ORCL,2023-05-31,-0.0408
ORCL,2023-08-31,-0.0330
ORCL,2023-11-30,-0.0115
ORCL,2024-02-29,-0.0332
ORCL,2024-05-31,-0.0868
ORCL,2024-08-31,-0.0116
ORCL,2024-11-30,0.0007
ORCL,2025-02-28,-0.0319
ORCL,2025-05-31,-0.0492
ORCL,2025-08-31,-0.0502
ORLY,2021-03-31,-0.0254
ORLY,2021-06-30,-0.0118
ORLY,2021-09-30,-0.0178
ORLY,2021-12-31,0.0123
ORLY,2022-03-31,-0.0091
ORLY,2022-06-30,-0.0023
ORLY,2022-09-30,-0.0230
ORLY,2022-12-31,-0.0274
ORLY,2023-03-31,-0.0155
ORLY,2023-06-30,-0.0310
ORLY,2023-09-30,-0.0295
ORLY,2023-12-31,-0.0190
ORLY,2024-03-31,-0.0076
ORLY,2024-06-30,-0.0306
ORLY,2024-09-30,-0.0247
ORLY,2024-12-31,-0.0298
ORLY,2025-03-31,-0.0376
ORLY,2025-06-30,-0.0036
OTIS,2021-03-31,-0.0162
OTIS,2021-06-30,-0.0170
OTIS,2021-09-30,0.0105
OTIS,2021-12-31,0.0058
OTIS,2022-03-31,0.0012
OTIS,2022-06-30,0.0079
OTIS,2022-09-30,0.0245
OTIS,2022-12-31,-0.0328
OTIS,2023-03-31,0.0037
OTIS,2023-06-30,-0.0172
OTIS,2023-09-30,0.0018
OTIS,2023-12-31,-0.0452
OTIS,2024-03-31,0.0249
OTIS,2024-06-30,0.0001
OTIS,2024-09-30,0.0048
OTIS,2024-12-31,-0.0414
OTIS,2025-03-31,0.0084
OTIS,2025-06-30,-0.0061
OXY,2021-03-31,0.0087
OXY,2021-06-30,-0.0049
OXY,2021-09-30,0.0015
OXY,2021-12-31,0.0001
OXY,2022-03-31,0.0090
OXY,2022-06-30,-0.0024
OXY,2022-09-30,0.0048
OXY,2022-12-31,-0.0932
OXY,2023-03-31,-0.0327
OXY,2023-06-30,-0.0481
OXY,2023-09-30,-0.0682
OXY,2023-12-31,-0.1070
OXY,2024-03-31,-0.0166
OXY,2024-06-30,-0.0404
OXY,2024-09-30,-0.0723
OXY,2024-12-31,-0.0963
OXY,2025-03-31,-0.0168
OXY,2025-06-30,-0.0516
PANW,2021-04-30,-0.0069
PANW,2021-07-31,-0.0002
PANW,2021-10-31,-0.0272
PANW,2022-01-31,-0.0105
PANW,2022-04-30,0.0023
PANW,2022-07-31,0.0282
PANW,2022-10-31,-0.0594
PANW,2023-01-31,-0.0259
PANW,2023-04-30,-0.0086
PANW,2023-07-31,-0.0072
PANW,2023-10-31,-0.1088
PANW,2024-01-31,-0.0033
PANW,2024-04-30,-0.0204
PANW,2024-07-31,-0.0149
PANW,2024-10-31,-0.0819
PANW,2025-01-31,-0.0098
PANW,2025-04-30,-0.0101
PANW,2025-07-31,-0.0217
PAYC,2021-03-31,-0.0040
PAYC,2021-06-30,0.0081
PAYC,2021-09-30,-0.0038
PAYC,2021-12-31,-0.0032
PAYC,2022-03-31,-0.0055
PAYC,2022-06-30,0.0075
PAYC,2022-09-30,0.0029
PAYC,2022-12-31,-0.0331
PAYC,2023-03-31,-0.0070
PAYC,2023-06-30,-0.0133
PAYC,2023-09-30,-0.0150
PAYC,2023-12-31,-0.0347
PAYC,2024-03-31,-0.0076
PAYC,2024-06-30,-0.0174
PAYC,2024-09-30,-0.0225
PAYC,2024-12-31,-0.0306
PAYC,2025-03-31,-0.0096
PAYC,2025-06-30,-0.0108
PAYX,2021-02-28,-0.0070
PAYX,2021-05-31,-0.0076
PAYX,2021-08-31,0.0022
PAYX,2021-11-30,0.0187
PAYX,2022-02-28,-0.0205
PAYX,2022-05-31,-0.0101
PAYX,2022-08-31,0.0059
PAYX,2022-11-30,-0.0192
PAYX,2023-02-28,-0.0416
PAYX,2023-05-31,-0.0339
PAYX,2023-08-31,-0.0147
PAYX,2023-11-30,0.0019
PAYX,2024-02-29,-0.0323
PAYX,2024-05-31,-0.0105
PAYX,2024-08-31,-0.0022
PAYX,2024-11-30,0.0134
PAYX,2025-02-28,-0.0438
PAYX,2025-05-31,-0.0321
PAYX,2025-08-31,-0.0137
PCAR,2021-03-31,0.0108
PCAR,2021-06-30,0.0261
PCAR,2021-09-30,0.0015
PCAR,2021-12-31,-0.0250
PCAR,2022-03-31,0.0423
PCAR,2022-06-30,0.0036
PCAR,2022-09-30,0.0064
PCAR,2022-12-31,-0.4495
PCAR,2023-03-31,0.4386
PCAR,2023-06-30,0.0187
PCAR,2023-09-30,-0.0045
PCAR,2023-12-31,-0.0311
PCAR,2024-03-31,0.0409
PCAR,2024-06-30,0.0127
PCAR,2024-09-30,-0.4561
PCAR,2024-12-31,0.3979
PCAR,2025-03-31,-0.0113
PCAR,2025-06-30,0.0650
PCG,2021-03-31,0.0060
PCG,2021-06-30,0.0156
PCG,2021-09-30,-0.0079
PCG,2021-12-31,-0.0028
PCG,2022-03-31,-0.0006
PCG,2022-06-30,0.0049
PCG,2022-09-30,0.0010
PCG,2022-12-31,-0.0344
PCG,2023-03-31,-0.0032
PCG,2023-06-30,-0.0074
PCG,2023-09-30,-0.0355
PCG,2023-12-31,-0.0250
PCG,2024-03-31,0.0000
PCG,2024-06-30,-0.0107
PCG,2024-09-30,-0.0209
PCG,2024-12-31,-0.0333
PCG,2025-03-31,-0.0115
PCG,2025-06-30,-0.0120
PCG,2025-09-30,-0.0336
PEG,2021-03-31,0.0006
PEG,2021-06-30,0.0011
PEG,2021-09-30,0.0376
PEG,2021-12-31,0.0066
PEG,2022-03-31,-0.0490
PEG,2022-06-30,0.0068
PEG,2022-09-30,0.0029
PEG,2022-12-31,-0.0225
PEG,2023-03-31,-0.0105
PEG,2023-06-30,-0.0116
PEG,2023-09-30,-0.0222
PEG,2023-12-31,-0.0285
PEG,2024-03-31,-0.0068
PEG,2024-06-30,-0.0106
PEG,2024-09-30,-0.0214
PEG,2024-12-31,-0.0189
PEG,2025-03-31,-0.0319
PEG,2025-06-30,-0.0005
PEP,2021-03-31,0.0196
PEP,2021-06-30,0.0035
PEP,2021-09-30,-0.0045
PEP,2021-12-31,-0.0238
PEP,2022-03-31,0.0004
PEP,2022-06-30,0.0011
PEP,2022-09-30,0.0152
PEP,2022-12-31,-0.0538
PEP,2023-03-31,0.0138
PEP,2023-06-30,-0.0426
PEP,2023-09-30,-0.0565
PEP,2023-12-31,-0.0392
PEP,2024-03-31,0.0135
PEP,2024-06-30,-0.0119
PEP,2024-09-30,-0.0196
PEP,2024-12-31,-0.0728
PEP,2025-03-31,0.0034
PEP,2025-06-30,-0.0402
PEP,2025-09-30,0.0181
PFE,2021-03-31,0.0146
PFE,2021-06-30,-0.0472
PFE,2021-09-30,-0.0289
PFE,2021-12-31,-0.0025
PFE,2022-03-31,0.0290
PFE,2022-06-30,-0.0238
PFE,2022-09-30,0.0165
PFE,2022-12-31,-0.0440
PFE,2023-03-31,0.0289
PFE,2023-06-30,-0.0129
PFE,2023-09-30,0.0124
PFE,2023-12-31,-0.0649
PFE,2024-03-31,0.0147
PFE,2024-06-30,-0.0130
PFE,2024-09-30,-0.0198
PFE,2024-12-31,-0.0598
PFE,2025-03-31,-0.0203
PFE,2025-06-30,-0.0056
PFG,2021-03-31,0.0057
PFG,2021-06-30,-0.0015
PFG,2021-09-30,-0.0013
PFG,2021-12-31,0.0005
PFG,2022-03-31,0.0015
PFG,2022-06-30,0.0906
PFG,2022-09-30,-0.0037
PFG,2022-12-31,-0.0785
PFG,2023-03-31,-0.0052
PFG,2023-06-30,0.0032
PFG,2023-09-30,0.0105
PFG,2023-12-31,-0.0142
PFG,2024-03-31,0.0010
PFG,2024-06-30,-0.0012
PFG,2024-09-30,-0.0131
PFG,2024-12-31,0.0019
PFG,2025-03-31,-0.0048
PFG,2025-06-30,-0.0016
PG,2021-03-31,-0.0017
PG,2021-06-30,-0.0068
PG,2021-09-30,0.0067
PG,2021-12-31,-0.0005
PG,2022-03-31,0.0090
PG,2022-06-30,-0.0033
PG,2022-09-30,0.0078
PG,2022-12-31,-0.0142
PG,2023-03-31,-0.0183
PG,2023-06-30,-0.0352
PG,2023-09-30,0.0023
PG,2023-12-31,-0.0115
PG,2024-03-31,-0.0083
PG,2024-06-30,-0.0424
PG,2024-09-30,-0.0019
PG,2024-12-31,0.0026
PG,2025-03-31,-0.0179
PG,2025-06-30,-0.0364
PGR,2021-03-31,0.0091
PGR,2021-06-30,-0.0413
PGR,2021-09-30,-0.0335
PGR,2021-12-31,0.0042
PGR,2022-03-31,-0.0202
PGR,2022-06-30,-0.0071
PGR,2022-09-30,-0.0228
PGR,2022-12-31,0.0000
PGR,2023-03-31,-0.0287
PGR,2023-06-30,-0.0309
PGR,2023-09-30,-0.0269
PGR,2023-12-31,-0.0129
PGR,2024-03-31,-0.0196
PGR,2024-06-30,-0.0211
PGR,2024-09-30,-0.0304
PGR,2024-12-31,-0.0305
PGR,2025-03-31,-0.0040
PGR,2025-06-30,-0.0095
PH,2021-03-31,0.0251
PH,2021-06-30,0.0132
PH,2021-09-30,0.0040
PH,2021-12-31,0.0156
PH,2022-03-31,0.0069
PH,2022-06-30,0.1364
PH,2022-09-30,-0.1602
PH,2022-12-31,-0.0240
PH,2023-03-31,-0.0172
PH,2023-06-30,-0.1022
PH,2023-09-30,-0.0050
PH,2023-12-31,-0.0113
PH,2024-03-31,-0.0338
PH,2024-06-30,-0.0135
PH,2024-09-30,0.0011
PH,2024-12-31,0.0064
PH,2025-03-31,0.0039
PH,2025-06-30,-0.0341
PHM,2021-03-31,0.0077
PHM,2021-06-30,-0.0030
PHM,2021-09-30,-0.0041
PHM,2021-12-31,0.0074
PHM,2022-03-31,-0.0296
PHM,2022-06-30,-0.0066
PHM,2022-09-30,-0.0011
PHM,2022-12-31,0.0071
PHM,2023-03-31,-0.0128
PHM,2023-06-30,0.0039
PHM,2023-09-30,-0.0127
PHM,2023-12-31,-0.0029
PHM,2024-03-31,0.0055
PHM,2024-06-30,0.0031
PHM,2024-09-30,-0.0125
PHM,2024-12-31,0.0051
PHM,2025-03-31,0.0087
PHM,2025-06-30,-0.0024
PHM,2025-09-30,-0.0168
PKG,2021-03-31,0.0104
PKG,2021-06-30,0.0138
PKG,2021-09-30,-0.0002
PKG,2021-12-31,0.0091
PKG,2022-03-31,0.0060
PKG,2022-06-30,0.0092
PKG,2022-09-30,-0.0058
PKG,2022-12-31,-0.0552
PKG,2023-03-31,-0.0080
PKG,2023-06-30,-0.0319
PKG,2023-09-30,-0.0572
PKG,2023-12-31,-0.0582
PKG,2024-03-31,-0.0131
PKG,2024-06-30,-0.0191
PKG,2024-09-30,-0.0419
PKG,2024-12-31,-0.0514
PKG,2025-03-31,-0.0584
PKG,2025-06-30,-0.0085
PLD,2021-03-31,0.0001
PLD,2021-06-30,-0.0030
PLD,2021-09-30,-0.0024
PLD,2021-12-31,0.0033
PLD,2022-03-31,0.0008
PLD,2022-06-30,0.0027
PLD,2022-09-30,-0.0046
PLD,2022-12-31,-0.0264
PLD,2023-03-31,-0.0031
PLD,2023-06-30,-0.0113
PLD,2023-09-30,-0.0171
PLD,2023-12-31,-0.0215
PLD,2024-03-31,-0.0069
PLD,2024-06-30,-0.0097
PLD,2024-09-30,-0.0177
PLD,2024-12-31,-0.0207
PLD,2025-03-31,-0.0055
PLD,2025-06-30,-0.0102
PLTR,2021-03-31,-0.0207
PLTR,2021-06-30,0.0187
PLTR,2021-09-30,0.0010
PLTR,2021-12-31,0.0114
PLTR,2022-03-31,0.0183
PLTR,2022-06-30,0.0145
PLTR,2022-09-30,0.0061
PLTR,2022-12-31,0.0034
PLTR,2023-03-31,-0.0205
PLTR,2023-06-30,0.0087
PLTR,2023-09-30,0.0053
PLTR,2023-12-31,-0.0345
PLTR,2024-03-31,0.0192
PLTR,2024-06-30,0.0271
PLTR,2024-09-30,-0.0273
PLTR,2024-12-31,-0.0277
PLTR,2025-03-31,0.0222
PLTR,2025-06-30,-0.0130
PM,2021-03-31,0.0697
PM,2021-06-30,-0.0305
PM,2021-09-30,-0.0212
PM,2021-12-31,-0.0441
PM,2022-03-31,0.0490
PM,2022-06-30,-0.0126
PM,2022-09-30,-0.0036
PM,2022-12-31,-0.0433
PM,2023-03-31,0.0524
PM,2023-06-30,-0.0412
PM,2023-09-30,-0.0300
PM,2023-12-31,-0.0707
PM,2024-03-31,0.0470
PM,2024-06-30,-0.0455
PM,2024-09-30,-0.0223
PM,2024-12-31,-0.0529
PM,2025-03-31,0.0539
PM,2025-06-30,-0.0205
PNC,2021-03-31,-0.0341
PNC,2021-06-30,-0.0392
PNC,2021-09-30,-0.0058
PNC,2021-12-31,-0.0147
PNC,2022-03-31,0.0198
PNC,2022-06-30,0.0453
PNC,2022-09-30,0.0062
PNC,2022-12-31,0.0270
PNC,2023-03-31,0.0022
PNC,2023-06-30,0.0061
PNC,2023-09-30,-0.0030
PNC,2023-12-31,0.0119
PNC,2024-03-31,-0.0107
PNC,2024-06-30,0.0206
PNC,2024-09-30,-0.0160
PNC,2024-12-31,-0.0138
PNC,2025-03-31,0.0157
PNC,2025-06-30,0.0083
PNR,2021-03-31,0.0396
PNR,2021-06-30,-0.0481
PNR,2021-09-30,-0.0043
PNR,2021-12-31,0.0208
PNR,2022-03-31,0.0553
PNR,2022-06-30,-0.0313
PNR,2022-09-30,0.0125
PNR,2022-12-31,-0.0111
PNR,2023-03-31,0.0351
PNR,2023-06-30,-0.0510
PNR,2023-09-30,-0.0144
PNR,2023-12-31,-0.0040
PNR,2024-03-31,0.0366
PNR,2024-06-30,-0.0565
PNR,2024-09-30,-0.0225
PNR,2024-12-31,-0.0040
PNR,2025-03-31,0.0193
PNR,2025-06-30,-0.0609
PNR,2025-09-30,-0.0042
PNW,2021-03-31,0.0045
PNW,2021-06-30,0.0050
PNW,2021-09-30,0.0079
PNW,2021-12-31,-0.0038
PNW,2022-03-31,0.0010
PNW,2022-06-30,0.0018
PNW,2022-09-30,0.0068
PNW,2022-12-31,-0.0485
PNW,2023-03-31,-0.0039
PNW,2023-06-30,-0.0284
PNW,2023-09-30,-0.0305
PNW,2023-12-31,-0.0707
PNW,2024-03-31,-0.0189
PNW,2024-06-30,-0.0234
PNW,2024-09-30,-0.0336
PNW,2024-12-31,-0.0693
PNW,2025-03-31,-0.0566
PNW,2025-06-30,-0.0113
PODD,2021-03-31,0.0339
PODD,2021-06-30,0.0090
PODD,2021-09-30,0.0311
PODD,2021-12-31,0.0415
PODD,2022-03-31,0.0253
PODD,2022-06-30,-0.0186
PODD,2022-09-30,-0.0220
PODD,2022-12-31,-0.0277
PODD,2023-03-31,0.0153
PODD,2023-06-30,-0.0100
PODD,2023-09-30,-0.0144
PODD,2023-12-31,0.0076
PODD,2024-03-31,-0.0084
PODD,2024-06-30,-0.0116
PODD,2024-09-30,-0.0153
PODD,2024-12-31,-0.0264
PODD,2025-03-31,0.0101
PODD,2025-06-30,-0.0059
POOL,2021-03-31,0.0216
POOL,2021-06-30,0.0698
POOL,2021-09-30,0.0044
POOL,2021-12-31,0.0697
POOL,2022-03-31,0.1164
POOL,2022-06-30,0.0156
POOL,2022-09-30,-0.0196
POOL,2022-12-31,-0.0359
POOL,2023-03-31,-0.0080
POOL,2023-06-30,-0.0131
POOL,2023-09-30,-0.0632
POOL,2023-12-31,-0.0298
POOL,2024-03-31,-0.0155
POOL,2024-06-30,0.0419
POOL,2024-09-30,-0.0734
POOL,2024-12-31,-0.0334
POOL,2025-03-31,0.0010
POOL,2025-06-30,0.0653
PPG,2021-03-31,0.0277
PPG,2021-06-30,0.0118
PPG,2021-09-30,-0.0084
PPG,2021-12-31,-0.0135
PPG,2022-03-31,0.0368
PPG,2022-06-30,0.0084
PPG,2022-09-30,-0.0064
PPG,2022-12-31,-0.0352
PPG,2023-03-31,0.0144
PPG,2023-06-30,-0.0069
PPG,2023-09-30,-0.0365
PPG,2023-12-31,-0.0857
PPG,2024-03-31,0.0388
PPG,2024-06-30,-0.0033
PPG,2024-09-30,-0.0218
PPG,2024-12-31,-0.0631
PPG,2025-03-31,0.0303
PPG,2025-06-30,0.0047
PPL,2021-03-31,0.1561
PPL,2021-06-30,-0.1748
PPL,2021-09-30,0.0024
PPL,2021-12-31,0.0046
PPL,2022-03-31,0.0070
PPL,2022-06-30,-0.0046
PPL,2022-09-30,0.0040
PPL,2022-12-31,-0.0290
PPL,2023-03-31,-0.0038
PPL,2023-06-30,-0.0167
PPL,2023-09-30,-0.0346
PPL,2023-12-31,-0.0252
PPL,2024-03-31,0.0021
PPL,2024-06-30,-0.0244
PPL,2024-09-30,-0.0319
PPL,2024-12-31,-0.0341
PPL,2025-03-31,-0.0032
PPL,2025-06-30,-0.0200
PRU,2021-03-31,0.0185
PRU,2021-06-30,0.0021
PRU,2021-09-30,0.0371
PRU,2021-12-31,0.0007
PRU,2022-03-31,0.0072
PRU,2022-06-30,0.0017
PRU,2022-09-30,-0.0064
PRU,2022-12-31,-0.0161
PRU,2023-03-31,0.0120
PRU,2023-06-30,0.0062
PRU,2023-09-30,0.0190
PRU,2023-12-31,-0.0205
PRU,2024-03-31,-0.0056
PRU,2024-06-30,0.0096
PRU,2024-09-30,-0.0439
PRU,2024-12-31,0.0298
PRU,2025-03-31,0.0014
PRU,2025-06-30,-0.0141
PSA,2021-03-31,0.0023
PSA,2021-06-30,-0.0029
PSA,2021-09-30,-0.0045
PSA,2021-12-31,-0.0005
PSA,2022-03-31,0.0016
PSA,2022-06-30,-0.0011
PSA,2022-09-30,-0.0066
PSA,2022-12-31,-0.0465
PSA,2023-03-31,-0.0101
PSA,2023-06-30,-0.0275
PSA,2023-09-30,-0.0437
PSA,2023-12-31,-0.0466
PSA,2024-03-31,-0.0096
PSA,2024-06-30,-0.0330
PSA,2024-09-30,-0.0446
PSA,2024-12-31,-0.0556
PSA,2025-03-31,-0.0540
PSA,2025-06-30,-0.0193
PSKY,2025-03-31,0.0003
PSKY,2025-06-30,0.0103
PSX,2021-03-31,-0.0014
PSX,2021-06-30,-0.0114
PSX,2021-09-30,-0.0145
PSX,2021-12-31,-0.0081
PSX,2022-03-31,0.0026
PSX,2022-06-30,0.0358
PSX,2022-09-30,0.0011
PSX,2022-12-31,-0.0507
PSX,2023-03-31,0.0119
PSX,2023-06-30,-0.0010
PSX,2023-09-30,-0.0230
PSX,2023-12-31,-0.0289
PSX,2024-03-31,0.0136
PSX,2024-06-30,-0.0240
PSX,2024-09-30,-0.0170
PSX,2024-12-31,-0.0373
PSX,2025-03-31,-0.0326
PSX,2025-06-30,0.0041
PTC,2021-03-31,-0.0042
PTC,2021-06-30,-0.0005
PTC,2021-09-30,0.0541
PTC,2021-12-31,-0.0246
PTC,2022-03-31,-0.0125
PTC,2022-06-30,-0.0049
PTC,2022-09-30,0.0562
PTC,2022-12-31,-0.0410
PTC,2023-03-31,-0.1378
PTC,2023-06-30,-0.0233
PTC,2023-09-30,-0.0031
PTC,2023-12-31,0.0908
PTC,2024-03-31,-0.0156
PTC,2024-06-30,-0.0349
PTC,2024-09-30,-0.0076
PTC,2024-12-31,-0.0109
PTC,2025-03-31,-0.0234
PTC,2025-06-30,-0.0305
PWR,2021-03-31,0.0045
PWR,2021-06-30,0.0098
PWR,2021-09-30,0.0273
PWR,2021-12-31,-0.0254
PWR,2022-03-31,0.0049
PWR,2022-06-30,0.0188
PWR,2022-09-30,0.0108
PWR,2022-12-31,-0.0551
PWR,2023-03-31,0.0050
PWR,2023-06-30,-0.0021
PWR,2023-09-30,-0.0272
PWR,2023-12-31,-0.0756
PWR,2024-03-31,-0.0068
PWR,2024-06-30,-0.0314
PWR,2024-09-30,-0.0471
PWR,2024-12-31,-0.0486
PWR,2025-03-31,0.0024
PWR,2025-06-30,-0.0019
PYPL,2021-03-31,-0.0064
PYPL,2021-06-30,0.0077
PYPL,2021-09-30,-0.0057
PYPL,2021-12-31,0.0120
PYPL,2022-03-31,0.0053
PYPL,2022-06-30,0.0052
PYPL,2022-09-30,0.0023
PYPL,2022-12-31,-0.0103
PYPL,2023-03-31,0.0022
PYPL,2023-06-30,-0.0008
PYPL,2023-09-30,-0.0216
PYPL,2023-12-31,-0.0291
PYPL,2024-03-31,-0.0083
PYPL,2024-06-30,-0.0147
PYPL,2024-09-30,0.0161
PYPL,2024-12-31,0.0086
PYPL,2025-03-31,0.0082
PYPL,2025-06-30,0.0201
QCOM,2021-03-31,-0.0152
QCOM,2021-06-30,-0.0219
QCOM,2021-09-30,0.0096
QCOM,2021-12-31,0.0221
QCOM,2022-03-31,0.0330
QCOM,2022-06-30,0.0471
QCOM,2022-09-30,0.0449
QCOM,2022-12-31,-0.0120
QCOM,2023-03-31,-0.0013
QCOM,2023-06-30,-0.0427
QCOM,2023-09-30,-0.0772
QCOM,2023-12-31,0.0052
QCOM,2024-03-31,-0.0347
QCOM,2024-06-30,-0.0284
QCOM,2024-09-30,-0.0156
QCOM,2024-12-31,-0.0010
QCOM,2025-03-31,0.0009
QCOM,2025-06-30,-0.0092
RCL,2021-03-31,0.0123
RCL,2021-06-30,-0.0122
RCL,2021-09-30,-0.0138
RCL,2021-12-31,-0.0227
RCL,2022-03-31,-0.0029
RCL,2022-06-30,-0.0165
RCL,2022-09-30,0.0064
RCL,2022-12-31,-0.0656
RCL,2023-03-31,-0.0413
RCL,2023-06-30,-0.0392
RCL,2023-09-30,-0.0145
RCL,2023-12-31,-0.0569
RCL,2024-03-31,-0.0243
RCL,2024-06-30,-0.0296
RCL,2024-09-30,-0.0148
RCL,2024-12-31,-0.0606
RCL,2025-03-31,-0.0268
RCL,2025-06-30,-0.0229
REG,2021-03-31,0.0001
REG,2021-06-30,-0.0024
REG,2021-09-30,-0.0006
REG,2021-12-31,0.0018
REG,2022-03-31,0.0040
REG,2022-06-30,-0.0033
REG,2022-09-30,0.0007
REG,2022-12-31,-0.0256
REG,2023-03-31,-0.0053
REG,2023-06-30,-0.0148
REG,2023-09-30,-0.0246
REG,2023-12-31,-0.0262
REG,2024-03-31,-0.0046
REG,2024-06-30,-0.0157
REG,2024-09-30,-0.0259
REG,2024-12-31,-0.0300
REG,2025-03-31,-0.0039
REG,2025-06-30,-0.0175
REGN,2021-03-31,-0.0093
REGN,2021-06-30,0.1203
REGN,2021-09-30,-0.0630
REGN,2021-12-31,0.0047
REGN,2022-03-31,-0.0054
REGN,2022-06-30,0.0255
REGN,2022-09-30,0.0218
REGN,2022-12-31,-0.0305
REGN,2023-03-31,-0.0085
REGN,2023-06-30,-0.0053
REGN,2023-09-30,-0.0025
REGN,2023-12-31,-0.0102
REGN,2024-03-31,-0.0164
REGN,2024-06-30,0.0215
REGN,2024-09-30,-0.0067
REGN,2024-12-31,-0.0174
REGN,2025-03-31,-0.0046
REGN,2025-06-30,-0.0051
RF,2021-03-31,-0.0523
RF,2021-06-30,-0.0161
RF,2021-09-30,-0.0094
RF,2021-12-31,-0.0156
RF,2022-03-31,-0.0039
RF,2022-06-30,0.0420
RF,2022-09-30,0.0271
RF,2022-12-31,0.0336
RF,2023-03-31,0.0161
RF,2023-06-30,0.0097
RF,2023-09-30,0.0081
RF,2023-12-31,-0.0032
RF,2024-03-31,-0.0248
RF,2024-06-30,0.0231
RF,2024-09-30,-0.0104
RF,2024-12-31,-0.0025
RF,2025-03-31,-0.0268
RF,2025-06-30,0.0079
RJF,2021-03-31,-0.0127
RJF,2021-06-30,0.0073
RJF,2021-09-30,-0.0528
RJF,2021-12-31,-0.0819
RJF,2022-03-31,-0.0281
RJF,2022-06-30,0.0259
RJF,2022-09-30,0.0988
RJF,2022-12-31,0.0477
RJF,2023-03-31,-0.0210
RJF,2023-06-30,0.0037
RJF,2023-09-30,0.0039
RJF,2023-12-31,-0.0127
RJF,2024-03-31,0.0098
RJF,2024-06-30,0.0217
RJF,2024-09-30,-0.0202
RJF,2024-12-31,0.0189
RJF,2025-03-31,0.0107
RJF,2025-06-30,-0.0020
RL,2021-03-31,0.0042
RL,2021-06-30,-0.0058
RL,2021-09-30,0.0012
RL,2021-12-31,-0.0197
RL,2022-03-31,0.0270
RL,2022-06-30,0.0263
RL,2022-09-30,0.0377
RL,2022-12-31,-0.0427
RL,2023-03-31,-0.0202
RL,2023-06-30,-0.0181
RL,2023-09-30,0.0003
RL,2023-12-31,-0.0651
RL,2024-03-31,-0.0240
RL,2024-06-30,-0.0078
RL,2024-09-30,-0.0002
RL,2024-12-31,-0.0651
RL,2025-03-31,-0.0257
RL,2025-06-30,-0.0212
RMD,2021-03-31,-0.0568
RMD,2021-06-30,0.0021
RMD,2021-09-30,0.0673
RMD,2021-12-31,0.0097
RMD,2022-03-31,0.0214
RMD,2022-06-30,0.0266
RMD,2022-09-30,0.0323
RMD,2022-12-31,0.0195
RMD,2023-03-31,-0.0199
RMD,2023-06-30,-0.0244
RMD,2023-09-30,-0.0162
RMD,2023-12-31,-0.0041
RMD,2024-03-31,-0.0329
RMD,2024-06-30,-0.0507
RMD,2024-09-30,0.0069
RMD,2024-12-31,0.0058
RMD,2025-03-31,-0.0394
RMD,2025-06-30,-0.0371
ROK,2021-03-31,0.0212
ROK,2021-06-30,-0.0322
ROK,2021-09-30,0.0941
ROK,2021-12-31,-0.1068
ROK,2022-03-31,0.0127
ROK,2022-06-30,-0.0080
ROK,2022-09-30,0.1555
ROK,2022-12-31,-0.1095
ROK,2023-03-31,0.0069
ROK,2023-06-30,0.0001
ROK,2023-09-30,-0.0493
ROK,2023-12-31,-0.0146
ROK,2024-03-31,-0.0267
ROK,2024-06-30,-0.0400
ROK,2024-09-30,-0.0214
ROK,2024-12-31,-0.0076
ROK,2025-03-31,-0.0480
ROK,2025-06-30,-0.0227
ROL,2021-03-31,-0.0177
ROL,2021-06-30,0.0100
ROL,2021-09-30,0.0256
ROL,2021-12-31,-0.0108
ROL,2022-03-31,-0.0010
ROL,2022-06-30,0.0047
ROL,2022-09-30,-0.0005
ROL,2022-12-31,-0.0464
ROL,2023-03-31,-0.0045
ROL,2023-06-30,-0.0439
ROL,2023-09-30,-0.0205
ROL,2023-12-31,-0.0484
ROL,2024-03-31,-0.0131
ROL,2024-06-30,-0.0063
ROL,2024-09-30,-0.0250
ROL,2024-12-31,-0.0622
ROL,2025-03-31,-0.0067
ROL,2025-06-30,-0.0300
ROP,2021-03-31,-0.0023
ROP,2021-06-30,0.0005
ROP,2021-09-30,0.0211
ROP,2021-12-31,-0.0090
ROP,2022-03-31,-0.0486
ROP,2022-06-30,0.0471
ROP,2022-09-30,0.0084
ROP,2022-12-31,-0.0651
ROP,2023-03-31,-0.0058
ROP,2023-06-30,-0.0099
ROP,2023-09-30,-0.0271
ROP,2023-12-31,-0.0302
ROP,2024-03-31,-0.0063
ROP,2024-06-30,-0.0096
ROP,2024-09-30,-0.0263
ROP,2024-12-31,-0.0314
ROP,2025-03-31,-0.0238
ROP,2025-06-30,-0.0004
ROST,2021-04-30,-0.0122
ROST,2021-07-31,0.0016
ROST,2021-10-31,0.0247
ROST,2022-01-31,0.0118
ROST,2022-04-30,0.0700
ROST,2022-07-31,0.0121
ROST,2022-10-31,-0.0034
ROST,2023-01-31,-0.0806
ROST,2023-04-30,0.0020
ROST,2023-07-31,-0.0233
ROST,2023-10-31,-0.0130
ROST,2024-01-31,-0.0466
ROST,2024-04-30,-0.0065
ROST,2024-07-31,-0.0090
ROST,2024-10-31,-0.0135
ROST,2025-01-31,-0.0492
ROST,2025-04-30,-0.0094
ROST,2025-07-31,-0.0059
RSG,2021-03-31,0.0030
RSG,2021-06-30,-0.0059
RSG,2021-09-30,0.0026
RSG,2021-12-31,0.0028
RSG,2022-03-31,0.0053
RSG,2022-06-30,-0.0118
RSG,2022-09-30,-0.0047
RSG,2022-12-31,-0.0546
RSG,2023-03-31,-0.0044
RSG,2023-06-30,-0.0256
RSG,2023-09-30,-0.0716
RSG,2023-12-31,-0.0556
RSG,2024-03-31,-0.0186
RSG,2024-06-30,-0.0343
RSG,2024-09-30,-0.0102
RSG,2024-12-31,-0.0686
RSG,2025-03-31,0.0025
RSG,2025-06-30,-0.0317
RTX,2021-03-31,-0.0019
RTX,2021-06-30,0.0024
RTX,2021-09-30,0.0080
RTX,2021-12-31,-0.0121
RTX,2022-03-31,0.0055
RTX,2022-06-30,-0.0048
RTX,2022-09-30,0.0089
RTX,2022-12-31,-0.0393
RTX,2023-03-31,0.0118
RTX,2023-06-30,-0.0120
RTX,2023-09-30,-0.0365
RTX,2023-12-31,-0.0388
RTX,2024-03-31,0.0019
RTX,2024-06-30,-0.0283
RTX,2024-09-30,-0.0157
RTX,2024-12-31,-0.0241
RTX,2025-03-31,0.0033
RTX,2025-06-30,-0.0064
RTX,2025-09-30,-0.0224
RVTY,2022-06-30,0.0125
RVTY,2022-09-30,0.0732
RVTY,2022-12-31,-0.0322
RVTY,2023-03-31,-0.1128
RVTY,2023-06-30,0.0064
RVTY,2023-09-30,-0.0096
RVTY,2023-12-31,-0.0394
RVTY,2024-03-31,-0.0058
RVTY,2024-06-30,-0.0293
RVTY,2024-09-30,-0.0247
RVTY,2024-12-31,-0.0343
RVTY,2025-03-31,-0.0352
RVTY,2025-06-30,-0.0047
SBAC,2021-03-31,0.0075
SBAC,2021-06-30,-0.0070
SBAC,2021-09-30,0.0041
SBAC,2021-12-31,0.0005
SBAC,2022-03-31,0.0000
SBAC,2022-06-30,0.0003
SBAC,2022-09-30,-0.0013
SBAC,2022-12-31,-0.0687
SBAC,2023-03-31,-0.0131
SBAC,2023-06-30,-0.0452
SBAC,2023-09-30,-0.0483
SBAC,2023-12-31,-0.0943
SBAC,2024-03-31,-0.0014
SBAC,2024-06-30,-0.0196
SBAC,2024-09-30,-0.0174
SBAC,2024-12-31,0.0115
SBAC,2025-03-31,-0.0514
SBAC,2025-06-30,-0.0186
SBUX,2021-03-31,0.0012
SBUX,2021-06-30,-0.0092
SBUX,2021-09-30,-0.0078
SBUX,2021-12-31,-0.0169
SBUX,2022-03-31,0.0333
SBUX,2022-06-30,0.0060
SBUX,2022-09-30,-0.0001
SBUX,2022-12-31,-0.0293
SBUX,2023-03-31,-0.0149
SBUX,2023-06-30,-0.0447
SBUX,2023-09-30,-0.0619
SBUX,2023-12-31,-0.0341
SBUX,2024-03-31,-0.0059
SBUX,2024-06-30,-0.0421
SBUX,2024-09-30,-0.0618
SBUX,2024-12-31,-0.0336
SBUX,2025-03-31,-0.0062
SBUX,2025-06-30,-0.0403
SCHW,2021-03-31,0.0019
SCHW,2021-06-30,0.0049
SCHW,2021-09-30,-0.0427
SCHW,2021-12-31,-0.0854
SCHW,2022-03-31,-0.0338
SCHW,2022-06-30,0.0508
SCHW,2022-09-30,0.0836
SCHW,2022-12-31,0.0276
SCHW,2023-03-31,0.0327
SCHW,2023-06-30,0.0407
SCHW,2023-09-30,0.3083
SCHW,2023-12-31,-0.2606
SCHW,2024-03-31,0.0517
SCHW,2024-06-30,0.0483
SCHW,2024-09-30,-0.0273
SCHW,2024-12-31,0.0017
SCHW,2025-03-31,0.0347
SCHW,2025-06-30,0.0111
SHW,2021-03-31,0.0291
SHW,2021-06-30,-0.0081
SHW,2021-09-30,-0.0129
SHW,2021-12-31,0.0113
SHW,2022-03-31,0.0255
SHW,2022-06-30,0.0014
SHW,2022-09-30,0.0033
SHW,2022-12-31,-0.0318
SHW,2023-03-31,0.0182
SHW,2023-06-30,-0.0245
SHW,2023-09-30,-0.0488
SHW,2023-12-31,-0.0486
SHW,2024-03-31,0.0228
SHW,2024-06-30,-0.0229
SHW,2024-09-30,-0.0263
SHW,2024-12-31,-0.0457
SHW,2025-03-31,0.0260
SHW,2025-06-30,-0.0191
SJM,2021-04-30,0.0006
SJM,2021-07-31,0.0101
SJM,2021-10-31,0.0089
SJM,2022-01-31,-0.0093
SJM,2022-04-30,-0.0041
SJM,2022-07-31,0.0173
SJM,2022-10-31,0.0073
SJM,2023-01-31,-0.0314
SJM,2023-04-30,-0.0512
SJM,2023-07-31,-0.0209
SJM,2023-10-31,0.0021
SJM,2024-01-31,-0.0165
SJM,2024-04-30,-0.0264
SJM,2024-07-31,0.0055
SJM,2024-10-31,-0.0148
SJM,2025-01-31,-0.0522
SJM,2025-04-30,-0.1222
SJM,2025-07-31,0.0091
SLB,2021-03-31,0.0143
SLB,2021-06-30,0.0142
SLB,2021-09-30,-0.0220
SLB,2021-12-31,-0.0134
SLB,2022-03-31,0.0180
SLB,2022-06-30,0.0238
SLB,2022-09-30,-0.0011
SLB,2022-12-31,-0.0670
SLB,2023-03-31,-0.0002
SLB,2023-06-30,-0.0219
SLB,2023-09-30,-0.0381
SLB,2023-12-31,-0.0587
SLB,2024-03-31,0.0083
SLB,2024-06-30,-0.0094
SLB,2024-09-30,-0.0471
SLB,2024-12-31,-0.0622
SLB,2025-03-31,-0.0422
SLB,2025-06-30,-0.0054
SLB,2025-09-30,-0.0142
SMCI,2021-03-31,0.0812
SMCI,2021-06-30,-0.0042
SMCI,2021-09-30,0.0732
SMCI,2021-12-31,0.0482
SMCI,2022-03-31,0.1100
SMCI,2022-06-30,0.0570
SMCI,2022-09-30,-0.0393
SMCI,2022-12-31,0.0153
SMCI,2023-03-31,-0.0536
SMCI,2023-06-30,0.0539
SMCI,2023-09-30,-0.0204
SMCI,2023-12-31,0.1931
SMCI,2024-03-31,0.2641
SMCI,2024-09-30,0.1047
SMCI,2024-12-31,0.0616
SMCI,2025-03-31,-0.0439
SMCI,2025-06-30,-0.0663
SNA,2021-03-31,-0.0122
SNA,2021-06-30,0.0071
SNA,2021-09-30,0.0443
SNA,2021-12-31,0.0049
SNA,2022-03-31,0.0088
SNA,2022-06-30,0.0118
SNA,2022-09-30,0.0124
SNA,2022-12-31,0.0033
SNA,2023-03-31,-0.0024
SNA,2023-06-30,0.0003
SNA,2023-09-30,-0.0152
SNA,2023-12-31,-0.0074
SNA,2024-03-31,-0.0089
SNA,2024-06-30,-0.0051
SNA,2024-09-30,-0.0021
SNA,2024-12-31,-0.0207
SNA,2025-03-31,0.0020
SNA,2025-06-30,0.0081
SNA,2025-09-30,-0.0047
SNPS,2021-04-30,-0.0287
SNPS,2021-07-31,-0.0101
SNPS,2021-10-31,-0.0107
SNPS,2022-01-31,0.0357
SNPS,2022-04-30,-0.0347
SNPS,2022-07-31,-0.0073
SNPS,2022-10-31,-0.0160
SNPS,2023-01-31,0.0029
SNPS,2023-04-30,-0.0372
SNPS,2023-07-31,-0.0173
SNPS,2023-10-31,-0.0089
SNPS,2024-01-31,0.0293
SNPS,2024-04-30,0.0847
SNPS,2024-07-31,-0.0109
SNPS,2024-10-31,-0.0969
SNPS,2025-01-31,0.0249
SNPS,2025-04-30,-0.0026
SNPS,2025-07-31,-0.0264
SO,2021-03-31,0.0054
SO,2021-06-30,-0.0041
SO,2021-09-30,0.0038
SO,2021-12-31,-0.0096
SO,2022-03-31,-0.0001
SO,2022-06-30,-0.0060
SO,2022-09-30,0.0089
SO,2022-12-31,-0.0431
SO,2023-03-31,0.0050
SO,2023-06-30,-0.0127
SO,2023-09-30,-0.0298
SO,2023-12-31,-0.0401
SO,2024-03-31,0.0027
SO,2024-06-30,-0.0163
SO,2024-09-30,-0.0352
SO,2024-12-31,-0.0444
SO,2025-03-31,0.0077
SO,2025-06-30,-0.0230
SOLV,2024-06-30,-0.0605
SOLV,2024-09-30,-0.0220
SOLV,2024-12-31,-0.0376
SOLV,2025-03-31,-0.0335
SOLV,2025-06-30,-0.0058
SPG,2021-03-31,-0.0030
SPG,2021-06-30,-0.0029
SPG,2021-09-30,-0.0033
SPG,2021-12-31,-0.0036
SPG,2022-03-31,0.0037
SPG,2022-06-30,-0.0036
SPG,2022-09-30,-0.0036
SPG,2022-12-31,-0.0405
SPG,2023-03-31,-0.0068
SPG,2023-06-30,-0.0271
SPG,2023-09-30,-0.0322
SPG,2023-12-31,-0.0396
SPG,2024-03-31,-0.0056
SPG,2024-06-30,-0.0226
SPG,2024-09-30,-0.0306
SPG,2024-12-31,-0.0433
SPG,2025-03-31,-0.0355
SPG,2025-06-30,-0.0152
SPGI,2021-03-31,0.0091
SPGI,2021-06-30,0.0008
SPGI,2021-09-30,-0.0037
SPGI,2021-12-31,0.0092
SPGI,2022-03-31,-0.0169
SPGI,2022-06-30,-0.0012
SPGI,2022-09-30,0.0012
SPGI,2022-12-31,-0.0034
SPGI,2023-03-31,0.0013
SPGI,2023-06-30,-0.0257
SPGI,2023-09-30,-0.0135
SPGI,2023-12-31,-0.0228
SPGI,2024-03-31,0.0045
SPGI,2024-06-30,-0.0128
SPGI,2024-09-30,-0.0161
SPGI,2024-12-31,-0.0297
SPGI,2025-03-31,0.0046
SPGI,2025-06-30,-0.0082
SRE,2021-03-31,-0.0034
SRE,2021-06-30,-0.0005
SRE,2021-09-30,-0.0294
SRE,2021-12-31,0.0075
SRE,2022-03-31,0.0015
SRE,2022-06-30,0.0017
SRE,2022-09-30,0.0142
SRE,2022-12-31,-0.0090
SRE,2023-03-31,-0.0164
SRE,2023-06-30,-0.0198
SRE,2023-09-30,-0.0264
SRE,2023-12-31,-0.0223
SRE,2024-03-31,-0.0102
SRE,2024-06-30,-0.0088
SRE,2024-09-30,-0.0243
SRE,2024-12-31,-0.0231
SRE,2025-03-31,-0.0239
SRE,2025-06-30,-0.0002
STE,2021-03-31,-0.0006
STE,2021-06-30,0.0308
STE,2021-09-30,0.0048
STE,2021-12-31,0.0029
STE,2022-03-31,-0.0035
STE,2022-06-30,0.0020
STE,2022-09-30,0.0123
STE,2022-12-31,-0.0779
STE,2023-03-31,-0.0954
STE,2023-06-30,-0.0130
STE,2023-09-30,-0.0118
STE,2023-12-31,-0.0358
STE,2024-03-31,0.0053
STE,2024-06-30,-0.0890
STE,2024-09-30,-0.0172
STE,2024-12-31,-0.0413
STE,2025-03-31,-0.0517
STE,2025-06-30,-0.0542
STLD,2021-03-31,0.0366
STLD,2021-06-30,0.0308
STLD,2021-09-30,0.0450
STLD,2021-12-31,0.0527
STLD,2022-03-31,0.0320
STLD,2022-06-30,0.0221
STLD,2022-09-30,-0.0383
STLD,2022-12-31,-0.0482
STLD,2023-03-31,-0.0032
STLD,2023-06-30,-0.0055
STLD,2023-09-30,-0.0544
STLD,2023-12-31,-0.0519
STLD,2024-03-31,0.0081
STLD,2024-06-30,-0.0075
STLD,2024-09-30,-0.0346
STLD,2024-12-31,-0.0315
STLD,2025-03-31,-0.0185
STLD,2025-06-30,0.0050
STT,2021-03-31,0.0016
STT,2021-06-30,-0.0345
STT,2021-09-30,0.0235
STT,2021-12-31,0.0272
STT,2022-03-31,-0.0177
STT,2022-06-30,0.0631
STT,2022-09-30,-0.0011
STT,2022-12-31,-0.0084
STT,2023-03-31,0.0444
STT,2023-06-30,-0.0120
STT,2023-09-30,0.0405
STT,2023-12-31,-0.0418
STT,2024-03-31,-0.1170
STT,2024-06-30,0.0397
STT,2024-09-30,-0.0255
STT,2024-12-31,-0.0358
STT,2025-03-31,-0.0410
STT,2025-06-30,0.0009
STX,2021-03-31,0.0052
STX,2021-06-30,0.0188
STX,2021-09-30,0.0161
STX,2021-12-31,0.0139
STX,2022-03-31,0.0121
STX,2022-06-30,0.0196
STX,2022-09-30,0.0034
STX,2022-12-31,-0.0653
STX,2023-03-31,-0.0405
STX,2023-06-30,-0.1589
STX,2023-09-30,-0.0404
STX,2023-12-31,-0.0270
STX,2024-03-31,-0.0388
STX,2024-06-30,-0.0198
STX,2024-09-30,0.0342
STX,2024-12-31,0.0151
STX,2025-03-31,-0.0088
STX,2025-06-30,-0.0248
STZ,2021-02-28,-0.0174
STZ,2021-05-31,-0.0026
STZ,2021-08-31,-0.0050
STZ,2021-11-30,-0.0051
STZ,2022-02-28,0.0134
STZ,2022-05-31,0.0067
STZ,2022-08-31,-0.0003
STZ,2022-11-30,-0.0137
STZ,2023-02-28,-0.0149
STZ,2023-05-31,-0.0013
STZ,2023-08-31,-0.0140
STZ,2023-11-30,-0.0137
STZ,2024-02-29,-0.0124
STZ,2024-05-31,0.0033
STZ,2024-08-31,-0.1107
STZ,2024-11-30,-0.1094
STZ,2025-02-28,-0.1391
STZ,2025-05-31,0.0012
STZ,2025-08-31,-0.0575
SW,2023-09-30,-0.0673
SW,2023-12-31,-0.0164
SW,2024-03-31,-0.0184
SW,2024-06-30,-0.1807
SW,2024-09-30,0.1427
SW,2024-12-31,-0.0262
SW,2025-03-31,-0.0157
SW,2025-06-30,-0.0143
SWK,2021-03-31,0.0379
SWK,2021-06-30,-0.0118
SWK,2021-09-30,0.0120
SWK,2021-12-31,-0.0527
SWK,2022-03-31,-0.0348
SWK,2022-06-30,-0.0233
SWK,2022-09-30,0.1042
SWK,2022-12-31,-0.0139
SWK,2023-03-31,0.0135
SWK,2023-06-30,-0.0210
SWK,2023-09-30,-0.0170
SWK,2023-12-31,-0.0548
SWK,2024-03-31,-0.0089
SWK,2024-06-30,0.0308
SWK,2024-09-30,-0.0148
SWK,2024-12-31,-0.0298
SWK,2025-03-31,-0.0286
SWK,2025-06-30,-0.0266
SWKS,2021-03-31,-0.0360
SWKS,2021-06-30,0.0186
SWKS,2021-09-30,0.0269
SWKS,2021-12-31,-0.0021
SWKS,2022-03-31,0.0159
SWKS,2022-06-30,0.0253
SWKS,2022-09-30,0.0449
SWKS,2022-12-31,-0.0441
SWKS,2023-03-31,-0.0393
SWKS,2023-06-30,-0.0487
SWKS,2023-09-30,-0.0651
SWKS,2023-12-31,-0.0574
SWKS,2024-03-31,-0.0398
SWKS,2024-06-30,-0.0306
SWKS,2024-09-30,-0.0830
SWKS,2024-12-31,-0.0200
SWKS,2025-03-31,-0.0543
SWKS,2025-06-30,-0.0528
SYF,2021-03-31,-0.0460
SYF,2021-06-30,0.0560
SYF,2021-09-30,0.0108
SYF,2021-12-31,0.0303
SYF,2022-03-31,-0.0315
SYF,2022-06-30,-0.0169
SYF,2022-09-30,-0.0075
SYF,2022-12-31,0.0151
SYF,2023-03-31,-0.0345
SYF,2023-06-30,0.0166
SYF,2023-09-30,-0.0045
SYF,2023-12-31,0.0062
SYF,2024-03-31,-0.0333
SYF,2024-06-30,0.0056
SYF,2024-09-30,0.0100
SYF,2024-12-31,0.0196
SYF,2025-03-31,-0.0510
SYF,2025-06-30,0.0105
SYF,2025-09-30,0.0192
SYK,2021-03-31,0.0096
SYK,2021-06-30,-0.0080
SYK,2021-09-30,-0.0020
SYK,2021-12-31,0.0018
SYK,2022-03-31,0.0154
SYK,2022-06-30,0.0083
SYK,2022-09-30,-0.0012
SYK,2022-12-31,-0.0280
SYK,2023-03-31,0.0066
SYK,2023-06-30,-0.0098
SYK,2023-09-30,-0.0187
SYK,2023-12-31,-0.0346
SYK,2024-03-31,0.0174
SYK,2024-06-30,-0.0063
SYK,2024-09-30,-0.0281
SYK,2024-12-31,-0.0318
SYK,2025-03-31,0.0149
SYK,2025-06-30,-0.0140
SYY,2021-03-31,-0.0105
SYY,2021-06-30,0.0116
SYY,2021-09-30,0.0221
SYY,2021-12-31,0.0096
SYY,2022-03-31,0.0037
SYY,2022-06-30,-0.0097
SYY,2022-09-30,0.0216
SYY,2022-12-31,-0.0073
SYY,2023-03-31,-0.0447
SYY,2023-06-30,-0.0618
SYY,2023-09-30,0.0189
SYY,2023-12-31,-0.0157
SYY,2024-03-31,-0.0242
SYY,2024-06-30,-0.0715
SYY,2024-09-30,-0.0142
SYY,2024-12-31,-0.0049
SYY,2025-03-31,-0.0261
SYY,2025-06-30,-0.0570
T,2021-03-31,0.0224
T,2021-06-30,-0.0026
T,2021-09-30,-0.0271
T,2021-12-31,-0.0004
T,2022-03-31,0.0093
T,2022-06-30,0.0087
T,2022-09-30,-0.0006
T,2022-12-31,-0.0592
T,2023-03-31,-0.0066
T,2023-06-30,-0.0092
T,2023-09-30,-0.0357
T,2023-12-31,-0.0452
T,2024-03-31,-0.0099
T,2024-06-30,-0.0243
T,2024-09-30,-0.0394
T,2024-12-31,-0.0601
T,2025-03-31,-0.0088
T,2025-06-30,-0.0218
TAP,2021-03-31,0.0199
TAP,2021-06-30,-0.0135
TAP,2021-09-30,0.0056
TAP,2021-12-31,-0.0018
TAP,2022-03-31,0.0218
TAP,2022-06-30,-0.0173
TAP,2022-09-30,-0.0009
TAP,2022-12-31,-0.0615
TAP,2023-03-31,0.0038
TAP,2023-06-30,-0.0270
TAP,2023-09-30,-0.0205
TAP,2023-12-31,-0.0308
TAP,2024-03-31,0.0112
TAP,2024-06-30,-0.0207
TAP,2024-09-30,-0.0210
TAP,2024-12-31,-0.0340
TAP,2025-03-31,0.0123
TAP,2025-06-30,-0.0166
TDG,2021-03-31,0.0055
TDG,2021-06-30,-0.0078
TDG,2021-09-30,0.0012
TDG,2021-12-31,-0.0001
TDG,2022-03-31,0.0142
TDG,2022-06-30,0.0057
TDG,2022-09-30,0.0035
TDG,2022-12-31,-0.0027
TDG,2023-03-31,0.0070
TDG,2023-06-30,-0.0034
TDG,2023-09-30,-0.0118
TDG,2023-12-31,-0.0153
TDG,2024-03-31,0.0075
TDG,2024-06-30,-0.0065
TDG,2024-09-30,-0.1999
TDG,2024-12-31,0.1655
TDG,2025-03-31,0.0146
TDG,2025-06-30,-0.0119
TDY,2021-03-31,0.0013
TDY,2021-06-30,0.0465
TDY,2021-09-30,-0.0239
TDY,2021-12-31,-0.0073
TDY,2022-03-31,0.0341
TDY,2022-06-30,0.0007
TDY,2022-09-30,-0.0024
TDY,2022-12-31,-0.0210
TDY,2023-03-31,-0.0007
TDY,2023-06-30,-0.0069
TDY,2023-09-30,-0.0178
TDY,2023-12-31,-0.0160
TDY,2024-03-31,-0.0075
TDY,2024-06-30,-0.0156
TDY,2024-09-30,-0.0150
TDY,2024-12-31,-0.0287
TDY,2025-03-31,-0.0164
TDY,2025-06-30,0.0044
TECH,2021-03-31,0.0058
TECH,2021-06-30,-0.0120
TECH,2021-09-30,0.0212
TECH,2021-12-31,-0.0083
TECH,2022-03-31,0.0169
TECH,2022-06-30,-0.0052
TECH,2022-09-30,0.0065
TECH,2022-12-31,-0.0103
TECH,2023-03-31,-0.0191
TECH,2023-06-30,-0.0352
TECH,2023-09-30,-0.0009
TECH,2023-12-31,-0.0184
TECH,2024-03-31,-0.0322
TECH,2024-06-30,-0.0452
TECH,2024-09-30,-0.0052
TECH,2024-12-31,-0.0289
TECH,2025-03-31,-0.0233
TECH,2025-06-30,-0.0603
TEL,2021-03-31,-0.0323
TEL,2021-06-30,0.0324
TEL,2021-09-30,0.0041
TEL,2021-12-31,0.0272
TEL,2022-03-31,-0.0171
TEL,2022-06-30,0.0039
TEL,2022-09-30,-0.0075
TEL,2022-12-31,0.0176
TEL,2023-03-31,-0.0167
TEL,2023-06-30,-0.0220
TEL,2023-09-30,-0.0592
TEL,2023-12-31,0.0133
TEL,2024-03-31,-0.0645
TEL,2024-06-30,-0.0276
TEL,2024-09-30,-0.0169
TEL,2024-12-31,0.0018
TEL,2025-03-31,-0.0715
TEL,2025-06-30,0.0342
TER,2021-03-31,0.0556
TER,2021-06-30,0.0453
TER,2021-09-30,-0.0528
TER,2021-12-31,-0.0164
TER,2022-03-31,0.0491
TER,2022-06-30,0.0268
TER,2022-09-30,-0.0106
TER,2022-12-31,-0.0316
TER,2023-03-31,0.0236
TER,2023-06-30,-0.0156
TER,2023-09-30,-0.0287
TER,2023-12-31,-0.0565
TER,2024-03-31,0.0150
TER,2024-06-30,-0.0430
TER,2024-09-30,-0.0177
TER,2024-12-31,-0.0590
TER,2025-03-31,-0.0060
TER,2025-06-30,-0.0321
TFC,2021-03-31,-0.0443
TFC,2021-06-30,-0.0243
TFC,2021-09-30,-0.0049
TFC,2021-12-31,-0.0126
TFC,2022-03-31,-0.0212
TFC,2022-06-30,0.0147
TFC,2022-09-30,0.0112
TFC,2022-12-31,0.0254
TFC,2023-03-31,0.0181
TFC,2023-06-30,-0.0149
TFC,2023-09-30,-0.0017
TFC,2023-12-31,-0.0155
TFC,2024-03-31,-0.0094
TFC,2024-06-30,0.0199
TFC,2024-09-30,-0.0076
TFC,2024-12-31,-0.0165
TFC,2025-03-31,-0.0126
TFC,2025-06-30,0.0272
TGT,2021-04-30,0.0280
TGT,2021-07-31,-0.0012
TGT,2021-10-31,0.0003
TGT,2022-01-31,-0.0104
TGT,2022-04-30,0.0596
TGT,2022-07-31,-0.0129
TGT,2022-10-31,0.0245
TGT,2023-01-31,-0.0792
TGT,2023-04-30,-0.0024
TGT,2023-07-31,-0.0357
TGT,2023-10-31,-0.0371
TGT,2024-01-31,-0.0644
TGT,2024-04-30,0.0001
TGT,2024-07-31,-0.0290
TGT,2024-10-31,-0.0232
TGT,2025-01-31,-0.0759
TGT,2025-04-30,0.0124
TGT,2025-07-31,-0.0346
TJX,2021-04-30,0.0612
TJX,2021-07-31,-0.0031
TJX,2021-10-31,0.0073
TJX,2022-01-31,0.0037
TJX,2022-04-30,0.0570
TJX,2022-07-31,-0.0003
TJX,2022-10-31,0.0264
TJX,2023-01-31,-0.1037
TJX,2023-04-30,0.0034
TJX,2023-07-31,-0.0209
TJX,2023-10-31,-0.0104
TJX,2024-01-31,-0.0794
TJX,2024-04-30,-0.0164
TJX,2024-07-31,-0.0280
TJX,2024-10-31,-0.0063
TJX,2025-01-31,-0.0703
TJX,2025-04-30,-0.0133
TJX,2025-07-31,-0.0158
TKO,2022-09-30,-0.0329
TKO,2022-12-31,-0.1060
TKO,2023-03-31,0.0335
TKO,2023-06-30,-0.0031
TKO,2023-09-30,-0.0241
TKO,2023-12-31,-0.0262
TKO,2024-03-31,-0.0122
TKO,2024-06-30,-0.0204
TKO,2024-09-30,-0.0299
TKO,2024-12-31,-0.0333
TKO,2025-03-31,-0.0311
TKO,2025-06-30,-0.0132
TMO,2021-03-31,0.0560
TMO,2021-06-30,0.0031
TMO,2021-09-30,-0.0052
TMO,2021-12-31,-0.0325
TMO,2022-03-31,0.0187
TMO,2022-06-30,0.0138
TMO,2022-09-30,0.0005
TMO,2022-12-31,-0.0949
TMO,2023-03-31,0.0027
TMO,2023-06-30,0.0020
TMO,2023-09-30,-0.0265
TMO,2023-12-31,-0.0377
TMO,2024-03-31,-0.0090
TMO,2024-06-30,-0.0225
TMO,2024-09-30,-0.0172
TMO,2024-12-31,-0.0244
TMO,2025-03-31,0.0032
TMO,2025-06-30,-0.0017
TMUS,2021-03-31,0.0040
TMUS,2021-06-30,-0.0082
TMUS,2021-09-30,0.0125
TMUS,2021-12-31,-0.0133
TMUS,2022-03-31,0.0097
TMUS,2022-06-30,0.0044
TMUS,2022-09-30,-0.0261
TMUS,2022-12-31,-0.0565
TMUS,2023-03-31,-0.0120
TMUS,2023-06-30,-0.0370
TMUS,2023-09-30,-0.0315
TMUS,2023-12-31,-0.0567
TMUS,2024-03-31,-0.0208
TMUS,2024-06-30,-0.0424
TMUS,2024-09-30,-0.0372
TMUS,2024-12-31,-0.0569
TMUS,2025-03-31,-0.0199
TMUS,2025-06-30,-0.0175
TMUS,2025-09-30,-0.0469
TPL,2022-06-30,0.0074
TPL,2022-09-30,0.0050
TPL,2022-12-31,-0.0462
TPL,2023-03-31,-0.0070
TPL,2023-06-30,0.0079
TPL,2023-09-30,-0.0076
TPL,2023-12-31,-0.0034
TPL,2024-03-31,-0.0098
TPL,2024-06-30,-0.0155
TPL,2024-09-30,-0.0150
TPL,2024-12-31,-0.0051
TPL,2025-03-31,0.0008
TPL,2025-06-30,-0.0382
TPR,2021-03-31,0.0068
TPR,2021-06-30,-0.0007
TPR,2021-09-30,0.0296
TPR,2021-12-31,-0.0272
TPR,2022-03-31,0.0244
TPR,2022-06-30,0.0041
TPR,2022-09-30,0.0507
TPR,2022-12-31,-0.0414
TPR,2023-03-31,-0.0033
TPR,2023-06-30,-0.0380
TPR,2023-09-30,0.0276
TPR,2023-12-31,-0.0505
TPR,2024-03-31,-0.0033
TPR,2024-06-30,-0.0204
TPR,2024-09-30,0.0033
TPR,2024-12-31,-0.0076
TPR,2025-03-31,0.0016
TPR,2025-06-30,-0.0684
TRGP,2021-03-31,-0.0082
TRGP,2021-06-30,-0.0192
TRGP,2021-09-30,-0.0083
TRGP,2021-12-31,0.0145
TRGP,2022-03-31,-0.0220
TRGP,2022-06-30,0.0087
TRGP,2022-09-30,0.0233
TRGP,2022-12-31,-0.0451
TRGP,2023-03-31,-0.0277
TRGP,2023-06-30,-0.0279
TRGP,2023-09-30,-0.0456
TRGP,2023-12-31,-0.0660
TRGP,2024-03-31,-0.0319
TRGP,2024-06-30,-0.0418
TRGP,2024-09-30,-0.0250
TRGP,2024-12-31,-0.0901
TRGP,2025-03-31,-0.0149
TRGP,2025-06-30,-0.0195
TRMB,2021-03-31,0.0163
TRMB,2021-06-30,-0.0001
TRMB,2021-09-30,0.0093
TRMB,2021-12-31,0.0041
TRMB,2022-03-31,0.0036
TRMB,2022-06-30,0.0018
TRMB,2022-09-30,-0.0420
TRMB,2022-12-31,-0.0095
TRMB,2023-03-31,-0.0143
TRMB,2023-06-30,0.0104
TRMB,2023-09-30,0.0086
TRMB,2023-12-31,-0.0151
TRMB,2024-06-30,-0.1029
TRMB,2024-09-30,0.0067
TRMB,2024-12-31,-0.0182
TRMB,2025-03-31,-0.0348
TRMB,2025-06-30,0.0164
TROW,2021-03-31,-0.0322
TROW,2021-06-30,-0.0655
TROW,2021-09-30,0.0425
TROW,2021-12-31,0.0350
TROW,2022-03-31,-0.0241
TROW,2022-06-30,-0.0091
TROW,2022-09-30,-0.0221
TROW,2022-12-31,-0.0168
TROW,2023-03-31,-0.0218
TROW,2023-06-30,-0.0246
TROW,2023-09-30,-0.0471
TROW,2023-12-31,0.0024
TROW,2024-03-31,-0.0155
TROW,2024-06-30,-0.0277
TROW,2024-09-30,-0.0425
TROW,2024-12-31,-0.0002
TROW,2025-03-31,-0.0266
TROW,2025-06-30,-0.0192
TRV,2021-03-31,-0.0085
TRV,2021-06-30,-0.0065
TRV,2021-09-30,-0.0128
TRV,2021-12-31,0.0011
TRV,2022-03-31,-0.0049
TRV,2022-06-30,-0.0057
TRV,2022-09-30,-0.0112
TRV,2022-12-31,-0.0585
TRV,2023-03-31,-0.0210
TRV,2023-06-30,-0.0422
TRV,2023-09-30,-0.0577
TRV,2023-12-31,-0.0546
TRV,2024-03-31,-0.0214
TRV,2024-06-30,-0.0408
TRV,2024-09-30,-0.0576
TRV,2024-12-31,-0.0494
TRV,2025-03-31,-0.0275
TRV,2025-06-30,-0.0361
TRV,2025-09-30,-0.0508
TSCO,2021-03-31,0.0114
TSCO,2021-06-30,-0.0245
TSCO,2021-09-30,0.0310
TSCO,2021-12-31,-0.0004
TSCO,2022-03-31,0.0331
TSCO,2022-06-30,-0.0136
TSCO,2022-09-30,0.0440
TSCO,2022-12-31,-0.0693
TSCO,2023-03-31,0.0280
TSCO,2023-06-30,-0.0446
TSCO,2023-09-30,-0.0238
TSCO,2023-12-31,-0.0539
TSCO,2024-03-31,-0.0061
TSCO,2024-06-30,-0.0259
TSCO,2024-09-30,-0.0078
TSCO,2024-12-31,-0.0673
TSCO,2025-03-31,-0.0037
TSCO,2025-06-30,-0.0487
TSLA,2021-03-31,-0.0076
TSLA,2021-06-30,-0.0110
TSLA,2021-09-30,-0.0219
TSLA,2021-12-31,-0.0195
TSLA,2022-03-31,-0.0017
TSLA,2022-06-30,0.0134
TSLA,2022-09-30,-0.0030
TSLA,2022-12-31,-0.0255
TSLA,2023-03-31,0.0011
TSLA,2023-06-30,-0.0242
TSLA,2023-09-30,-0.0470
TSLA,2023-12-31,-0.0519
TSLA,2024-03-31,0.0111
TSLA,2024-06-30,-0.0199
TSLA,2024-09-30,-0.0537
TSLA,2024-12-31,-0.0376
TSLA,2025-03-31,0.0037
TSLA,2025-06-30,-0.0269
TSLA,2025-09-30,-0.0544
TSN,2021-03-31,0.0357
TSN,2021-06-30,-0.0036
TSN,2021-09-30,-0.0256
TSN,2021-12-31,0.0049
TSN,2022-03-31,0.0284
TSN,2022-06-30,0.0101
TSN,2022-09-30,0.0031
TSN,2022-12-31,-0.0101
TSN,2023-03-31,-0.0062
TSN,2023-06-30,-0.0480
TSN,2023-09-30,-0.0621
TSN,2023-12-31,-0.0288
TSN,2024-03-31,-0.0033
TSN,2024-06-30,-0.0275
TSN,2024-09-30,-0.0425
TSN,2024-12-31,-0.0152
TSN,2025-03-31,-0.0062
TSN,2025-06-30,-0.0396
TT,2021-03-31,0.0017
TT,2021-06-30,0.0050
TT,2021-09-30,0.0062
TT,2021-12-31,-0.0208
TT,2022-03-31,0.0296
TT,2022-06-30,0.0009
TT,2022-09-30,0.0151
TT,2022-12-31,-0.0295
TT,2023-03-31,0.0167
TT,2023-06-30,-0.0054
TT,2023-09-30,-0.0173
TT,2023-12-31,-0.0379
TT,2024-03-31,0.0115
TT,2024-06-30,-0.0140
TT,2024-09-30,-0.0261
TT,2024-12-31,-0.0362
TT,2025-03-31,0.0163
TT,2025-06-30,-0.0062
TTD,2021-03-31,0.0060
TTD,2021-06-30,0.0319
TTD,2021-09-30,-0.0083
TTD,2021-12-31,0.0125
TTD,2022-03-31,-0.0074
TTD,2022-06-30,0.0039
TTD,2022-09-30,-0.0024
TTD,2022-12-31,0.0016
TTD,2023-03-31,-0.0175
TTD,2023-06-30,-0.0013
TTD,2023-09-30,-0.0146
TTD,2023-12-31,-0.0005
TTD,2024-03-31,-0.0108
TTD,2024-06-30,0.0127
TTD,2024-09-30,-0.0132
TTD,2024-12-31,-0.0063
TTD,2025-03-31,-0.0331
TTD,2025-06-30,-0.0069
TTWO,2021-03-31,0.0142
TTWO,2021-06-30,-0.0091
TTWO,2021-09-30,-0.0056
TTWO,2021-12-31,0.0425
TTWO,2022-03-31,-0.0071
TTWO,2022-06-30,-0.0491
TTWO,2022-09-30,-0.0011
TTWO,2022-12-31,-0.0416
TTWO,2023-03-31,-0.1029
TTWO,2023-06-30,-0.0260
TTWO,2023-09-30,-0.0623
TTWO,2023-12-31,-0.0821
TTWO,2024-03-31,-0.3047
TTWO,2024-06-30,-0.0195
TTWO,2024-09-30,-0.0484
TTWO,2024-12-31,-0.0656
TTWO,2025-03-31,-0.4545
TTWO,2025-06-30,-0.0179
TXN,2021-03-31,0.0096
TXN,2021-06-30,0.0033
TXN,2021-09-30,-0.0089
TXN,2021-12-31,-0.0005
TXN,2022-03-31,0.0112
TXN,2022-06-30,0.0175
TXN,2022-09-30,-0.0083
TXN,2022-12-31,-0.0335
TXN,2023-03-31,0.0115
TXN,2023-06-30,-0.0035
TXN,2023-09-30,-0.0209
TXN,2023-12-31,-0.0378
TXN,2024-03-31,0.0197
TXN,2024-06-30,-0.0309
TXN,2024-09-30,-0.0334
TXN,2024-12-31,-0.0426
TXN,2025-03-31,0.0172
TXN,2025-06-30,0.0034
TXN,2025-09-30,-0.0573
TXT,2021-03-31,0.0039
TXT,2021-06-30,-0.0183
TXT,2021-09-30,-0.0084
TXT,2021-12-31,-0.0055
TXT,2022-03-31,-0.0021
TXT,2022-06-30,-0.0053
TXT,2022-09-30,-0.0087
TXT,2022-12-31,-0.0722
TXT,2023-03-31,0.0347
TXT,2023-06-30,-0.0128
TXT,2023-09-30,-0.0137
TXT,2023-12-31,-0.0405
TXT,2024-03-31,0.0102
TXT,2024-06-30,-0.0107
TXT,2024-09-30,-0.0061
TXT,2024-12-31,-0.0451
TXT,2025-03-31,0.0149
TXT,2025-06-30,-0.0138
TXT,2025-09-30,-0.0112
TYL,2021-03-31,-0.0027
TYL,2021-06-30,0.0152
TYL,2021-09-30,-0.0249
TYL,2021-12-31,-0.0013
TYL,2022-03-31,0.0070
TYL,2022-06-30,0.0061
TYL,2022-09-30,-0.0025
TYL,2022-12-31,-0.0532
TYL,2023-03-31,-0.0080
TYL,2023-06-30,0.0069
TYL,2023-09-30,-0.0435
TYL,2023-12-31,-0.0516
TYL,2024-03-31,-0.0049
TYL,2024-06-30,-0.0077
TYL,2024-09-30,-0.0489
TYL,2024-12-31,-0.0429
TYL,2025-03-31,0.0102
TYL,2025-06-30,-0.0022
UAL,2021-03-31,-0.0271
UAL,2021-06-30,-0.0488
UAL,2021-09-30,0.0220
UAL,2021-12-31,0.0030
UAL,2022-03-31,-0.0385
UAL,2022-06-30,-0.0222
UAL,2022-09-30,0.0154
UAL,2022-12-31,-0.0275
UAL,2023-03-31,-0.0394
UAL,2023-06-30,-0.0236
UAL,2023-09-30,0.0163
UAL,2023-12-31,-0.0035
UAL,2024-03-31,-0.0283
UAL,2024-06-30,-0.0032
UAL,2024-09-30,0.0090
UAL,2024-12-31,-0.0363
UAL,2025-03-31,-0.0691
UAL,2025-06-30,-0.0058
UAL,2025-09-30,0.0055
UBER,2021-03-31,-0.0246
UBER,2021-06-30,-0.0094
UBER,2021-09-30,-0.0030
UBER,2021-12-31,0.0055
UBER,2022-03-31,0.0117
UBER,2022-06-30,-0.0126
UBER,2022-09-30,0.0002
UBER,2022-12-31,-0.0146
UBER,2023-03-31,-0.0050
UBER,2023-06-30,-0.0084
UBER,2023-09-30,-0.0268
UBER,2023-12-31,-0.0146
UBER,2024-03-31,-0.0080
UBER,2024-06-30,-0.0194
UBER,2024-09-30,-0.0261
UBER,2024-12-31,-0.0405
UBER,2025-03-31,-0.0090
UBER,2025-06-30,-0.0084
UDR,2021-03-31,0.0649
UDR,2021-06-30,-0.0054
UDR,2021-09-30,-0.0110
UDR,2021-12-31,-0.0018
UDR,2022-03-31,0.0037
UDR,2022-06-30,-0.0031
UDR,2022-09-30,0.0000
UDR,2022-12-31,-0.1296
UDR,2023-03-31,0.0603
UDR,2023-06-30,-0.0245
UDR,2023-09-30,-0.0446
UDR,2023-12-31,-0.0603
UDR,2024-03-31,-0.0103
UDR,2024-06-30,-0.0332
UDR,2024-09-30,-0.0442
UDR,2024-12-31,-0.0659
UDR,2025-03-31,0.0005
UDR,2025-06-30,-0.0568
UHS,2021-03-31,-0.0017
UHS,2021-06-30,0.0322
UHS,2021-09-30,-0.0058
UHS,2021-12-31,-0.0012
UHS,2022-03-31,-0.0088
UHS,2022-06-30,0.0211
UHS,2022-09-30,0.0099
UHS,2022-12-31,-0.0365
UHS,2023-03-31,-0.0045
UHS,2023-06-30,-0.0253
UHS,2023-09-30,-0.0171
UHS,2023-12-31,-0.0410
UHS,2024-03-31,-0.0097
UHS,2024-06-30,-0.0362
UHS,2024-09-30,-0.0215
UHS,2024-12-31,-0.0547
UHS,2025-03-31,-0.0303
UHS,2025-06-30,-0.0156
ULTA,2021-04-30,-0.0061
ULTA,2021-07-31,0.0496
ULTA,2021-10-31,0.0512
ULTA,2022-01-31,-0.0625
ULTA,2022-04-30,-0.0027
ULTA,2022-07-31,0.0460
ULTA,2022-10-31,0.0564
ULTA,2023-01-31,-0.1400
ULTA,2023-04-30,0.0129
ULTA,2023-07-31,0.0194
ULTA,2023-10-31,0.0383
ULTA,2024-01-31,-0.1522
ULTA,2024-04-30,0.0329
ULTA,2024-07-31,0.0002
ULTA,2024-10-31,0.0291
ULTA,2025-01-31,-0.1473
ULTA,2025-04-30,0.0170
ULTA,2025-07-31,0.0079
UNH,2021-03-31,-0.0277
UNH,2021-06-30,0.0185
UNH,2021-09-30,-0.0077
UNH,2021-12-31,0.0066
UNH,2022-03-31,-0.0327
UNH,2022-06-30,-0.0034
UNH,2022-09-30,-0.0516
UNH,2022-12-31,0.0370
UNH,2023-03-31,-0.0830
UNH,2023-06-30,-0.0082
UNH,2023-09-30,0.0001
UNH,2023-12-31,0.0437
UNH,2024-03-31,0.0038
UNH,2024-06-30,0.0078
UNH,2024-09-30,-0.0189
UNH,2024-12-31,-0.0159
UNH,2025-03-31,-0.0279
UNH,2025-06-30,0.0042
UNP,2021-03-31,-0.0013
UNP,2021-06-30,0.0030
UNP,2021-09-30,-0.0010
UNP,2021-12-31,-0.0052
UNP,2022-03-31,0.0008
UNP,2022-06-30,0.0071
UNP,2022-09-30,-0.0064
UNP,2022-12-31,-0.0338
UNP,2023-03-31,-0.0046
UNP,2023-06-30,-0.0166
UNP,2023-09-30,-0.0253
UNP,2023-12-31,-0.0358
UNP,2024-03-31,-0.0080
UNP,2024-06-30,-0.0127
UNP,2024-09-30,-0.0311
UNP,2024-12-31,-0.0401
UNP,2025-03-31,-0.0093
UNP,2025-06-30,-0.0170
UNP,2025-09-30,-0.0239
UPS,2021-03-31,-0.0175
UPS,2021-06-30,-0.0090
UPS,2021-09-30,0.0038
UPS,2021-12-31,0.0122
UPS,2022-03-31,-0.0079
UPS,2022-06-30,0.0055
UPS,2022-09-30,-0.0089
UPS,2022-12-31,-0.0354
UPS,2023-03-31,-0.0176
UPS,2023-06-30,-0.0249
UPS,2023-09-30,-0.0339
UPS,2023-12-31,-0.0390
UPS,2024-03-31,-0.0257
UPS,2024-06-30,-0.0103
UPS,2024-09-30,-0.0606
UPS,2024-12-31,-0.0426
UPS,2025-03-31,-0.0156
UPS,2025-06-30,-0.0119
URI,2021-03-31,-0.0090
URI,2021-06-30,-0.0185
URI,2021-09-30,-0.0055
URI,2021-12-31,0.0145
URI,2022-03-31,-0.0019
URI,2022-06-30,-0.0068
URI,2022-09-30,0.0005
URI,2022-12-31,-0.0895
URI,2023-03-31,-0.0259
URI,2023-06-30,-0.0618
URI,2023-09-30,-0.0729
URI,2023-12-31,-0.1115
URI,2024-03-31,-0.0300
URI,2024-06-30,-0.0575
URI,2024-09-30,-0.0706
URI,2024-12-31,-0.0918
URI,2025-03-31,-0.0383
URI,2025-06-30,-0.0588
URI,2025-09-30,-0.0629
USB,2021-03-31,-0.0116
USB,2021-06-30,-0.0091
USB,2021-09-30,-0.0127
USB,2021-12-31,0.0126
USB,2022-03-31,-0.0210
USB,2022-06-30,0.0075
USB,2022-09-30,0.0096
USB,2022-12-31,-0.0273
USB,2023-03-31,-0.0096
USB,2023-06-30,-0.0012
USB,2023-09-30,0.0128
USB,2023-12-31,0.0150
USB,2024-03-31,-0.0257
USB,2024-06-30,0.0093
USB,2024-09-30,-0.0096
USB,2024-12-31,0.0221
USB,2025-03-31,0.0064
USB,2025-06-30,-0.0077
V,2021-03-31,-0.0026
V,2021-06-30,-0.0105
V,2021-09-30,-0.0051
V,2021-12-31,0.0007
V,2022-03-31,0.0123
V,2022-06-30,-0.0174
V,2022-09-30,-0.0169
V,2022-12-31,-0.0138
V,2023-03-31,0.0024
V,2023-06-30,-0.0226
V,2023-09-30,-0.0274
V,2023-12-31,0.0121
V,2024-03-31,-0.0037
V,2024-06-30,-0.0067
V,2024-09-30,-0.0212
V,2024-12-31,0.0052
V,2025-03-31,-0.0084
V,2025-06-30,-0.0320
VICI,2021-03-31,-0.0001
VICI,2021-06-30,0.0001
VICI,2021-09-30,0.0001
VICI,2021-12-31,0.0026
VICI,2022-03-31,0.0000
VICI,2022-06-30,0.0000
VICI,2022-09-30,0.0000
VICI,2022-12-31,-0.0009
VICI,2023-03-31,-0.0059
VICI,2023-06-30,-0.0004
VICI,2023-09-30,-0.0012
VICI,2023-12-31,0.0039
VICI,2024-03-31,-0.0003
VICI,2024-06-30,-0.0054
VICI,2024-09-30,-0.0003
VICI,2024-12-31,0.0032
VICI,2025-03-31,-0.0045
VICI,2025-06-30,-0.0012
VLO,2021-03-31,-0.0039
VLO,2021-06-30,-0.0208
VLO,2021-09-30,-0.0089
VLO,2021-12-31,-0.0122
VLO,2022-03-31,0.0123
VLO,2022-06-30,-0.0179
VLO,2022-09-30,0.0231
VLO,2022-12-31,-0.0341
VLO,2023-03-31,0.0021
VLO,2023-06-30,-0.0028
VLO,2023-09-30,-0.0386
VLO,2023-12-31,-0.0283
VLO,2024-03-31,-0.0101
VLO,2024-06-30,-0.0365
VLO,2024-09-30,-0.0341
VLO,2024-12-31,-0.0491
VLO,2025-03-31,-0.0460
VLO,2025-06-30,-0.0012
VLO,2025-09-30,-0.0266
VLTO,2023-12-31,-0.0444
VLTO,2024-03-31,0.0137
VLTO,2024-06-30,-0.0129
VLTO,2024-09-30,-0.0056
VLTO,2024-12-31,-0.0254
VLTO,2025-03-31,0.0046
VLTO,2025-06-30,-0.0071
VMC,2021-03-31,0.0004
VMC,2021-06-30,0.0085
VMC,2021-09-30,0.0055
VMC,2021-12-31,-0.0019
VMC,2022-03-31,-0.0036
VMC,2022-06-30,0.0076
VMC,2022-09-30,0.0053
VMC,2022-12-31,-0.0482
VMC,2023-03-31,-0.0025
VMC,2023-06-30,-0.0082
VMC,2023-09-30,-0.0058
VMC,2023-12-31,-0.0932
VMC,2024-03-31,-0.0012
VMC,2024-06-30,-0.0108
VMC,2024-09-30,-0.0433
VMC,2024-12-31,-0.0571
VMC,2025-03-31,-0.0045
VMC,2025-06-30,-0.0449
VRSK,2021-03-31,-0.0215
VRSK,2021-06-30,0.0076
VRSK,2021-09-30,0.0005
VRSK,2021-12-31,0.0252
VRSK,2022-03-31,-0.0174
VRSK,2022-06-30,0.0149
VRSK,2022-09-30,0.0000
VRSK,2022-12-31,-0.0264
VRSK,2023-03-31,-0.0496
VRSK,2023-06-30,-0.1019
VRSK,2023-09-30,-0.0409
VRSK,2023-12-31,0.0188
VRSK,2024-03-31,-0.0172
VRSK,2024-06-30,-0.0182
VRSK,2024-09-30,-0.0507
VRSK,2024-12-31,-0.0518
VRSK,2025-03-31,-0.0904
VRSK,2025-06-30,0.0004
VRSN,2021-03-31,-0.0096
VRSN,2021-06-30,0.0131
VRSN,2021-09-30,-0.0281
VRSN,2021-12-31,-0.0153
VRSN,2022-03-31,-0.0101
VRSN,2022-06-30,0.0155
VRSN,2022-09-30,-0.0137
VRSN,2022-12-31,-0.0454
VRSN,2023-03-31,-0.0382
VRSN,2023-06-30,0.0053
VRSN,2023-09-30,-0.0378
VRSN,2023-12-31,-0.0188
VRSN,2024-03-31,-0.0154
VRSN,2024-06-30,0.0142
VRSN,2024-09-30,-0.0307
VRSN,2024-12-31,-0.0201
VRSN,2025-03-31,-0.0422
VRSN,2025-06-30,0.0263
VRSN,2025-09-30,-0.0578
VRTX,2021-03-31,0.0063
VRTX,2021-06-30,0.0200
VRTX,2021-09-30,0.0052
VRTX,2021-12-31,-0.0064
VRTX,2022-03-31,0.0035
VRTX,2022-06-30,-0.0166
VRTX,2022-09-30,0.0121
VRTX,2022-12-31,-0.0187
VRTX,2023-03-31,-0.0122
VRTX,2023-06-30,-0.0163
VRTX,2023-09-30,-0.0113
VRTX,2023-12-31,0.0013
VRTX,2024-03-31,-0.0047
VRTX,2024-06-30,0.0077
VRTX,2024-09-30,-0.0214
VRTX,2024-12-31,0.0179
VRTX,2025-03-31,0.0027
VRTX,2025-06-30,-0.0093
VST,2021-03-31,-0.0229
VST,2021-06-30,0.0034
VST,2021-09-30,0.0127
VST,2021-12-31,0.0341
VST,2022-03-31,-0.0263
VST,2022-06-30,-0.0008
VST,2022-09-30,0.0169
VST,2022-12-31,-0.0526
VST,2023-03-31,-0.0189
VST,2023-06-30,-0.0243
VST,2023-09-30,-0.0578
VST,2023-12-31,-0.0634
VST,2024-03-31,-0.0287
VST,2024-06-30,-0.0317
VST,2024-09-30,-0.0319
VST,2024-12-31,-0.1058
VST,2025-03-31,-0.0793
VST,2025-06-30,-0.0023
VTR,2021-03-31,0.0023
VTR,2021-06-30,-0.0020
VTR,2021-09-30,-0.0029
VTR,2021-12-31,0.0014
VTR,2022-03-31,0.0010
VTR,2022-06-30,0.0002
VTR,2022-09-30,0.0004
VTR,2022-12-31,-0.0464
VTR,2023-03-31,-0.0111
VTR,2023-06-30,-0.0457
VTR,2023-09-30,-0.0382
VTR,2023-12-31,-0.0525
VTR,2024-03-31,-0.0112
VTR,2024-06-30,-0.0245
VTR,2024-09-30,-0.0383
VTR,2024-12-31,-0.0489
VTR,2025-03-31,-0.0098
VTR,2025-06-30,-0.0250
VTRS,2021-03-31,-0.0166
VTRS,2021-06-30,0.0095
VTRS,2021-09-30,-0.0064
VTRS,2021-12-31,-0.0067
VTRS,2022-03-31,0.0170
VTRS,2022-06-30,0.0002
VTRS,2022-09-30,-0.0007
VTRS,2022-12-31,-0.0755
VTRS,2023-03-31,-0.0179
VTRS,2023-06-30,-0.0237
VTRS,2023-09-30,-0.0407
VTRS,2023-12-31,-0.0142
VTRS,2024-03-31,-0.0167
VTRS,2024-06-30,-0.0430
VTRS,2024-09-30,-0.0958
VTRS,2024-12-31,-0.0752
VTRS,2025-03-31,-0.0688
VTRS,2025-06-30,-0.0780
VZ,2021-03-31,0.0026
VZ,2021-06-30,-0.0046
VZ,2021-09-30,-0.0037
VZ,2021-12-31,-0.0070
VZ,2022-03-31,0.0182
VZ,2022-06-30,-0.0040
VZ,2022-09-30,0.0006
VZ,2022-12-31,-0.0572
VZ,2023-03-31,-0.0041
VZ,2023-06-30,-0.0276
VZ,2023-09-30,-0.0469
VZ,2023-12-31,-0.0374
VZ,2024-03-31,-0.0037
VZ,2024-06-30,-0.0222
VZ,2024-09-30,-0.0417
VZ,2024-12-31,-0.0504
VZ,2025-03-31,-0.0055
VZ,2025-06-30,-0.0245
WAB,2021-03-31,-0.0012
WAB,2021-06-30,0.0016
WAB,2021-09-30,-0.0008
WAB,2021-12-31,-0.0024
WAB,2022-03-31,0.0057
WAB,2022-06-30,0.0013
WAB,2022-09-30,0.0015
WAB,2022-12-31,-0.0252
WAB,2023-03-31,0.0112
WAB,2023-06-30,-0.0001
WAB,2023-09-30,-0.0175
WAB,2023-12-31,-0.0332
WAB,2024-03-31,-0.0033
WAB,2024-06-30,0.0032
WAB,2024-09-30,-0.0238
WAB,2024-12-31,-0.0378
WAB,2025-03-31,0.0047
WAB,2025-06-30,-0.0051
WAB,2025-09-30,-0.0063
WAT,2021-03-31,0.0066
WAT,2021-06-30,0.0383
WAT,2021-09-30,0.0119
WAT,2021-12-31,0.0155
WAT,2022-03-31,0.0049
WAT,2022-06-30,0.0010
WAT,2022-09-30,0.0007
WAT,2022-12-31,-0.0102
WAT,2023-03-31,-0.0131
WAT,2023-06-30,-0.0036
WAT,2023-09-30,-0.0234
WAT,2023-12-31,-0.0333
WAT,2024-03-31,-0.0347
WAT,2024-06-30,-0.0086
WAT,2024-09-30,-0.0349
WAT,2024-12-31,-0.0306
WAT,2025-03-31,-0.0765
WAT,2025-06-30,-0.0100
WBD,2021-06-30,-0.0045
WBD,2021-09-30,-0.0105
WBD,2021-12-31,-0.0092
WBD,2022-03-31,0.0001
WBD,2022-06-30,-0.0080
WBD,2022-09-30,-0.0194
WBD,2022-12-31,-0.1671
WBD,2023-03-31,-0.0314
WBD,2023-06-30,-0.1137
WBD,2023-09-30,-0.1441
WBD,2023-12-31,-0.1970
WBD,2024-03-31,-0.0429
WBD,2024-06-30,-0.1146
WBD,2024-09-30,-0.1444
WBD,2024-12-31,-0.2067
WBD,2025-03-31,-0.1967
WBD,2025-06-30,-0.0511
WDAY,2021-04-30,-0.0224
WDAY,2021-07-31,0.0213
WDAY,2021-10-31,-0.0005
WDAY,2022-01-31,-0.0353
WDAY,2022-04-30,-0.0145
WDAY,2022-07-31,0.0190
WDAY,2022-10-31,-0.0037
WDAY,2023-01-31,-0.0728
WDAY,2023-04-30,0.0016
WDAY,2023-07-31,-0.0148
WDAY,2023-10-31,-0.0176
WDAY,2024-01-31,-0.0619
WDAY,2024-04-30,0.0036
WDAY,2024-07-31,-0.0140
WDAY,2024-10-31,-0.0144
WDAY,2025-01-31,-0.0637
WDAY,2025-04-30,0.0023
WDAY,2025-07-31,-0.0114
WDC,2021-03-31,0.0067
WDC,2021-06-30,-0.0109
WDC,2021-09-30,0.0129
WDC,2021-12-31,0.0083
WDC,2022-03-31,0.0010
WDC,2022-06-30,-0.0178
WDC,2022-09-30,0.0064
WDC,2022-12-31,-0.0128
WDC,2023-03-31,-0.0255
WDC,2023-06-30,-0.0555
WDC,2023-09-30,-0.0078
WDC,2023-12-31,-0.0081
WDC,2024-03-31,-0.0048
WDC,2024-06-30,-0.0324
WDC,2024-09-30,0.0373
WDC,2024-12-31,-0.0253
WDC,2025-03-31,-0.0506
WEC,2021-03-31,0.0136
WEC,2021-06-30,-0.0052
WEC,2021-09-30,-0.0024
WEC,2021-12-31,0.0067
WEC,2022-03-31,-0.0019
WEC,2022-06-30,-0.0071
WEC,2022-09-30,0.0050
WEC,2022-12-31,-0.0205
WEC,2023-03-31,-0.0065
WEC,2023-06-30,-0.0222
WEC,2023-09-30,-0.0261
WEC,2023-12-31,-0.0212
WEC,2024-03-31,-0.0042
WEC,2024-06-30,-0.0216
WEC,2024-09-30,-0.0243
WEC,2024-12-31,-0.0250
WEC,2025-03-31,-0.0252
WEC,2025-06-30,-0.0098
WELL,2021-03-31,0.0008
WELL,2021-06-30,0.0195
WELL,2021-09-30,0.0032
WELL,2021-12-31,-0.0041
WELL,2022-03-31,-0.0004
WELL,2022-06-30,0.0017
WELL,2022-09-30,0.0033
WELL,2022-12-31,-0.0449
WELL,2023-03-31,-0.0057
WELL,2023-06-30,-0.0181
WELL,2023-09-30,-0.0197
WELL,2023-12-31,-0.0311
WELL,2024-03-31,-0.0031
WELL,2024-06-30,-0.0115
WELL,2024-09-30,-0.0295
WELL,2024-12-31,-0.0294
WELL,2025-03-31,-0.0081
WELL,2025-06-30,-0.0202
WM,2021-03-31,-0.0060
WM,2021-06-30,-0.0019
WM,2021-09-30,-0.0065
WM,2021-12-31,0.0003
WM,2022-03-31,-0.0015
WM,2022-06-30,0.0023
WM,2022-09-30,-0.0017
WM,2022-12-31,-0.0811
WM,2023-03-31,-0.0052
WM,2023-06-30,-0.0346
WM,2023-09-30,-0.0550
WM,2023-12-31,-0.0743
WM,2024-03-31,-0.0124
WM,2024-06-30,-0.0103
WM,2024-09-30,-0.0741
WM,2024-12-31,-0.0626
WM,2025-03-31,-0.0069
WM,2025-06-30,-0.0352
WMB,2021-03-31,0.0026
WMB,2021-06-30,-0.0037
WMB,2021-09-30,-0.0012
WMB,2021-12-31,0.0036
WMB,2022-03-31,-0.0012
WMB,2022-06-30,-0.0251
WMB,2022-09-30,0.0155
WMB,2022-12-31,-0.0368
WMB,2023-03-31,-0.0076
WMB,2023-06-30,-0.0279
WMB,2023-09-30,-0.0330
WMB,2023-12-31,-0.0544
WMB,2024-03-31,0.0058
WMB,2024-06-30,-0.0258
WMB,2024-09-30,-0.0330
WMB,2024-12-31,-0.0519
WMB,2025-03-31,-0.0400
WMB,2025-06-30,-0.0086
WMT,2021-04-30,-0.0256
WMT,2021-07-31,-0.0008
WMT,2021-10-31,0.0194
WMT,2022-01-31,0.0036
WMT,2022-04-30,0.0315
WMT,2022-07-31,-0.0146
WMT,2022-10-31,0.0027
WMT,2023-01-31,-0.0754
WMT,2023-04-30,-0.0169
WMT,2023-07-31,-0.0300
WMT,2023-10-31,-0.0014
WMT,2024-01-31,-0.0692
WMT,2024-04-30,-0.0122
WMT,2024-07-31,-0.0322
WMT,2024-10-31,-0.0215
WMT,2025-01-31,-0.0558
WMT,2025-04-30,-0.0198
WMT,2025-07-31,-0.0288
WRB,2021-03-31,-0.0203
WRB,2021-06-30,-0.0089
WRB,2021-09-30,-0.0218
WRB,2021-12-31,-0.0207
WRB,2022-03-31,-0.0135
WRB,2022-06-30,-0.0085
WRB,2022-09-30,-0.0147
WRB,2022-12-31,-0.0027
WRB,2023-03-31,-0.0012
WRB,2023-06-30,-0.0165
WRB,2023-09-30,-0.0170
WRB,2023-12-31,-0.0121
WRB,2024-03-31,-0.0140
WRB,2024-06-30,-0.0142
WRB,2024-09-30,-0.0062
WRB,2024-12-31,-0.0069
WRB,2025-03-31,-0.0032
WRB,2025-06-30,-0.0171
WSM,2021-04-30,0.0164
WSM,2021-07-31,0.0120
WSM,2021-10-31,-0.0028
WSM,2022-01-31,-0.0277
WSM,2022-04-30,0.0358
WSM,2022-07-31,0.0312
WSM,2022-10-31,0.0224
WSM,2023-01-31,-0.0586
WSM,2023-04-30,-0.0413
WSM,2023-07-31,-0.0347
WSM,2023-10-31,-0.0341
WSM,2024-01-31,-0.1011
WSM,2024-04-30,0.0121
WSM,2024-07-31,-0.0176
WSM,2024-10-31,-0.0151
WSM,2025-01-31,-0.0808
WSM,2025-04-30,0.0271
WSM,2025-07-31,-0.0072
WST,2021-03-31,0.0379
WST,2021-06-30,0.0240
WST,2021-09-30,-0.0253
WST,2021-12-31,0.0105
WST,2022-03-31,0.0160
WST,2022-06-30,0.0147
WST,2022-09-30,0.0183
WST,2022-12-31,-0.0466
WST,2023-03-31,-0.0062
WST,2023-06-30,-0.0042
WST,2023-09-30,-0.0346
WST,2023-12-31,-0.0702
WST,2024-03-31,-0.0007
WST,2024-06-30,-0.0323
WST,2024-09-30,0.0071
WST,2024-12-31,-0.0534
WST,2025-03-31,-0.0044
WST,2025-06-30,-0.0112
WST,2025-09-30,-0.0326
WTW,2021-03-31,0.0168
WTW,2021-06-30,-0.0083
WTW,2021-09-30,-0.0129
WTW,2021-12-31,0.0058
WTW,2022-03-31,0.0101
WTW,2022-06-30,-0.0091
WTW,2022-09-30,-0.0078
WTW,2022-12-31,-0.0108
WTW,2023-03-31,0.0054
WTW,2023-06-30,-0.0171
WTW,2023-09-30,-0.0247
WTW,2023-12-31,-0.0087
WTW,2024-03-31,0.0069
WTW,2024-06-30,-0.0165
WTW,2024-09-30,-0.0280
WTW,2024-12-31,-0.0096
WTW,2025-03-31,0.0046
WTW,2025-06-30,-0.0117
WY,2021-03-31,0.0086
WY,2021-06-30,0.0054
WY,2021-09-30,-0.0395
WY,2021-12-31,0.0259
WY,2022-03-31,0.0163
WY,2022-06-30,-0.0137
WY,2022-09-30,-0.0089
WY,2022-12-31,-0.0152
WY,2023-03-31,0.0032
WY,2023-06-30,-0.0211
WY,2023-09-30,-0.0288
WY,2023-12-31,-0.0283
WY,2024-03-31,0.0012
WY,2024-06-30,-0.0212
WY,2024-09-30,-0.0264
WY,2024-12-31,-0.0325
WY,2025-03-31,0.0043
WY,2025-06-30,-0.0225
WYNN,2021-03-31,0.0103
WYNN,2021-06-30,-0.0004
WYNN,2021-09-30,-0.0031
WYNN,2021-12-31,-0.0023
WYNN,2022-03-31,0.0104
WYNN,2022-06-30,0.0033
WYNN,2022-09-30,0.0006
WYNN,2022-12-31,-0.0710
WYNN,2023-03-31,-0.0084
WYNN,2023-06-30,-0.0315
WYNN,2023-09-30,-0.0437
WYNN,2023-12-31,-0.0546
WYNN,2024-03-31,-0.0039
WYNN,2024-06-30,-0.0260
WYNN,2024-09-30,-0.0473
WYNN,2024-12-31,-0.0572
WYNN,2025-03-31,0.0003
WYNN,2025-06-30,-0.0314
XEL,2021-03-31,-0.0003
XEL,2021-06-30,0.0093
XEL,2021-09-30,0.0006
XEL,2021-12-31,0.0030
XEL,2022-03-31,-0.0036
XEL,2022-06-30,0.0000
XEL,2022-09-30,0.0075
XEL,2022-12-31,-0.0415
XEL,2023-03-31,-0.0184
XEL,2023-06-30,-0.0232
XEL,2023-09-30,-0.0387
XEL,2023-12-31,-0.0430
XEL,2024-03-31,-0.0080
XEL,2024-06-30,-0.0204
XEL,2024-09-30,-0.0398
XEL,2024-12-31,-0.0381
XEL,2025-03-31,-0.0425
XEL,2025-06-30,-0.0093
XOM,2021-03-31,0.0011
XOM,2021-06-30,0.0078
XOM,2021-09-30,0.0053
XOM,2021-12-31,0.0201
XOM,2022-03-31,-0.0046
XOM,2022-06-30,0.0002
XOM,2022-09-30,0.0016
XOM,2022-12-31,-0.0538
XOM,2023-03-31,-0.0143
XOM,2023-06-30,-0.0163
XOM,2023-09-30,-0.0443
XOM,2023-12-31,-0.0478
XOM,2024-03-31,-0.0277
XOM,2024-06-30,-0.0136
XOM,2024-09-30,-0.0400
XOM,2024-12-31,-0.0488
XOM,2025-03-31,-0.0117
XOM,2025-06-30,-0.0210
XYL,2021-03-31,0.0205
XYL,2021-06-30,-0.0052
XYL,2021-09-30,0.0076
XYL,2021-12-31,-0.0083
XYL,2022-03-31,0.0262
XYL,2022-06-30,-0.0006
XYL,2022-09-30,-0.0088
XYL,2022-12-31,-0.0395
XYL,2023-03-31,0.0177
XYL,2023-06-30,0.0128
XYL,2023-09-30,-0.0276
XYL,2023-12-31,-0.0377
XYL,2024-03-31,0.0056
XYL,2024-06-30,-0.0150
XYL,2024-09-30,-0.0234
XYL,2024-12-31,-0.0536
XYL,2025-03-31,-0.0206
XYL,2025-06-30,-0.0047
XYZ,2024-03-31,-0.0060
XYZ,2024-06-30,-0.0082
XYZ,2024-09-30,0.0234
XYZ,2024-12-31,0.0414
XYZ,2025-03-31,0.0183
XYZ,2025-06-30,-0.2061
YUM,2021-03-31,0.0125
YUM,2021-06-30,-0.0007
YUM,2021-09-30,-0.0056
YUM,2021-12-31,-0.0115
YUM,2022-03-31,0.0107
YUM,2022-06-30,0.0248
YUM,2022-09-30,0.0185
YUM,2022-12-31,-0.0317
YUM,2023-03-31,0.0062
YUM,2023-06-30,-0.0245
YUM,2023-09-30,-0.0253
YUM,2023-12-31,-0.0322
YUM,2024-03-31,0.0135
YUM,2024-06-30,0.0081
YUM,2024-09-30,-0.0362
YUM,2024-12-31,-0.0255
YUM,2025-03-31,-0.0208
YUM,2025-06-30,-0.0172
ZBH,2021-03-31,0.0109
ZBH,2021-06-30,-0.0021
ZBH,2021-09-30,0.0026
ZBH,2021-12-31,0.0019
ZBH,2022-03-31,-0.0054
ZBH,2022-06-30,0.0020
ZBH,2022-09-30,-0.0053
ZBH,2022-12-31,-0.0629
ZBH,2023-03-31,-0.0065
ZBH,2023-06-30,-0.0210
ZBH,2023-09-30,-0.0330
ZBH,2023-12-31,-0.0505
ZBH,2024-03-31,-0.0030
ZBH,2024-06-30,-0.0188
ZBH,2024-09-30,-0.0363
ZBH,2024-12-31,-0.0406
ZBH,2025-03-31,-0.0480
ZBH,2025-06-30,-0.0065
ZBRA,2021-03-31,0.0252
ZBRA,2021-06-30,-0.0089
ZBRA,2021-09-30,-0.0031
ZBRA,2021-12-31,-0.0101
ZBRA,2022-03-31,0.0301
ZBRA,2022-06-30,-0.0108
ZBRA,2022-09-30,0.0164
ZBRA,2022-12-31,-0.0546
ZBRA,2023-03-31,0.0227
ZBRA,2023-06-30,0.0159
ZBRA,2023-09-30,-0.0043
ZBRA,2023-12-31,-0.0338
ZBRA,2024-03-31,-0.0033
ZBRA,2024-06-30,-0.0142
ZBRA,2024-09-30,-0.0336
ZBRA,2024-12-31,-0.0309
ZBRA,2025-03-31,-0.0069
ZBRA,2025-06-30,-0.0091
ZTS,2021-03-31,0.0211
ZTS,2021-06-30,0.0124
ZTS,2021-09-30,0.0024
ZTS,2021-12-31,-0.0209
ZTS,2022-03-31,0.0267
ZTS,2022-06-30,0.0204
ZTS,2022-09-30,0.0158
ZTS,2022-12-31,-0.0610
ZTS,2023-03-31,0.0013
ZTS,2023-06-30,0.0153
ZTS,2023-09-30,-0.0145
ZTS,2023-12-31,-0.0660
ZTS,2024-03-31,-0.0030
ZTS,2024-06-30,0.0055
ZTS,2024-09-30,-0.0238
ZTS,2024-12-31,-0.0997
ZTS,2025-03-31,0.0046
ZTS,2025-06-30,0.0076

