,mcap,EP,FCP,ShYield,ROA,ROE,GPA,AssetGrowth,Accruals_est,Accruals_dolt,Accruals,ret_1y,vol_1y,dd_1y,ret_2y,vol_2y,dd_2y,ret_5y,vol_5y,dd_5y,downside_dev,beta_spy,max_dd_monthly,EP_z,FCP_z,ShYield_z,GPA_z,AssetGrowth_z,Accruals_z,Score
A,,,,,0.10136257892987703,,0.2965270854104354,0.11185885776646053,,0.0004999999999999,0.0004999999999999,0.05721282319320409,0.310390693352364,-0.2883540090854343,0.14908235771426237,0.2703084411253372,-0.2883540090854342,0.28050198076385,0.27815816821438333,-0.4021917527259765,0.2361642849276367,1.1627382215771886,-0.4021917527259763,,,,0.1448102484817523,0.20317903976604862,1.378723309934055,-1.4370921012183513
AAPL,,,,,0.28948974079908557,,0.5561742916023045,-0.00035282197266685165,,-0.0226999999999999,-0.0226999999999999,0.1376779599808733,0.22069459947720868,-0.1960126385401606,0.4284171611354617,0.20296722563280112,-0.1960126385401605,1.3193595304156083,0.24849371900944447,-0.26404188349880997,0.24171489435429447,1.204251875057885,-0.3046155633741746,,,,1.595236925213293,-0.48982565358640934,0.013988707927443613,2.0710738708722585
ABBV,,,,,0.02727157429384161,,0.2998351240193503,-0.03350077851441132,,-0.0385,-0.0385,0.19920930463440345,0.2352175059240219,-0.1058830811900463,0.5969553830034227,0.2281360183769991,-0.12836609373437424,1.4630266585942953,0.22100863970885407,-0.15725917443581416,0.22833022289756486,0.6072145903061041,-0.39031556523064936,,,,0.16328942842903252,-0.6945431082388788,-0.9154426158529348,1.773275152520846
ABNB,,,,,0.1103184525998382,,0.405047331869425,0.02553191489361702,,-0.00305,-0.00305,-0.06840054012817143,0.19616274485593233,-0.13977098520335818,0.003641022061112942,0.238514323329257,-0.28885794869010384,-0.13623977918412244,0.3868677560580655,-0.5856554520424444,0.3910959207948615,1.0980137348928865,-0.5856554520424444,,,,0.7510199695033108,-0.3299648959876334,1.1698953859201164,-0.08891052042917225
ABT,,,,,0.17407546923108055,,0.30069392342248386,0.15040333073119957,,-0.029375,-0.029375,0.06244478554652222,0.21345818433943856,-0.09205968613730164,0.23410434398759805,0.17899647686683764,-0.1343828473694031,0.2525010156536034,0.19995771151492805,-0.30423725882158015,0.17985635999606356,0.7757542042411002,-0.3042372588215799,,,,0.1680868055413653,0.4412246757413827,-0.3786666139861056,0.10552874378608823
ACGL,,,,,0.05003249298218581,,,0.20351332773237607,,-0.023,-0.023,-0.14614774664714192,0.1594365377382746,-0.10584321348383252,0.08066397962496086,0.2512226797662368,-0.2002760674912366,1.8087197151909056,0.25144787678721936,-0.20027606749123683,0.2427369680557054,0.6393776277280039,-0.4558423988952628,,,,,0.7692250877423135,-0.0036587222709237054,-0.7655663654713898
ACN,,,,,0.10483055512136258,,0.2781962566995728,0.17030817073370524,,-0.025175,-0.025175,-0.304614043668582,0.21694819791308184,-0.35300096394228153,-0.23144085922022328,0.23063938627934824,-0.3530009639422813,0.07155282179776257,0.258142864155359,-0.37364484573610335,0.22723945414988259,1.1714014735440335,-0.37364484573610346,,,,0.042411600105060926,0.5641543705310442,-0.1316025912090446,-0.39014017921693867
ADBE,,,,,0.23775267843411993,,0.7061497189139313,-0.036071069393228294,,-0.025025,-0.025025,-0.34589962589599865,0.22371585357896137,-0.24109470455363047,-0.4476849874355546,0.29107825569292517,-0.4537376004128948,-0.2946893214627282,0.35152004407971255,-0.5891617194338095,0.2843745603410551,1.2418622822830452,-0.5891617194338095,,,,2.4330212550252255,-0.7104168893500983,-0.12277887610986381,3.2662170204851875
ADI,,,,,0.040841731130864645,,0.1303435903082909,-0.008757450423989909,,-0.027225,-0.027225,0.08979002244659795,0.2668152397374343,-0.14905646560729968,0.3184354554274462,0.23216455620346613,-0.15955461514263136,0.8346024776219372,0.2594712493868336,-0.21281359600507987,0.21593690299285692,1.187764087547226,-0.24152943519355374,,,,-0.7835146815793815,-0.5417315423155622,-0.25219336423118155,0.010410224967362214
ADM,,,,,0.020847165051122028,,0.10002465997685756,-0.013321188659911193,,-0.01615,-0.01615,0.13393706382455184,0.23060115037554768,-0.06835808677392541,-0.12997323790428317,0.28549161250962846,-0.3152829691198973,0.37625639857585025,0.2778227186672843,-0.4810772048027028,0.22513239463513948,0.7802257488082012,-0.48107720480270266,,,,-0.9528805916064661,-0.5699165942110352,0.39929093392499726,-0.7822549313204281
ADP,,,,,0.07303894801858334,,0.1694270138658885,-0.018273558892402328,,-0.0355,-0.0355,-0.14464180749579414,0.17197316338304205,-0.20192480620250464,0.16794526547464517,0.16356600015805026,-0.20192480620250475,0.6389888073689809,0.214097678744531,-0.20192480620250475,0.19954511863183338,0.7829958375235946,-0.2151424431777289,,,,-0.5651890505150229,-0.6005017866109191,-0.7389683138693196,0.7742810499652159
ADSK,,,,,0.0983799844365317,,0.564529440894192,0.08995983935742972,,-0.0232749999999999,-0.0232749999999999,0.04021932510254356,0.19364774714373034,-0.15911867774019361,0.3901022058776271,0.26947077139320996,-0.2258659253949432,0.08353853172154202,0.315961020838708,-0.46451591536387504,0.32543545759209785,1.4572694827528736,-0.46451591536387515,,,,1.6419099920980305,0.06793355932629346,-0.019835533286082556,1.5938119660578194
AEE,,,,,0.027238520195797675,,0.08406868458148802,0.10136060849435442,,-0.024975,-0.024975,0.10751887513993741,0.13923543202575137,-0.0404366028542833,0.39471366875986513,0.15898513268196077,-0.04863403061513616,0.510798438420017,0.18786686235297084,-0.23110523536953587,0.14736792818674574,0.39358596039188215,-0.2311052353695353,,,,-1.0420129674411374,0.13834322201100346,-0.11983763774347035,-1.0605185517086704
AEP,,,,,0.03514647897225174,,0.12437194579678562,0.08186796971771465,,-0.0221999999999999,-0.0221999999999999,0.23300934012289787,0.17891518193644385,-0.044448287691421506,0.6108572642566081,0.17244436482606257,-0.09230899698021688,0.6832050274200814,0.19313961059923013,-0.22824221564874947,0.19163652471083045,0.41837433768299087,-0.25146875976512106,,,,-0.8168731475936251,0.01795922821071133,0.04340109159137948,-0.8782334673957158
AES,,,,,0.02081770635320229,,0.04184091819853886,0.016841928861703465,,-0.02165,-0.02165,0.10862642649747944,0.38188467365157586,-0.21067255798171958,-0.12545173026892065,0.4482212854653523,-0.51981629506857,-0.1989098208452097,0.3910299640032949,-0.6223172139300487,0.3246003101019171,0.9357905472461212,-0.6223172139300486,,,,-1.2779033502375414,-0.3836331159027435,0.07575471362170311,-0.9700249479565011
AFL,,,,,0.01985327962004228,,,0.0380134478396911,,-0.008225,-0.008225,-0.046030897371503565,0.17190518564275106,-0.10146033151072265,0.34321072148861775,0.20342678637441958,-0.11870580056121838,1.7211366039193252,0.2067735717755856,-0.13454419846049048,0.21744686055884568,0.836095631826657,-0.3723102739945463,,,,,-0.25288057702928735,0.8654772149983805,-0.6125966379690931
AIG,,,,,0.019428915011402873,,,-0.011430103043659538,,-0.014925,-0.014925,0.049318484325687084,0.20398209516466906,-0.1023776482413058,0.2518967706770454,0.1785604309988909,-0.10237764824130591,1.3087960589080199,0.24070909187332465,-0.2343856116990587,0.31931458192135026,1.0030754004093303,-0.600737687392032,,,,,-0.5582374961827331,0.4713512739016401,0.086886222281093
AIZ,,,,,0.02035960109947525,,,0.051902407248393685,,-0.0088,-0.0088,-0.051932733036180956,0.20980807652068204,-0.12291002269654072,0.2970280447150897,0.23443760450759285,-0.16593215222665691,0.7845063003061521,0.22300830967268295,-0.3272473995289258,0.21323215134095752,0.6011801219792254,-0.3272473995289258,,,,,-0.16710417587042953,0.8316529737848541,-0.6645487979144247
AJG,,,,,0.023808539360400297,,0.07885499655080115,0.27163187991309,,-0.006725,-0.006725,-0.21553204419443106,0.32053361546949527,-0.29774765914960266,-0.009518278391154267,0.2749774602245586,-0.2977476591496029,1.2230350705272675,0.23632466597080296,-0.29774765914960266,0.21078407690822212,0.7002242706433102,-0.2977476591496028,,,,-1.0711373794260526,1.189916378304543,0.9537143659901879,-3.2147681237207832
AKAM,,,,,0.041346265712377754,,0.23512677856504988,0.044471036126576845,,-0.0469749999999999,-0.0469749999999999,-0.20729630461231063,0.22613385528788257,-0.25395397756835836,-0.35488618050039544,0.20982386630085575,-0.39519600138756805,-0.27997297612643024,0.25528512229794154,-0.39519600138756794,0.28773697934904785,0.5948938636781247,-0.39519600138756783,,,,-0.1981807057218527,-0.21299935431741282,-1.4139825189566415,1.4288011675522017
ALB,,,,,-0.05438900626455431,,0.03926322395402648,-0.05962248131717797,,-0.0252,-0.0252,-0.08427904447981693,0.4916174519966143,-0.3485865702867902,-0.1750059613353364,0.4697445201151294,-0.6058690405283853,-0.24699231505295283,0.48267006793941797,-0.7959159916065193,0.3993574539325563,1.521204456850437,-0.7959159916065193,,,,-1.2923027214132716,-0.8558673365434583,-0.13307321039224146,-0.3033621744775719
ALGN,,,,,0.07029145039644231,,0.44444394471749166,0.009867944590119,,-0.018925,-0.018925,-0.40486318582034597,0.45809285535654604,-0.4285062257683766,-0.3520580130873019,0.45799540915171216,-0.6181385822969949,-0.7121693857761293,0.48810209001482296,-0.8233850476435781,0.5262526412095787,1.7674200025856428,-0.8233850476435782,,,,0.9710951210359441,-0.4267035328398231,0.23605220459015333,1.1617464492856138
ALL,,,,,0.05102373936001227,,,0.06944854569614646,,-0.006575,-0.006575,-0.06413843310746492,0.1785053901468465,-0.10901464971747954,0.43720946232613644,0.2010233901468013,-0.10901464971747965,1.1032251244062858,0.22159850310725268,-0.19606595293732987,0.1861098409276541,0.5362989148905454,-0.23901259441369216,,,,,-0.05874151413349149,0.9625380810893687,-0.9037965669558772
ALLE,,,,,0.13224641507043147,,0.36700386475470426,0.028394467577577368,,-0.014575,-0.014575,0.18252200450701928,0.20445534051787517,-0.071440727328417,0.5932746412076599,0.2440187580583443,-0.11938345513244031,0.5458022160789406,0.2571769697875334,-0.3662686284817235,0.21898178123440235,1.0789958723204207,-0.36626862848172326,,,,0.5385036848575414,-0.31228614410044037,0.4919399424663953,0.35884988649158656
AMAT,,,,,0.20154878678368612,,0.4094107235046832,0.016762267066900465,,0.0011749999999999,0.0011749999999999,0.3715288886650727,0.4206361835249348,-0.19348907461398368,0.6123042998988746,0.3717423835331215,-0.3810088170030045,2.0036115108315933,0.37356526607812957,-0.47579546225374914,0.31052721253953597,1.583497432388019,-0.47579546225374925,,,,0.775394503401161,-0.3841250967536469,1.4184300278803683,-0.2589104277255603
AMCR,,,,,0.023179070795958406,,0.12855085447308437,0.9951456040739053,,-0.010175,-0.010175,-0.24142359271907965,0.16970948279235726,-0.2123374894443878,-0.1050204616516962,0.2023976467235098,-0.2786919198655442,-0.14797375424950465,0.20249516665328035,-0.30541323442024937,0.2083877589206523,0.7948646282172254,-0.3054132344202495,,,,-0.7935291620656252,5.6582427389296095,0.7507689187090306,-7.202540819704265
AMD,,,,,0.03974308632972458,,0.1976776799237112,0.10214182600241581,,-0.017775,-0.017775,0.8927686817286509,0.7244655589784454,-0.19405581806228023,1.1430338894722682,0.5810479273462653,-0.4943645193406123,1.8021798363327814,0.5634697081584505,-0.6207614874973696,0.4168023486372057,2.0936183917327114,-0.6207614874973696,,,,-0.40737676250056587,0.14316791941214996,0.3037006870172059,-0.8542453689299216
AME,,,,,0.09657802122687259,,0.169388259972507,0.031811588453153065,,-0.01715,-0.01715,0.029041817109597634,0.162394954994357,-0.10256432901225587,0.29689377690791474,0.16354501546191494,-0.12475469436072995,0.7319645804434365,0.20009230556111915,-0.25001877825382457,0.19856299974788022,1.2086158468162305,-0.27623617747722495,,,,-0.565405535343079,-0.2911824514186091,0.3404661665971257,-0.6146892505215956
AMGN,,,,,0.07354730461740179,,0.2501875072919502,-0.03311076154751559,,-0.046025,-0.046025,0.0739137985003715,0.19553698943614187,-0.09588355619127287,0.16064706604875667,0.22617707010417767,-0.2129995494573318,0.5509153270558678,0.22719630749585773,-0.21544663046103352,0.20790220194134704,0.6138450789176342,-0.21544663046103374,,,,-0.11404930667120744,-0.6921344143384381,-1.3580989899951694,1.9361840976624
AMP,,,,,0.01763899941750281,,,0.028953811908736783,,0.002525,0.002525,-0.2045119976920332,0.18429892433704337,-0.15969846258638198,0.3092916538816395,0.20720622575799955,-0.20451199769203343,1.6275496417107802,0.2516979342797288,-0.21254296068426526,0.27309338428368723,1.5174603094188521,-0.38144136531517703,,,,,-0.3088317064911404,1.497843463773001,-1.1890117572818606
AMT,,,,,0.020709294954071675,,0.12222777100754773,-0.03164291637934439,,-0.025525,-0.025525,-0.1259049376572915,0.22105560467778138,-0.20323155600529108,-0.09621283581059437,0.2476790595304986,-0.20874170338576692,-0.11881781022977889,0.26247589655552106,-0.41396271020205844,0.22314423823281365,0.5883225876270659,-0.4139627102020583,,,,-0.8288508166758325,-0.68306919409557,-0.1521912597737997,0.006409637193537182
AMZN,,,,,0.11143906024033648,,0.5244813893471498,0.22953833509367036,,-0.060925,-0.060925,0.22179999396665284,0.269897088432352,-0.22408278419752314,0.7386542978105426,0.23510205446354424,-0.22408278419752303,0.6035151800403673,0.30906110419225596,-0.5209676463567985,0.26880690164467,1.2745213877128818,-0.5209676463567985,,,,1.4181958102014383,0.9299521376166091,-2.2345880231804576,2.7228316957652865
ANET,,,,,0.22447809475009806,,0.35260338362929405,0.42251275139838435,,-0.015425,-0.015425,0.5532994282560197,0.41201654382134223,-0.32760564870476083,1.869054508620963,0.3410436711962478,-0.32760564870476083,8.314517280028245,0.36714190874180735,-0.3478956670346468,0.38014145707501046,1.3006958151917933,-0.3858678357663967,,,,0.4580605239685718,2.1217369545538647,0.44193889023770433,-2.1056153208229973
AON,,,,,0.05124923706955957,,0.15500777696836054,0.04969583892095699,,-0.006875,-0.006875,-0.12680142322903232,0.206388264083955,-0.1658441621480229,0.049540439279371906,0.23982237621080338,-0.16584416214802278,0.7216988946357639,0.2353937056892178,-0.17725665541486546,0.21550457261593348,0.8432894995260993,-0.2506695486326693,,,,-0.6457369838474216,-0.18073165396069205,0.9448906508910072,-1.409895980777737
AOS,,,,,0.16069906883782906,,0.4486621322219296,0.015355266449837379,,-0.015775,-0.015775,-0.10039642946926552,0.17894149701396686,-0.10071772777253396,-0.09642108251555315,0.21840064863439304,-0.27353490636711963,0.2760753843674235,0.2904379273922134,-0.4268417317354858,0.2582098432453491,1.211978980400452,-0.4268417317354858,,,,0.9946585237531346,-0.39281454898750856,0.42135022167294917,0.966122851067694
APA,,,,,0.05736650082918739,,0.2166766169154229,-0.10482792770487745,,-0.092125,-0.084981,0.04544374874708401,0.3799084010588893,-0.3086556365479248,-0.3196516497207116,0.3336845404921691,-0.5398165920066007,0.9921183575989219,0.4233800985193517,-0.6388631011112789,0.5471379763113261,2.839403259533051,-0.9308360839583967,,,,-0.30124596507555107,-1.1350502752945744,-3.6496766260197386,4.483480936238762
APD,,,,,0.038732530704367496,,0.09600071944333072,0.12670422428551723,,-0.0237,-0.0237,-0.26581855300698654,0.2763544771354434,-0.2723231602576025,-0.06832614761961542,0.2553372455246537,-0.2723231602576025,-0.0350678150608722,0.26160145500615,-0.2723231602576025,0.2005842674320219,0.8294504083523815,-0.2723231602576025,,,,-0.9753589027772622,0.29486208645210954,-0.04483605940043384,-1.225384929828938
APH,,,,,0.14195675491063806,,0.29174865479936113,0.3810015710073816,,-0.011025,-0.011025,0.9638999816029019,0.280174579781837,-0.07092527427662076,2.1626796733787006,0.22555439544264053,-0.09285305545317302,3.5340439256199705,0.24076570962269073,-0.25959960953651307,0.20259557659359306,1.2342212193515896,-0.3244975462378513,,,,0.11811724710937813,1.865369320592367,0.7007678664803397,-2.4480199399633285
APO,,,,,0.008631937785481358,,0.06195830202686559,0.21080853323482557,,-0.000325,-0.000325,-0.2846745018087906,0.19976757614508509,-0.2677306428605427,0.3812257769258647,0.2826380888757269,-0.2846745018087905,2.1702849317265773,0.3642084301791961,-0.37938464110654846,0.2989445280449145,1.6179819441464982,-0.37938464110654835,,,,-1.1655247477537896,0.8142793250901689,1.330192876888567,-3.3099969497325255
APP,,,,,0.3522235906378823,,0.7480861753453019,0.13094894245451058,,-0.05745,-0.05745,0.8771789596093174,0.7790993890203962,-0.28307041898812835,15.866062496507684,0.9178777532975844,-0.28307041898812846,9.897087277001145,0.8354151315978996,-0.8928244301987666,0.5713531265711235,2.501300580704778,-0.8928244301987666,,,,2.6672843384904947,0.3210769120380876,-2.0301719567161034,4.37637938316851
APTV,,,,,0.04253264474954864,,0.1587941386404669,-0.0326855480586643,,-0.0255499999999999,-0.0255499999999999,0.4725373391067407,0.27694684648449247,-0.12377151463977887,-0.012916462362696168,0.33324165556653285,-0.3810744758830523,-0.3111204823474326,0.361160146576147,-0.6788131240943159,0.3760493031493215,1.881745146579755,-0.6788131240943158,,,,-0.6245858224021541,-0.689508351310634,-0.1536618789569906,0.21858440786547054
ARE,,,,,-0.00027080203063702205,,0.055406693195250656,-0.005924667084920114,,-0.0183499999999999,-0.0183499999999999,-0.46278750408646274,0.4045209097790812,-0.42873371620192813,-0.43538947369560965,0.33373877406862523,-0.5304003004141311,-0.585495163352759,0.3153339311214428,-0.7045529425183532,0.2810089965584315,1.0520574057558463,-0.7045529425183533,,,,-1.2021229779610587,-0.5242366420182851,0.2698764458036854,-0.947762781746459
ARM,,,,,0.08009395857801713,,0.4586782778080151,0.19225888324873097,,,,0.2560875799313902,0.5781953766322743,-0.3306800446698531,1.742764108549287,0.8842204258716113,-0.3473291522894715,2.15171881975035,0.8632524199084846,-0.3473291522894716,0.3828946737403693,4.055629028527995,-0.3473291522894716,,,,1.0506101550807212,0.6997191070246829,,0.3508910480560383
ASML,,,,,0.21697818728429144,,0.3720669723206755,0.10083454014383544,,,,0.5685967588981682,0.3761334378238028,-0.13091975420922142,0.5877793126778597,0.36550613018907946,-0.34801396258711037,1.549605808198037,0.3828721867869292,-0.4954725718338534,0.2790413447097461,1.4624899770525117,-0.4954725718338536,,,,0.5667869326865949,0.13509429251648564,,0.4316926401701092
ATO,,,,,0.04353564175431402,,0.10072718699363495,0.11334408222391072,,-0.01995,-0.01995,0.16032386356238693,0.14410087443338604,-0.03525363403222248,0.5836773615794704,0.1411907520094602,-0.07963262301251617,1.031005033786927,0.19858094905449786,-0.15610890675260236,0.1612459020283795,0.5311564666853882,-0.25545013221432167,,,,-0.9489561745437785,0.2123515922319569,0.17575681807908497,-1.3370645848548204
AVB,,,,,0.05435027458738558,,0.08800038639779031,0.03807167646763825,,-0.0319,-0.0319,-0.2293354227623714,0.1522246264340689,-0.21087195995352204,0.08510591894340758,0.17956357132470907,-0.2357074437250577,0.2464278273800644,0.19160996664916222,-0.33924738755381445,0.20412868252842847,0.8605482592983176,-0.33924738755381467,,,,-1.0200499150249114,-0.2525209646204128,-0.5271991514889816,-0.2403297989155171
AVGO,,,,,0.11452180251461617,,0.24224881815459717,-0.013961158805948823,,-0.032375,-0.032375,1.2587968256781021,0.5597116888226079,-0.27563567958607005,3.0157173593024567,0.439879418798126,-0.27563567958607016,9.101769260129613,0.3696127966832168,-0.3169656664441497,0.2640683099282912,1.1041313527064303,-0.3169656664441498,,,,-0.15839596717248394,-0.5738689663334435,-0.5551409159697208,0.9706139151306804
AVY,,,,,0.0841943219159833,,0.2956156191716747,0.03253717673712371,,-0.0146249999999999,-0.0146249999999999,-0.1367502555329697,0.15792134356477391,-0.12362298871047395,-0.07138203989014258,0.15088125685458165,-0.2673143611300042,0.26685136888324146,0.2303952800675657,-0.27362040158024636,0.20500824407864393,0.98506978575574,-0.2736204015802465,,,,0.13971866684285075,-0.2867013128472748,0.4889987041000075,-0.06257872440988194
AWK,,,,,0.03289568604818929,,0.09048591757853731,0.08643280474131027,,-0.0264499999999999,-0.0264499999999999,-0.06350803478450284,0.1931631182232987,-0.13603654119497322,-0.0051171768729515454,0.17752717511527263,-0.14386851788841937,-0.09987061056396562,0.21974617025305257,-0.35730817151307626,0.18965195299261076,0.47428239918672765,-0.35730817151307626,,,,-1.0061653799926358,0.046151053723758766,-0.2066041695520752,-0.8457122641643194
AXON,,,,,0.06281559721292916,,0.27837751431624974,0.6607807352025588,,-0.01255,-0.01255,0.11923449825859822,0.40091933851158,-0.19355083241798066,2.1500412884108346,0.5067589566168135,-0.19355083241798066,4.760998977810476,0.46449467544123796,-0.4991398987794854,0.34148466041330366,1.0164245858891858,-0.4991398987794854,,,,0.0434241312485492,3.5932489347309504,0.6110600963053354,-4.160884899787737
AXP,,,,,0.036227951153324285,,,0.08572876985074518,,-0.0037749999999999,-0.0037749999999999,0.19967035692771828,0.24912436548083405,-0.1579951985040039,1.166025472117246,0.2148116391017244,-0.1579951985040039,2.243645471560599,0.2612282104030056,-0.301946838531432,0.26537953301748735,1.2584838399025582,-0.340802340509498,,,,,0.0418030260979379,1.1272474296074153,-1.1690504557053532
AZN,,,,,0.0775900774497699,,0.4300987765181277,0.07745830937320299,,,,0.23430474450977634,0.19421974968900954,-0.08305999691532562,0.3201272997027531,0.21764049770568394,-0.25222562405293425,0.7300508272500985,0.20364258941133323,-0.25222562405293425,0.184247938929074,0.45136659948090696,-0.25222562405293425,,,,0.890960946115598,-0.00927425873058811,,0.900235204846186
AZO,,,,,0.09309514822816889,,0.37825317206104375,0.088468130802402,,-0.0208749999999999,-0.0208749999999999,0.12828355171556405,0.2240478738102048,-0.16644763528047635,0.3702053259070184,0.20242077481178286,-0.16644763528047635,2.143444658580293,0.22229822448987582,-0.16644763528047624,0.20363701944370813,0.6345645304255082,-0.3507868576712623,,,,0.6013439351000521,0.05872096191975305,0.12134390830080945,0.42127906487948963
BA,,,,,-0.07055303860835568,,0.03926322395402648,0.08688340807174888,,-0.0089,-0.0089,0.3159418414758699,0.2413873639000287,-0.14342930566655843,-0.11691059560593253,0.29393823787227363,-0.4271848559008592,-0.02923450935329408,0.3555055521012373,-0.5246545177025792,0.37242311133095257,1.4187282491052855,-0.7181927984686358,,,,-1.2923027214132716,0.0489339211004898,0.8257704970520671,-2.1670071395658286
BAC,,,,,0.00839479865177255,,,0.05621431088313184,,,,0.15387168717958266,0.2092567509941959,-0.13322530064778526,0.8335356385110533,0.1979344283396646,-0.15060174525106862,1.1483552697766726,0.27824775461510626,-0.4201511778331888,0.28623839480856755,1.450564743869764,-0.42015117783318845,,,,,-0.1404744216139739,,0.1404744216139739
BALL,,,,,0.030424492811119166,,0.13680077702841353,-0.018617161542112758,,-0.0143499999999999,-0.0143499999999999,-0.23099233875680703,0.17104534506083044,-0.17605216495183185,-0.12743829642797144,0.23772900863666643,-0.31036283176924573,-0.4798059238989374,0.2830046428160214,-0.49814803227809634,0.24118152781062366,0.7931856150534342,-0.49814803227809656,,,,-0.7474439068814184,-0.602623831744289,0.5051755151151722,-0.6499955902523016
BAX,,,,,-0.006539532528900514,,0.16218040671673276,-0.2001368197020371,,-0.047475,-0.047475,-0.45032285878421485,0.42494435922980484,-0.4656658399201057,-0.4716034749713418,0.34458965504557715,-0.5570538251511894,-0.7329029693636759,0.31053131766260744,-0.767322582836984,0.28649023707274673,0.6225637304214855,-0.7730112050718444,,,,-0.6056696413870926,-1.723665556928427,-1.4433949026205835,2.561390818161918
BBY,,,,,0.050865464768473874,,0.6131315277618868,-0.023745519713261647,,-0.0395,-0.0395,-0.047857740086905576,0.27591347964753804,-0.2570153824430109,0.2625818448697115,0.30287094375072965,-0.346385261786086,-0.07948248339943764,0.319183533292721,-0.4606642014110728,0.29520398331601566,1.4701714744969085,-0.4606642014110729,,,,1.91340824687084,-0.6342959026914576,-0.9742673831808065,3.521971532743104
BDX,,,,,0.02864630399421652,,0.17373938189047533,-0.012234176531970781,,-0.029775,-0.029775,-0.18426856979824646,0.2617375442510631,-0.2997757481365778,-0.2210997802568475,0.19881606324238177,-0.2997757481365779,-0.16287395624306122,0.18806805115310418,-0.36430829927177444,0.20806925823802128,0.5172044683057739,-0.36430829927177444,,,,-0.541099541852554,-0.5632033491357896,-0.4021965209172544,0.42430032820048996
BEN,,,,,0.0099724490229643,,0.21340917258194775,-0.02113072058553777,,-0.01285,-0.01285,0.06541611214882082,0.2903163497659252,-0.1422381139476514,0.02880740956864236,0.315994968562462,-0.3156084324578563,0.31901350831563957,0.3271923674083843,-0.33972740235250465,0.2824605272377108,1.361415458790551,-0.5566661428483575,,,,-0.3194983795556267,-0.6181472444421622,0.5934126661069739,-0.2947638012204384
BF-B,,,,,0.1033680342927128,,0.28536436007348437,-0.0041438147471054235,,,,-0.3276581625513727,0.2727226472905727,-0.2811402576779122,-0.5117315818299112,0.25528226226500295,-0.5381607742102699,-0.6261090072359536,0.2224435557404613,-0.637798355408665,0.22702523871178518,0.5940125327255397,-0.637798355408665,,,,0.08245365758596385,-0.5132383303350233,,0.5956919879209872
BG,,,,,0.05104649009075755,,0.11809594369327653,0.27533977402980186,,-0.00665,-0.00665,0.07640956462297654,0.24001366764077856,-0.03661831273490457,-0.09531316093902376,0.2507475779836647,-0.29347828979760204,0.8141241662034469,0.28099364669070703,-0.32324600577078944,0.24885418770452408,0.7663354660930672,-0.46839640489054124,,,,-0.8519317989369644,1.212815848585258,0.9581262235397784,-3.0228738710620005
BIIB,,,,,0.05430877403398335,,0.2675696246999356,0.056935319596628876,,-0.0223,-0.0223,-0.05721224031656347,0.21395352784345917,-0.20821342348378757,-0.35304168977789574,0.2216568319563391,-0.5320941107098106,-0.36944662698928277,0.30803403858852846,-0.6503306504385685,0.27104877286910045,0.32426064496850426,-0.6574726154175548,,,,-0.016950296223964555,-0.13602156587236935,0.03751861485858643,0.08155265478981837
BK,,,,,0.011254256363146378,,,0.1335747738245527,,-0.0293,-0.0293,0.34912855929334485,0.22017560657636867,-0.09040883669986388,1.3523403466601405,0.17641934664098882,-0.09040883669986377,2.1909928984860443,0.244322224065862,-0.3392109191019138,0.24251926207696103,1.102086029129072,-0.38119753860028405,,,,,0.3372937039765188,-0.37425475643651535,0.036961052459996535
BKNG,,,,,0.1695300323174329,,,0.07508496548824498,,-0.04095,-0.04095,-0.026018216864198473,0.214369802777496,-0.1295558198906438,0.6326260699356916,0.2308449159338784,-0.1295558198906437,1.515762730602733,0.2978473719403376,-0.3336752378292491,0.27974507348347927,1.2337944649039805,-0.3823141458178405,,,,,-0.02393172090421377,-1.0595632958062204,1.0834950167104342
BKR,,,,,0.07982035183281722,,0.16136909711083322,0.056852902662592755,,-0.012375,-0.012375,0.1250257418551186,0.3254667324417544,-0.22969729728912713,0.5029002651091714,0.3127346181165485,-0.22969729728912713,1.9385475504083671,0.3784751201183055,-0.4171670384300803,0.3742730980651819,1.3590615851953687,-0.748838733394328,,,,-0.6102017336546892,-0.13653056210370226,0.6213544305877129,-1.0950256021387
BLDR,,,,,0.06815700318317036,,0.4536928901010203,0.06933635240202414,,-0.035475,-0.035475,-0.39416527869813534,0.4202904417360667,-0.35628885048448133,-0.1576317895267887,0.4486842048576453,-0.48367298619289956,2.0197808522182603,0.4456652126676858,-0.48367298619289956,0.4647484354202691,2.1329590980096675,-0.5186934429091743,,,,1.022761061573698,-0.0594344052796734,-0.737497694686123,1.8196931615394942
BLK,,,,,0.04575568507599452,,0.07555689720153685,0.16922511993997014,,-0.003625,-0.003625,0.06651498581295967,0.19007764539059266,-0.145280548466021,0.4892808190431752,0.19017650554916404,-0.14528054846602112,0.725874852289986,0.27027257063017124,-0.4014892063644159,0.24471467386804457,1.329008184699911,-0.401489206364416,,,,-1.08956103723791,0.5574655901389991,1.13607114470659,-2.783097772083499
BMY,,,,,0.05409024682893383,,0.3592089475488516,0.0003169706062591129,,-0.06425,-0.06425,-0.1842699906768822,0.22942787405615017,-0.2727194623975929,0.027746391581314978,0.2688035568048888,-0.2727194623975928,-0.1040348509331207,0.22865952763595998,-0.4575345962764671,0.2557504800395173,0.488303159204439,-0.4575345962764673,,,,0.49496015506532115,-0.48568910200953735,-2.430180374545631,3.4108296316204894
BR,,,,,0.10147375673495043,,0.2582957364704176,0.03671260797825876,,-0.034875,-0.034875,-0.048508110285281236,0.13065428461636167,-0.13440834536714708,0.17776528305688832,0.15483241259374708,-0.13440834536714708,0.6361867882160932,0.22154079223119255,-0.2526282456236846,0.20784361142264318,0.912548334803539,-0.2817748890526759,,,,-0.06875557109058394,-0.2609143942876011,-0.7022028342894002,0.8943616574864174
BRK-B,,,,,0.054361124167104424,,,0.0496978879209278,,,,-0.01519605089818088,0.17342698182049673,-0.11508672314521784,0.32133331298828116,0.17703088380412033,-0.11508672314521795,1.0780218647758408,0.18738638726840678,-0.24337653723942654,0.15506282502252858,0.786922661579164,-0.24337653723942665,,,,,-0.18071899960421373,,0.18071899960421373
BRO,,,,,0.05190048108547328,,0.12361188139243935,0.6078775715002509,,-0.0089,-0.0089,-0.30893680234532794,0.3211575643538811,-0.37260013171676964,0.05199146692453427,0.2885461943433649,-0.37260013171676964,0.7836771698493141,0.2554051475075115,-0.3726001317167694,0.20817919977224625,0.7447278628396128,-0.37260013171676953,,,,-0.8211189767872705,3.2665258981974463,0.8257704970520671,-4.913415372036784
BSX,,,,,0.06295077023597115,,0.3172919860276933,0.11994718120081924,,-0.026275,-0.026275,0.08746958256626991,0.1827906232417526,-0.09105303114463514,0.7640006694319408,0.16976548180941786,-0.09105303114463503,1.9740570678684666,0.18941203379359256,-0.18267540120828873,0.18608426289540267,0.7662037095241687,-0.27841662566837344,,,,0.2608059729752952,0.2531314699800377,-0.1963098352697035,0.20398433826496096
BX,,,,,0.06483813920822776,,,0.11797613844257694,,-0.004025,-0.004025,-0.2277432683497188,0.30848907286325683,-0.24470800386327418,0.34687943414809363,0.3137601739007904,-0.2999645885128074,1.8568523552023342,0.37696703649847585,-0.45120631536602007,0.3010994095939232,1.550950878123965,-0.4512063153660203,,,,,0.24095856707513638,1.1125412377754416,-1.353499804850578
BXP,,,,,0.00019036540335934482,,0.08112977154113898,0.00576036034225354,,-0.025475,-0.025475,-0.0931871118240638,0.1823692176912693,-0.13036098261982898,0.3843699224311077,0.2610148388976214,-0.200729017286579,-0.07223750895559511,0.28615918334694834,-0.5998964331255499,0.2574530552950914,1.1203882008494954,-0.607864940950483,,,,-1.0584301588172176,-0.4520714372213383,-0.1492500214074062,-0.45710870018847305
C,,,,,0.005683363643670699,,,0.09023870945751025,,-0.0591,-0.0591,0.46479540890448034,0.27080588180838766,-0.15444545015619815,1.33568040268846,0.23428576867550555,-0.15444545015619815,1.1927501350276857,0.29143610065350534,-0.453049166083915,0.30318236503931667,1.5859283206104522,-0.469279496541973,,,,,0.06965582467906926,-2.1272328228070916,2.0575769981280225
CAG,,,,,0.040544036971812095,,0.13853937018670717,-0.0035297772004631066,,-0.00135,-0.00135,-0.32915544514771544,0.1737643008968126,-0.3378424158711908,-0.31541146988285196,0.1856929410196494,-0.4281663256395438,-0.4076165140749025,0.1845852734480449,-0.48149486932248375,0.25296914441497176,0.41890926527862665,-0.4814948693224834,,,,-0.7377318751836515,-0.5094461145629482,1.2698974903774982,-1.4981832509982014
CAH,,,,,0.032343282190475206,,0.16923762263408165,0.17732319762416612,,-0.010375,-0.010375,0.5784908794846015,0.26604554204362474,-0.1117029210962538,0.8369346783279492,0.24622322484285866,-0.12135838354757478,2.9579207376578447,0.2607812695559857,-0.22507136072570755,0.23845667851108115,0.840737800671385,-0.481832246808616,,,,-0.5662470172036715,0.6074782613273063,0.7390039652434562,-1.912729243774434
CARR,,,,,0.10491399202852947,,0.16349381162156493,-0.04776865228577083,,-0.0225,-0.0225,-0.24208677565983405,0.22228887897182195,-0.20407814360401144,0.14220929944470395,0.23435975065832154,-0.2695615641103013,0.6265372727723109,0.2907053979583195,-0.3744556920426142,0.25659105470332655,1.2014183522018396,-0.3744556920426143,,,,-0.5983327724900288,-0.7826596350630005,0.025753661393012165,0.15857320117995954
CAT,,,,,0.1080564270501752,,0.24783016923534934,0.08386531630987809,,-0.014025,-0.014025,0.4262307824625673,0.3638989908882599,-0.16336666490502605,1.3472254182508197,0.3063272925534884,-0.23198556460628195,2.6148454423054464,0.34217968762624174,-0.3004728836154342,0.2656294752503885,1.2830547954308227,-0.3004728836154342,,,,-0.12721773645528062,0.030294580161940983,0.5242935644967247,-0.6818058811139462
CB,,,,,0.036412580906949585,,,0.0964657452704034,,-0.0141249999999999,-0.0141249999999999,-0.026779506226235816,0.15394897270968233,-0.11607974386020814,0.24171357010886863,0.16094391820408463,-0.11607974386020803,1.0302044734346185,0.1990463924791061,-0.17962736993820083,0.18779012725883262,0.593539869801025,-0.32260747953603264,,,,,0.10811318539268894,0.5184110877639434,-0.6265242731566323
CBOE,,,,,0.10529515258853993,,0.25824024877104995,-0.02239725139375081,,-0.0232,-0.0232,0.15060778223778581,0.15103524124934034,-0.02111681247787134,0.37953493851910514,0.15941340681869004,-0.11147391235185233,1.8834746279911845,0.15685503056937838,-0.13830545476173428,0.21971591021226164,0.5043515306266055,-0.37397429346301025,,,,-0.0690655333681438,-0.6259691734642359,-0.015423675736497972,0.57232731583259
CBRE,,,,,0.04221247591662068,,0.28483739483187626,0.1803341573608388,,-0.023725,-0.023725,0.07586252375499813,0.24633599513590848,-0.1558657201312168,0.90742150907609,0.3021989669655489,-0.1558657201312167,1.4633628085356376,0.3118782332318938,-0.377845352436045,0.2981043254170848,1.4716509687515869,-0.38472836480380723,,,,0.07950995387603876,0.6260735558087761,-0.046306678583630675,-0.5002569233491067
CCEP,,,,,,,,,,,,0.12261712014045623,0.1543515000669256,-0.1106067006111231,0.47694998956185053,0.14702250584344037,-0.11060670061112299,1.2044311023944676,0.20932220816721978,-0.2839624756496836,0.22480884554914807,0.6883524501072857,-0.359426998263497,,,,,,,0.0
CCI,,,,,-0.09084979798174384,,0.1178162847028135,-0.17282853108821838,,-0.1089,-0.084981,-0.11030449505481887,0.22914543188436942,-0.13855903937916392,-0.14683484643548617,0.23527869308359448,-0.2352911335187149,-0.3287477987843782,0.27670837968493256,-0.5229417863923236,0.21953177769584017,0.6248582677688139,-0.5229417863923234,,,,-0.8534940143218496,-1.5550131294734897,-3.6496766260197386,4.351195741171379
CCL,,,,,0.05294907509469507,,0.20760767180391607,0.020600341331191648,,-0.04505,-0.04505,0.12898146834191304,0.4636439372965568,-0.3371882868803986,0.9063743880827442,0.45295451750269006,-0.3371882868803986,0.4369369240365455,0.630306826497817,-0.7621786083620206,0.5022459150902149,2.3776603726140824,-0.8933456025250659,,,,-0.3519063981780872,-0.3604216508666176,-1.3007448418504943,1.3092600945390247
CDNS,,,,,0.11040359623308037,,0.47512415346439285,0.31594780383077664,,-0.018225,-0.018225,0.09321732124473425,0.3244340018973716,-0.16627834945055453,0.2273942150498225,0.2814096842114058,-0.19525828520190602,1.884006834572817,0.29506918142056465,-0.19525828520190602,0.22106024325227716,1.0454012879929104,-0.19525828520190613,,,,1.1424791843072222,1.4636057423404913,0.27722954171966346,-0.5983560997529327
CDW,,,,,0.0725792181572752,,0.3181365469427513,0.1192928944840784,,-0.01115,-0.01115,-0.11062951803928855,0.2606311177503548,-0.21428668773581405,-0.2495696296259593,0.24888985686217455,-0.38285086298002535,0.25411126519291916,0.26473446770473924,-0.38285086298002535,0.25107759224786524,1.0834663231899988,-0.38285086298002513,,,,0.2655238118432384,0.2490906805849079,0.6934147705643557,-0.6769816393060253
CEG,,,,,0.05730064270411807,,0.10292787431563913,0.033073626801714065,,-0.039925,-0.039925,0.47876041396160063,0.6337978075620139,-0.32659714493791614,2.1561875767455607,0.5635740520510615,-0.32659714493791603,7.129090215419922,0.45743500864894143,-0.32659714493791614,0.3430049774410739,1.1225138357160949,-0.32659714493791614,,,,-0.9366628183170951,-0.2833882672411968,-0.9992679092951522,0.3459933582192539
CF,,,,,0.0957934040870381,,0.1688524288630971,-0.0018148820326678765,,-0.046225,-0.046225,-0.04157889562027639,0.25819014518552247,-0.14724381022429278,0.17282434212611597,0.23037247852193718,-0.14724381022429256,1.5087203739026416,0.3294861714964799,-0.4254113469334494,0.3430130460903615,1.0042045738407894,-0.479798537588227,,,,-0.5683987650670164,-0.4988551457560251,-1.3698639434607438,1.3003203241497525
CFG,,,,,0.0072720213318716205,,,-0.00740208604243014,,-0.00145,-0.00145,0.10025793431051255,0.28331866228205566,-0.21573924975707393,1.0300252326785118,0.3119219317657223,-0.21823564637689852,0.9320736773344713,0.35536685709630056,-0.5123824894492408,0.37303759969913564,1.4853452112932533,-0.5615762838211411,,,,,-0.5333609887349784,1.264015013644711,-0.7306540249097326
CHD,,,,,0.05952387698549871,,0.30573421659573746,0.0029787379737734104,,-0.0176,-0.0176,-0.20939280242062785,0.13243420092462613,-0.21914833119585042,-0.08894822986887874,0.15553197708196043,-0.2191483311958502,0.03944668444224142,0.18712742759500456,-0.29817716585827203,0.16284520212854708,0.41463196519278667,-0.2981771658582719,,,,0.19624260888797504,-0.4692503740394345,0.3139950212995833,0.35149796162782626
CHRW,,,,,0.09959464672343085,,0.2584202862851203,-0.03454699686848395,,-0.012075,-0.012075,0.47545686394786446,0.3144671130926887,-0.13097800135637372,0.939436411519176,0.31341381495542464,-0.1817091572901981,0.8258834533476733,0.2666968595883001,-0.34888000949307485,0.21882829857324979,0.7932185388373385,-0.34888000949307485,,,,-0.06805981789348116,-0.7010044162892474,0.6390018607860743,-0.006057262390308127
CHTR,,,,,0.03498057926616539,,0.22270215671485577,0.020038893487023167,,-0.03725,-0.03725,-0.4402599786760565,0.40552871371081944,-0.45647122556880515,-0.4446804932478913,0.4392795367204284,-0.45647122556880526,-0.6591972265274093,0.3874364143330647,-0.7279161410437858,0.3691789741547006,1.0346337606391238,-0.7279161410437858,,,,-0.2675864322233207,-0.36388907949780763,-0.8419116566930952,0.9382143039675821
CI,,,,,0.03259346344520963,,0.9194153815402877,-0.02441362273715631,,-0.00575,-0.00575,-0.2197655059505531,0.3760035576301967,-0.27412165599547766,0.019585653690193938,0.3196323784392271,-0.30892080073380757,0.3441373439026023,0.2903989694333401,-0.3089208007338071,0.26849528946103746,0.5650473112363631,-0.33720053088571855,,,,3.6243539515746965,-0.6384220197968994,1.011068514134863,3.251707457236733
CINF,,,,,0.048653995241532334,,,0.11608528245503132,,-0.0135,-0.0135,-0.015978067923693162,0.18503056137252896,-0.05760901971369481,0.5722445939885454,0.19747516917451263,-0.1376416412394328,1.2826267159205562,0.2485333631099952,-0.33271729356597146,0.22323131750374225,0.6344339956733638,-0.4881228748588592,,,,,0.229280887203762,0.5551765673438573,-0.7844574545476193
CL,,,,,0.1738350986748734,,0.7237850516156984,0.060072815533980584,,-0.016425,-0.016425,-0.20528850826840384,0.12547852105728471,-0.18505821889921348,-0.0035987036353249957,0.15171473879927316,-0.2753349604990424,-0.015082859971859097,0.15924620060157713,-0.27533496049904194,0.1566281675608663,0.4463969530777143,-0.27533496049904205,,,,2.5315347625604363,-0.1166448003252011,0.3831141229098327,2.265065439975805
CLX,,,,,0.1462952092834244,,0.5803043301575834,-0.033037732568249004,,-0.038925,-0.038925,-0.32262526263593005,0.14946036708266297,-0.3027723590328064,-0.18359056295117326,0.22685570959367324,-0.32262526263593005,-0.370279727513839,0.24549190652369257,-0.39301679841477954,0.19797781445406482,0.3859531992849877,-0.45681741100700113,,,,1.7300307947274307,-0.691683396890877,-0.9404431419672804,3.362157333585588
CMCSA,,,,,0.08501051311030322,,0.32643903416714454,0.04301955780693569,,-0.025675,-0.025675,-0.35171801058641794,0.22154895135012176,-0.2539488214637239,-0.31151000258841655,0.2229034419746526,-0.3843981800667825,-0.38250409123578044,0.2481151412413764,-0.5060392957911224,0.2539626005734946,0.9206312742770639,-0.5060392957911224,,,,0.3119027008368835,-0.22196349503920895,-0.16101497487298047,0.6948811707490729
CME,,,,,0.02459261767947996,,0.03926322395402648,0.45816194450770914,,-0.0009,-0.0009,0.15941783421668188,0.12514396321712754,-0.07737410029000491,0.3233116167518566,0.1414852805600351,-0.1111997818577104,0.849994352341845,0.1633780233638364,-0.2640775286105681,0.15757004237147823,0.3731336504749334,-0.2963654923040785,,,,-1.2923027214132716,2.3419017199011543,1.2963686356750403,-4.930573076989466
CMG,,,,,0.16883909992222057,,0.32941494155920026,0.03912168778906785,,-0.02515,-0.02515,-0.4878088427435088,0.32116581196813204,-0.47744609241195957,-0.28459526532348645,0.3109903642964247,-0.5013609387371414,0.22185768528652616,0.32661666517591753,-0.5013609387371414,0.307002349916792,1.172837431106685,-0.5013609387371413,,,,0.3285265479878927,-0.24603623169853145,-0.13013197202584778,0.7046947517122719
CMI,,,,,0.09022717859827277,,0.26509794296758754,0.09383780332056194,,-0.00295,-0.00295,0.18533835934851517,0.27182478369219293,-0.2019120899118606,1.0297048632092385,0.24065901206537213,-0.21278301706693137,1.128752369041425,0.26133135295424526,-0.2519351014176958,0.23409740116581476,1.1288254042188677,-0.28266443221327664,,,,-0.030757466243496775,0.09188335878879296,1.1757778626529034,-1.298418687685193
CMS,,,,,0.028273141206790527,,0.09324885477195625,0.09733663222238394,,-0.0243,-0.0243,0.06367740022954083,0.15971386892402867,-0.07066879202836795,0.3499119135502531,0.14649680601445333,-0.07066879202836784,0.3628056839789513,0.17846782763331676,-0.2226697528695567,0.15860984563755381,0.2981460684919511,-0.22266975286955681,,,,-0.9907312150337904,0.11349166957994135,-0.08013091979715685,-1.0240919648165747
CNC,,,,,0.024290803731133678,,0.18808225050630478,0.039188327700061344,,-0.006875,-0.006875,-0.42500000000000004,0.6153168930954787,-0.5928470999244567,-0.5317589595941346,0.4667714748516597,-0.6692883535548255,-0.44038930825463374,0.36460317168023615,-0.7195869705009879,0.3372322637292965,0.5007018421122645,-0.719586970500988,,,,-0.46097821273691625,-0.2456246723030171,0.9448906508910072,-1.1602441913249064
CNP,,,,,0.021364253677687364,,0.09020462663912443,0.07621534556813744,,-0.0233,-0.0233,0.19948431415867307,0.13323962360652955,-0.046870493078263964,0.4241256745335795,0.15905630368926185,-0.1118938024409164,0.874815037504409,0.1916768445716425,-0.13540109425764968,0.24558703163253126,0.764419454122034,-0.48010281321585013,,,,-1.007736711679316,-0.016950641016106053,-0.021306152469285307,-0.9694799181939247
COF,,,,,0.0,,,0.3727985200554979,,-0.006025,-0.006025,0.16492282331604535,0.2588346552911323,-0.11720706320441454,1.0362401567850972,0.26126853773792585,-0.11720706320441476,1.8211359216165754,0.3165156836015985,-0.43426615570825766,0.35724264999810507,1.4472211629662577,-0.508156907972141,,,,,1.8147083481991118,0.9948917031196982,-2.80960005131881
COIN,,,,,0.03194103587023243,,0.05776910070200213,-0.24556952742613594,,-0.062925,-0.062925,0.11553004662533506,0.7141144057432568,-0.4088147335811012,1.6492945012326188,0.898312358795406,-0.4185348121891448,0.11013303711201483,0.9093850636021958,-0.8892054414190453,0.7253497040963212,3.6627095802508305,-0.8892054414190453,,,,-1.1889262294985654,-2.0042520320414305,-2.3522375578362005,3.1675633603790656
COO,,,,,0.033068640946162096,,0.2196737330141077,0.02219193921374298,,-0.0156,-0.0156,-0.3316101827804576,0.22527221459826224,-0.30191611190579004,-0.1710792245970295,0.2611977231493211,-0.38916074168171944,-0.16646936822083602,0.2597461831042707,-0.414379290998943,0.24881500658374858,0.941061233717198,-0.4143792909989429,,,,-0.28450364303576886,-0.3505921500062602,0.4316445559553268,-0.36555604898483546
COP,,,,,0.07878507157990444,,0.1408181295729223,0.27715273871283624,,-0.0688,-0.0688,-0.16197616323070352,0.2273018318571359,-0.18038099210177239,-0.19240091924981084,0.20507368876237933,-0.3041070462703448,1.6558812867737354,0.32119612741773723,-0.30410704627034457,0.3096082164363394,1.1138679844465358,-0.6051323819536416,,,,-0.725002397165789,1.2240124819227678,-2.6978330658874468,0.7488181867988901
COR,,,,,0.026977737755040084,,0.15665999636837735,0.10759654475920397,,-0.0066249999999999,-0.0066249999999999,0.36353313404016574,0.22534360948387097,-0.04592298808686468,0.7015452456592424,0.20688772693861482,-0.10681776087199968,2.689128143494866,0.22049760450812314,-0.1229969481911235,0.22528293644616823,0.6048432390336491,-0.3135923576182167,,,,-0.63650744839913,0.1768555507546275,0.959596842722981,-1.7729598418767383
COST,,,,,0.07521161402150567,,0.3320053575771693,0.1114841483706616,,-0.02515,-0.02515,-0.04012569455128101,0.19105193644236873,-0.12723055023317165,0.6190386290406737,0.21401291809765502,-0.12723055023317165,1.5691728129092213,0.23338473220466138,-0.2031623599179988,0.2024787747055801,0.8346871614099982,-0.2031623599179988,,,,0.342996984821781,0.20086488342746053,-0.13013197202584778,0.27226407342016823
CPAY,,,,,0.056303290194507666,,0.17476839957838758,0.26170356807798706,,-0.031125,-0.031125,-0.30909284219550437,0.23499018144143036,-0.315750708860581,0.0950519141437105,0.2882103520971698,-0.31698931972812017,-0.006975627476799251,0.2793345863455153,-0.38770333163661586,0.30092814298626125,1.1898334962406962,-0.4411382418262637,,,,-0.5353513008941144,1.1286004197983628,-0.48160995680988117,-1.182341763882596
CPB,,,,,0.038998477634178734,,0.20205357432060375,-0.02225139481457171,,-0.0067749999999999,-0.0067749999999999,-0.3235717277473361,0.1727055415617074,-0.2538805146572476,-0.19646051128453235,0.17508641617852966,-0.36663443495553716,-0.2903143498257492,0.17735789011432226,-0.41342739924411476,0.2162487227750288,0.23430399732597576,-0.4677351037932458,,,,-0.38293238637613,-0.6250683822617296,0.9507731276238003,-0.7086371317382008
CPRT,,,,,0.16419362496383524,,0.22206719531523542,0.19734036216486367,,-0.0192,-0.0192,-0.3216595612237555,0.24551090832472572,-0.29542846370518316,-0.14376744414985576,0.27590020151672334,-0.3216595612237556,0.4898224733354468,0.28910959901807315,-0.3216595612237556,0.2786026466546312,1.0720436842981966,-0.3246599915103623,,,,-0.27113341802074764,0.7311016578093995,0.21987539357498878,-1.2221104694051361
CPT,,,,,0.01737345396514761,,0.10635800872298225,0.004405382895717354,,-0.04085,-0.04085,-0.1756014068865478,0.1666445137925434,-0.1755261117524859,0.1944515405921472,0.2036162775253715,-0.17980621499649485,0.194596124921943,0.21993468638482508,-0.49653862000332183,0.21607447227218549,0.77439896142685,-0.49653862000332183,,,,-0.917501593660941,-0.4604396011417014,-1.0536808190734333,0.5966188265541936
CRL,,,,,-0.009026866026638285,,0.17057014781175273,-0.04878261128850093,,-0.04385,-0.04385,-0.10147692753937798,0.39665329250933234,-0.35742145815496273,-0.09244977192725046,0.42685005456184727,-0.5622070588579815,-0.2373358461883901,0.37565289146833586,-0.7356244880919005,0.31936547757572775,1.3691024620860222,-0.7356244880919005,,,,-0.5588033397096709,-0.788921713568487,-1.2301551210570483,1.4602734949158642
CRM,,,,,0.068249911653086,,0.3141872339989654,0.05850509871989586,,-0.0378,-0.0378,-0.20324291232227587,0.21544530734865303,-0.3030061768100778,0.04838849971331394,0.2594479790623312,-0.3030061768100779,0.07440626763723368,0.3323806264603803,-0.5575762009883292,0.27507376099082875,1.2195004076999945,-0.5575762009883292,,,,0.24346238113331087,-0.12632681482256938,-0.8742652787234247,1.244054474679305
CRWD,,,,,-0.03443939145277796,,0.37254266040083717,0.2896761584977606,,-0.05325,-0.05325,0.5952827729652554,0.3737647085923101,-0.1680901332428949,1.32887450996779,0.47230241597282363,-0.3946605985647126,2.600730606116775,0.5023973478121808,-0.6263661977413524,0.5030567030854374,1.1349223684512584,-0.6263661977413526,,,,0.569444194790004,1.3013554885327063,-1.783107933939042,1.0511966401963397
CSCO,,,,,0.0836515804848587,,0.30231253890353155,-0.017056095424111628,,-0.003875,-0.003875,0.2898143852428139,0.1747333301789037,-0.0935044967031613,0.6299253336518036,0.1513823465967455,-0.0935044967031613,1.005623913068276,0.21826319744667033,-0.3549649469407221,0.21697626405033182,0.9198083171664007,-0.3549649469407222,,,,0.17712862466014057,-0.5929828910781895,1.1213649528746223,-0.3512534371362923
CSGP,,,,,0.010597319651061385,,0.23522591766736925,0.15879037861325862,,-0.02325,-0.02325,-0.14703712346863418,0.34243418974005485,-0.27712999481274925,-0.16449907889578563,0.29941646573459574,-0.2876811734419673,-0.2380597004295686,0.2807509772895603,-0.34641019031140874,0.2397913092761337,0.9089130576610511,-0.3464101903114085,,,,-0.19762690042265382,0.4930219891685697,-0.01836491410289164,-0.6722839754883319
CSX,,,,,0.07215589581358564,,0.11374672164037194,0.013384637174826495,,-0.026925,-0.026925,-0.0076621135042546085,0.2652572181007677,-0.14254740926914622,0.1382891898689984,0.2253221503541379,-0.2493359873612102,0.2720027941044829,0.25035026759324736,-0.2849316452448345,0.24319459229518883,1.2534826989462828,-0.2849316452448343,,,,-0.8762271795077085,-0.4049848982739216,-0.23454593403282015,-0.23669634720096672
CTAS,,,,,0.14366940219842234,,0.4142451497906889,0.07159309647035163,,-0.028325,-0.028325,-0.18911291462713054,0.268846047542711,-0.19465424233521766,0.33441960747380484,0.23705765235593682,-0.19465424233521755,1.1403824752401883,0.22476800883580644,-0.19465424233521778,0.26487837191911484,1.2404042549050518,-0.3790729514496325,,,,0.8024003046757305,-0.04549704836030329,-0.3169006082918404,1.1647979613278743
CTRA,,,,,0.07029124481512868,,0.12300967842647519,0.15497977268349067,,-0.0634,-0.0634,-0.06307869382423492,0.2196775070853705,-0.16682159593497137,-0.014815992152663493,0.2066954551656978,-0.16682159593497126,0.7881558335136658,0.34304879557944223,-0.26786844959223455,0.281900148515765,0.2672522929442639,-0.502542723047785,,,,-0.8244829692578685,0.46948818413165,-2.38017932231694,1.0862081689274214
CTSH,,,,,0.1214039197119398,,0.3489615130636299,0.0852529601722282,,-0.01015,-0.01015,-0.0857973817554527,0.22662447329912877,-0.18845842069799612,0.06238267016051613,0.21959408365407482,-0.188458420697996,0.0014034340223711972,0.2294856182733513,-0.3544270236152077,0.2576218153032034,1.059532657005171,-0.4197787996046095,,,,0.4377165106471293,0.03886448760425017,0.7522395378922275,-0.3533875148493484
CTVA,,,,,0.0336344266722684,,0.18826636257239746,0.0071146054408643645,,-0.0209,-0.0209,0.007402199922001751,0.2771008798587823,-0.1736290410714314,0.39943474340961904,0.2495591733714101,-0.1736290410714314,0.7071042069059383,0.246775984799382,-0.31899218348723624,0.23349428968028366,0.7914450082635224,-0.3189921834872361,,,,-0.4599497362280196,-0.44370779618620976,0.1198732891176069,-0.13611522915941676
CVS,,,,,0.017776121306040782,,0.20968055160508842,0.023217588650235068,,-0.01085,-0.01085,0.36665606799033146,0.46840273324878196,-0.08992082542297719,0.2540974758107222,0.398251114701206,-0.41892137935267393,0.3605817902325128,0.30144714865256983,-0.5389618379989122,0.2630228750407767,0.6461237679455123,-0.5389618379989121,,,,-0.3403269931639751,-0.34425787290715815,0.7110622007627172,-0.7071313210195341
CVX,,,,,0.053610217835481595,,0.2111263871829523,-0.03769125704025414,,-0.050525,-0.050525,-0.015620516063845624,0.2731553036943278,-0.1866818192935359,0.157853115055687,0.21551076875787656,-0.1866818192935359,1.1611437626278724,0.27142679100509237,-0.1866818192935359,0.24849471115037258,1.0229744790310726,-0.40664144364440313,,,,-0.332250347460529,-0.7204229568656269,-1.6228104429705918,2.0109830523756895
D,,,,,0.022055326617273937,,0.07295446260661322,0.06994831552426382,,-0.0242,-0.0242,0.031398909163752986,0.13736721712512412,-0.04381227024196821,0.4045559753389292,0.15637456533635796,-0.09124625101186401,-0.07471697580335457,0.21649893988803012,-0.492880109001934,0.1972970315364038,0.5103881692846718,-0.492880109001934,,,,-1.1040986115730524,-0.055655000882050366,-0.07424844306436972,-0.9741951676266323
DAL,,,,,0.058536203369257724,,0.2172039011084029,0.04252829235208851,,-0.01165,-0.01165,-0.07235217098977265,0.4329842311833764,-0.3796424484567734,0.6203558830764082,0.37707873319976065,-0.3796424484567734,0.49399384318145345,0.39952415551461185,-0.41880701495058714,0.3728515120020624,1.4053099109044818,-0.5850370266783276,,,,-0.29830047965734124,-0.22499748639093375,0.6640023869004199,-0.7373053801668275
DASH,,,,,0.056142620947451656,,0.4278628423549709,0.4319506631747909,,-0.0366999999999999,-0.0366999999999999,0.341145881991086,0.2988650647652419,-0.11007753320928382,1.5755479294085384,0.32016110496953754,-0.21013652472329314,0.6956217376655547,0.48503448351640865,-0.7886688043392506,0.4350086699577662,1.6839287139400518,-0.7886688043392506,,,,0.8784706959595399,2.1800242662820355,-0.8095580346627599,-0.49199553565973575
DAY,,,,,0.005562761286587218,,0.10226398708077072,-0.06028012071500426,,-0.0165,-0.0165,-0.14126760500241875,0.29000970650492064,-0.2374724689556953,-0.003047882145456926,0.3318729424265583,-0.3075384314426062,-0.2875958956040534,0.3474081801384021,-0.6241117618279066,0.3585627084752187,1.2842469820976397,-0.6241117618279068,,,,-0.9403713879948412,-0.8599288316595337,0.3787022653602422,-0.4591448216955497
DD,,,,,-0.005291979514038067,,0.12768946445985666,0.00016414521379914097,,-0.0295,-0.0295,-0.578185177299734,0.6165623095592726,-0.5751378079801504,-0.4975637815299788,0.4974596181405927,-0.6025146053489554,-0.4010931275810554,0.3891914487644114,-0.6025146053489553,0.40464317275828104,1.38788553619298,-0.6671504279726093,,,,-0.7983410106989295,-0.4866329316936167,-0.3860197099020896,0.07431163089677684
DDOG,,,,,0.022396801093916,,0.4333588648715847,0.31956007525171726,,0.015325,0.012568500000000002,0.06108020838660999,0.3726415990649085,-0.3056896948124709,0.39040921553893737,0.3551471338095064,-0.35050737096908247,0.6384958029845345,0.45121960173824016,-0.6220763935680808,0.3668244770911758,1.244098193555927,-0.6220763935680808,,,,0.9091722690322083,1.4859146593284072,2.0886500144304807,-2.6653924047266795
DE,,,,,0.04905796367524891,,0.15416467440332204,-0.0002225498650791443,,-0.0132749999999999,-0.0132749999999999,0.005435730220129109,0.21573104464982976,-0.12493676544397803,0.30461294748745105,0.23684823717958747,-0.12493676544397803,0.8836358925728303,0.2794092076420987,-0.27654020230885035,0.2167591910157151,0.9898038017469386,-0.27654020230885035,,,,-0.6504466761621889,-0.4890211100470819,0.5684121399926343,-0.7298377061077412
DECK,,,,,0.2679848892622075,,0.7997743299964826,0.16122706935021547,,-0.0070999999999999,-0.0070999999999999,-0.5860379670989184,0.38158324880945393,-0.6005711546145347,-0.26695480882470324,0.4752293190336984,-0.6005711546145347,0.9117797592007424,0.37750316845855714,-0.6005711546145348,0.3011129951076892,0.9680797260729117,-0.6005711546145347,,,,2.956021812221285,0.5080706732350175,0.931655078242242,1.5162960607440255
DELL,,,,,0.05821011304486857,,0.25483357118747446,0.0784766650138474,,-0.008275,-0.008275,0.27770430452338846,0.3914717112172416,-0.20587391893440476,1.1819404334532195,0.35546650423754983,-0.3396469105259581,3.991953525645976,0.3205298757734142,-0.3896128434314907,0.30552970274951596,0.9566815104005987,-0.4132917009186736,,,,-0.08809572482951439,-0.0029850271629900276,0.8625359766319869,-0.9476466742985112
DG,,,,,0.03804400596898987,,0.4011317381105694,-0.005049826702372385,,-0.025125,-0.025125,0.3163827978763949,0.29659677124924316,-0.1277943122339943,-0.2088687892635478,0.34338972408033597,-0.5340301330118779,-0.5107062659618673,0.31414377914625596,-0.7103007000807695,0.28266771708160854,0.3953691412027788,-0.7103007000807693,,,,0.7291468990151543,-0.51883374195967,-0.12866135284265115,1.3766419938174757
DGX,,,,,0.05936201455931515,,0.2171400006248633,0.15042143937756647,,-0.022375,-0.022375,0.12025720559127984,0.20903317791242884,-0.0726660653891329,0.3564073275537829,0.1845075569516877,-0.08943410870035462,0.5912970315459594,0.23340808382594527,-0.28076267070496796,0.2546085897193171,0.8618223462871286,-0.28076267070496785,,,,-0.298657436958524,0.4413365123786356,0.03310675730899613,-0.7731007066461557
DHI,,,,,0.11069132152724587,,0.23946113633650074,0.03540399528895009,,0.005025,0.005025,-0.13299972010926042,0.35427158729355374,-0.1628874108307221,0.15562767029113678,0.3813349666141251,-0.3758416372829626,1.0459766528021395,0.3604241114166774,-0.386107800707448,0.3272668886335815,1.5638671489121987,-0.424012318494722,,,,-0.1739683591674076,-0.2689962155167264,1.6449053820926804,-1.5498775257433617
DHR,,,,,0.04281059791215235,,0.17968409466498167,0.03901724906116733,,-0.01355,-0.01355,-0.10151308251774727,0.15451565415574928,-0.17146735227850363,-0.03158118544469268,0.17550671472458917,-0.3151141505312508,0.09815458431746982,0.23186034059500094,-0.3396677343548613,0.18489208111579647,0.8813428604737341,-0.33966773435486153,,,,-0.5078915203987081,-0.24668123165549743,0.5522353289774637,-0.8134456177206744
DIS,,,,,0.05880541166588182,,0.18101844191877411,-0.005865339886333758,,-0.02255,-0.02255,-0.037226058260436456,0.3280361487602523,-0.20079088884843221,0.22978880657173129,0.32820158279918066,-0.2579522496648321,-0.22985523736734692,0.3420604415219824,-0.5712547388230167,0.2398544099764827,1.329015259496106,-0.5712547388230167,,,,-0.5004376645251584,-0.5238702449804777,0.022812423026618494,0.00062015742870088
DLR,,,,,0.030001795692381948,,0.06903253748168864,0.1171400395666895,,-0.030125,-0.030125,-0.09547253526948629,0.2214534672526927,-0.1851467605190602,0.3186239734496006,0.20228398417829205,-0.25675206897465064,0.5182798352839428,0.25446925206339666,-0.4228210370663804,0.21447200608234482,0.5872268941535788,-0.4228210370663805,,,,-1.1260070499836345,0.2357949295068925,-0.42278518948200944,-0.9390167900085176
DLTR,,,,,-0.09084979798174384,,0.26861671434526,-0.24556952742613594,,-0.0351999999999999,-0.0351999999999999,0.41504143713092834,0.2644949734431733,-0.16891237155170524,-0.18399545705624265,0.34787911325543186,-0.5593127719025218,-0.07680336464406978,0.3442619604915367,-0.6090953123424098,0.31848784820401516,0.7687902110411937,-0.6090953123424099,,,,-0.011101102709493976,-2.0042520320414305,-0.7213208836709523,2.7144718130028886
DOC,,,,,0.008294312608402516,,0.08494443327312387,-0.018307549346105505,,-0.024875,-0.024875,-0.1499807718956604,0.18685502977199636,-0.15300657598318446,0.1468541023662544,0.22898820601622963,-0.219854952369253,-0.21221286214180646,0.2643450237056725,-0.5358476251225277,0.25216307338049904,0.9057194115507432,-0.5358476251225277,,,,-1.0371209091629414,-0.6007117072181166,-0.11395516101068322,-0.3224540409341416
DOV,,,,,0.18259035223070313,,0.24467870696833594,0.16556533259651285,,-0.0223249999999999,-0.0223249999999999,-0.1274596095174424,0.22075105997488945,-0.1740429538992907,0.28709770941708634,0.20258405004824032,-0.1829484062093515,0.5525746631503363,0.24317974029302375,-0.35096564919662643,0.24169421515872835,1.3209984305657323,-0.35096564919662643,,,,-0.14482225841347698,0.5348632210132167,0.03604799567539552,-0.7157334751020892
DOW,,,,,-0.016827407575764074,,0.05590267205852713,0.007945186754604792,,-0.02825,-0.02825,-0.4435409648035563,0.20949071689187698,-0.39488291801361686,-0.4984026919648452,0.2080445529041906,-0.566283968113336,-0.43318376108551304,0.2617929033610352,-0.5917894492219469,0.31646906286287524,1.1952808378453068,-0.5917894492219469,,,,-1.1993523686217864,-0.438578234361887,-0.31248875074225013,-0.44828538351764935
DPZ,,,,,0.33168212541857084,,0.9194153815402877,-0.02409097815416545,,-0.034675,-0.034675,-0.13952907537493908,0.22435646759302644,-0.18113088623027884,0.05648834425063032,0.2585077663086362,-0.23069000077185897,0.09320208001974417,0.3219585408515492,-0.4781289102059094,0.28583345656362175,0.7671880864222623,-0.4781289102059094,,,,3.6243539515746965,-0.636429408949105,-0.6904378808238255,4.9512212413476275
DRI,,,,,0.08726329504012754,,0.21442608776699645,0.12364933292237242,,-0.024325,-0.024325,0.03789439905646841,0.17454992263373767,-0.17300047627758164,0.2111811152285583,0.17196679410581858,-0.17300047627758164,0.925638898897664,0.20585738243641974,-0.23689236604883268,0.2833899747831,1.048045297541989,-0.5449867087021243,,,,-0.3138177449206517,0.27599547597748675,-0.08160153898035367,-0.5082116819177847
DTE,,,,,0.029084679146405987,,0.08953163185608828,0.05097153374746397,,-0.02345,-0.02345,0.10025843827783465,0.15400312733403884,-0.05345399102101733,0.37765405719037015,0.15037441327387416,-0.05796135721162632,0.473682336295995,0.17302729468336225,-0.23767176755536812,0.16719705386918218,0.5236588979984828,-0.27579402027874633,,,,-1.0114961574323948,-0.1728531291573019,-0.030129867568465907,-0.808513160706627
DUK,,,,,0.025961788145598033,,0.0857718799943247,0.04481894533939144,,-0.026875,-0.026875,0.08533677184222221,0.1244007398965741,-0.026465353291824978,0.43287795302770715,0.13043716858190027,-0.07953870719529144,0.6096214999710039,0.16947236878617114,-0.1744868353185942,0.16899352955964542,0.35800130324668084,-0.17448683531859432,,,,-1.032498672645916,-0.21085071241220657,-0.2316046956664265,-0.590043264567283
DVA,,,,,0.04819936798310653,,0.24684845647669623,0.027451999850577707,,-0.0242,-0.0242,-0.2835649975110458,0.3020148951450617,-0.32451760099616855,0.1733688559630311,0.3311404553365086,-0.32451760099616855,0.08375061179271825,0.33719612781347674,-0.44169152136667966,0.3068232806547858,1.1546854414818726,-0.44361868708914654,,,,-0.13270172526810833,-0.3181067018147747,-0.07424844306436972,0.25965341961103605
DVN,,,,,0.09243519947997075,,0.1551312261314699,0.24751609569986488,,-0.084525,-0.084525,-0.11103251487163468,0.2916829055395637,-0.19090913792238562,-0.21478229553237527,0.25745233969634324,-0.38932550592110615,2.0417740900357852,0.397288371568834,-0.5576804422692058,0.5119453871814283,2.096517153935485,-0.8510423945848395,,,,-0.6450473790485867,1.0409804414885766,-3.6228525321182294,1.9368247115810662
DXCM,,,,,0.08492774083293086,,0.3755842032916001,0.0776267796211319,,-0.0684,-0.0684,-0.22515704628261446,0.400735182126575,-0.3411791398529187,-0.4768871012705066,0.44738907304890135,-0.5802451153446763,-0.24386884772656015,0.48602143730764774,-0.6263217909338589,0.4101000405368216,1.1763275798787352,-0.626321790933859,,,,0.5864346912867225,-0.008233808460380791,-2.6743031589562984,3.2689716587034017
EA,,,,,0.08228372882694358,,0.4670904568247325,-0.07939880390305319,,-0.026125,-0.026125,0.2259992696408495,0.34499784129843475,-0.1598770013018317,0.46152733057985884,0.26627118368310726,-0.24903773029382625,0.60777937471699,0.2554066246662074,-0.24903773029382636,0.2581385279037987,0.8294465456036882,-0.4404338511909185,,,,1.097601798219265,-0.9780033245362025,-0.18748612017052269,2.26309124292599
EBAY,,,,,0.11465319246669729,,0.395091541439727,-0.11860830307194033,,-0.0103,-0.0103,0.32311231557817677,0.28826392816162816,-0.11100938208374433,1.081582672455435,0.27695079166355613,-0.11672553676553754,0.7847303865542832,0.3184095085591344,-0.5125098267301209,0.2628429284871295,1.3056760363890458,-0.5125098267301209,,,,0.6954054907689939,-1.220156075579669,0.7434158227930466,1.1721457435556162
ECL,,,,,0.09431758724299551,,0.3051181232738504,0.10596501691377237,,-0.0384,-0.0384,0.045349300660154857,0.17482641510685132,-0.07227347417101648,0.3699995071256075,0.1734746338859041,-0.07987790346294343,0.22324163189615853,0.2112387608916079,-0.3782077286583193,0.19421279436774275,1.0022188467028657,-0.3782077286583194,,,,0.19280102288931497,0.16677944765334696,-0.9095601391201475,0.9355817143561156
ED,,,,,0.02750542823535265,,0.12260171500254087,0.05272379269729093,,-0.01695,-0.01695,-0.014322395563936663,0.21533758644662704,-0.1284325696601074,0.1391105784925084,0.17801654488885882,-0.13569781188887586,0.5037775489685237,0.19168679982955805,-0.13569781188887575,0.17629620795028925,0.24916372896445282,-0.26628286891380304,,,,-0.8267619116808724,-0.16203140650755612,0.35223112006269996,-1.0169616252360163
EFX,,,,,0.05344595667176312,,0.2722594012916594,-0.019288529743340766,,-0.03715,-0.03715,-0.19327155018678066,0.25589600619222463,-0.23208438270626697,-0.025006063547681423,0.3041790003357269,-0.31103290301177,0.30004306983969276,0.3574031145534928,-0.41753690603620275,0.32162174409320615,1.4325163146768753,-0.41753690603620264,,,,0.009247471032274369,-0.6067701141589205,-0.8360291799603082,1.4520467651515032
EG,,,,,0.013965415670374607,,,0.1514269406392694,,-0.019725,-0.019725,-0.1819271182829526,0.13667638448601702,-0.13223693492830957,-0.21210554476293808,0.21047441925424443,-0.1898636352127766,0.5283092606467885,0.22981165453319907,-0.21210554476293808,0.22256955052581692,0.4892200908569301,-0.37046440381212364,,,,,0.44754635697905437,0.18899239072785606,-0.6365387477069104
EIX,,,,,0.033087716976300564,,0.0832659590690555,0.04710085123440779,,-0.0296,-0.0296,-0.3438422188993533,0.3706065484800148,-0.3367823099853562,-0.10333927542981924,0.3136089823989841,-0.3965664173042165,0.11709185929981958,0.26973030499114115,-0.3965664173042165,0.32307774353379576,0.6834179796066151,-0.3965664173042165,,,,-1.0464971077267247,-0.1967579593341724,-0.3919021866348769,-0.45783696175767535
EL,,,,,-0.05605095541401274,,0.524247109022324,-0.08234534299026618,,-0.033675,-0.033675,0.31087308748442566,0.3794634946930445,-0.2778498818618953,-0.24317051095073106,0.42746953913817787,-0.6022498260491156,-0.5931287913867216,0.37723101620920724,-0.8293544525916906,0.3333953168468909,1.0105705166487802,-0.8293544525916907,,,,1.416887086576237,-0.9962007654918347,-0.6316131134959537,3.0447009655640254
ELV,,,,,0.04512952637151451,,,0.0792119517116862,,-0.002525,-0.002525,-0.21635346085146223,0.3629296348509772,-0.3463125736721443,-0.32663715471701305,0.30590985772480606,-0.4836496187605026,0.073569223472298,0.2733582774275982,-0.4836496187605025,0.2586271859315883,0.7624851247206278,-0.4836496187605027,,,,,0.0015560075470023031,1.200778388767249,-1.2023343963142512
EME,,,,,0.140271441098146,,0.38685850210819117,0.18775847293528825,,-0.0134,-0.0134,0.3229230961138674,0.3472283671033678,-0.18525187089571593,2.1841816898801296,0.36333841491104174,-0.2750447604914342,6.956833181040013,0.3025793168490112,-0.27504476049143434,0.216991521614472,1.1792141927495274,-0.3098267585582819,,,,0.6494145477036741,0.6719251601157844,0.5610590440766444,-0.5835696564887547
EMN,,,,,0.05504192646742636,,0.14766055273473033,0.01833389093342255,,-0.01065,-0.01065,-0.42424305427403153,0.2110794452096274,-0.40004804196571664,-0.2559825305245159,0.2551455779245125,-0.4614268002940529,-0.29655630709578396,0.27385290640516585,-0.4614268002940529,0.2909948747749137,1.401045769055516,-0.5277802250173891,,,,-0.6867796362398024,-0.3744189528101946,0.7228271542282916,-1.0351878376578993
EMR,,,,,0.061908013376052666,,0.21873230970347415,-0.06730284084676977,,-0.023075,-0.023075,0.06938107731595666,0.2854294755685804,-0.1877275685835914,0.6251334686695378,0.3057786568731635,-0.20396079754311713,1.0136620418151128,0.2802688802923093,-0.29006725717916615,0.25033055385922287,1.4104048558929134,-0.3709927875586011,,,,-0.2897625691912492,-0.9033002349103246,-0.008070579820514004,0.6216082455395894
EOG,,,,,0.12287047903838631,,0.326511363697261,0.02343888200955245,,-0.069675,-0.069675,-0.17984954165218447,0.22768581938748247,-0.1537636898577206,-0.07433426046229008,0.20750006268165685,-0.17984954165218447,1.8681265622096808,0.324367781726128,-0.21780268977368666,0.3700724914565859,1.314934410328238,-0.722578330374511,,,,0.3123067440058244,-0.3428911939930629,-2.749304737299335,3.404502675298222
EPAM,,,,,0.08607520081828227,,0.32672219653944445,0.11539877665225702,,-0.009225,-0.009225,-0.3370367008536028,0.39062551208442414,-0.4062451200986714,-0.3736782788459607,0.4505385698735976,-0.5046320751983617,-0.49830914450892316,0.542574358309679,-0.7760234159090308,0.4420748198687767,1.5534829340815561,-0.7760234159090308,,,,0.31348448661711215,0.22504111693704534,0.8066524476705087,-0.7182090779904419
EQIX,,,,,0.02733566630686623,,0.12323050374352874,0.18247397577159555,,-0.0417499999999999,-0.0417499999999999,-0.1372089485309239,0.19075953791922268,-0.15843688639140419,0.06012915546280828,0.216023834259539,-0.19993935676054786,0.3062543975784253,0.24167224530476625,-0.32124511084216656,0.2108902000475995,0.6666453494884041,-0.32124511084216645,,,,-0.8232494072432807,0.6392887951227576,-1.106623109668512,-0.3559150926975263
EQR,,,,,0.04854290050440016,,0.09213523706193241,0.06309268230731833,,-0.029875,-0.029875,-0.19788472117819678,0.13919068525305955,-0.1787547674743052,0.12584489427285983,0.16751883048179209,-0.1978847211781969,0.2324457583486188,0.18807314775284315,-0.34547681709663014,0.18887536129448648,0.7780928806063393,-0.4492135979703077,,,,-0.996952043896111,-0.09799449714742532,-0.4080789976500415,-0.49087854909864415
EQT,,,,,0.028749910553806345,,0.07176958992285044,0.6055207241471859,,-0.03695,-0.03695,0.24040644473518058,0.24858677292329315,-0.10838568052264641,0.4358557700444379,0.28700897577636497,-0.18026941141885267,2.984678295499153,0.42598319343653485,-0.326980845604833,0.4101724786245961,0.9847118635688024,-0.8578780519080235,,,,-1.1107174809776785,3.2519703164524225,-0.8242642264947335,-3.5384235709353673
ERIE,,,,,0.21097148896849854,,,0.16205812864975705,,-0.008025,-0.008025,-0.34243683251478574,0.19493030098710754,-0.32553057843656763,-0.007458011202674197,0.32830928381439706,-0.4620836639813275,0.3952934405226878,0.30046636247389225,-0.4620836639813276,0.2092414326492447,0.4065630982347319,-0.4620836639813275,,,,,0.5132031870372835,0.8772421684639549,-1.3904453555012384
ES,,,,,0.014340363127439984,,0.11921992231394475,0.04461930598497194,,-0.0219,-0.0219,0.2097070332450821,0.2245905983967765,-0.044605323545068964,0.37429472583342505,0.22379065477487756,-0.14562116700893235,0.0244746769648303,0.23184862623696012,-0.39148810331586337,0.20085140721497685,0.5205243539156669,-0.39148810331586315,,,,-0.8456530925360628,-0.21208365901733903,0.06104852178973517,-0.6946179553084589
ESS,,,,,0.061633396001282495,,0.09070913224636586,0.05372174338460653,,-0.03635,-0.03635,-0.15097043500656893,0.1925781370304805,-0.16966648570427256,0.281252834695473,0.2220740450054102,-0.16966648570427278,0.23179169643518982,0.2167394869030538,-0.3787391564611976,0.20986613860617004,0.7565737938732637,-0.3787391564611976,,,,-1.0049184707206098,-0.15586819326939916,-0.7889693660980107,-0.06008091135319993
ETN,,,,,0.09981567406089112,,0.25218330896841035,0.028592468449252176,,-0.018875,-0.018875,0.040090333496429986,0.28922270040246756,-0.177914245482107,0.7361150552996547,0.26453765562152165,-0.27327902561739925,2.4637836271062223,0.2554358290723037,-0.27327902561739925,0.2200065521339738,1.1629999139105593,-0.27327902561739925,,,,-0.10290047115913115,-0.3110633165509596,0.238993442956547,-0.030830597564718565
ETR,,,,,0.02675124840291955,,0.09137650539365992,0.08948820096874602,,-0.0257,-0.0257,0.2670942957955982,0.15277118699958472,-0.04741721417753231,1.0307255528980943,0.17967566953145575,-0.048804281460067656,1.1261372338193443,0.21817369558177888,-0.1918785063572337,0.19109317009271828,0.5763544935523176,-0.3099010111214898,,,,-1.0011904282341664,0.06502078217437074,-0.16248559405617732,-0.9037256163523597
EVRG,,,,,0.02589031671028717,,0.09432815306135814,0.03393861330149854,,-0.03345,-0.03345,0.23154268217981366,0.12190986566594929,-0.029090248770198723,0.6322537604092526,0.14506657998765551,-0.05095781588604675,0.6879028909444691,0.18371110812701302,-0.26128443589077677,0.18853934681656917,0.5094410691439355,-0.27765526409043095,,,,-0.9847020993962341,-0.2780462234768512,-0.6183775408471829,-0.08827833507219995
EW,,,,,0.3155231977159172,,0.34139424220794673,0.3356074183359243,,-0.015375,-0.015375,0.16426070737694531,0.10210297058428869,-0.04388984331883006,0.22684981270179816,0.3106222149923557,-0.3402050978663881,-0.009774701404103636,0.3022049720991772,-0.5133153396231815,0.31644482498406085,0.9698903329635213,-0.5133153396231813,,,,0.3954446461425473,1.5850209564540425,0.44488012860409787,-1.634456438915593
EXC,,,,,0.02442431844597627,,0.09150143273070417,0.0574048880728359,,-0.020925,-0.020925,0.19982419299024778,0.16520303890444635,-0.06593634958252137,0.28391673140465024,0.16680986826188102,-0.07829563124374295,0.8663251069865299,0.18862865195838655,-0.2543274161749496,0.1741788129531163,0.43292402342621056,-0.260763768171523,,,,-1.0004925661429098,-0.1331215722298327,0.11840266993441007,-0.9857736638474872
EXE,,,,,0.008495896399554585,,0.1210046603703551,0.9951456040739053,,-0.078975,-0.078975,0.14191079322261646,0.2671451402963271,-0.15963296163949736,0.4482934247441619,0.26137698583175334,-0.17421917021861266,2.118094618585507,0.28870073239273014,-0.2538789188652263,0.23638704383626546,0.46357738750588817,-0.2538789188652263,,,,-0.835683288793662,5.6582427389296095,-3.2963750734485417,-3.19755095427473
EXPD,,,,,0.17522063583101857,,0.3014293957635989,-0.00038844351310819345,,-0.0037,-0.0037,0.01978504373694845,0.14697103855625504,-0.08598744709734085,0.037063319031219066,0.17069455396684705,-0.15849619404506343,0.44333613258810023,0.25187637193150436,-0.33838720189432914,0.21746355794423858,0.9676596860811788,-0.338387201894329,,,,0.17219525992913623,-0.49004564757248714,1.1316592871569997,-0.46941837965537636
EXPE,,,,,0.04502290585843876,,0.5081156518309518,0.041825976132545475,,-0.0388,-0.0388,0.1753231673183664,0.33477994318376625,-0.2056003870574672,0.5933920913485666,0.32394768026185955,-0.2564726408787551,0.7430165688881865,0.43461841551094194,-0.5533119060544907,0.3879333194534574,1.5985805649000637,-0.6293963106202438,,,,1.3267744441639429,-0.22933489972876447,-0.9330900460512964,2.489199389944004
EXR,,,,,0.033877950158168905,,0.08179384843135648,0.057846206047961826,,-0.02135,-0.02135,-0.1984287070696994,0.1754104163779088,-0.11926386828173274,0.09746468122963048,0.2790604178389326,-0.23948811813371473,0.4037307174879303,0.30479646450575454,-0.5112422575651938,0.22818311831341406,0.7098946520572142,-0.5112422575651938,,,,-1.0547205296973856,-0.13039604999601456,0.0934021438200645,-1.0177266235214355
F,,,,,0.010964700519440073,,0.04631898718320115,0.05835074804943128,,-0.01455,-0.01455,0.24117273123209393,0.18702434289818726,-0.02161781286080544,0.4406546722414604,0.2517557403656822,-0.22627321384692045,0.8668012466621542,0.40506773287726944,-0.46437162806384213,0.3406160628936231,1.446042669381407,-0.5524426116958767,,,,-1.252888212155144,-0.1272800644245959,0.493410561649592,-1.61901870938014
FANG,,,,,0.05580157500927117,,0.0821244446383514,0.9951456040739053,,-0.03655,-0.03655,-0.18752773101338238,0.22016326760875563,-0.19115596571414362,-0.023948305564607697,0.23775682025087608,-0.3316594308658486,3.3369208224777838,0.3556441993837485,-0.3316594308658485,0.41416158525640245,1.617817465720797,-0.8033520612296378,,,,-1.052873771687221,5.6582427389296095,-0.800734319563585,-5.9103821910532455
FAST,,,,,0.24616658472843947,,0.7252309364245607,0.08964917997176061,,-0.0092,-0.0092,0.003156406070228268,0.26843745556724846,-0.16928421194545773,0.4382266738463989,0.2597281746044448,-0.18064378016942895,0.8881622939339866,0.23661051349381232,-0.26869746642092085,0.2317150873614749,1.0561931701925817,-0.26869746642092085,,,,2.5396116832753277,0.06601496749340052,0.8081230668537055,1.6654736489282218
FCX,,,,,0.034548082707104445,,0.13783320314954975,0.033989201061590556,,-0.02205,-0.02205,-0.05412042125155947,0.2953501304193329,-0.11666667816330212,0.13446223733004414,0.32869952042662587,-0.3134199173222926,0.8811266800612689,0.40536271917526984,-0.44567560470350553,0.41489860992727357,1.9080405629756685,-0.6428347710713528,,,,-0.7416766259242573,-0.2777338000709147,0.05222480669055436,-0.516167632543897
FDS,,,,,0.10631228598662813,,0.21955032025322244,0.07403047898842018,,-0.023475,-0.023475,-0.45669213174559187,0.24642304510432467,-0.444938611744373,-0.4066119682530903,0.2285556188583724,-0.45669213174559176,-0.17214500160425417,0.22742201418744917,-0.45669213174559176,0.23164688147651627,0.7633126192353503,-0.45669213174559176,,,,-0.285193044486539,-0.030444091943969093,-0.03160048675166274,-0.22314846579090716
FDX,,,,,0.04757521633623513,,0.22290639328037581,0.01966301853282744,,-0.031475,-0.031475,-0.14451914357971152,0.2128044538385288,-0.2482871725753173,0.02070127178015202,0.26807329118202405,-0.2978351113247928,-0.03094480227243457,0.3177346440606233,-0.5177575656618724,0.32057973699727454,1.346561865898047,-0.5233661461164333,,,,-0.26644553736317955,-0.3662104341729792,-0.5021986253746364,0.6019635221844362
FE,,,,,0.024937917359783793,,0.18039952145128002,0.06289567041022325,,-0.02815,-0.02815,0.11643024566884219,0.13945820216636748,-0.051321771822145035,0.34205992366930027,0.14604101660486274,-0.10733593523945506,1.1105635637753712,0.18373663931265222,-0.20882582602188293,0.22758546486661066,0.41048464039110055,-0.45352763529812223,,,,-0.5038950433662203,-0.09921121691893732,-0.306606274009463,-0.09807755243781996
FFIV,,,,,0.11340034157794256,,0.4165663389992598,0.12910803498046894,,-0.0143,-0.0143,-0.005232725326322685,0.33183720266376593,-0.2294316302952989,0.4547578114053279,0.2906844465116803,-0.22943163029529878,0.5296357534586027,0.2779388836557234,-0.45094194383536157,0.2503434499077246,1.0666559875874322,-0.4652993770309697,,,,0.8153668017901451,0.30970770766912714,0.5081167534815599,-0.002457659360541986
FI,,,,,0.042383059319349894,,0.16189350299936345,-0.12723594206621922,,-0.027025,-0.027025,-0.7051955222195405,0.5314970312633572,-0.7236200147868276,-0.501263309966743,0.44872970501542697,-0.7236200147868276,-0.43445043221864565,0.34793242556056225,-0.7236200147868276,0.3248564300933276,0.8319243757735602,-0.7236200147868277,,,,-0.6072723268595424,-1.27343924832502,-0.24042841076560728,0.906595332231085
FICO,,,,,0.3522235906378823,,0.8855645420812583,0.08964725007914767,,-0.0052249999999999,-0.0052249999999999,-0.30505720373806944,0.3486536281914074,-0.2783674303247412,0.5175708411324886,0.3483350956349628,-0.395072924139631,2.491074102176888,0.36774606569930046,-0.39507292413963113,0.29745027646302524,1.2444893081924482,-0.39507292413963124,,,,3.435258288651017,0.06600304872842398,1.0419515169820013,2.327303722940592
FIS,,,,,0.0033346979790837023,,0.1126651531504708,-0.03540667090583271,,-0.04385,-0.04385,-0.2556253495813605,0.2091277196377643,-0.2314875991067069,0.10805753917259509,0.2291266230612168,-0.2923753716087164,-0.5334340879984992,0.30754702017560626,-0.6594468627716915,0.2726777707121194,0.8794717526028726,-0.6594468627716914,,,,-0.8822689768121077,-0.7063136509787288,-1.2301551210570483,1.0541997952236692
FITB,,,,,0.010994169936639977,,,-0.01533794112406336,,0.00815,0.00815,-0.10412371651513408,0.2474586784177071,-0.18108925864539716,0.5452468978751657,0.2645065855774296,-0.23839044700579792,0.9757589847131856,0.3094026864054589,-0.46785330002664327,0.34501793023541766,1.318223198652969,-0.5188138029522584,,,,,-0.582371794295704,1.8287327799922792,-1.2463609856965752
FOX,,,,,0.09826100171511691,,,0.05566175131986164,,-0.01715,-0.01715,0.2945942541603632,0.21559752707837965,-0.14040075136872487,1.1293420535764387,0.22073240950907766,-0.14040075136872487,1.1669492268484283,0.2190327639246906,-0.2789056294386024,0.25663960553251075,0.8650503533032404,-0.39331424169272866,,,,,-0.14388695738202648,0.3404661665971257,-0.19657920921509922
FOXA,,,,,0.09826100171511691,,,0.05566175131986164,,-0.01715,-0.01715,0.3629363801250065,0.22279705576730482,-0.13141879781452892,1.208225937715762,0.21596529734447972,-0.13141879781452914,1.3541441331632238,0.22290703217364666,-0.3007490724585804,0.2543196731838833,0.8043587910088431,-0.38144013966991286,,,,,-0.14388695738202648,0.3404661665971257,-0.19657920921509922
FRT,,,,,0.040429530033604166,,0.09707471490412783,0.024061629462994855,,-0.024825,-0.024825,-0.14283186333065834,0.13896512916530435,-0.14929942627435278,0.09037264909824261,0.1527869076353082,-0.18357543956033817,0.3527155446071488,0.22187563590340534,-0.31770507006402915,0.233449722000811,1.0403556765690638,-0.5317833097428436,,,,-0.9693594095037716,-0.3390451869730077,-0.11101392264428954,-0.5193002998864744
FSLR,,,,,0.10363297883694207,,0.15306050547361955,0.167400246317159,,-0.0035499999999999,-0.0035499999999999,0.33339178439003025,0.45483458791308634,-0.286087177864367,0.6840219839520629,0.5621664598353376,-0.5370179747810003,1.8438936712445453,0.5365580503373678,-0.5370179747810004,0.40050650994252096,1.413857073521004,-0.6229302999051498,,,,-0.6566147227772376,0.5461954087432361,1.1404830022561865,-2.34329313377666
FTNT,,,,,0.19560553153403,,0.5195708901130762,0.3214369978517056,,-0.038775,-0.038775,-0.07922152726908438,0.3000423677086156,-0.2707157199782694,0.6651444892758456,0.3629775101416588,-0.2707157199782695,2.5510832170809796,0.3727304216166275,-0.3237261895553081,0.32966398460279567,1.0947007057707363,-0.32372618955530796,,,,1.3907650544862888,1.4975062884161738,-0.9316194268680994,0.8248781929382144
FTV,,,,,0.044030928735349154,,0.21045398126581047,0.05549320219843795,,-0.0265749999999999,-0.0265749999999999,-0.1591414126798476,0.16602201336155498,-0.21743814723510702,-0.028969410654101746,0.2133123963778582,-0.25774388728392505,-0.03284276424899235,0.23055990118432212,-0.28554938803133756,0.24526604569371807,1.147985089118548,-0.3582975565039742,,,,-0.33600650372393953,-0.14492789476464654,-0.21395726546805918,0.022878656508766193
GD,,,,,0.07210800317656402,,0.1366451954469249,0.026081310198044803,,-0.011175,-0.011175,0.22844967827533647,0.15159856323525495,-0.03623899487782001,0.4412389739852829,0.1264888109594499,-0.15564099242355744,1.5600037660570192,0.17398645577044755,-0.1819796126053541,0.18930752369786355,0.7294009255359426,-0.3823598531312007,,,,-0.7483130079956142,-0.3265719022693378,0.6919441513811591,-1.1136852571074354
GDDY,,,,,0.09998361431181656,,0.37595570299239767,0.07148499721571117,,-0.0206,-0.0206,-0.3165966529986066,0.2278591625785353,-0.3739477606210576,0.3493904414038693,0.27940362083216114,-0.3739477606210575,0.6975107206228746,0.3070041352233125,-0.3739477606210574,0.24660220858131587,0.949810624906386,-0.3739477606210574,,,,0.5885099421023867,-0.0461646552528113,0.1375207193159683,0.4971538780392297
GE,,,,,0.06215333211809694,,0.1264380019109926,0.016770841789106258,,-0.0037,-0.0037,0.7047054601394633,0.31607914365066136,-0.031199181053804592,2.212387733229312,0.28527350912618255,-0.11410692761704477,5.220941681709045,0.3202885606653517,-0.4464201110352971,0.31904415524152757,1.2361813099812162,-0.7862552807959319,,,,-0.805331860677348,-0.384072140388083,1.1316592871569997,-1.5529190074462647
GEHC,,,,,0.06592663383077263,,0.24391678306255973,0.11452969986186111,,-0.0074749999999999,-0.0074749999999999,-0.10349394567177705,0.22799924711384292,-0.20309501304305555,0.09137076496891239,0.30500474910768616,-0.24966599244624388,0.2813523277428309,0.2919734224280956,-0.24966599244624377,0.21912007148465268,1.2599964033616657,-0.24966599244624377,,,,-0.14907847504983338,0.2196738120715604,0.9095957904942901,-1.278348077615684
GEN,,,,,0.03809280735057187,,0.21528497822584505,0.06040964480165932,,-0.0176,-0.0176,-0.13716281060594915,0.19587725981097212,-0.1298013237504435,0.22990963594081526,0.25267066040939357,-0.15766857238759746,0.5923847512884253,0.3225654525975287,-0.40418696839933255,0.2929901647670513,0.9100953328864548,-0.4396918694051877,,,,-0.3090198591579848,-0.11456458671550818,0.3139950212995833,-0.5084502937420599
GEV,,,,,0.022340862422997945,,0.12654668438217176,0.1045950220594356,,-0.018625,-0.018625,0.7437945041535998,0.47316681753209006,-0.18129152909537938,3.260596923812698,0.4208770817855123,-0.18129152909537938,3.260596923812698,0.4208770817855123,-0.18129152909537938,0.213162451264507,1.3112581219106827,-0.18129152909537938,,,,-0.8047247447456831,0.15831853818179004,0.2536996347885149,-1.216742917715988
GFS,,,,,-0.006746252896489015,,0.09538614964948816,-0.06269872259719976,,,,-0.17549133300781272,0.18053427483145212,-0.22185971781908143,-0.33581671150066983,0.25940023714545,-0.4490098971882409,-0.2683627694012455,0.4790616237551914,-0.5374064942023261,0.43065529801166064,1.4832346908610854,-0.5374064942023261,,,,-0.9787919781289143,-0.8748658013191023,,-0.10392617680981198
GILD,,,,,0.11185997562866955,,0.40174587349063917,0.03997834972657198,,-0.034575,-0.034575,0.35759873464321523,0.19740915883370128,-0.06143161588510504,0.7090596086713317,0.21109050385856776,-0.19851450180671937,1.44887625330615,0.23103124263855687,-0.22582685114141188,0.19187312247425706,0.4259414583311356,-0.3388429840116358,,,,0.7325775476689266,-0.24074559934468953,-0.6845554040910385,1.6578785511046545
GIS,,,,,0.08834320556173358,,0.19901807260815954,0.03923296778011407,,-0.0118,-0.0118,-0.26721590296771847,0.09598649294573917,-0.23860309565884752,-0.20963735782351034,0.15740980698141327,-0.33700888658462447,-0.09261660208704936,0.1655011928688202,-0.4224277125076745,0.16057833154351667,0.25496626889617136,-0.4224277125076743,,,,-0.39988913598097603,-0.24534898099298513,0.6551786718012391,-0.80971882678923
GL,,,,,0.036073586864323146,,,0.05337829447645247,,-0.0112,-0.0112,0.18426941005446396,0.20398283950774218,-0.08446909113034762,0.07982587829263954,0.3319294904009229,-0.398603927292551,0.463388466069925,0.24972191750127645,-0.398603927292551,0.24641276548670546,0.8170532526580294,-0.398603927292551,,,,,-0.15798928891497616,0.6904735321979621,-0.5324842432829859
GLW,,,,,0.029198901921637134,,0.17612036079717636,0.05761801390779646,,-0.0257249999999999,-0.0257249999999999,0.8257617582126489,0.3371536435837681,-0.14295212212025166,2.210612534610602,0.24708697554581166,-0.14295212212025166,1.6737810205330326,0.2788597287702123,-0.34839039510275527,0.21921656555183328,1.147023454091432,-0.3936174282340751,,,,-0.5277990508761085,-0.13180533488051488,-0.16395621323936824,-0.23203750275622534
GM,,,,,0.01674297568340555,,0.07312689274710707,0.02271731293911421,,-0.0237,-0.0237,0.24022490880946012,0.23537354382561773,-0.14857684458678744,1.1994921977427841,0.24995775736291576,-0.18227226915046424,0.6096198459726576,0.3417299182233133,-0.5186434658736525,0.29898178538807413,1.3893668770932606,-0.5186434658736527,,,,-1.1031353919824667,-0.3473475104260243,-0.04483605940043384,-0.7109518221560085
GNRC,,,,,0.06949951857087251,,0.33981709308393016,0.05279506017896419,,-0.0223,-0.0223,-0.1299149699506441,0.5011582462354883,-0.2623025153038122,0.39873580274075593,0.41851083256152366,-0.3922423001692492,-0.2404916727071934,0.5592714106348957,-0.8313743579378451,0.38678212883722635,1.3725487875321356,-0.8313743579378452,,,,0.3866344640643045,-0.16159126783930167,0.03751861485858643,0.5107071170450197
GOOG,,,,,0.24881845518902834,,0.47129818956279207,0.2104371097234612,,-0.0226749999999999,-0.0226749999999999,0.6737843816339797,0.3277664140209691,-0.23926076559192055,1.1360834761875434,0.25812006379034935,-0.23926076559192055,2.2493641345537525,0.2755829919709614,-0.40156662359690853,0.24463339462290726,1.038009554502306,-0.4015666235969083,,,,1.1211067991062313,0.8119854619451258,0.015459327110640447,0.2936620100504651
GOOGL,,,,,0.24881845518902834,,0.47129818956279207,0.2104371097234612,,-0.0226749999999999,-0.0226749999999999,0.6867191421241494,0.3317384977341457,-0.2411621760780167,1.155563557211737,0.26134186114820146,-0.2411621760780167,2.25668990800235,0.275063112454105,-0.4040366197849621,0.24662839476472792,1.04149868011043,-0.4040366197849623,,,,1.1211067991062313,0.8119854619451258,0.015459327110640447,0.2936620100504651
GPC,,,,,0.04055187008973726,,0.4394892577912651,0.08276228069445583,,-0.007775,-0.007775,0.00688220321982369,0.20107561876666408,-0.10815299302345294,-0.018739853873982137,0.23059486574083676,-0.25993366865896483,0.4417379579831944,0.24701905305295413,-0.34152009544148965,0.23761176934136227,0.9049818950690814,-0.37933133717382705,,,,0.943417526510465,0.023482376118657267,0.8919483602959226,0.027986790095885117
GPN,,,,,0.029628862679313618,,0.12779721515566006,-0.04401089703417144,,-0.0241249999999999,-0.0241249999999999,-0.34473749495373385,0.2829602624851972,-0.3281734985631748,-0.32466236964417516,0.29844795257573264,-0.4287172827339689,-0.5882772462235981,0.3253072407448,-0.6367380412495909,0.3130885129503413,0.9964190287907684,-0.6367380412495909,,,,-0.7977390997986668,-0.7594522289188058,-0.0698365855147735,0.03154971463491256
GRMN,,,,,0.16049493224052408,,0.40758100603692143,0.16218639828658693,,-0.0017,-0.0017,0.005565026438631326,0.272347803132554,-0.1807897110172464,0.7833666773382995,0.2681204850472137,-0.1807897110172465,1.01125610827647,0.25358644240385797,-0.5251666204933809,0.21895427721566552,0.9948658676573944,-0.5251666204933807,,,,0.7651734381909994,0.5139953635784812,1.2493088218127433,-0.9981307472002251
GS,,,,,0.008949796426925189,,,0.07965581834776597,,,,0.31710111182305023,0.2824483418481758,-0.14272513043329316,1.391866439398381,0.25280888851591027,-0.14272513043329316,2.8382713827348516,0.2809502318602742,-0.2735393954773676,0.2543896271159733,1.428418858212966,-0.3992745413435961,,,,,0.004297269978337175,,-0.004297269978337175
GWW,,,,,0.2163318138330801,,0.7722437953739659,0.07004310344827586,,-0.01145,-0.01145,-0.1930370501306049,0.17272376940658557,-0.12167409232569382,0.2470341346357201,0.20286323208418663,-0.20419382336079184,1.4350626734386807,0.2658140848073401,-0.20419382336079195,0.2399196415989903,1.139293901206871,-0.3438387742762786,,,,2.8022322820860297,-0.05506960303071984,0.6757673403659943,2.181534544750755
HAL,,,,,0.07339811183160218,,0.14955555117567063,0.0089456106870229,,-0.026775,-0.026775,-0.12239219238934107,0.3298726640936534,-0.274406861973146,-0.22966634898617033,0.29268763375724993,-0.4913894656659843,0.7861531824156109,0.4349584965654528,-0.5024093387126212,0.4467949872163568,1.8339107801373133,-0.8692086311125704,,,,-0.676193902114578,-0.43239974668467124,-0.22572221893363936,-0.01807193649626737
HAS,,,,,-0.09084979798174384,,0.4460673159946096,-0.24556952742613594,,-0.021475,-0.021475,0.19955455645741704,0.2708195426848994,-0.06554145392182087,0.7648518335937815,0.24928196522449864,-0.21804533101137247,-0.013555094173941074,0.27671739588990374,-0.516713680239916,0.308382398087209,0.7437614286649925,-0.5653368501117926,,,,0.9801635067162878,-2.0042520320414305,0.08604904790408054,2.8983664908536375
HBAN,,,,,0.010266353486120353,,,0.05823442514390505,,-0.0005749999999999,-0.0005749999999999,-0.11308500951652878,0.2362889640834992,-0.14635243548558763,0.486890517780056,0.25113984745543844,-0.1772167161157815,0.5934735522222896,0.28503393080626244,-0.3425497331574532,0.31351425190460674,1.2261219384077142,-0.45190509726529504,,,,,-0.1279984595120011,1.3154866850566047,-1.1874882255446035
HCA,,,,,0.10022408164292967,,0.4989719100652103,0.03759215043831367,,-0.0392,-0.0392,0.4220265017996754,0.2801861942413651,-0.07598538408979594,0.8725191461096631,0.2858719844326571,-0.25993084241897113,2.211188928186676,0.3287026806524599,-0.3424385794463023,0.2801652436146011,1.4798782986945904,-0.3900657837555893,,,,1.2756961861819354,-0.2554824548118009,-0.956619952982445,2.4877985939761813
HD,,,,,0.14905155264156664,,0.5608206037357134,0.033073126406872766,,-0.02,-0.02,-0.10215840061052628,0.19266433952366718,-0.11942891420195212,0.25914036046320255,0.21844305831859295,-0.15462052534761583,0.5389614947837522,0.2380017262115364,-0.3309372497357259,0.2178032081198522,1.0501448677891536,-0.3309372497357257,,,,1.6211918937475502,-0.2833913576144481,0.1728155797126913,1.7317676716493071
HIG,,,,,0.039563279911729386,,,0.058105406978215215,,-0.0097,-0.0097,0.024636530978359827,0.1855239452430542,-0.06904564904876498,0.6385430167516839,0.2082142273694161,-0.10904794070811519,2.104557490518831,0.2374361973178556,-0.14068717127958286,0.2407652034564029,0.8486986220198012,-0.4267409143119816,,,,,-0.1287952588697742,0.7787106831897697,-0.6499154243199955
HII,,,,,0.044281376518218625,,0.12078272604588394,0.06967285587975243,,-0.026025,-0.026025,0.6347457535915373,0.3013566021451656,-0.10295712077924613,0.39419431343123623,0.36404730940593244,-0.38306480858010084,1.2092019089945145,0.2932479140919121,-0.3830648085801006,0.2748425140923685,0.645255941172775,-0.451795564785214,,,,-0.8369230458833551,-0.057356203706207295,-0.18160364343773555,-0.5979631987394123
HLT,,,,,0.09754749992326345,,0.19098192086927163,0.0106119336595285,,-0.01815,-0.01815,0.02404445077027706,0.21769810528341668,-0.14900357670898035,0.5535880924032235,0.19708992637884698,-0.14900357670898035,1.5300535574022005,0.2649390636787324,-0.28478085271294795,0.2827613356500415,1.2597564361122804,-0.3837824059897922,,,,-0.4447802366066934,-0.42210875341844406,0.28164139926925397,-0.3043128824575033
HOLX,,,,,0.0632423182038773,,0.2374964170065189,-0.009448712612906491,,-0.024075,-0.024075,-0.06842770366548745,0.21888490421708218,-0.19323535825686855,0.038709598719546046,0.17786411647967276,-0.28685209744310125,0.07131492117818716,0.207747635326987,-0.3233345039248229,0.25397310279773433,0.9932772409103302,-0.3441704377072844,,,,-0.18494356421694683,-0.5460006874025084,-0.06689534714838574,0.42795247033394734
HON,,,,,0.07564045315471761,,0.20146531051021252,0.13111396385351007,,-0.02725,-0.02725,-0.08496702725397298,0.12461559793705926,-0.09427039181007546,0.11111725490649982,0.16569618010809847,-0.09427039181007535,0.1326988522132717,0.21006969239836165,-0.26855156786925993,0.17734595465964462,1.0457926263059398,-0.26855156786925993,,,,-0.38621851271679497,0.3220960626672921,-0.2536639834143784,-0.45465059196970875
HOOD,,,,,0.05406999160826473,,0.09153795559184415,-0.14564891404247085,,-0.011275,-0.011275,2.917954135430489,0.6925634536922761,-0.1988450756371114,15.713636209452456,0.7933652644242073,-0.1988450756371114,3.184352644274231,0.7467395753606523,-0.8163357310610866,0.5344001631274005,2.4083798203235647,-0.8163357310610866,,,,-1.0002885441821696,-1.3871553608346545,0.6860616746483718,-0.29919485799588685
HPE,,,,,0.017406889529714104,,0.13587974182570098,0.27095247485703017,,-0.02575,-0.02575,0.18598466767183353,0.34217840563417723,-0.271447815249212,0.5309433955068055,0.3263404772580469,-0.271447815249212,1.5828672496474598,0.3057059262515119,-0.271447815249212,0.26698603392106285,1.3535953064409125,-0.49156391773135444,,,,-0.7525889421306556,1.1857204613230712,-0.16542683242257078,-1.772882571031156
HPQ,,,,,0.0670510248139588,,0.2903258578213497,0.04716361438818676,,-0.010825,-0.010825,-0.20667644655165474,0.2203451516446494,-0.23407626117338665,-0.00885561577273164,0.28348594733077565,-0.2985029749552133,0.4545799021516159,0.3017757434552581,-0.3485969002074325,0.2559832584838107,1.1461185385434407,-0.38233978280730296,,,,0.11016929834171119,-0.19637034228539862,0.7125328199459141,-0.4059931793188043
HRL,,,,,0.05614402330081512,,0.14645261452395203,0.029201722981343062,,-0.00805,-0.00805,-0.3097553024183649,0.17856839010901263,-0.2864318010077401,-0.2418981556277907,0.2232268276674654,-0.358895997145413,-0.47235730411116594,0.2080762278177948,-0.5396292590208569,0.20694898594062194,0.1286355746570139,-0.5396292590208573,,,,-0.6935273529992176,-0.3073006400526947,0.875771549280758,-1.261998262227281
HSIC,,,,,0.036864175886659245,,0.37925560899334265,0.06389620524826846,,-0.02775,-0.02775,-0.16106428514704973,0.27030610967561214,-0.2099999904632569,-0.031320303643712855,0.25764705994501985,-0.2099999904632568,0.0051314234735282405,0.2547854936686373,-0.27514624391240994,0.23052193618821656,0.8786758887299507,-0.299744495728835,,,,0.606943692130647,-0.09303204430303894,-0.28307636707831424,0.9830521035120001
HST,,,,,0.05065821081964063,,0.24329778034015567,0.044571612799226244,,-0.04805,-0.04805,-0.07439936623544441,0.2035206632237949,-0.18260785700144233,0.03083786518845333,0.20468089535503312,-0.2797736567304182,0.3642860259882972,0.2835654354871749,-0.27977365673041843,0.2602815828937956,1.294429089320384,-0.46764995174019874,,,,-0.15253631337866502,-0.2123782059097796,-1.4772191438341096,1.5370610363652242
HSY,,,,,0.11506303325131777,,0.3408387370018434,0.09907339706245509,,-0.01875,-0.01875,-0.05552355648813079,0.2797712371492826,-0.13226412771732687,-0.08885091797185551,0.21902734099760093,-0.2341330976802175,0.22671986338241967,0.19078317677080917,-0.42865621636449036,0.16603448553966502,0.25389453037800214,-0.42865621636449047,,,,0.39234151408188456,0.12421770262941506,0.24634653887253097,0.021777272579938528
HUBB,,,,,0.11996301272882262,,0.28188346119948565,0.04035391533390573,,-0.009675,-0.009675,0.026433125989872908,0.26676642162158803,-0.214918987336423,0.5938502973338926,0.257461718621346,-0.2781910080814981,2.1343534179626364,0.27296533394969896,-0.2781910080814981,0.25525843614650595,1.103894573230805,-0.2781910080814981,,,,0.06300885531021101,-0.2384261551553758,0.7801813023729665,-0.47874629190737966
HUM,,,,,0.03187492731565987,,,0.005270197432775039,,0.005675,0.005675,-0.042273367091689606,0.3865529290729767,-0.20234771927278372,-0.40885288088884564,0.39039490119485726,-0.4833217082312602,-0.2697229683847959,0.3140439527484022,-0.5722773848999569,0.24679092208925774,0.6515942663188525,-0.572277384899957,,,,,-0.4550986193967197,1.6831414808557967,-1.228042861459077
HWM,,,,,0.13027159342580721,,0.20934840890546683,0.03436651371851297,,-0.00965,-0.00965,0.7500317581977642,0.3197306086848305,-0.06401370614237478,2.9506030036905364,0.3514312183971718,-0.0829298395776491,7.927800014414119,0.3421933435870874,-0.20612028827882845,0.3609906670161634,1.6223943102687528,-0.480934024207751,,,,-0.34218239010460993,-0.27540356633128604,0.7816519215561633,-0.8484307453294871
IBKR,,,,,0.005255458888420273,,0.05347648919040534,0.3280472454774311,,-0.042425,-0.042425,0.5359346471789006,0.4415166296705485,-0.23751991506662695,2.7938774697851048,0.37338262370689834,-0.23751991506662695,4.6908195856444195,0.33583488254129573,-0.3052058063990156,0.27911216170350195,1.036038527509047,-0.4393389854098889,,,,-1.2129053754350099,1.5383303152866348,-1.146329827614831,-1.6049058631068136
IBM,,,,,0.04123966445491599,,0.2606377901818066,0.11010250433327357,,-0.024675,-0.024675,0.36708740314477994,0.3254919133344987,-0.1684094566022427,1.0315842457808895,0.2873837730540058,-0.16840945660224282,2.156560420265963,0.24773561050699383,-0.1684094566022427,0.22712249745378452,0.9783596232339943,-0.31903272719955045,,,,-0.055672521859441805,0.19233203012129546,-0.10219020754510874,-0.14581434443562852
ICE,,,,,0.021386070923703072,,0.04897502821921613,0.0471593962900016,,-0.00475,-0.00475,-0.08531926348411645,0.2204021215332791,-0.21010177775790884,0.31014026213554,0.21656298517695224,-0.21010177775790906,0.47095754907470666,0.2314249239251672,-0.3388526017549779,0.1848620790172275,0.8554133800250011,-0.338852601754978,,,,-1.2380511845220292,-0.19639639270943768,1.0698932814627344,-2.1115480732753262
IDXX,,,,,0.2989397280640112,,0.7536180236827125,-0.024619699683765137,,-0.03965,-0.03965,0.7141434556998372,0.2946198979221238,-0.039257792591330776,0.5519728458941602,0.32757503457312803,-0.2925959577139239,0.5682675717209069,0.3540432742312369,-0.5198444081677889,0.2905951919830885,1.268160051836577,-0.5198444081677885,,,,2.6981860397561896,-0.6396947241314542,-0.9830910982799872,4.320971862167632
IEX,,,,,0.06856558574349986,,0.21649138182880515,0.1647891857096878,,-0.014275,-0.014275,-0.25942551644583856,0.21634944500244388,-0.2688880608609271,-0.14216538506092802,0.21848193650407394,-0.3191642976891724,-0.07377084983949134,0.21971751626872044,-0.31916429768917254,0.20239677165319167,1.0437518096114686,-0.31916429768917254,,,,-0.30228071493878866,0.5300698391072413,0.5095873726647567,-1.3419379267107865
IFF,,,,,-0.013913843920659226,,0.14505093776829733,-0.11583116135802052,,-0.045375,-0.045375,-0.3056122102404438,0.12528061862358708,-0.2812637193876383,-0.13904548474883283,0.2152728623562937,-0.4006724422607766,-0.3662985251494667,0.27914708149224715,-0.5460845018999223,0.28355721338763357,1.0117903861485786,-0.5460845018999221,,,,-0.7013573211639965,-1.203004810699528,-1.3198628912320527,1.821510380767584
INCY,,,,,0.15814250158041265,,0.7733062459496606,0.24873444888168805,,-0.0026999999999999,-0.0026999999999999,0.3617107478423105,0.2974781704970952,-0.1835221649537565,0.8691571477661659,0.27226373250589975,-0.18822895549195717,0.2014430872352766,0.2619195191035695,-0.42005571880712456,0.3178200811083023,0.89186837808414,-0.621206623609069,,,,2.8081672839691527,1.0485048317759982,1.1904840544848774,0.5691783977082772
INTC,,,,,-0.09084979798174384,,0.0815447818696445,-0.06636599500497078,,-0.0366,-0.0366,0.6424116945139573,0.5952873081991126,-0.1761483516986977,-0.10449628192603722,0.5569547521519846,-0.6081547564142638,-0.09630888438479357,0.4385537564425395,-0.6662016760110432,0.35083909298902055,1.0424140313101493,-0.6662016760110432,,,,-1.0561118513706944,-0.8975143972254793,-0.8036755579299787,0.6450781037847636
INTU,,,,,0.11179980639475243,,0.43295334691459697,0.150192954064484,,-0.006725,-0.006725,0.0606610552884812,0.27354533716130375,-0.15200975902357527,0.19820604862390168,0.23947647022043353,-0.15200975902357539,0.9820971246997541,0.27810973332275735,-0.40760652468496594,0.21208506817174436,1.1239400847500267,-0.40760652468496605,,,,0.9069069873396564,0.43992541689645065,0.9537143659901879,-0.4867327955469822
INVH,,,,,0.02884652129089653,,0.08345320717619216,-0.030013238948757508,,-0.034825,-0.034825,-0.14143099069368226,0.1551835586770425,-0.17691071320019613,-0.08956608069699645,0.17226051638679488,-0.20141793201068758,0.1445301888841739,0.2082452292378479,-0.3304120231854988,0.20673063724894708,0.8242289696538008,-0.33041202318549867,,,,-1.045451112841042,-0.6730045189149393,-0.6992615959230065,0.32681500199690383
IP,,,,,-0.0008339446353422648,,0.19171460561368286,0.837401899145818,,-0.039125,-0.039125,-0.3546428555715294,0.2611371530258061,-0.3318549125960577,0.07224994013506758,0.34144319642173426,-0.3546428555715294,-0.03371061059227598,0.31760028264625095,-0.46219908381623276,0.27253688568516227,1.1238647148133054,-0.4621990838162324,,,,-0.4406873541354567,4.684038198759522,-0.9522080954328547,-4.172517457462124
IPG,,,,,0.025399070751679086,,0.10653003956205723,0.0008993757274362501,,-0.0170999999999999,-0.0170999999999999,-0.147377226663719,0.19451180694358003,-0.15409541190540388,-0.11824297153376706,0.19297253596237832,-0.24056199867595174,0.35233778837536245,0.24702973260115405,-0.33135880048304145,0.24049567234787542,1.0159335641600697,-0.3313588004830419,,,,-0.9165406046255709,-0.48209224396992345,0.3434074049635251,-0.7778557656191725
IQV,,,,,0.04496832768351313,,0.19546863213763144,0.08462762330479581,,-0.0311,-0.0311,0.06492734904746555,0.3295098504183097,-0.3030889878541221,-0.0010275628885163535,0.33265479543048887,-0.44509469662801204,0.2656370076954895,0.3178252122694608,-0.5026228307037062,0.24790071626212062,1.3869262274218461,-0.5026228307037061,,,,-0.419716821483281,0.035002488701244144,-0.4801393376266843,0.025420027442159154
IR,,,,,0.02877178977214075,,0.1773214322581533,0.012366510637105138,,-0.01985,-0.01985,-0.26988795902126084,0.22438270469194987,-0.1956447332103215,0.06566751208540866,0.245494762495033,-0.2757172913796918,0.7250573180759889,0.27080560017209726,-0.3192489135221207,0.2717938328276268,1.4413251622585925,-0.408617732962713,,,,-0.5210896927697302,-0.4112727149317588,0.1816392948118721,-0.2914562726498434
IRM,,,,,0.002155368702136262,,0.18824220644942327,0.12299566525930357,,-0.03255,-0.03255,-0.1349611757806538,0.2659847660704981,-0.1739426995525447,0.7206911061885437,0.2729739965315672,-0.2937424920575442,3.6994698748262023,0.26809026869021935,-0.2937424920575442,0.2384348177837031,0.9579669558214086,-0.301590972535534,,,,-0.4600846758088533,0.27195850977706465,-0.5654352502520985,-0.16660793533381946
ISRG,,,,,0.1374769013393928,,0.32116430429865744,0.21101027633799602,,-0.01235,-0.01235,0.004077531314863325,0.31414819747826517,-0.2196981733647554,0.7507721927170741,0.26936214393801255,-0.2196981733647554,1.2486469160075373,0.3538315955184585,-0.4809625345248426,0.2661273806073628,1.317607900392849,-0.4809625345248424,,,,0.28243730035746206,0.8155252641731024,0.6228250497709097,-1.15591301358655
IT,,,,,0.1525077280962396,,0.5258556724788355,0.12072576116222557,,-0.023075,-0.023075,-0.5251867981260383,0.3609240019951964,-0.5469668396612579,-0.4344586509060354,0.31319389577504275,-0.5469668396612579,0.617894724795693,0.3283935625780969,-0.5469668396612579,0.3113455324287665,1.3218798429728205,-0.5469668396612579,,,,1.4258727536387037,0.2579398782371741,-0.008070579820514004,1.1760034552220435
ITW,,,,,0.21568093322864423,,0.44270674764048906,0.030236887719072993,,-0.0139999999999999,-0.0139999999999999,-0.10241213211261702,0.14004525666610998,-0.08561608350388905,0.05155304978912878,0.15092889739288975,-0.12507810491396765,0.29218847152249605,0.22085603414939087,-0.2537952820710133,0.19880060084184648,1.1144492144829092,-0.25379528207101365,,,,0.9613908880492711,-0.30090759769464803,0.5257641836799274,0.7365343020639918
IVZ,,,,,0.029379588311501368,,0.07388081186123506,0.04892960732637407,,-0.07925,-0.07925,0.34924735928558825,0.41415312043638103,-0.2674582886169292,0.7984546137810984,0.39192428336061086,-0.2674582886169292,0.7737076097393352,0.38114244273361675,-0.5041785171660387,0.3462358348103114,1.5193416572251517,-0.7465331225408718,,,,-1.0989238912647543,-0.18546380031546894,-3.3125518844637063,2.3990917935144207
J,,,,,0.042834242982181636,,0.20688582004687675,-0.2415855887944743,,-0.020975,-0.020975,0.11104226046229759,0.17236365766471,-0.13517435661865507,0.4889298989460249,0.16007252203734246,-0.14191019958127638,0.7955357111932444,0.20427228041291812,-0.23329174862507784,0.19963175094681884,0.8577694109229526,-0.23581700863417754,,,,-0.35593876602217517,-1.9796477468530413,0.1154614315680164,1.5082475492628498
JBHT,,,,,0.06686386584202873,,0.2492256909885723,-0.020763841689757933,,-0.064175,-0.064175,-0.09430219110799354,0.34829635596029507,-0.23536502705765794,-0.06678911802474341,0.29343610274067794,-0.36070299878576817,0.31050939206942196,0.28088693069903287,-0.36070299878576817,0.22687900457669496,1.1520710543672084,-0.3607029987857684,,,,-0.11942215102025756,-0.6158814482500146,-2.4257685169960403,2.9222278142257974
JBL,,,,,0.024695872301525913,,0.1048027564868856,0.06521863717118459,,-0.0358,-0.0358,0.6240950666134681,0.38871249287505244,-0.16178696046067276,0.9180243317296255,0.3424520231892707,-0.244472851822084,4.871977687012189,0.3307192279581915,-0.27006727684871856,0.2977721882368244,1.2982308302073937,-0.4040811605615545,,,,-0.9261894565706387,-0.08486487729020582,-0.7566157440676812,-0.08470883521275163
JCI,,,,,0.05232391104231529,,0.17958054094621614,0.001569532602423543,,-0.0143499999999999,-0.0143499999999999,0.3668886438549195,0.2498210328360522,-0.060589740403312664,1.2213545778671624,0.2503223202234907,-0.08587787078472564,1.720281300745473,0.28491377308222465,-0.403541193041014,0.2733735467755102,1.2181821747475299,-0.40354119304101377,,,,-0.5084699863809736,-0.4779534425481079,0.5051755151151722,-0.535692058948038
JKHY,,,,,0.15427813974106377,,0.34343903308226986,0.04085818988052923,,-0.0476,-0.0476,-0.1336815800069292,0.14228243450647363,-0.17884384651309182,-0.028909926778360462,0.12805302493113044,-0.17884384651309204,-0.0044818891561648755,0.20769035553378618,-0.31098697502356565,0.1942466422137159,0.6351373530925499,-0.31098697502356554,,,,0.4068671423671509,-0.2353118213501898,-1.4507479985365674,2.092926962253908
JNJ,,,,,0.12159618807943111,,0.3302752293577982,0.0679283000530129,,-0.019625,-0.019625,0.23056862537349088,0.1841690999594818,-0.07103527178605784,0.272400127920319,0.16563127246920914,-0.12106362832555995,0.4745126163135087,0.16112286714962148,-0.15669258633234528,0.15660274277708583,0.5233020620328772,-0.15669258633234517,,,,0.33333223949158264,-0.06813035287282306,0.1948748674606432,0.20658772490376248
JPM,,,,,0.013206176415623248,,,0.09883627890204279,,,,0.26501130510505533,0.19670024075530276,-0.08230444608270482,1.0722839374490767,0.19040837615922815,-0.08230444608270482,1.987996466323811,0.24106173108267379,-0.37110818773713916,0.21715925782791448,1.159498623890408,-0.37110818773713905,,,,,0.12275329180848403,,-0.12275329180848403
K,,,,,0.0851185921958684,,0.28704412139760266,0.037388064579384275,,-0.023725,-0.023725,0.05097765430542278,0.055147578028752545,-0.032835274419216964,0.6696597115404594,0.27783978046405666,-0.03512887280780852,0.63022197744325,0.215069323534336,-0.27490774259962925,0.1616928896225592,0.416870329902956,-0.29958403192603433,,,,0.0918370461876601,-0.2567428624486328,-0.046306678583630675,0.3948865872199236
KDP,,,,,0.028681464883411525,,0.16165067805709218,0.03866727800703042,,-0.0086999999999999,-0.0086999999999999,-0.15925696472173978,0.18632529774965773,-0.25064037908514447,-0.1074948344153347,0.19637168641181735,-0.2986687036228721,-0.012343241581477593,0.18667894971226118,-0.2986687036228719,0.16746330038797705,0.505151972647762,-0.2986687036228719,,,,-0.6086287819480126,-0.24884260722369347,0.8375354505176472,-1.1973216252419663
KEY,,,,,0.0009372657667672718,,,-0.010408108829021072,,0.0016249999999999,0.0016249999999999,-0.05648358374892548,0.24102554672797857,-0.16455209769442813,0.5454014870856796,0.25961721079162936,-0.22052148605488464,0.4269659277415556,0.35692343692932094,-0.6074480835945479,0.3528844248335935,1.3520329383064338,-0.6074480835945479,,,,,-0.5519257932568873,1.4449011731779107,-0.8929753799210234
KEYS,,,,,0.05461573214196074,,0.32829677225038906,0.1424434195001609,,-0.008475,-0.008475,0.08979159837694506,0.22435851227624773,-0.18474915099193678,0.3700786924130619,0.24688826801465072,-0.18474915099193678,0.5509829328208435,0.2753271422467547,-0.4089874277357668,0.266127289970383,1.1270127974875734,-0.4089874277357667,,,,0.3222802932394254,0.3920653025406332,0.8507710231664125,-0.9205560324676203
KHC,,,,,-0.06046319556763825,,0.0995446046548975,-0.0812640066668919,,-0.005625,-0.005625,-0.20604273650675742,0.1461913704035417,-0.17652891264462078,-0.24225901013606144,0.17294445976085548,-0.31874517868995367,-0.08273515904309903,0.205280058149052,-0.3272611217462872,0.2789662410673401,0.5472880910255158,-0.6995846533418629,,,,-0.9555622497513386,-0.989522573445044,1.018421610050847,-0.9844612863571416
KIM,,,,,0.029903647767178684,,0.07219140057288097,0.014990532540798825,,-0.0168,-0.0168,-0.16690098781517004,0.1499029616743591,-0.13720057722490353,0.1606663251966307,0.18977163242085454,-0.20151972404735652,0.7439902151339648,0.23062619707285273,-0.25933478423927314,0.2896867952676786,1.258506826352015,-0.6298741834835131,,,,-1.1083611859560343,-0.39506709802140716,0.3610548351618808,-1.074348923096508
KKR,,,,,0.005563934521959035,,0.03926322395402648,0.09297348503811294,,-0.011975,-0.011975,-0.27478394740889744,0.3544977333087931,-0.315174950970075,0.567193130290091,0.34146949094533613,-0.31517495097007486,2.235728887958948,0.3935353637781531,-0.45476985083061916,0.2985991945730901,1.7208635720439118,-0.45476985083061905,,,,-1.2923027214132716,0.08654544184752617,0.6448843375188617,-2.0237325007796594
KLAC,,,,,0.262296732436368,,0.47816176470825655,0.041102620094409806,,-0.0195,-0.0195,0.8971312220443597,0.33691777394083783,-0.07708122692383823,1.2739049063202255,0.3065977430280305,-0.23224165626560023,4.097756452894429,0.3177187753434077,-0.289656026595719,0.25861557044314987,1.3484632035903352,-0.2896560265957189,,,,1.1594477180582992,-0.23380225224107218,0.20222796337662718,1.191022006922744
KMB,,,,,0.14553730516417865,,0.39816131881953076,-0.029456018518518517,,-0.0303249999999999,-0.0303249999999999,-0.23849335138337913,0.24489242592664662,-0.27484512319980303,-0.11027564813445534,0.2067390463140711,-0.27484512319980314,-0.12227855917240393,0.2009636351796358,-0.27484512319980303,0.17443844798773256,0.3733067740406256,-0.2748451231998029,,,,0.7125537091865809,-0.6695631982406097,-0.434550142947578,1.8166670503747686
KMI,,,,,0.03796846415192961,,0.12001045387228852,0.023606121467568103,,-0.020175,-0.020175,-0.04758524532944608,0.1678073668065657,-0.10354775544231909,0.6222730968493666,0.19037402910820814,-0.10354775544231898,1.3994617218688075,0.21105603090070868,-0.14880642499961827,0.29475609958451104,0.8884485406745714,-0.3972796835531738,,,,-0.8412370694336508,-0.3418583449207737,0.16252124543031388,-0.661899969943191
KO,,,,,0.11803402573244458,,0.28007285692140754,0.03093812375249501,,0.008725,0.008725,0.08438315797289286,0.14925508757376613,-0.07231194207898639,0.225351327140348,0.14267466060821932,-0.12843556327236416,0.5203856050694966,0.16759637632357505,-0.12843556327236394,0.17265342821728538,0.48730934381062757,-0.2356493828716112,,,,0.052894559129461345,-0.29657685544536444,1.8625570212058054,-1.5130856066309795
KR,,,,,0.04916348164707579,,0.61265955145309,0.041735513092160254,,-0.05525,-0.05525,0.0541149993652017,0.14405752783932604,-0.11270722011013035,0.4884749446601868,0.1956473595905274,-0.12141273781214701,1.1272743471378215,0.2368641029196235,-0.23227917942973952,0.24491093369639266,0.4696006151992895,-0.5077192110688538,,,,1.9107717192566807,-0.22989358766310106,-1.9007574685947857,4.041422775514567
KVUE,,,,,0.05355237690600954,,0.33162441580512675,0.0260560450780925,,-0.0191,-0.0191,-0.3106343070797839,0.3490076947898011,-0.3922166081768689,-0.15543849388337216,0.3325830771291065,-0.39221660817686865,-0.29885071947691744,0.3271480224087541,-0.4071680477739229,0.332582932437061,0.6454832694749493,-0.4071680477739229,,,,0.34086898923671155,-0.3267279363537198,0.22575787030777592,0.4418390552826553
L,,,,,0.016186219515853258,,,0.04454889768928038,,-0.007175,-0.007175,0.14873261641149815,0.12273334179006688,-0.055271548259854586,0.4219871057179665,0.13396661278078456,-0.055271548259854586,1.4156952235474685,0.16901762199802148,-0.23814697461563528,0.18243592180640053,0.7566908590758095,-0.388490118431994,,,,,-0.21251849146507204,0.9272432206926456,-0.7147247292275736
LDOS,,,,,0.10543731668797474,,0.2251635707302399,0.0495778139282671,,-0.002975,-0.002975,0.17948272610374572,0.24476165702838487,-0.09780648651914847,0.8388913331423471,0.23740276428726373,-0.288543737674975,1.0482715835319416,0.2608420535418514,-0.2885437376749749,0.25754497450622077,0.8193764567547417,-0.2885437376749749,,,,-0.2538366191490529,-0.18146056091634172,1.1743072434697068,-1.2466833017024181
LEN,,,,,0.05566458618340375,,0.08567261493532947,-0.11102618802736239,,-0.0348249999999999,-0.0348249999999999,-0.2734945369965036,0.3216519565956301,-0.18972764864412095,0.0031732088937690417,0.32582039510787875,-0.408989884620935,0.7648673533351997,0.3309551421144046,-0.4089898846209349,0.31549152096566124,1.5052411279897575,-0.4243521849626507,,,,-1.0330531815572408,-1.1733299223338887,-0.6992615959230004,0.8395383366996483
LH,,,,,0.04202865039253901,,0.20892654620729142,0.08063522076554394,,-0.006,-0.006,0.07814196280666552,0.20973096029275243,-0.11530687356732905,0.21443869391617865,0.1835690935755623,-0.13648003861747704,0.5679341552727653,0.21976357251512957,-0.3444538015478369,0.2496746514607343,1.045634185748259,-0.34445380154783656,,,,-0.3445389758746852,0.010345931523898276,0.996362322302895,-1.3512472297014786
LHX,,,,,0.04079866328480929,,0.13225306230391037,-0.010010322394795592,,-0.014325,-0.014325,0.18943615557417082,0.2517516519850714,-0.055073531064907644,0.5664051302926529,0.19001346375763495,-0.1632015098049484,0.6573343595298822,0.231883057670197,-0.2854488311372245,0.20035385518496043,0.7290721179960276,-0.28544883113722475,,,,-0.7728480960938758,-0.5494691161399323,0.5066461342983632,-0.7300251142523068
LII,,,,,0.24029194348273603,,0.5167169314263915,0.13370992271640958,,-0.007175,-0.007175,-0.25313578983433305,0.16228487244546724,-0.18700119020084705,0.23600917933935306,0.2127598558153676,-0.25313578983433294,0.8213713502142188,0.2529825651789115,-0.4024551559575912,0.210983970724515,1.0056957496476642,-0.4024551559575914,,,,1.3748224303611585,0.33812836589919865,0.9272432206926456,0.10945084376931413
LIN,,,,,0.0810196847424391,,0.1943555320914096,0.07309106775540734,,-0.03155,-0.03155,-0.09442829555467536,0.1868279235655671,-0.1354729060012826,0.021281264574809722,0.16909211841789323,-0.1354729060012826,0.7224579717464037,0.2028153147919386,-0.21255500789422022,0.18015148417234408,0.8307697256567494,-0.2125550078942201,,,,-0.4259347586010724,-0.036245773150234,-0.5066104829242267,0.11692149747338831
LKQ,,,,,0.04580004528253065,,0.3562441375295145,0.048188810729077644,,-0.012425,-0.012425,-0.2070201564458034,0.3378004604561487,-0.3022587724897058,-0.28044624302863674,0.3046701335996814,-0.4277353876430764,-0.04748221268889452,0.28250499688149283,-0.46715642699983795,0.3307715912857161,1.2906412278544421,-0.5120151475954842,,,,0.4783982994360727,-0.19003886344561244,0.6184131922213193,0.0500239706603659
LLY,,,,,0.16016913054226928,,0.5108213602171816,0.4041444289236283,,0.02795,0.012568500000000002,0.1339568903711441,0.3233495024300845,-0.20087981450032788,0.535901061555984,0.3259957709271812,-0.23107598000793494,5.476800857885484,0.3158077971913818,-0.23107598000793483,0.22840131876481706,0.3577935484163425,-0.23107598000793483,,,,1.34188892076626,2.0082965915398643,2.0886500144304807,-2.755057685204085
LMT,,,,,0.07418518061021016,,0.10347809207856147,0.06888662938485003,,-0.02285,-0.02285,-0.05240667382599973,0.2110368080173896,-0.12127410859585319,0.14252849743894624,0.20628160671917808,-0.2649394330697875,0.5221407889156351,0.22177286029318577,-0.2649394330697876,0.18399727647505712,0.5846328301599567,-0.26493943306978784,,,,-0.9335892226753058,-0.06221183595654091,0.005164992828257096,-0.876542379547022
LNT,,,,,0.03611738148984198,,0.08469352318110783,0.08765341637662576,,-0.024425,-0.024425,0.08612073087503003,0.16178172769083135,-0.055141047175836566,0.40749180894887105,0.15022217718152284,-0.06424063073709518,0.48644501819848185,0.19049057569976988,-0.20923642447842006,0.16765411664426874,0.4813075001252636,-0.20923642447842083,,,,-1.0385225290619529,0.05368939192527932,-0.08748401571314081,-1.0047279052740912
LOW,,,,,0.15254322113539934,,0.6223621066445718,0.03738816931499533,,-0.03185,-0.03185,-0.11771870549787555,0.22374045212937302,-0.14228272902282746,0.23188087526232404,0.24599664223725842,-0.17771392470641956,0.6580212745124145,0.24042006097080112,-0.3192701171464981,0.2313164719075529,1.1685130369964698,-0.3192701171464979,,,,1.9649715894905473,-0.25674221561516425,-0.5242579131225883,2.7459717182283
LRCX,,,,,0.2656331289297799,,0.4451360474977219,0.1387340483148115,,-0.023925,-0.023925,1.205577633195587,0.42395949594841154,-0.11306230564162079,1.2984284937466013,0.3890477679000503,-0.320783419646672,2.765294803677419,0.3907685537009414,-0.48573096321900777,0.3168131662947925,1.5540534758946012,-0.4857309632190079,,,,0.9749613068124404,0.36915671007673173,-0.058071632049204944,0.6638762287849136
LULU,,,,,0.2409842358928999,,0.8695925767274003,0.11555284702930768,,-0.034425,-0.034425,-0.4839705628050056,0.4896023689478519,-0.6005070102750368,-0.6296553139178329,0.4206350311290411,-0.676367622180583,-0.5530495362889376,0.38429559092678056,-0.6763676221805828,0.35826068706172043,1.1187210154320315,-0.676367622180583,,,,3.3460365906060607,0.22599263548351856,-0.6757316889918575,3.7957756441144
LUV,,,,,0.012013392480903455,,0.14005409091257345,-0.19264404015409273,,-0.0360749999999999,-0.0360749999999999,-0.03823789037018621,0.31808279974906023,-0.1673616322906475,0.24645341961531075,0.30955179390455917,-0.2390541806254145,-0.29726706424268434,0.3560791591794798,-0.6382090842847744,0.33097885417594297,1.214950142967149,-0.6430441862406222,,,,-0.7292704271256619,-1.6773911280538885,-0.7727925550828401,1.7209132560110665
LVS,,,,,0.06635572212366507,,0.2695113784555377,0.03490740302183489,,-0.042775,-0.042775,0.18353979142332855,0.36081650422007344,-0.2818430285203761,0.385595454206457,0.3645138830437513,-0.3142905583453848,0.15578333097517194,0.385283318974126,-0.4634185781043295,0.32556236993674276,1.1606469146061995,-0.5367918773102571,,,,-0.0061033801794001755,-0.2720631045660075,-1.1669184961795864,1.4328782205661938
LW,,,,,0.0398722893689712,,0.18776987683109522,-0.036712146422628954,,-0.0345,-0.0345,-0.16638239557483558,0.2753042296591907,-0.2191636992399022,-0.3441950816854389,0.3670270567473054,-0.508139700026228,-0.058373799827243444,0.3123726268246968,-0.5347929476679831,0.3418347198003841,0.5990437776116162,-0.5347929476679831,,,,-0.46272317706092214,-0.7143760974397371,-0.6801435465414483,0.9317964669202632
LYB,,,,,0.007272727272727273,,0.0927342389411355,-0.04619037340815886,,-0.0334249999999999,-0.0334249999999999,-0.3974867952210651,0.2304565749345715,-0.3569428566036047,-0.4505325883281761,0.19643239994974376,-0.4954733454142842,-0.25668135707371764,0.24545911068550214,-0.49547334541428434,0.2874724591771179,1.1472892199393137,-0.5410573251378905,,,,-0.9936059331570397,-0.7729123906393636,-0.6169069216639801,0.39621337914630395
LYV,,,,,0.0435927038029763,,0.2838741759863994,0.13182512511987884,,-0.036425,-0.036425,0.08383360823067365,0.2581510882225203,-0.1018680170237819,0.7791497763723221,0.28598308490988145,-0.15940241577063763,1.2824065933772193,0.3395856185012498,-0.43900017422197957,0.2646669189366744,1.2870779200492506,-0.43900017422197946,,,,0.07412927472489171,0.3264881018602692,-0.7933812236476011,0.5410223965122236
MA,,,,,0.27837454346144586,,0.47431858579339103,0.2149150780714809,,-0.0518249999999999,-0.0518249999999999,0.026749730787611226,0.14399533845108778,-0.08483546624297322,0.3299210197225404,0.13774632251172725,-0.08483546624297322,0.6632355989662397,0.22049825900197592,-0.26194146430799514,0.2297032951856591,1.0263673858914453,-0.26194146430799525,,,,1.1379791673146644,0.8396408102036664,-1.699282640496819,1.9976209976078172
MAA,,,,,0.048427556870076834,,0.058562642992576165,0.02358671080450895,,-0.0327,-0.0327,-0.19014071479633732,0.16070944622775904,-0.21713118931160547,0.1143620946692383,0.20139755717576222,-0.2171311893116057,0.20305584608574834,0.21474261598427108,-0.4510181238580283,0.19128075836243355,0.7219071175642136,-0.45101812385802864,,,,-1.1844933880124426,-0.3419782226432385,-0.5742589653512791,-0.26825620001792505
MAR,,,,,0.09275830952022861,,0.19551812302601895,0.062237762237762236,,-0.0065,-0.0065,-0.08043205235502993,0.21387660580949366,-0.178454049508891,0.3245434294074241,0.2125697201304518,-0.178454049508891,1.151698492654877,0.28197934831617183,-0.23242300471132515,0.29550207561633696,1.5117979592413402,-0.5039955508706948,,,,-0.41944035825525244,-0.1032743719520888,0.9669499386389592,-1.283115924942123
MAS,,,,,0.1555029700101415,,0.5366301250784759,-0.014352283317800559,,-0.0033749999999999,-0.0033749999999999,-0.1985296129258366,0.2569456149653797,-0.23237482541110988,0.08305244529712419,0.2799476602612818,-0.27236045269525777,0.2926262914788518,0.291727162247686,-0.33086883759841235,0.2545361202485325,1.3178733145982355,-0.33936992210886296,,,,1.486060397121953,-0.5762845002870266,1.150777336538564,0.9115675608704155
MCD,,,,,0.1477217718867443,,0.26145274998019696,0.10694968495009387,,-0.025875,-0.025875,0.024584126933217876,0.12285120531831162,-0.08078493116929164,0.09558404625899919,0.13759644151607675,-0.13003312613947504,0.5187360313009892,0.16399587740171687,-0.13003312613947504,0.14288421423254224,0.552139530531143,-0.2317702633984321,,,,-0.05112003909105164,0.17286062897200613,-0.17277992833855474,-0.051200739724503036
MCHP,,,,,-0.009635018487678669,,0.14982973156345056,-0.05430658408934513,,-0.0451499999999999,-0.0451499999999999,-0.06404180402484017,0.4569871881815181,-0.21712531509130328,-0.217955495891357,0.34681348456801636,-0.5165753637160315,0.017898706168450573,0.3622747889183171,-0.5165753637160315,0.30492913854859766,1.5842408373249746,-0.5165753637160316,,,,-0.6746622909930674,-0.8230370488511966,-1.3066273185832755,1.4550020764414047
MCK,,,,,0.042192151646380696,,0.17935664969779405,0.1345193246825729,,-0.013575,-0.013575,0.31093948560599616,0.20206461870113904,-0.0629656932851771,0.7571754772892239,0.26280548999239656,-0.19767271579762513,3.692824878800277,0.2253859097523795,-0.19767271579762513,0.24397351367641662,0.6733654819513846,-0.4253452793207728,,,,-0.5097206751296065,0.34312712683624136,0.550764709794267,-1.4036125117601148
MCO,,,,,0.1378663692063954,,0.3438899396996298,0.03157263704789183,,-0.0149,-0.0149,-0.022589693740339256,0.1603258935837068,-0.1008453495864855,0.34968746392396444,0.18255439963755127,-0.10084534958648528,0.7910530860485758,0.2551904257135478,-0.3933455212351352,0.23953825565388706,1.3186690457816548,-0.3933455212351352,,,,0.4093859716514156,-0.2926581841205362,0.4728218930848369,0.22922226268711487
MDLZ,,,,,0.05189659165820372,,0.1721381866125038,-0.028401006895042137,,-0.0173749999999999,-0.0173749999999999,-0.10135283678426399,0.18896707077352493,-0.15595695274505006,-0.15804270071614623,0.16882803353091969,-0.20981335781825383,0.11407431569251703,0.18482214446451173,-0.21124635591121033,0.15700830747516548,0.49699233944792265,-0.21124635591120966,,,,-0.5500440492088563,-0.6630475841056973,0.32723059394836035,-0.21422705905151934
MDT,,,,,0.05139701158362906,,0.24625345013469657,0.013626892778749624,,-0.017525,-0.017525,0.06844979403138352,0.19696417781001832,-0.09108902815304698,0.20594253432582987,0.1844527201813331,-0.1050630151361418,-0.08776114602943164,0.21099344307139323,-0.4349994496636471,0.1921941502710936,0.7050058343576991,-0.43499944966364723,,,,-0.1360255163611002,-0.4034887592721709,0.3184068788491738,-0.05094363593810308
MELI,,,,,0.07572222888177853,,0.40767549723833324,0.6449326010983525,,,,0.16685213410744115,0.3505599892457512,-0.11372305712578701,0.42947061833210687,0.3364727637897566,-0.17520832052923074,0.4912478146157613,0.4320592625864218,-0.6589627503979238,0.32582586542862296,1.5315497786603207,-0.6589627503979238,,,,0.7657012796465428,3.49537292627419,,-2.729671646627647
MET,,,,,0.006183427994687762,,,0.03954894227852222,,-0.0073,-0.0073,-0.08283243660591388,0.18101340841382696,-0.12543507070452176,0.3113861080678959,0.19287346089774757,-0.1402747294247767,0.9869838196769734,0.2553455729705929,-0.34306516025901546,0.2763017153176648,1.0710077767920971,-0.3948793774432233,,,,,-0.24339756371730037,0.9198901247766617,-0.6764925610593613
META,,,,,0.2582834500762584,,0.5292558643115207,0.2801709535350377,,-0.039075,-0.039075,0.11386549318327499,0.3642665930964525,-0.20269243070547027,0.9613062058103861,0.3473116240576687,-0.20269243070547027,1.3166453939165303,0.4111999435448048,-0.7544413936757468,0.3372313650533021,1.2333012141435675,-0.7544413936757468,,,,1.4448667147618095,1.2426525828658626,-0.949266857066461,1.1514809889624078
MGM,,,,,0.012801772940495218,,0.18358083846884896,-0.0027756718980092077,,-0.014775,-0.014775,-0.16197180646212073,0.2843252926987447,-0.19299571963848305,-0.1853447721380851,0.29228207500672326,-0.37216691454253803,0.1381695693794378,0.3741436225406453,-0.41619068106358625,0.3777202359342673,1.9466068259405909,-0.6624203793824316,,,,-0.4861237484730557,-0.5047888586061933,0.4801749890008209,-0.4615098788676833
MHK,,,,,0.03560870960658119,,0.19610691622043167,0.03759149371969035,,-0.026225,-0.026225,-0.19902041718933416,0.2933053547994046,-0.17735079231540962,0.25920054379416024,0.4345973034751483,-0.37536477286033065,-0.1162680177216836,0.3868698216919777,-0.6184735141076447,0.3942245952753397,1.3755744830628602,-0.7302289309808776,,,,-0.41615127469922486,-0.2554865106203337,-0.19336859690330982,0.03270383282441863
MKC,,,,,0.059245226810069246,,0.19852039705607138,0.015614894206781853,,0.004925,0.004925,-0.16547829256701874,0.14442105299367095,-0.2125325227938354,0.03266391968764015,0.1683660154474303,-0.2125325227938355,-0.24534901779278784,0.21558720064332243,-0.3456462412757648,0.19366724335657085,0.5313076775565635,-0.3456462412757647,,,,-0.4026692232682328,-0.3912111218353138,1.639022905359893,-1.650481006792812
MLM,,,,,0.06252750841224994,,0.11176579160336773,0.10634910916549317,,-0.0258499999999999,-0.0258499999999999,0.03811375060824096,0.24335436342764066,-0.11983924920316968,0.3461328539588202,0.2422290282517518,-0.21673649031895525,1.4022467443715692,0.26351748050781876,-0.31844634575744124,0.26000954161440165,0.9339334900111143,-0.32169330985107647,,,,-0.887292939900626,0.16915155128588902,-0.1713093091553522,-0.8851351820311628
MMC,,,,,0.07438884257485974,,0.1979496654124327,0.2050585499372312,,-0.0129749999999999,-0.0129749999999999,-0.22839844509723184,0.22448813343720822,-0.2652876930034117,-0.08439122748954697,0.18874573036214148,-0.26528769300341193,0.6635234710750084,0.19638824914023292,-0.2652876930034117,0.19744286030268582,0.8126706027549382,-0.2652876930034118,,,,-0.40585741240120843,0.7787681784680432,0.5860595701909959,-1.7706851610602476
MMM,,,,,0.09929229974225343,,0.254267943005867,-0.12421329275883533,,0.0023249999999999,0.0023249999999999,0.2322707422062027,0.23259740729838574,-0.10449967124696458,1.055287675545089,0.289728017156678,-0.14333981688351516,0.3444513329905998,0.27383525952748966,-0.5047895441987167,0.23712693073641652,1.0071921102551284,-0.5513044287943387,,,,-0.09125540528880781,-1.254771760580024,1.4860785103074208,-0.32256215501620455
MNST,,,,,0.19229457538757466,,0.5165546742726533,0.08299118808510807,,-0.01185,-0.01185,0.2064212016621374,0.2164384560013106,-0.08131353715249623,0.20598368623835772,0.2136508183404333,-0.20495947978030216,0.5690021961281766,0.20920059488024428,-0.20495947978030227,0.21358880383550483,0.8031848845160103,-0.27861646198055856,,,,1.373916038539255,0.024896078296842806,0.6522374334348456,0.6967825268075666
MO,,,,,0.2557408539247359,,0.42233475945167204,-0.05976095617529881,,-0.01135,-0.01135,0.052995985052769035,0.23822616048916942,-0.1475799048729266,0.5769217051479005,0.20234998113289993,-0.1475799048729266,1.1050333076953174,0.22958463577019092,-0.2426439752599444,0.2362693801760884,0.5025898826751458,-0.40779754218180053,,,,0.8475900289509252,-0.8567225391998319,0.6816498170987814,1.0226627510519757
MOH,,,,,0.07064376475001172,,0.2968913617679696,0.06743496871913073,,0.012525,0.012525,-0.5064451097961837,0.5589210851128329,-0.5536294597872857,-0.5977951642377659,0.4406067114152321,-0.6421147345985319,-0.2797237286909183,0.33998146518937666,-0.6421147345985319,0.363488268014634,0.6244153484688792,-0.6421147345985317,,,,0.1468451486619599,-0.07117710282392428,2.086091137051718,-1.8680688855658338
MOS,,,,,0.04013397917729612,,0.07368000836836161,0.07703011100525115,,-0.0365,-0.0365,0.061445352288513666,0.42152009716520633,-0.24764046876775003,-0.19571728370717723,0.32045203657967525,-0.3104408509938008,0.36910065258899416,0.4074591256979799,-0.6167607753276683,0.43621767939335404,1.3922571595697621,-0.6957540560750823,,,,-1.1000456084868118,-0.011918755982267836,-0.7977930811971914,-0.2903337713073526
MPC,,,,,0.02678728262778851,,0.10312162806454041,-0.07913972943481679,,-0.028025,-0.028025,0.2752790646616623,0.24429067313122407,-0.0850311978265964,0.3619680461209529,0.27093165190478175,-0.3035622042728995,4.7110455423338635,0.3038738659634828,-0.3035622042728995,0.4170916511591251,1.500950965406198,-0.6966709001831537,,,,-0.9355804819798595,-0.9764033144228791,-0.299253178093479,0.34007601053649855
MPWR,,,,,0.3522235906378823,,0.3949799460441815,0.5000045314961641,,-0.004725,-0.004725,0.7839671049798818,0.24712266509247016,-0.08758732465425334,0.8572252347220632,0.3676325721033603,-0.39186877040420487,2.2525547661762477,0.39358673728492766,-0.39186877040420487,0.3299050032857483,1.1927056785582655,-0.39186877040420487,,,,0.6947821028224277,2.6003160777685435,1.0713639006459312,-2.976897875592047
MRK,,,,,0.14043737948951707,,0.4171519186445901,0.043443132380360475,,-0.025425,-0.025425,-0.15835175292640913,0.16554330380709734,-0.2209105273481543,-0.14311612738125767,0.1912733415420563,-0.40039852008097176,0.2595651895843183,0.21531380404576217,-0.40039852008097165,0.1826767747200264,0.3710075902688842,-0.40039852008097165,,,,0.8186379339983246,-0.21934755373924297,-0.14630878304101255,1.1842942707785802
MRNA,,,,,-0.09084979798174384,,0.1165773248687316,-0.23405612244897958,,0.006575,0.006575,-0.42150489890919673,0.32718159269335334,-0.42063494247862465,-0.6794079687801627,0.5273436790506826,-0.8310066668757548,-0.8369124070214402,0.668769001090488,-0.9374058071259808,0.578126498049943,1.5020401482033363,-0.9374058071259808,,,,-0.8604150223354052,-1.933146745103508,1.7360837714508814,-0.6633520486827786
MRVL,,,,,-0.0051359677934089245,,0.16042697078483698,0.01443326401687248,,,,-0.0219797776896683,0.6926187512065586,-0.48222296054586433,0.6324371472578307,0.5171634224241151,-0.4822229605458642,0.992940987632468,0.5186742115767278,-0.5748435899924182,0.37094873286739255,1.5532920284863647,-0.5748435899924184,,,,-0.6154645869552029,-0.3985087157160747,,-0.21695587123912818
MS,,,,,0.01151179264418606,,,0.11664262437863264,,,,0.27826445343264883,0.24336294721887552,-0.1595312479245834,1.1976333309393228,0.24762828598516826,-0.1595312479245834,2.1046648062259656,0.273555866736151,-0.2657352458432659,0.278242356455798,1.4100936798246013,-0.36621095658912084,,,,,0.2327229582052455,,-0.2327229582052455
MSCI,,,,,0.218550355782689,,0.45511833201235763,-0.015239058992642803,,-0.026325,-0.026325,-0.03772909636968136,0.0919279143384605,-0.08863208490284424,0.13938294536498153,0.20552062820255948,-0.21971409215841708,0.4893071155409683,0.28134807590710625,-0.3762599301600583,0.21934643426876857,1.1053420577449258,-0.3762599301600583,,,,1.0307237853197297,-0.5817611111536063,-0.19925107363609715,1.811735970109433
MSFT,,,,,0.18196161959278778,,0.34646362938668007,0.20860546349502013,,-0.0393,-0.0393,0.22767453904524104,0.22361635805133115,-0.1076091318201381,0.3822771309797104,0.1995984379144069,-0.15521878491037744,1.5123770460746955,0.22117281700243716,-0.3052848017347548,0.17014310209244243,0.9416653730818827,-0.30528480173475514,,,,0.4237629727926029,0.8006734538206419,-0.9625024297152323,0.5855919486871932
MSI,,,,,0.14266210453572453,,0.3839606263378786,0.22982390408392656,,-0.015125,-0.015125,-0.20876251462676487,0.1846403466510468,-0.16947914153967714,0.2377487814196897,0.20169997420374347,-0.20876251462676487,1.4277190571451133,0.22383953815564078,-0.22277246494993275,0.1994791999592407,0.8759393380322775,-0.25684935237933915,,,,0.6332265964263961,0.9317157744410782,0.45958632043606584,-0.758075498450748
MSTR,,,,,0.13416789496051457,,0.03926322395402648,0.9951456040739053,,,,-0.31692772964640903,0.5955398301033213,-0.345248976487582,4.3114590347614365,1.1774427638763911,-0.3751877181316916,6.721504511151842,1.0696136694864855,-0.8113431388317789,0.5357743145975978,2.4647822701905833,-0.8113431388317789,,,,-1.2923027214132716,5.6582427389296095,,-6.950545460342881
MTB,,,,,0.012839230453970384,,,0.013066481530248258,,-0.0006499999999999,-0.0006499999999999,-0.14569365258730405,0.24008825462116468,-0.15044799251099417,0.5051992400470162,0.23044872324314458,-0.21805776704847013,0.8239437960454525,0.27196690765377923,-0.35672283807611715,0.2898327583375367,0.9219570044260401,-0.4803327160847468,,,,,-0.40694978602376974,1.3110748275070143,-0.9041250414832446
MTCH,,,,,0.12920944647012078,,0.5963459504535593,-0.1146992775574975,,-0.030025,-0.030025,0.016011245234137883,0.24687315271550891,-0.1641411354495793,0.027307200687115563,0.30441361554460533,-0.2179608042528014,-0.7610501890859557,0.4067476167653837,-0.8138625496481853,0.37353495047352,0.9649030365993911,-0.8138625496481855,,,,1.8196415953076919,-1.1960144440290026,-0.4169027127492223,3.432558752085917
MTD,,,,,0.2515358313405918,,0.7025516009091646,0.04656613208813098,,-0.023425,-0.023425,0.12442460021288171,0.2747129935287894,-0.21537774305720814,0.2884341813850744,0.27415245501833796,-0.29615462833172757,0.22333132508124165,0.29098965615089234,-0.4195178941426735,0.2369547450155666,1.2276565107709054,-0.4195178941426734,,,,2.412921649808271,-0.20006031501458593,-0.028659248385269277,2.6416412132081266
MU,,,,,0.07304149120676502,,0.1343563885648606,0.18326164063089578,,-0.0668499999999999,-0.0668499999999999,1.4061245245743832,0.6557053185689363,-0.1770779637437686,2.1095123026622082,0.5517981724398199,-0.4122655251341696,2.7517381117691815,0.4574345371544874,-0.460368256838114,0.34660135555414834,1.4622243900649425,-0.460368256838114,,,,-0.7610986127718876,0.644153310523943,-2.5831247695980912,1.1778728463022605
NCLH,,,,,0.03478176800142636,,0.19121670703013546,0.07367984013787925,,-0.0375,-0.0375,-0.17515802124881508,0.4803909844855671,-0.43456788462256535,0.4525212600042121,0.48212908610885746,-0.43456788462256535,-0.030170551322146744,0.5704606197056475,-0.6514106577261642,0.5484092921994249,2.4676877176837655,-0.8195587794652227,,,,-0.443468687308556,-0.032609591735626206,-0.8566178485250631,0.4457587529521333
NDAQ,,,,,0.04944870270934951,,0.10565233430339796,0.00572658060244952,,-0.01365,-0.01365,0.05376786379843912,0.2105686380108166,-0.10900625012275134,0.5898088224041362,0.2136473709204521,-0.10900625012275134,1.1691755433350544,0.23231455411138296,-0.28778320872942165,0.2004710968042514,0.8989048379304116,-0.2877832087294214,,,,-0.9214435925688581,-0.4522800564869872,0.5463528522446764,-1.0155163883265472
NDSN,,,,,0.07601125665154668,,0.25377974989645735,0.15474360969723522,,-0.01115,-0.01115,-0.10691993252203913,0.2694700325247501,-0.13594759455263816,0.001181115823187362,0.24438880989365588,-0.30044666244806806,0.19013300455684123,0.2238836669462163,-0.30044666244806806,0.2402253820605015,0.9994717355688181,-0.30044666244806817,,,,-0.09398252228601925,0.4680296723416862,0.6934147705643557,-1.2554269651920613
NEE,,,,,0.030762390949118038,,0.08346300492297053,0.0763625733526775,,-0.020075,-0.020075,0.06474870738995886,0.16029388665245495,-0.05940759615313329,0.4733027591848378,0.24429479349654254,-0.19693624270097998,0.25437319302479766,0.24914062663023204,-0.3735075674597961,0.22036244424607024,0.449716595183789,-0.3735075674597964,,,,-1.0453963812168983,-0.01604138142819733,0.168403722163101,-1.197758721951802
NEM,,,,,0.11248700763413498,,0.16563922440055912,-0.009213693020582637,,-0.04795,-0.04795,0.9733738973771866,0.31291161353754987,-0.0396156616606399,1.1106602964683359,0.3603849677667336,-0.29950335159956354,0.6310769950400363,0.3582776204635414,-0.5769594817107594,0.2943674721531796,0.29156399025594026,-0.5769594817107596,,,,-0.586348187818802,-0.5445492370642829,-1.4713366671013222,1.429537716346803
NFLX,,,,,0.19418101393557843,,0.383089007978161,0.08148389082890765,,-0.1762999999999999,-0.084981,0.24050244003662913,0.3176771854235442,-0.1785039825789122,1.321011800297585,0.3090326008663302,-0.1785039825789121,1.2418788230153397,0.4273904420017422,-0.7466790344401111,0.39635021864209197,1.3152345225805369,-0.7466790344401111,,,,0.6283576107769638,0.01558720710578143,-3.6496766260197386,4.262447029690921
NI,,,,,0.027332520489371116,,0.09480987312543641,0.13818166006635985,,-0.0243999999999999,-0.0243999999999999,0.14949785317958297,0.13184804731736857,-0.034852895512193394,0.7696872917618265,0.131054867455847,-0.034917382968602695,1.0849748187476589,0.17896861824064517,-0.19517781900404596,0.1669099295740857,0.4472734314535246,-0.24171264778691193,,,,-0.9820111417622064,0.3657452323266463,-0.08601339652993827,-1.2617429775589144
NKE,,,,,0.07737279925166204,,0.5205225002505596,-0.01407558032059577,,-0.017825,-0.017825,-0.1869981459188682,0.3447487839523668,-0.28634692564790487,-0.41030105546249884,0.317781545961672,-0.46893397914929025,-0.502714683124672,0.31841004686162444,-0.6505749542633713,0.2758651458589558,1.064737256551811,-0.6505749542633712,,,,1.3960808857232099,-0.5745756186788605,0.3007594486508122,1.669897055751258
NOC,,,,,0.08068845970946019,,0.16010881181385409,0.03736102370463604,,-0.009925,-0.009925,0.19575588917433517,0.22489307592633517,-0.055652257881044664,0.24767473353705882,0.20351424209438318,-0.12191428608055288,1.0588175431248072,0.21737471663653973,-0.19872830267403252,0.1973860797469946,0.40478753623697017,-0.28982019895985944,,,,-0.6172418687743418,-0.2569098633629445,0.7654751105409986,-1.125807115952396
NOW,,,,,0.08118279569892473,,0.46270772238514174,0.21112758829021805,,-0.0461749999999999,-0.0461749999999999,-0.12921169587759085,0.29585436788827735,-0.24900952881241445,0.3326334177231409,0.2860462877595638,-0.24900952881241456,0.7095501781386226,0.2872592768161675,-0.458825412653843,0.2579818741387384,1.0540134520644093,-0.45882541265384313,,,,1.0731192126315154,0.816249767483856,-1.366922705094344,1.6237921502420034
NRG,,,,,0.021564678543764523,,0.20932610379550737,-0.06497942706311621,,-0.0597,-0.0597,0.7360823264708458,0.5168070406403723,-0.1271287937549863,2.7734489397579005,0.4025032245348971,-0.1271287937549863,5.151654215337624,0.4032741314539177,-0.296842947816073,0.3124505165731383,1.1243921463682645,-0.35155192695659143,,,,-0.34230698966024203,-0.888951134527771,-2.1625276832038147,2.7091718280713435
NSC,,,,,0.07661871326304233,,0.1070146147336642,0.03752525964566004,,-0.020775,-0.020775,0.03977988864208659,0.2647012706798581,-0.11766846199967551,0.3446891295697758,0.25515449272133184,-0.18339959210148704,0.3146137267462541,0.27630426907019523,-0.33458717799694326,0.2555851619810961,1.3751440464394449,-0.33458717799694326,,,,-0.9138336979498212,-0.2558955636197146,0.12722638503359088,-0.7851645193636974
NTAP,,,,,0.12167814001818418,,0.47933497856864526,0.039523144667597467,,-0.0189499999999999,-0.0189499999999999,-0.027144698798767353,0.2971162348102724,-0.2805897106852139,0.3302416131100607,0.2860676124004779,-0.3092666137662151,1.4751760714914934,0.3041093903222026,-0.32917296783199246,0.29123663413322426,1.3802595275665566,-0.49926985000370094,,,,1.166001459596968,-0.24355688639645195,0.23458158540696242,1.1749767605864576
NTRS,,,,,0.010697652175120368,,,0.09621670298749148,,-0.023075,-0.023075,0.18116820181914584,0.3018655496680566,-0.15647614634245854,0.7176924361490196,0.25510226895932575,-0.15647614634245843,0.5989552261622455,0.2698724719364865,-0.42940749693274816,0.2447940079904027,1.2079016601746355,-0.4294074969327478,,,,,0.10657513274698924,-0.008070579820514004,-0.09850455292647524
NUE,,,,,0.037781962242862434,,0.0936651223011446,0.0009294951254525895,,-0.029225,-0.029225,-0.02554640147437026,0.42101326186103116,-0.20087692218099795,-0.10161922828147008,0.33375811207053285,-0.4382785361818773,1.9948843161269743,0.4694955035317182,-0.43827853618187707,0.31135155043895907,1.606402881852323,-0.4382785361818774,,,,-0.9884058846832465,-0.4819062304975754,-0.369842898886925,-0.1366567552987461
NVDA,,,,,0.3522235906378823,,0.9194153815402877,0.6513546176681099,,0.010275,0.010275,0.49684861204569963,0.3740917763414338,-0.19286643702466422,3.425955097315372,0.3947286837861811,-0.21593176234066846,14.484202829406197,0.502498299725325,-0.6282062679815669,0.41668753956468924,1.8723825617940357,-0.6282062679815669,,,,3.6243539515746965,3.535034462702267,1.9537354105640066,-1.8644159216915772
NVR,,,,,0.2431717877034088,,0.4138461100993404,-0.07303386393744124,,0.000525,0.000525,-0.23423111873936941,0.19975252374703933,-0.1352969337365163,0.14896369964110634,0.23798222752567072,-0.2792025963636139,0.7693273620824832,0.2443465960905866,-0.3252381590640264,0.24114542407003742,1.0155064520872754,-0.36177604369314287,,,,0.8001712115077538,-0.9386942857683099,1.3801939291172578,0.35867156815880596
NWS,,,,,0.07242374025655189,,,-0.07072644449772236,,-0.012775,-0.012775,-0.05729928194880396,0.1761825615406163,-0.12995658090498308,0.32261137938957796,0.2178429533088387,-0.12995658090498308,0.7630698212743721,0.2495401181103524,-0.39073763120316785,0.2673088432090159,1.3224853856303036,-0.4650853214808718,,,,,-0.9244439643670495,0.5978245236565642,0.3266194407104852
NWSA,,,,,0.07242374025655189,,,-0.07072644449772236,,-0.012775,-0.012775,-0.10814972604862838,0.18665485218455094,-0.1536958467622026,0.1966883435552651,0.21848746814966596,-0.1536958467622025,0.5399310874581735,0.2543512110726868,-0.43168853228293147,0.26935698940474334,1.3005069467868453,-0.45450100404196314,,,,,-0.9244439643670495,0.5978245236565642,0.3266194407104852
NXPI,,,,,0.0872425977823809,,0.2707444864140368,0.08854974995688912,,-0.01705,-0.01705,-0.0654321322373651,0.2642464384535282,-0.14088389659584544,0.06828214925852372,0.26320542124116525,-0.31071957416589513,0.44617684194539664,0.3336457690101625,-0.348843397920393,0.30021434205023895,1.496521662862925,-0.40873523681433344,,,,0.0007849384146209915,0.0592250311686809,0.34634864332991283,-0.40478873608397276
O,,,,,0.01315444799305834,,0.07164814935799871,0.04941369373862958,,-0.0265,-0.0265,0.06363021918821454,0.1300142157944077,-0.03748195331184512,0.2007709694635238,0.1537286727799202,-0.1466475215983779,0.2814183607537175,0.19453647514254227,-0.31758841019661355,0.2389493897800224,0.7122713101115102,-0.3801891076324868,,,,-1.1113958654574565,-0.18247414579411123,-0.2095454079184746,-0.7193763117448706
ODFL,,,,,0.19945886121141645,,0.3471018801057359,0.03892874093970986,,-0.046625,-0.046625,-0.38531529256072894,0.25120304616248856,-0.2552906041316667,-0.2850234275220903,0.30757629008863624,-0.38531529256072894,0.3833157039098025,0.311752392256547,-0.38531529256072894,0.2643169228866232,1.1556389506421332,-0.38531529256072883,,,,0.42732833320197916,-0.24722784626560249,-1.3933938503918923,2.0679500298594737
OKE,,,,,0.05072445942289243,,0.13200167277557748,0.44883799259009766,,-0.01875,-0.01875,-0.40367676923767637,0.20733147664918766,-0.33236120112335266,0.03292211932360245,0.25843075999631104,-0.4036767692376765,1.4010998089208146,0.2746637685241251,-0.4036767692376765,0.4174849959041099,1.5067005897315522,-0.7086951908352356,,,,-0.7742523941931805,2.2843182093920937,0.24634653887253097,-3.304917142457805
OMC,,,,,0.047839222473889956,,0.1011692721792306,0.053593517834007946,,-0.00685,-0.00685,-0.2784472538115209,0.2336881016739052,-0.15600396011990914,-0.03316379016995796,0.21914904260534038,-0.2955685681755962,0.38146685749739095,0.23681014518464624,-0.29556856817559607,0.21506580626794283,0.8089544535985198,-0.3976567539165202,,,,-0.9464866230474226,-0.15666009753978444,0.9463612700742039,-1.736187795581842
ON,,,,,0.03425409286036015,,0.17827130079880868,-0.03899317656016634,,-0.031225,-0.031225,-0.2904949784060896,0.404433267723618,-0.370340979487214,-0.2925837965911273,0.3646451870677074,-0.524721640810329,0.7551304029381789,0.4423927973640014,-0.6315545172813046,0.4252083578063066,1.7906540782749696,-0.6315545172813043,,,,-0.5157835903434382,-0.7284634419538448,-0.4874924335426683,0.700172285153075
ORCL,,,,,0.07555213452543075,,0.24967244648694112,0.2512585463269863,,-0.03265,-0.03265,0.4088653563745801,0.5266018470170077,-0.17787833850022805,1.2683010036268603,0.43517965896054295,-0.24175692703929352,3.7893609800096772,0.3640056559877611,-0.35572375046368376,0.21556326863665365,1.1977888044275762,-0.3557237504636841,,,,-0.11692651048433829,1.064093328268852,-0.5713177269848854,-0.6097021117683049
ORLY,,,,,0.16001609091060792,,0.5810131249164717,0.09917452582757587,,-0.023925,-0.023925,0.10640109534546283,0.22222470591296886,-0.1494295610348746,0.40017103581512337,0.2117937131389743,-0.14942956103487448,2.108895987487131,0.21109115776615828,-0.14942956103487448,0.20144607193629538,0.814901881787479,-0.3251557477145436,,,,1.7339902242999539,0.12484226068811775,-0.058071632049204944,1.6672195956610412
OTIS,,,,,0.1399306358381503,,0.39213872832369945,0.0646175694867113,,-0.008575,-0.008575,-0.11284975077249093,0.21572491372574146,-0.16609155042798196,0.08195624264430657,0.21047490047963957,-0.16609155042798196,0.44551686585476413,0.2256144358344455,-0.2987832608542229,0.2100719602811946,0.8982845352408914,-0.2987832608542229,,,,0.6789106515688975,-0.08857699288575592,0.8448885464336254,-0.07740090197897198
OXY,,,,,0.028187623871393966,,0.11279747485869486,0.10685420384171303,,-0.05925,-0.05925,-0.17421533986138737,0.28162955317279453,-0.20158019325279386,-0.2833811104556744,0.22769171266965363,-0.3935930439794034,1.7409258636433762,0.38975503820641166,-0.43780202146634817,0.4409877698626949,1.390724235982334,-0.8774610715099912,,,,-0.8815298086988295,0.17227095010445642,-2.1360565379062724,1.0822557791029865
PANW,,,,,0.05219014260350059,,0.31159894735994237,0.17934660270423042,,-0.030875,-0.030875,0.13057599704629008,0.2795253469089303,-0.1516809684260727,0.4858517635176731,0.2806728258845097,-0.1606451901391739,3.475299225693827,0.32175379500845136,-0.32752888497616506,0.32997556867872496,1.12778847352607,-0.3845236947407076,,,,0.22900383931679424,0.6199745470998543,-0.46690376497791325,0.07593305719485316
PAYC,,,,,0.09261253615040574,,0.359924549863752,-0.06528187158801914,,-0.018375,-0.018375,-0.1991055136850458,0.26793094025527237,-0.28539558004961874,0.030835119631564156,0.37076214214129727,-0.30513023157839025,-0.5488671825046569,0.39064312162198683,-0.7365492134060834,0.41538145117690417,1.172486677626202,-0.7365492134060834,,,,0.49895761262585203,-0.8908189924523984,0.2684058266204829,1.1213707784577676
PAYX,,,,,0.11735274546664388,,0.30681739674274683,0.5886015006053904,,-0.0190499999999999,-0.0190499999999999,-0.19612202097519904,0.1902676315609736,-0.2655110826898798,-0.0066247629674835995,0.16475588520863696,-0.2655110826898799,0.409371875368979,0.21671588887131402,-0.2655110826898798,0.20736484897066143,0.9149060500233779,-0.26641010278350596,,,,0.20229340914102076,3.147479399378527,0.22869910867417528,-3.1738850989116814
PCAR,,,,,0.070839014708374,,0.13013816258856317,0.07087034869318982,,-0.001125,-0.001125,-0.13462946868932502,0.17864698180756053,-0.18387916548711436,0.1526742292391401,0.23881511626806076,-0.24213232880021807,1.0066840892834112,0.2415109787848728,-0.24213232880021796,0.19119938829447233,1.0238281361314054,-0.24213232880021784,,,,-0.7846622303984243,-0.0499606443321987,1.2831330630262694,-2.017834649092495
PCG,,,,,0.0181180574407872,,0.06910298509127827,0.04278680001223354,,-0.0226,-0.0226,-0.259899288932376,0.32693258456509466,-0.3069612738678297,-0.06555472445677213,0.26466771423323415,-0.35261614716727263,0.2633405480903115,0.27631069258346447,-0.35261614716727263,0.5779696789594476,0.8497930321775532,-0.9116440829507405,,,,-1.1256135194937078,-0.22340097681042884,0.01987118466022503,-0.9220837273435041
PDD,,,,,0.18926837322845166,,0.4548115961544188,0.31060360807675214,,,,0.39478040680413096,0.2588274490005846,-0.1845373605363101,-0.08654374358611316,0.4738391487018911,-0.3583255348267754,-0.029752935346527676,0.6058083783792678,-0.7742443798968737,0.4810170655027051,0.7403344046658462,-0.7742443798968737,,,,1.029010314654708,1.4306006866426941,,-0.4015903719879861
PEG,,,,,0.035947875580408406,,0.07146001933559974,0.06952770035508381,,-0.018175,-0.018175,-0.11039426302036826,0.1700283347608329,-0.09569088118402658,0.39018372125507716,0.1916966131408449,-0.13970782373723356,0.6516941607815625,0.18239052726987384,-0.18614026406394657,0.1705546731660423,0.5493218200164315,-0.2784387403359666,,,,-1.112446786848769,-0.05825266528752624,0.28017078008605717,-1.3343649016473
PEP,,,,,0.07419017250443422,,0.4907458814627747,0.05839269388042157,,-0.022875,-0.022875,-0.08748117336080352,0.16950450797768954,-0.13590805418759055,-0.09306619866895871,0.13543949047487291,-0.22788732572205617,0.15858173434858736,0.1549003564607635,-0.2674173823143272,0.1416833074931931,0.49744678038667867,-0.267417382314327,,,,1.2297444060587457,-0.12702101244524383,0.003694373645060262,1.3530710448589292
PFE,,,,,0.05077715925123525,,0.21741804851268307,-0.04670826529998658,,-0.026375,-0.026375,-0.00851945500763951,0.11084880208773648,-0.0973558195931854,-0.09500495653078411,0.17885739943797796,-0.1908370115070207,-0.1927160167134575,0.23580055583149725,-0.528034832090639,0.182931105284435,0.5954534918314679,-0.5280348320906387,,,,-0.29710422142496407,-0.7761108233918201,-0.2021923120024906,0.6811989139693466
PFG,,,,,0.0035821925709028654,,,0.046397516915913185,,-0.0044,-0.0044,-0.010713725296246923,0.22131356622538387,-0.15962355000167983,0.19802717845452955,0.19608042811663498,-0.15962355000167983,1.001077628118444,0.24653123633269627,-0.2796373497776279,0.2943062477775715,1.2911473109029235,-0.5134636521678206,,,,,-0.20110166031829246,1.0904819500274896,-0.8893802897091971
PG,,,,,0.1284684800617691,,0.34680779191532485,0.023379913377461797,,-0.0134,-0.0134,-0.15245618618175238,0.13842068663673024,-0.1313281708373304,0.01428542600266125,0.14895915959239286,-0.1524561861817526,0.20793167840576454,0.17420628355049025,-0.2146201608549011,0.15150745977725516,0.3779295592355707,-0.214620160854901,,,,0.42568551422872714,-0.3432553765709764,0.5610590440766444,0.2078818467230591
PGR,,,,,0.09530406898465522,,,0.17965533797105002,,-0.0186,-0.0186,-0.22694310293528897,0.2797765671153685,-0.284519792045965,0.27528800938099285,0.2766839742663097,-0.284519792045965,1.5805317548738178,0.2385640959848423,-0.284519792045965,0.18453119288992384,0.400193930651646,-0.284519792045965,,,,,0.6218812558257802,0.2551702539717118,-0.877051509797492
PH,,,,,0.12146113932371806,,0.25162510171424457,0.0066898764420779576,,-0.0056749999999999,-0.0056749999999999,0.10645065191572023,0.22925991299324455,-0.14222556369527406,0.8151618221974231,0.225320562763842,-0.14222556369527417,2.08079957417109,0.26055500528095765,-0.22843545764013062,0.2642088094122371,1.513253379596834,-0.3670451225236039,,,,-0.10601869724930066,-0.44633086706658653,1.0154803716844591,-0.6751682018671733
PHM,,,,,0.15842332446358318,,0.28429657069783865,0.06308859084182979,,-0.0013499999999999,-0.0013499999999999,-0.11519095902816512,0.3268148234427518,-0.13659666700751838,0.3629814564569238,0.32812610749647125,-0.31426857315875534,1.8617357261239555,0.33595409003956767,-0.35381669312606645,0.3170398906263883,1.3812693541856431,-0.4984088079686897,,,,0.0764888323976558,-0.09801976550445236,1.2698974903775042,-1.095388892475396
PKG,,,,,0.10163492331029833,,0.2149109500533738,0.006579753064428141,,-0.04005,-0.04005,-0.19464674670405557,0.22164007134124936,-0.17014114196144192,0.22554898883636487,0.22072997033007716,-0.24509343545468176,0.7487519961036344,0.2403031472198174,-0.28939048356620867,0.2545647375070773,0.9871757561128027,-0.31724911777853115,,,,-0.3111092343804571,-0.44701097467870476,-1.0066210052111362,1.1425227455093838
PLD,,,,,0.03583637213033796,,0.06702464619410402,0.04468406429606599,,-0.013525,-0.013525,0.10261146360079954,0.24685089055637274,-0.16793083403412545,0.1541722741571041,0.2978994883138172,-0.22877096704078992,0.42548360726998413,0.2976101079961829,-0.38518640515229374,0.2633912268416388,1.1034404585418798,-0.38518640515229363,,,,-1.137223419804065,-0.21168372013730366,0.5537059481606604,-1.4792456478274216
PLTR,,,,,0.11648161999811839,,0.42019754165200074,0.41869380648243026,,-0.01145,-0.01145,2.088550790406617,0.3878758525755209,-0.01035680029324626,9.333167110192624,0.6372855410822038,-0.13556617340004606,6.642198008533891,0.7710552983852176,-0.817509948248937,0.5232111960203361,2.5842396274167085,-0.8175099482489369,,,,0.8356512226140758,2.098151649026281,0.6757673403659943,-1.9382677667781993
PM,,,,,0.12555431421370314,,0.3957889278238091,0.041409504119668,,-0.01045,-0.01045,0.12733587616717257,0.2970670166638731,-0.20009770859228426,0.6918120739230278,0.239495227963142,-0.20009770859228415,1.4442472305566678,0.22597454464356498,-0.20009770859228426,0.23700820347741536,0.5887695560421365,-0.39504841017919556,,,,0.6993011915173183,-0.2319069765414904,0.734592107693866,0.19661606036494272
PNC,,,,,0.011091913873289892,,,0.00465033538836949,,-0.00145,-0.00145,-0.11743719135115549,0.2469996076027433,-0.19202887203576047,0.46973627079755476,0.2677455031344729,-0.23761130371444217,0.5853915031252972,0.2761901458076456,-0.42049614866408846,0.26634490102507574,1.1983235929527718,-0.42049614866408824,,,,,-0.45892680650703443,1.264015013644711,-0.8050882071376766
PNR,,,,,0.09323103519494527,,0.2494779276212623,-0.010461209529627367,,-0.01245,-0.01245,-0.009768505269844963,0.20085364523544408,-0.1562500556165608,0.6914168133479062,0.2340845779029426,-0.19542999843655828,1.2018029375386838,0.2602438385355525,-0.4659564622209931,0.2585012530002177,1.2211079994387575,-0.4659564622209933,,,,-0.11801312087405155,-0.5522537362555664,0.6169425730381226,-0.1827019576566078
PNW,,,,,0.02116230641216591,,0.07893191039235867,0.13750566609328072,,-0.0426999999999999,-0.0426999999999999,-0.016475830680755976,0.14069616042002756,-0.05239427707052491,0.286604428717363,0.16826769205039552,-0.0953042141904128,0.35017401740795817,0.21217410167803055,-0.2306801948087357,0.19451658811826258,0.4054068714235102,-0.29875913965796974,,,,-1.0707077276333716,0.3615703817486056,-1.1625066386299898,-0.2697714707519874
PODD,,,,,0.07209380439097376,,0.5096949525176341,0.20391449194891728,,-0.009375,-0.009375,0.19487964042381378,0.3839047032197076,-0.11269730492687591,0.6858109640239887,0.36056086577869845,-0.24416995469972191,0.2369329850730182,0.40321766373608875,-0.5843679117263529,0.3089539160199325,1.070200721271954,-0.5843679117263529,,,,1.3355966451810097,0.7717026256021374,0.797828732571328,-0.23393471299245572
POOL,,,,,0.11637525214274413,,0.4402771732363889,0.008525881138637167,,-0.010125,-0.010125,-0.30404157493782513,0.20278602851871436,-0.24369170173883525,-0.23467833890734513,0.2990502640243504,-0.34302416819662307,-0.2091407397334406,0.3261690026097333,-0.5196452648288317,0.2466881956990289,0.9699742983698844,-0.5196452648288316,,,,0.9478189356277726,-0.43499194161167215,0.7537101570754242,0.6291007201640205
PPG,,,,,0.04784100319413226,,0.28259789423873183,0.01702793501771826,,-0.012475,-0.012475,-0.22207635898697764,0.14159089510892517,-0.19003457122730283,-0.30438339278522697,0.15212025985269226,-0.33954786191131403,-0.2913484549108353,0.2518634551879795,-0.4252893524236847,0.22678917109936275,1.1529265468037715,-0.4252893524236844,,,,0.06699978112858979,-0.3824843661521794,0.6154719538549258,-0.16598780657415663
PPL,,,,,0.023848460893231067,,0.08655929227037107,0.0633550038906599,,-0.0223,-0.0223,0.07584532078117356,0.12864569073706117,-0.06397339428423887,0.49133471904496195,0.1447600083430115,-0.06397339428423887,0.5628839854572156,0.1931303890572288,-0.1816636732333189,0.21357113920081208,0.7120214050525326,-0.30894206160772086,,,,-1.028100074303519,-0.09637443327487673,0.03751861485858643,-0.9692442558872286
PRU,,,,,0.002178955577561834,,,0.061180431657895176,,-0.0067,-0.0067,-0.16059057574138724,0.16534976005981983,-0.13905160318245657,0.16118265664738463,0.18075665397306784,-0.19659895682098716,0.7382802562867863,0.2371049245752347,-0.29100579081582834,0.3016917287045962,1.3633312252062142,-0.5190766258720922,,,,,-0.10980430765910637,0.9551849851733847,-0.8453806775142783
PSA,,,,,0.09088100450589934,,0.1739765282973158,0.038036285443222774,,-0.043375,-0.043375,-0.17005901697852333,0.18437015858236053,-0.109349903229504,0.16259115639586041,0.26683115961823073,-0.2303648564921067,0.5301992266961972,0.24592040174496319,-0.33015663946494966,0.18959524708447276,0.528909807119683,-0.33015663946494966,,,,-0.5397748078805726,-0.25273953496959123,-1.2022133565763091,0.9151780836653277
PSKY,,,,,-0.0003064396095083833,,0.19999562229129272,-0.02100675528437568,,0.0053,0.0053,0.4435879025701672,0.3995867905646499,-0.18657503798819475,0.10882162035387721,0.3698884713101311,-0.2909922566355517,-0.5069635086860371,0.5219985024378156,-0.8231272488945904,0.46882335740231257,1.4856222292596242,-0.8231272488945905,,,,-0.3944284027073852,-0.6173816509164445,1.661082193107845,-1.4381289448987857
PSX,,,,,0.023260064581203756,,0.13961454363292963,-3.9502271380604385e-05,,-0.0207,-0.0207,0.05903735859446857,0.30435452246224615,-0.19762521835240443,0.13691429255685916,0.28143055442966164,-0.3408929031759631,1.7444749024268331,0.3219254104836265,-0.3408929031759633,0.303125978030364,1.303614432041512,-0.5870900048079994,,,,-0.7317258015139735,-0.48789063199136723,0.13163824258318116,-0.37547341210578744
PTC,,,,,0.08253021381153375,,0.32692750496068673,0.016466320558668243,,-0.0180999999999999,-0.0180999999999999,-0.01849443663598216,0.3425841446027996,-0.19914202827229377,0.24783934830154353,0.26174984373170473,-0.22548236109589936,0.8206768974361067,0.25805265032930513,-0.25952143181586185,0.28247123985649275,1.1732986087141137,-0.423580396673903,,,,0.31463136901763905,-0.3859528237751389,0.28458263763565333,0.4160015551571246
PWR,,,,,0.050763317448635735,,0.2046357498623198,0.24873354824331492,,-0.0238,-0.0238,0.3101168363192708,0.3508840020808943,-0.19550572975155223,1.4002980616487486,0.3380724929811721,-0.26198642938804007,5.659543904279089,0.3041463963588012,-0.26198642938803995,0.2793953644943709,1.206984121215225,-0.26198642938804007,,,,-0.368507982029021,1.0484992695509157,-0.05071853613322118,-1.3662887154467156
PYPL,,,,,0.05738059250765698,,0.18577871252372208,-0.05045467529994287,,0.01325,0.012568500000000002,-0.21240061101982843,0.2586115400783839,-0.2633777528651571,0.18625231060336134,0.2643497702027799,-0.2633777528651572,-0.6808331874821485,0.3762825225209804,-0.8222862725242238,0.3463529785338513,1.2583928864785943,-0.8222862725242238,,,,-0.4738461075616091,-0.7992481627421283,2.0886500144304807,-1.7632479592499615
QCOM,,,,,0.20959165109090663,,0.4360186999633423,0.040215392199617,,-0.006225,-0.006225,0.16563255359856344,0.2539547599034412,-0.15582646510694476,0.45254683626769765,0.2776117140134478,-0.27711380175500566,0.3665253912169988,0.3360110795083217,-0.3858254913942404,0.26891865665996256,1.284383385555104,-0.38582549139424016,,,,0.9240304908069539,-0.2392816559590636,0.9831267496541237,0.18018539711189374
RCL,,,,,0.09599616335067375,,0.2232716760695659,0.04240817872018175,,-0.031275,-0.031275,0.1516168964620761,0.45551481343496136,-0.23282844802019687,1.6216308920419538,0.38290382768845077,-0.2328284480201971,2.574679170978531,0.5273736300549586,-0.625710309401327,0.5012935455911967,2.385405003304605,-0.7566524958542794,,,,-0.2644050151108403,-0.22573929250987354,-0.4904336719090618,0.45176794930809505
REG,,,,,0.032214039274794964,,0.08389552680707554,0.02796261036257548,,-0.019325,-0.019325,-0.05250891009653602,0.10480643866077287,-0.07495554350908595,0.1891831683754921,0.14155018886759005,-0.1064555134122881,0.8505401745194976,0.20632571901734592,-0.2629168196071534,0.2165918435316891,0.9802540138806669,-0.5093636212250234,,,,-1.0429802516995543,-0.31495323791411645,0.21252229765900482,-0.9405493114444428
REGN,,,,,0.11813544401145426,,0.32227717951826146,0.05909085870733897,,-0.00845,-0.00845,-0.14024780834202666,0.30944729650834835,-0.30982090519607786,-0.21704849100663648,0.3183065397921412,-0.5850093386976818,0.2499336583775873,0.2799108427065971,-0.5850093386976818,0.30429187896162035,0.357171452220625,-0.5850093386976818,,,,0.2886539815613967,-0.1227092375666199,0.8522416423496093,-0.4408784232215927
RF,,,,,0.013108649689166588,,,0.03345623555682497,,-0.00795,-0.00795,-0.07332450170033766,0.26439670288342004,-0.16284502023784087,0.592672953564974,0.2778251532028528,-0.23630145326737606,0.9379083581987582,0.30529286285249146,-0.3614800000771631,0.33561660837622015,1.3279698053696847,-0.5077265230551173,,,,,-0.2810253254901596,0.8816540260135451,-0.6006287005233855
RJF,,,,,0.025604628759892084,,,0.05192985067222305,,0.00185,0.00185,-0.04915893838229657,0.24316478418391121,-0.1836713453509965,0.5536775388999082,0.26548483881046514,-0.18490552736249155,1.8140969708288073,0.2585479472678275,-0.22872958826564727,0.27608308426600514,1.1736358123586887,-0.323206564222942,,,,,-0.16693468886551505,1.4581367458266876,-1.2912020569611726
RL,,,,,0.11083720654535058,,0.7014529339363108,0.16724890829694322,,-0.02805,-0.02805,0.3796812461924446,0.33229191069974906,-0.1828878551380534,1.5128177595846957,0.36529719593518606,-0.1828878551380534,3.0539621831050408,0.3596617193262082,-0.34217923722650734,0.32454465047744196,1.491026298875211,-0.4942617285473747,,,,2.4067843379163287,0.5452607648760734,-0.30072379727667564,2.1622473703169307
RMD,,,,,0.18611189835669625,,0.40590927130821347,0.18945319491286441,,-0.01595,-0.01595,0.006232463986818981,0.18018750586786567,-0.1006520851695093,0.6034424231702884,0.24371479621639083,-0.10348145487437432,0.2366439437051866,0.2983468039075643,-0.5061277827588897,0.2800277442969396,0.5914880879530486,-0.5061277827588897,,,,0.7558348873069016,0.6823915419319933,0.4110558873905717,-0.3376125420156633
ROK,,,,,0.08747106201013928,,0.2866050074275113,0.0003932574227338541,,-0.024925,-0.024925,0.2507313145443064,0.32480834267670816,-0.13745432088924436,0.3652466033549737,0.3135940296035062,-0.18423102910961264,0.5484630056244526,0.3205822288304175,-0.4231794341377928,0.2540565917810865,1.455911493885901,-0.4231794341377928,,,,0.08938409232889485,-0.485217964584442,-0.11689639937707667,0.6914984562904135
ROL,,,,,0.1663735388126864,,0.6395928221628968,0.14948046305406612,,-0.030975,-0.030975,0.1727723066061313,0.14485768324625303,-0.019237334624208513,0.4681972003828403,0.14859542232653486,-0.08064852659679289,0.6289105518619722,0.22659089362623508,-0.20333727380288602,0.1971414015380886,0.6151325682260841,-0.21879144767436298,,,,2.061224847183922,0.4355251653777235,-0.4727862417107004,2.0984859235168987
ROP,,,,,0.04829110162115198,,0.1613185013950031,0.11300443923276657,,-0.020475,-0.020475,-0.20325793594778296,0.19362732150638334,-0.23983002534135123,-0.1568699134151209,0.17162778829100017,-0.23983002534135112,0.08094218695737765,0.20798187228518658,-0.2657758234387513,0.1921397820412398,0.9911467068415412,-0.2657758234387513,,,,-0.6104843686078808,0.21025400143325956,0.14487381523195228,-0.9656121852730927
ROST,,,,,0.14078232501521523,,0.40513576943085755,-0.01243369252571583,,-0.0195,-0.0195,0.05251001709416703,0.2137218263100442,-0.1524851154996929,0.2628140433813395,0.21531619353104722,-0.17023132219665338,0.5816955222012461,0.2731692567022466,-0.4556987099667261,0.240325927669988,0.9810396571690378,-0.45569870996672646,,,,0.7515139944543519,-0.5644355338814919,0.20222796337662718,1.1137215649592167
RSG,,,,,0.06495598862268027,,0.21172586106389263,0.045809964896458645,,-0.0269999999999999,-0.0269999999999999,-0.04981509744755419,0.20462910124070535,-0.19804446130498043,0.29678323635820036,0.1835277811353205,-0.19804446130498043,1.2690132018959686,0.1869231353491415,-0.19804446130498032,0.16262815537512612,0.5999842226313122,-0.20611574254270504,,,,-0.3289016000517965,-0.20473030493013078,-0.23895779158240454,0.1147864964607388
RTX,,,,,0.03726621453236843,,0.10163016950488565,0.0370418628892653,,-0.0124,-0.0124,0.47443766419450717,0.18593396610084303,-0.051582892265566005,1.2563630594881907,0.19649365536404373,-0.06882488905660922,1.757655365244276,0.22750316149874641,-0.2734946778045285,0.25133378087190844,0.9415117970629374,-0.4131511840992518,,,,-0.9439119842281999,-0.25888095891645835,0.6198838114045162,-1.3049148367162577
RVTY,,,,,0.022868023495617826,,0.12550347065196682,-0.079111504345412,,-0.024725,-0.024725,-0.19724774359071995,0.2662388086807041,-0.3040530873621796,0.05143838711439308,0.3033139192919163,-0.3120712469913355,-0.2929628540113498,0.31026741584333567,-0.5862167937667943,0.2768725825532163,1.1264150284560484,-0.5862167937667941,,,,-0.810552286840258,-0.976228999953358,-0.10513144591150242,0.27080815902460237
SBAC,,,,,0.08206629153623014,,0.19578585684331223,0.10016259667461597,,-0.018975,-0.018975,-0.13181186524680966,0.2239825184334448,-0.20558604081705012,-0.18986098408189622,0.24161338264559837,-0.26307152476082873,-0.28113295585596165,0.2699913679093188,-0.5079280809091434,0.23224277737936724,0.5414940346058781,-0.5079280809091433,,,,-0.4179447586046312,0.13094445732179638,0.23311096622375987,-0.7820001821501874
SBUX,,,,,0.08193615205108831,,0.27036595813552844,0.11747554114998107,,-0.035475,-0.035475,-0.19467773073979966,0.36507344188101204,-0.3087815777857469,-0.1473765184730057,0.3149088446771219,-0.3087815777857469,-0.08223658577403004,0.29055757427416884,-0.37713627084581725,0.24818346926221418,0.9023871618996746,-0.37713627084581725,,,,-0.0013295750480815476,0.23786694351103865,-0.737497694686123,0.49830117612700287
SCHW,,,,,0.015597485084891503,,,0.020594874075721355,,0.00505,0.00505,0.13610279098674116,0.2111975946191008,-0.05053229966077377,0.5560421328560374,0.2479273280806271,-0.1172041848401223,1.0325782348683763,0.3167872984943862,-0.39580344628651665,0.2946076328539207,1.0669560273414116,-0.39580344628651665,,,,,-0.36045541592306696,1.646376001275877,-1.2859205853528102
SHOP,,,,,0.17301803962076218,,0.3645552809237466,0.28335977436982196,,,,0.4960208021120496,0.33625852092710007,-0.18664385686785911,1.3748970497963113,0.4647721109973052,-0.26127136566353193,0.5860525619219199,0.5886410837442639,-0.8233187666757599,0.44394121609749476,2.213774155974451,-0.8233187666757599,,,,0.5248255430407176,1.2623463242830053,,-0.7375207812422877
SHW,,,,,0.1042985391483249,,0.46221437163296125,0.06866099266874526,,-0.016275,-0.016275,-0.1245445977483981,0.21469909018208125,-0.08264689856638552,0.25832671539425145,0.26548967863487366,-0.16374059310720468,0.44668223547596253,0.28549674368312533,-0.41449112585974324,0.24376863122052728,1.1416284409290578,-0.4144911258597431,,,,1.07036328429921,-0.0636053388754596,0.3919378380090133,0.7420307851656562
SJM,,,,,-0.07916920335887427,,0.16608339694837623,-0.12808503946295005,,-0.045025,-0.045025,-0.09344593466856232,0.21302661390672678,-0.1626503182188993,0.009516998025970835,0.2284592491708846,-0.21000532232947222,0.03282358063854707,0.19985488964181536,-0.3240152057872291,0.18891626255756422,0.2441836440728311,-0.35317365985897653,,,,-0.5838669760165472,-1.2786831630620228,-1.2992742226672978,1.9940904097127734
SLB,,,,,0.08330576493401398,,0.14456359648006678,-0.012233406922812063,,-0.031,-0.031,-0.13215987457479117,0.28784153048955563,-0.20933011657636358,-0.2499080024248247,0.26895054595663054,-0.38103961499721495,0.9786605130085089,0.3887950796177065,-0.4161064142727864,0.3909331426241399,1.5223556920563461,-0.8166731588227758,,,,-0.7040796797654596,-0.5631985961300394,-0.4742568608938972,0.333375777258477
SMCI,,,,,0.09253909940702545,,0.21438903175210097,0.42665354649640974,,0.014025,0.012568500000000002,0.5548407153492483,0.7286853795481255,-0.2955740197450848,0.855779419075746,1.000310261504385,-0.7176321404008636,16.990073809183343,0.8801154213035616,-0.7176321404008636,0.45756347165893047,1.393929731155942,-0.7176321404008636,,,,-0.3140247451550314,2.147309964812812,2.0886500144304807,-4.549984724398325
SNA,,,,,0.12452951193771034,,0.3281103580534792,0.05694661013672857,,-0.003825,-0.003825,-0.06832087699449196,0.15829186876878448,-0.11246633599654565,0.2874119615920372,0.21270943874918072,-0.1473732934490315,1.1685490130232954,0.23053177878876618,-0.2063202866458561,0.22609626679263672,1.0482954254422383,-0.384675098641755,,,,0.3212389566963327,-0.13595183696983656,1.124306191241016,-0.6671153975748467
SNPS,,,,,0.08145162175680164,,0.20759719255040776,0.9951456040739053,,-0.02525,-0.02525,-0.20191944526408978,0.4135592991798306,-0.2963833775325251,-0.179500364033491,0.3206850162069733,-0.29638337753252497,0.959208796574518,0.3255396957679842,-0.2963833775325251,0.24514145958505676,1.1234160021903326,-0.29638337753252497,,,,-0.35196493679694474,5.6582427389296095,-0.1360144487586351,-5.874193226967919
SO,,,,,0.029230606485604795,,0.09448931748615419,0.048725843155766294,,-0.023725,-0.023725,0.07126310414173376,0.12793256533463504,-0.017093966176752184,0.39469423973509277,0.13907853973133624,-0.08821674235439592,0.8651024542817705,0.1803708682573644,-0.16449513401382754,0.17622075032352114,0.41827857498095666,-0.24807894819932352,,,,-0.983801811715528,-0.18672222124719856,-0.046306678583630675,-0.7507729118846987
SOLS,,,,,,,,,,,,-0.023519001119779115,,0.0,-0.023519001119779115,,0.0,-0.023519001119779115,,0.0,0.08147220976545348,,0.0,,,,,,,0.0
SOLV,,,,,0.025849021308436644,,0.3110725643249494,0.03402387158732336,,-0.024725,-0.024725,-0.0474059472574242,0.2668321550541664,-0.17090905646919086,-0.020560751149236056,0.2744397996543476,-0.18658668927123612,-0.020560751149236056,0.2744397996543476,-0.18658668927123612,0.2461478434167917,0.6067777269840218,-0.18658668927123612,,,,0.22606338789684505,-0.27751967942759403,-0.10513144591150242,0.6087145132359415
SPG,,,,,0.06436222954236254,,0.15165875897716213,-0.002437878500119139,,-0.03115,-0.03115,0.01030210604876114,0.20515038136428349,-0.14377118702128533,0.5661493014057373,0.22451820609802225,-0.14377118702128533,1.8007648601676136,0.2791479721026545,-0.4124264861808158,0.34242072016316566,1.4392104095061826,-0.7126170688577402,,,,-0.6644450805241814,-0.5027026906541092,-0.483080575993078,0.32133818612300585
SPGI,,,,,0.06664092696151083,,0.17006472290377087,-0.009203359800511844,,-0.01235,-0.01235,-0.043630721400236494,0.16246554914853242,-0.11529953369996804,0.21108020061885213,0.17015358387581955,-0.11529953369996815,0.46993755472321475,0.2377049501346048,-0.35063751282812394,0.22376530652154278,1.1009576899834204,-0.3506375128281237,,,,-0.5616267160146705,-0.5444854204453431,0.6228250497709097,-0.6399663453402371
SRE,,,,,0.027930662002983386,,0.06462630523121239,0.10427420335348668,,-0.017875,-0.017875,0.020239759554380843,0.22369470065002348,-0.18410849343339408,0.3549725089440843,0.19124419249458888,-0.2307219926557409,0.704821646008009,0.2084735812736925,-0.2307219926557409,0.20392922513488118,0.6776688499048003,-0.2893740274007791,,,,-1.1506208977261092,0.15633720371237703,0.29781821028441874,-1.604776311722905
STE,,,,,0.06339247686859359,,0.2409994451785803,0.029321465947661798,,-0.0411,-0.0411,0.09154573377534136,0.18266451505715456,-0.07416831413642555,0.2013934399130406,0.19832558426529254,-0.1502385025646319,0.27953354009234266,0.24269576806673612,-0.31260723676995184,0.20504244086078505,0.8179855344632092,-0.31260723676995195,,,,-0.16537514449613003,-0.3065611231160643,-1.068387010905401,1.2095729895253353
STLD,,,,,0.06707929165971262,,0.13867054418169764,0.03235991524478999,,-0.0199,-0.0199,0.09044530459318079,0.3190176899445459,-0.08515316652403593,0.3485244319581682,0.28796550464567566,-0.22163446499944695,3.6828794739162305,0.3937253919364187,-0.26845648925342835,0.32128770329877127,1.4412797314364636,-0.5172340143556101,,,,-0.736999118361739,-0.2877960566958966,0.17869805644547843,-0.6279011181113209
STT,,,,,0.00791045366451766,,,0.15698258308430818,,-0.0253499999999999,-0.0253499999999999,0.22152582190558223,0.1870649724729465,-0.12562226596112536,0.7127791072822374,0.19438803874492264,-0.12562226596112536,0.9424365483264967,0.2939622851087157,-0.3631846018829591,0.29568257602566445,1.5362033712737626,-0.5165753538092726,,,,,0.48185727985224175,-0.14189692549141633,-0.3399603543608254
STX,,,,,0.18643314931150454,,0.40611713941239924,0.03669724770642202,,0.003925,0.003925,1.6843025971655239,0.5607879778787758,-0.1595950083629848,2.5428090413157785,0.44048027859136474,-0.2122530627626894,4.355993583487258,0.40132974486753936,-0.5476895736418146,0.3843455443061092,1.3963561558868398,-0.5476895736418144,,,,0.7569960684648835,-0.26100925732234737,1.5801981380320214,-0.5621928122447903
STZ,,,,,-0.01970149320213852,,0.23061838323479988,-0.14571701566762982,,-0.0762,-0.0762,-0.44328383717801256,0.2556129242854389,-0.3930282160441835,-0.43321814908812306,0.2362503392321879,-0.5002299657295686,-0.31003962671697005,0.2136036824535206,-0.5002299657295686,0.24639961859908602,0.7873894517989795,-0.5002299657295686,,,,-0.22336525113696631,-1.387575947586139,-3.1331363441136975,4.29734704056287
SW,,,,,0.007857888304135995,,0.1313517465384551,0.9951456040739053,,0.021625,0.012568500000000002,-0.3170664465308085,0.23299788481415426,-0.3023578755003661,0.12800068810046206,0.27732760470931456,-0.31706644653080873,-0.011719751500238518,0.30339845300750434,-0.4529333920030796,0.3122628092936973,1.0995951135000097,-0.4529333920030796,,,,-0.7778829757274699,5.6582427389296095,2.0886500144304807,-8.52477572908756
SWK,,,,,0.02141973477236214,,0.19937415681905968,0.0017101477674555316,,-0.02495,-0.02495,-0.23252090971891493,0.33664820386205535,-0.311784679436372,-0.21738779134247266,0.3808922536847182,-0.4445666557088801,-0.5803099397963875,0.34360743858826726,-0.6861802639790793,0.3163635618789516,1.3516412167744996,-0.6861802639790795,,,,-0.3978999983113382,-0.47708502163550554,-0.11836701856027351,0.19755204188444084
SWKS,,,,,0.049194932748093265,,0.2066510009405644,-0.06335292117915595,,-0.052525,-0.052525,-0.09245287422536563,0.3152093545109251,-0.2681778959895147,-0.16312498263853126,0.3138490723101546,-0.41998412376862326,-0.3899614934988922,0.3124044078753851,-0.6321708410539664,0.31643066892831856,1.2599785629422524,-0.6321708410539666,,,,-0.3572504993583313,-0.8789060464053015,-1.7404599776263354,2.2621155246733053
SYF,,,,,0.0273220523541061,,,0.00013279220509756077,,-0.000425,-0.000425,0.11104533087041157,0.31494337532122196,-0.2441438726584908,1.3701322416132,0.2980441164086649,-0.2441438726584909,1.7121717675785533,0.354893572831628,-0.4361432660327007,0.38467317374942733,1.6281816940210634,-0.5715943625189499,,,,,-0.4868265637846025,1.3243104001557797,-0.8374838363711772
SYK,,,,,0.06515538039868037,,0.3410944451577249,0.18402760030667006,,-0.01475,-0.01475,-0.07838299942132831,0.15106230613157212,-0.09751322870359069,0.23131775759374018,0.17935122856876748,-0.09751322870359058,0.6159857493697822,0.22068448336769356,-0.27416637317662085,0.197559778236748,0.8864103595773285,-0.2741663731766212,,,,0.393769936656454,0.6488837775436361,0.48164560818401775,-0.7367594490712
SYY,,,,,0.07009269644072508,,0.5740085698674259,0.07452743107115624,,-0.02555,-0.02555,-0.02869745124223666,0.14588502061143022,-0.10886763136886257,0.06618120379186321,0.158747871885766,-0.11506190580873366,0.16284095322020375,0.22240204934157623,-0.22192945248282603,0.24518315364268556,1.0024797231094946,-0.4637441576146266,,,,1.6948617713087701,-0.027374980720360126,-0.1536618789569965,1.8758986309861267
T,,,,,0.03206339791086491,,0.18593101229553521,0.01875505620235864,,-0.032525,-0.032525,0.10659994087021274,0.23322378282484735,-0.15349641903450495,0.6424821882657548,0.19382581993880865,-0.15349641903450517,0.58111212523414,0.23546742774137072,-0.2825971543053255,0.20275614931039057,0.5461780774747889,-0.3409459198441499,,,,-0.4729953391087621,-0.37181789106039903,-0.5639646310689015,0.4627871830205384
TAP,,,,,0.03934502089955318,,0.16586128158639368,-0.02071606398434705,,-0.014825,-0.014825,-0.27995272162390217,0.21944572391510933,-0.28161353692214697,-0.2565169889875919,0.24271600437555169,-0.32440398955860694,0.0683742251482855,0.24928882874937755,-0.3353933064093024,0.2608966640485559,0.8017089870068039,-0.6639325463280739,,,,-0.585107744407844,-0.6155863793751495,0.4772337506344273,-0.4467551156671218
TDG,,,,,0.0842692953569014,,0.22245000327132358,0.03994868975627634,,-0.0079249999999999,-0.0079249999999999,0.10887684569852119,0.17332306404272252,-0.13619896234537676,0.523484174660789,0.16770591025701698,-0.13619896234537676,1.700520719255557,0.23243781899085994,-0.19490237885241246,0.33320541133827514,1.266392440240501,-0.5022541577086177,,,,-0.2689949976629139,-0.24092877545137786,0.8831246451967478,-0.9111908674082838
TDY,,,,,0.05832121137025992,,0.17152818207895767,0.06427772816448798,,-0.013925,-0.013925,0.06812841959625193,0.2267474806506977,-0.11555520654252227,0.2862815622279986,0.21544865197653748,-0.1452194678744868,0.3714346297718949,0.23382337549430976,-0.2859742341064909,0.2208853569483229,1.0615124572003387,-0.28597423410649103,,,,-0.553451622359205,-0.09067580855132107,0.5301760412295118,-0.9929518550373957
TEAM,,,,,-0.04590811366401607,,0.7727070221867068,0.15921255271114532,,,,-0.3319674831124598,0.43546704748302173,-0.4794315223166383,-0.07787376462340623,0.5172990434812,-0.4794315223166382,-0.21759609223129395,0.4959735273932096,-0.7191190463311894,0.38952747857075365,0.9400765462180276,-0.7191190463311894,,,,2.804819933755504,0.49562928131433825,,2.309190652441166
TECH,,,,,0.027675742852381207,,0.29797461825196386,-0.05399636890423974,,-0.029425,-0.029425,-0.18358130678513052,0.2838468033526273,-0.34008073946935935,-0.01763594343754682,0.3573272682908712,-0.4038466678499857,-0.17620407560667628,0.3505222367101687,-0.6244406258563513,0.29597475520095506,1.304056464918399,-0.6244406258563513,,,,0.15289637534439396,-0.8211212003430285,-0.3816078523524993,1.3556254280399216
TEL,,,,,0.06203566517795282,,0.24737520918383663,0.08594637086208402,,-0.0130999999999999,-0.0130999999999999,0.6534899809201753,0.27629167579882846,-0.082516282764733,0.940316128077467,0.2123735832989719,-0.082516282764733,1.3410685624952619,0.24913721629633034,-0.3076792025457856,0.2471554088864031,1.3289875163392657,-0.3635458147941155,,,,-0.12975920880631978,0.043146901552673464,0.5787064742750119,-0.7516125846340052
TER,,,,,0.1255628459546849,,0.4475135086709004,0.03583880413227282,,-0.0286999999999999,-0.0286999999999999,0.6702586736454315,0.5410961293864448,-0.4100301858789045,1.0002510801364113,0.4760982948984487,-0.49799748727416426,0.6917282716043125,0.43421085169971757,-0.5398295934979089,0.40087385876321635,1.5972877244418016,-0.5398295934979089,,,,0.9882421472229603,-0.26631089283165177,-0.33895989603978643,1.5935129360943985
TFC,,,,,0.009781000420738569,,,0.046128424766231996,,-0.002375,-0.002375,-0.037900965617432614,0.24159375682767115,-0.18576271479408069,0.502851455124675,0.2527235338156161,-0.1867873483732304,0.19050439886552994,0.286274554084602,-0.509523909724426,0.2925669376667282,1.1416774833786327,-0.5095239097244261,,,,,-0.2027635383251711,1.20960210386643,-1.0068385655412588
TGT,,,,,0.06821339260905807,,0.5097770213948319,0.033145816590767034,,-0.0303249999999999,-0.0303249999999999,-0.2873107363941335,0.2140658678434832,-0.32933464639064014,-0.27439376047597996,0.24562924264676245,-0.46653596058308644,-0.42204096566258453,0.31142974686276115,-0.6127733604826375,0.2892918062381894,1.0548350264563802,-0.6127733604826378,,,,1.3360550937449787,-0.28294243252290247,-0.434550142947578,2.053547669215459
TJX,,,,,0.1543186895011169,,0.5494539587987094,0.07625593192603503,,-0.026425,-0.026425,0.12770494969519097,0.1485833588479182,-0.03721502134326515,0.6309461680587538,0.16870580135377722,-0.07227363813975218,1.374062302975188,0.20113578027033435,-0.2577357203366717,0.2052157594552222,0.8500949848784607,-0.2577357203366718,,,,1.557696178606355,-0.01669998496519855,-0.20513355036888428,1.7795297139404378
TKO,,,,,0.015113293631265918,,0.17323908585762265,0.2061267100488592,,-0.026875,-0.026875,0.37261549210864753,0.25913286421825815,-0.07661444593375033,1.4488040401466686,0.2448222654098711,-0.07661444593375033,3.6673816601792666,0.3138949378577838,-0.25980274245089285,0.36653740129476775,1.0854455998581722,-0.6452344693910541,,,,-0.5438942675226476,0.7853649959502433,-0.2316046956664265,-1.0976545678064644
TMO,,,,,0.06617817045100463,,0.17884389228959985,0.027757472384665367,,-0.010025,-0.010025,0.07031840345166618,0.35595088020929083,-0.32553633322865416,0.14647507616693467,0.28189593512390526,-0.347753045022276,0.2305551223236395,0.2570579517832909,-0.3911708052891061,0.21688385354357906,0.8778263773631891,-0.39117080528910575,,,,-0.5125850118364956,-0.3162201433004991,0.7595926338082114,-0.955957502344208
TMUS,,,,,0.057750519175512646,,0.2527595788916297,0.01959176627972209,,-0.0353,-0.0353,-0.16791866013021928,0.27015389112399674,-0.24064770258657064,0.3858785330475345,0.2314338622339799,-0.24064770258657042,0.5752641729123624,0.21330068774549418,-0.2531243960452296,0.1912304653217897,0.49070877903448346,-0.2531243960452296,,,,-0.0996813443990391,-0.36665047879158524,-0.7272033604037453,0.9941724947962916
TPL,,,,,0.3522235906378823,,0.5091832648370322,0.06754340164965408,,-0.0143749999999999,-0.0143749999999999,-0.4190640543772428,0.4098067549847702,-0.34968287785981267,0.7003004049844381,0.5020342799410353,-0.4190640543772427,3.8997230941813736,0.5029225065279189,-0.4956236437319822,0.39563731917085887,1.543315476569842,-0.5446602816641739,,,,1.3327382841264666,-0.07050743519269956,0.5037048959319754,0.8995408233871907
TPR,,,,,0.02101670610167061,,0.6067426686742668,-0.24556952742613594,,-0.017775,-0.017775,0.7383884257832913,0.39244440880268766,-0.17215507772987948,2.539894752228833,0.4155442926867363,-0.17215507772987948,3.2359150758490154,0.40485227575755023,-0.38482534739439234,0.4010998231340465,1.4938676768380517,-0.7371898812916584,,,,1.8777191601655698,-2.0042520320414305,0.3037006870172059,3.5782705051897947
TRGP,,,,,0.07203879011775571,,0.20327868852459016,0.10574580750745384,,-0.037375,-0.037375,-0.219055075875496,0.2726257379327866,-0.2223071332028601,0.803802395080234,0.31170295146607485,-0.22931159144517055,6.338095311537749,0.29629700321270397,-0.22931159144517033,0.5019480084636025,1.991702894301603,-0.8599962682966257,,,,-0.3760887220457249,0.16542563896107074,-0.8492647526090791,0.30775039160228346
TRI,,,,,0.08920776953295505,,0.30046922741161064,-0.022418108608118402,,,,-0.03251251515066789,0.2294713928237487,-0.23637242836542838,0.1392896889769979,0.20733682291089434,-0.23637242836542827,1.1055269622153898,0.20778784575037337,-0.2363724283654285,0.1629103776056238,0.6413423606634694,-0.23637242836542827,,,,0.16683162127381404,-0.6260979848988442,,0.7929296061726582
TRMB,,,,,0.030701601741220944,,0.25866661669312585,-0.051949405071995663,,-0.0074749999999999,-0.0074749999999999,0.09044810694409744,0.24403975839562034,-0.17102454444239412,0.7148706266840361,0.29857754206162945,-0.17102454444239423,0.32904628552528514,0.3165312112994524,-0.5075355452693058,0.280961666094437,1.5510357704551105,-0.5075355452693058,,,,-0.06668378076871667,-0.808479418790825,0.9095957904942901,-0.16780015247218183
TROW,,,,,0.14688960222503233,,0.26217625167075576,0.09567755045913612,,-0.022125,-0.022125,-0.13675038508868242,0.2174181981192835,-0.2320480490885103,0.11689214657019065,0.22853731059416416,-0.26745046815438966,-0.12236902437009245,0.2816380225122218,-0.5598841647554982,0.27307118420588283,1.3451650542985174,-0.5598841647554983,,,,-0.04707845448077324,0.10324539707730009,0.04781294914096407,-0.19813680069903739
TRV,,,,,0.038671131366481946,,,0.07391253914859065,,-0.04095,-0.04095,0.02273048474349526,0.14720361032670626,-0.052182003310400904,0.5358030052641369,0.17292389171683922,-0.11207258924042018,1.2879740198216516,0.19594742859743447,-0.15234382722758755,0.19874905744516752,0.6503692798342271,-0.323451533694035,,,,,-0.031172473006663377,-1.0595632958062204,1.0907357688128838
TSCO,,,,,0.10734010351183121,,0.5445029744435823,0.07913220919075879,,-0.031875,-0.031875,-0.06330028275386601,0.22184228505918047,-0.15009709998379872,0.3306417696298811,0.22211696575971962,-0.15769598317151845,1.0136258391486304,0.23099324526414844,-0.21307763349785147,0.23972322274789057,0.8575500466377524,-0.42766866702516626,,,,1.5300392671761187,0.001063528142087205,-0.525728532305785,2.0547042713398165
TSLA,,,,,0.04892655367231638,,0.13080710250201777,0.13945511911514463,,-0.0288,-0.0288,0.3569648573062749,0.5599436697833118,-0.35946614000840105,0.9508913343260528,0.5583872690666162,-0.35946614000840105,1.475528555348316,0.605290065703554,-0.6771899806395351,0.45574319143933517,1.9950490356974817,-0.6771899806395352,,,,-0.7809254357306317,0.37360994925853525,-0.34484237277257945,-0.8096930122165874
TSN,,,,,0.021311007515935686,,0.10590265979857837,-0.03360542775363087,,-0.025875,-0.025875,-0.17834246033540768,0.22332520634607417,-0.17977656788617236,0.1695857135672345,0.23388354986961435,-0.18184363519472357,-0.08680364830663001,0.23298329092153283,-0.47989186619894797,0.25291577427621803,0.6160838167065545,-0.47989186619894797,,,,-0.9200452383119384,-0.6951894082862848,-0.17277992833855474,-0.05207590168709883
TT,,,,,0.1390486414641004,,0.36628313876991125,0.039174818804705136,,-0.01305,-0.01305,0.08225003021114952,0.24623664553014113,-0.08528672127849979,1.0145483127296298,0.22220197822548568,-0.18664540650294903,2.26386584140976,0.2604292829954211,-0.3522482039918273,0.21881227383270058,1.1119086231603514,-0.3522482039918271,,,,0.5344776057393055,-0.24570810147817626,0.5816477126413995,0.19853799457608223
TTD,,,,,0.07168119826845837,,0.3655151090658347,0.1546316010203255,,-0.014875,-0.014875,-0.6178918882475041,0.7725312629585811,-0.5870407971392985,-0.302866880923514,0.6105453959987308,-0.6187475911470776,-0.45487034635690826,0.5752594935411844,-0.6187475911470774,0.5377637412475814,1.824519956774578,-0.6187475911470774,,,,0.5301872812345553,0.46733792136732155,0.47429251226803376,-0.41144315240080004
TTWO,,,,,-0.09084979798174384,,0.29010244262115054,-0.24556952742613594,,-0.1466,-0.084981,0.35709728883126024,0.2446908150262722,-0.08284953621701929,0.6159924072572807,0.2515363787643158,-0.13411748074633656,0.41626503615456434,0.28473799422268686,-0.49886904750977146,0.25503300508326315,0.7775183621447688,-0.49886904750977146,,,,0.1089212688669912,-2.0042520320414305,-3.6496766260197386,5.76284992692816
TXN,,,,,0.14452408256880733,,0.27740825688073395,-0.0032812143346267974,,-0.019825,-0.019825,-0.17076001705587696,0.35126064101658905,-0.2097168124831582,0.12272715890725316,0.28273558073304234,-0.23635495188504985,0.15416518825324776,0.2555044413844398,-0.23635495188504962,0.22860187108921778,1.0467828614069392,-0.2363549518850495,,,,0.03800971966403306,-0.507911022734556,0.18310991399506893,0.3628108284035202
TXT,,,,,0.04849349260117668,,0.1625958281333571,0.03950812686430876,,-0.0138,-0.0138,-0.06502381914555733,0.18152324411088144,-0.07999535752589271,0.04535335476397262,0.20457330218344455,-0.26571967432698584,0.7833549338761419,0.23392452445535727,-0.26571967432698573,0.29752779754655334,1.3968292808553147,-0.6301795800012178,,,,-0.603349037543151,-0.24364963439012885,0.5375291371454958,-0.8972285402985178
TYL,,,,,0.05901527775827468,,0.1951570450753789,0.12579700004917543,,-0.02095,-0.02095,-0.25772048619750976,0.1756285164877395,-0.23241787118384827,0.1423050415735203,0.18904694967162752,-0.25772048619750965,0.09218892036361082,0.24662130217104025,-0.40861894384297925,0.24318517803752265,0.7960968434565987,-0.40861894384297914,,,,-0.42145739167405566,0.289259187937716,0.11693205075121324,-0.8276486303629849
UAL,,,,,0.044120441204412046,,0.22693560268936022,0.05336227373249242,,-0.0264249999999999,-0.0264249999999999,-0.007435724538758182,0.42969048536820553,-0.3497732230156294,1.439340022543505,0.4754040525547062,-0.3497732230156294,1.1334073748726348,0.46278209323276687,-0.44250214858661374,0.41366916730653297,1.4731079940718774,-0.7100310051660548,,,,-0.24393779349548636,-0.15808823093938146,-0.20513355036887837,0.11928398781277347
UBER,,,,,0.24378635387251707,,0.36276398040209495,0.34850893674423084,,-0.0209999999999999,-0.0209999999999999,0.3857699067455995,0.30296264816470647,-0.059485561309992496,0.7687122974727663,0.328085080869894,-0.24125786547390915,1.0080548032039456,0.39629118957180565,-0.6264378507674004,0.34986346106578864,1.3344975120091056,-0.6264378507674007,,,,0.514819080422642,1.6646990508299169,0.11399081238482549,-1.2638707827921003
UDR,,,,,0.012169376571699688,,0.04102619960822089,-0.04233929269311703,,-0.0416,-0.0416,-0.23048135626674282,0.15150539907300628,-0.22924086653283715,0.10240366883531693,0.2065907697325755,-0.23275876448150157,0.06238139003591803,0.2083506276015253,-0.42977375669459505,0.18516677823959315,0.7487554179178391,-0.4297737566945953,,,,-1.282454485582911,-0.749128618609503,-1.097799394569337,0.564473527595929
UHS,,,,,0.08595160665990009,,0.9194153815402877,0.06496490619146827,,-0.030525,-0.030525,0.08121437404582288,0.2831263478535646,-0.12463848450487203,0.6172849555816189,0.2837706641570136,-0.2977181556172934,0.7337856855167382,0.3499994372093268,-0.4459109259658055,0.2871086110048469,1.2354244165654196,-0.4459109259658053,,,,3.6243539515746965,-0.08643188671561604,-0.44631509641315814,4.157100934703471
ULTA,,,,,0.19552439717667155,,0.7397348047703437,0.1556870280098609,,-0.0233249999999999,-0.0233249999999999,0.33827325954937204,0.3145960107916054,-0.15765757358411092,0.21465293677698116,0.32481194449323975,-0.35678868691076515,0.8788308066203867,0.29994277561498167,-0.3601363708459975,0.3557510799965342,1.2830355863071436,-0.49692198440016533,,,,2.620632380062569,0.47385610074882,-0.022776771652476224,2.169553050966225
UNH,,,,,0.07005551215099305,,0.2898902093013693,0.0787153564337053,,-0.014625,-0.014625,-0.4411193380765701,0.5505251832489804,-0.5347274785539756,-0.3738861890707683,0.4092125526339602,-0.5847693392364731,0.07333917288271885,0.30427014094030713,-0.5847693392364732,0.2622930493497997,0.58095868315882,-0.5847693392364731,,,,0.10773570298620692,-0.0015109000969925792,0.48899870410000157,-0.37975210101680207
UNP,,,,,0.10185310975094822,,0.16375806398313952,0.011191884040874707,,-0.0225749999999999,-0.0225749999999999,-0.08434660848611153,0.18773567801876168,-0.1257854503127399,0.01631890354317167,0.18422869008783466,-0.14835835641293194,0.19222313311872496,0.227882950953649,-0.27867335602599563,0.2016992773447792,1.062619434789024,-0.27867335602599574,,,,-0.5968566207522978,-0.4185270555317461,0.02134180384342758,-0.19967136906397934
UPS,,,,,0.08252857173720483,,0.23666832299925825,0.021680255841424415,,-0.032675,-0.032675,-0.271743990627351,0.30722811640474135,-0.3041559740916022,-0.31662650581045926,0.24142138220039605,-0.4150084117182079,-0.3354410148427195,0.2756962481341502,-0.542627303240589,0.2687089067414465,1.0638536033877952,-0.542627303240589,,,,-0.18956941656709628,-0.35375223975227915,-0.5727883461680825,0.7369711693532653
URI,,,,,0.0891497043863271,,0.21698834236719347,0.05769021837540289,,-0.06295,-0.06295,-0.0031472825629175194,0.373561574184373,-0.17131441709622663,0.830008027890814,0.33862200569286505,-0.27460352591870785,2.892150632864222,0.39510690328122816,-0.3592624531337245,0.3913364182336584,1.9820102119212546,-0.4338799975901736,,,,-0.29950462182100385,-0.13135940950938949,-2.353708177019398,2.1855629647077834
USB,,,,,0.010120081564836493,,,0.009281561278596825,,0.0028,0.0028,-0.08583341536618416,0.19829837987048388,-0.1464981160117762,0.3381421244407321,0.23248962673154258,-0.22592490418612898,0.33609605077648075,0.29943074937673364,-0.47289828543600043,0.2590818928676927,1.0955536653091609,-0.4728982854360003,,,,,-0.43032495966395723,1.5140202747881657,-1.0836953151242086
V,,,,,0.2139444626077052,,0.3290690684356511,0.09868189806678383,,-0.0141,-0.0141,0.074717918573868,0.13922783050326673,-0.07584328426866371,0.32932236106902435,0.13412898426404668,-0.07584328426866382,0.6574763223598756,0.20325913325837905,-0.27288891518613156,0.17979945136547731,0.8904764293118557,-0.27288891518613156,,,,0.32659445092234807,0.12179985591262316,0.5198817069471343,-0.3150871119374094
VICI,,,,,0.06061959529542922,,0.08577068183067471,0.0346602937459631,,-0.0006999999999999,-0.0006999999999999,-0.025155721288600996,0.1741978306399089,-0.09977002146687697,0.12404776229661607,0.169279672147046,-0.11063569452891886,0.5392679127497855,0.19253402575166867,-0.15649425849082887,0.2521997980052649,0.8832943382001345,-0.3674028735402478,,,,-1.0325053657605714,-0.27358921921243473,1.3081335891406207,-2.0670497356887574
VLO,,,,,0.012779392393417945,,0.051502289501745874,-0.06573921244989389,,-0.030725,-0.030725,0.26470640164684256,0.28564488828901413,-0.12714294712751484,0.44392832472658217,0.27982069064346005,-0.2997031164953541,2.805281284635154,0.3542713379387148,-0.2997031164953541,0.3485601886986461,1.468146878175485,-0.6467547010888052,,,,-1.2239335391330657,-0.8936434699442057,-0.4580800498787324,0.12778998068987246
VLTO,,,,,0.13486879365678686,,0.48495374740419106,0.21480603083178046,,-0.008375,-0.008375,-0.08150057426293478,0.12831660551622365,-0.07438326854681399,0.29130118050883835,0.19399863440476955,-0.14443294940414075,0.4456957648263846,0.2039640072611154,-0.14443294940414098,0.17827316765966275,0.8898951290468652,-0.14443294940414098,,,,1.197388711279704,0.8389673486791156,0.8566534998991997,-0.4982321372986114
VMC,,,,,0.05840030087422383,,0.1285101353166471,0.19402239666863622,,-0.03745,-0.03745,0.0071667594276696445,0.2504247283158334,-0.14711419351407928,0.36852486004044516,0.25579691390722353,-0.18849602015354816,1.1474023924107857,0.2530548117937499,-0.31223656032301594,0.21967016008070953,0.8353448214271337,-0.3122365603230157,,,,-0.7937566251360616,0.7106103358132154,-0.8536766101586695,-0.6506903507906077
VRSK,,,,,0.1954451610838148,,0.44221094804453476,0.0056628704461083494,,-0.0481249999999999,-0.0481249999999999,-0.2634080880158325,0.20160409872220494,-0.31215361499499783,-0.09700788896496726,0.21540868753130923,-0.31215361499499794,0.12069156735297737,0.2552537214442946,-0.31215361499499783,0.21337917442547014,0.7965063937182533,-0.31215361499499783,,,,0.9586212801230705,-0.45267352210002587,-1.4816310013836937,2.89292580360679
VRSN,,,,,0.3522235906378823,,0.9194153815402877,-0.0646468673177862,,-0.02345,-0.02345,0.3138926486946356,0.26390417396717936,-0.16727189083964455,0.15897467788751452,0.22614938016992678,-0.17712181932820914,0.22526122304852647,0.2419696425337817,-0.34075330809643156,0.2412295397856872,0.798051681143495,-0.3407533080964317,,,,3.6243539515746965,-0.8868972889310418,-0.030129867568465907,4.541381108074204
VRTX,,,,,0.15869020379406396,,0.4289338274588671,0.19394896707248624,,-0.0025249999999999,-0.0025249999999999,-0.089996378021868,0.3160992056782836,-0.23254172911938786,0.2006426057080022,0.2829570010644997,-0.23254172911938797,0.8704720087815585,0.24695968313847902,-0.23254172911938786,0.28166279447660525,0.5506502201035663,-0.4145275602248013,,,,0.8844533729459629,0.7101568442080526,1.200778388767255,-1.0264818600293446
VST,,,,,0.06283301101156412,,0.19473497256975963,-0.025022364217252395,,-0.054825,-0.054825,0.21459738202935652,0.5153768134108745,-0.299869384383296,4.560387629556524,0.5768495439828588,-0.2998693843832959,10.561139667556226,0.4321538855607554,-0.2998693843832959,0.29258090635234957,1.1532176922962596,-0.4012416890425685,,,,-0.4238151494587195,-0.6421815277529844,-1.8757569424804401,2.094123320774705
VTR,,,,,0.007351310107862051,,0.08587803466813027,0.07927769447239975,,-0.0305,-0.0305,0.1914766529795917,0.2081462178907459,-0.09195541847378186,0.7247995901536768,0.2258851643401911,-0.15148466936544025,0.841817613488058,0.2736337623575861,-0.3535027610049145,0.3411004666703613,1.0151151914763499,-0.6174004142810482,,,,-1.0319056773543218,0.0019620262594425815,-0.44484447722996134,-0.5890232263838031
VTRS,,,,,-0.08503788737867886,,0.1267195206121806,-0.15262519302889918,,-0.0794499999999999,-0.0794499999999999,-0.16439549189244929,0.3386825255441987,-0.31517891719760927,0.24048125010883603,0.315658419483444,-0.34866135711373714,-0.24290683599654672,0.3374594241650368,-0.520512006727369,0.3487735479534445,1.1660440263835397,-0.8338153200006108,,,,-0.8037592566805997,-1.4302399496312088,-3.3243168379292745,3.9507975308798837
VZ,,,,,0.047578200799725925,,0.2126282425120495,0.010916638972849509,,-0.030525,-0.030525,-0.048545948049007914,0.17877573587001755,-0.09227931252081922,0.17398019868934567,0.18966724156140533,-0.09810552868852407,-0.11840626408267108,0.1907587387947264,-0.3638500440070047,0.17300340763178348,0.3729992762083471,-0.3783077474807436,,,,-0.3238607673611987,-0.4202269331595209,-0.44631509641315814,0.5426812622114804
WAB,,,,,0.060026290786511005,,0.18299428630926814,0.08026064844246662,,-0.011125,-0.011125,0.025367655395690525,0.2182258429455731,-0.12665297133151587,0.7735697681513183,0.19950759971906187,-0.12665297133151587,1.8728388950544739,0.22021186812317292,-0.15129717531885933,0.3141521983947671,1.357851231867406,-0.5591474339278846,,,,-0.4894003132858572,0.008032621728554385,0.6948853897475525,-1.1923183247619642
WAT,,,,,0.14397619034402379,,0.39134183245926846,0.06046868014655723,,-0.038,-0.038,-0.10171034715807437,0.3083133991658542,-0.304996625276572,0.2315669946845187,0.3291415631922569,-0.304996625276572,0.4895478837990672,0.3199036373136877,-0.4238683998143382,0.26846091532004873,1.0226703950366962,-0.4238683998143382,,,,0.6744590765363757,-0.11419999212800137,-0.886030232188999,1.674689300853376
WBD,,,,,0.007414934624510317,,0.16060864255042856,-0.058336187505206936,,-0.149725,-0.084981,1.1269085772088574,0.7613127443359499,-0.24345549324310112,1.133014480609337,0.6341616533206045,-0.3532513128734718,-0.1716833503560593,0.6152228763473089,-0.8612106297768239,0.38425168738746035,1.5800824700443439,-0.8612106297768239,,,,-0.6144497423162498,-0.8479233537887351,-3.6496766260197386,3.8831502374922238
WDAY,,,,,0.033518268318624776,,0.3892833529766867,0.1063816681039793,,-0.0218,-0.0218,-0.04924201986834764,0.1529022918884588,-0.12895872988280943,-0.12204494827105883,0.22824082058625472,-0.2823932860914684,0.057342407467583234,0.30824029083600996,-0.5186564709881484,0.30342032830389287,1.3084427252840523,-0.5186564709881483,,,,0.6629601137752097,0.16935263104188156,0.0669309985225223,0.42667648421080584
WDC,,,,,0.0927081653163269,,0.25043115748725137,-0.24556952742613594,,-0.01775,-0.01775,1.8729118522120292,0.6584658074957064,-0.17873654945568263,3.3405882553880657,0.5031495812376258,-0.2940624783705178,3.6723222404770857,0.49679261636534533,-0.5806194482980349,0.41600411844975554,1.753016033293056,-0.6292626724547035,,,,-0.11268824160049572,-2.0042520320414305,0.3051713062004027,1.5863924842405321
WEC,,,,,0.03516658118353378,,0.08479574637339349,0.08842318234631759,,-0.021075,-0.021075,0.12283110794297203,0.16189986052467856,-0.040300087272070906,0.4101400435495648,0.15881399045128725,-0.06937155298386943,0.3659724247926608,0.1936735826297303,-0.20590077549318475,0.15641290524746243,0.3444629678728819,-0.20590077549318442,,,,-1.0379514955921676,0.05844336611958447,0.10957895483522927,-1.2059738165469813
WELL,,,,,0.021607447771158427,,0.06763256531861321,0.22619520029642945,,-0.0218,-0.0218,0.3373633048661753,0.1910508428344966,-0.005993019210861261,1.122989396179213,0.1652093682153104,-0.08792884437872583,2.2952655112415514,0.2306354890309838,-0.35572781133884535,0.28069852612954427,0.9394752122548592,-0.4847706878325444,,,,-1.1338274960488453,0.9093053733013075,0.0669309985225223,-2.110063867872675
WFC,,,,,0.010576664889414214,,,0.021234252525549297,,,,0.1649013508783752,0.1997927929288547,-0.09440889135910457,1.0425154175955416,0.22539283558742468,-0.09440889135910457,2.562769501988192,0.28927790788372504,-0.28435304633416136,0.298624431137362,1.1903723075139436,-0.6385367721068438,,,,,-0.3565066980392487,,0.3565066980392487
WM,,,,,0.06421049526562639,,0.22446535500427717,0.34480425894879263,,-0.0447,-0.0447,-0.1254158770067486,0.1995538622150171,-0.1775152367222531,0.18008249172145274,0.18217326225291497,-0.17751523672225322,0.7884045459289073,0.19155654730806163,-0.1775152367222531,0.16111945236979638,0.6690660308541545,-0.2359796797173117,,,,-0.25773695272052793,1.6418194441297407,-1.2801561732857392,-0.6194002235645295
WMB,,,,,0.044277550425184796,,0.1209839860732612,0.07120914346772501,,-0.033375,-0.033375,0.04402253319825333,0.19310356265414932,-0.08650354655454251,0.7419672289485386,0.20494214202186564,-0.08650354655454251,2.634832982206083,0.22831727829233828,-0.20850631844844647,0.32732817948620907,1.1625712213043258,-0.48346399582688315,,,,-0.8357987783938293,-0.04786829200860804,-0.6139656832975926,-0.17396480308762863
WMT,,,,,0.08073907422801109,,0.652778290025543,0.06444348372897343,,-0.031475,-0.031475,0.10897899939735556,0.19422870469523887,-0.10728030992720072,1.0033137805337287,0.19077378054972668,-0.10728030992720072,1.1384017123781836,0.19586085292949923,-0.20241876275718962,0.1680595109326373,0.5327405367607853,-0.21618021865700088,,,,2.1348807690544467,-0.08965212381186477,-0.5021986253746364,2.726731518240948
WRB,,,,,0.042699074030705615,,,0.09632859939903755,,-0.00835,-0.00835,0.13460605584435914,0.220807356485597,-0.07129584791692711,0.5501205220259577,0.24360770407648893,-0.12969251031055684,1.7549944323089055,0.22109962439566264,-0.26288292318150375,0.19957770883416034,0.615697769197044,-0.2891970671433932,,,,,0.10726619038511574,0.8581241190823965,-0.9653903094675123
WSM,,,,,0.21546958383743317,,0.6940267617109718,0.0032035784293409104,,-0.019,-0.019,0.1367735483123247,0.31723638158396933,-0.26567448941159066,1.1196388256165508,0.45199757854864137,-0.2656744894115908,2.871128233608212,0.4499867527736289,-0.4246866144431656,0.30356402400846133,1.642111461076019,-0.42468661444316547,,,,2.365300670675653,-0.4678617887217026,0.23164034704056305,2.601522112356793
WST,,,,,0.13101850297189294,,0.28049296484099534,0.13280220095145298,,-0.0254,-0.0254,-0.1388281892054144,0.3747957625020099,-0.3816663648175408,-0.19849664644045695,0.29832273681541327,-0.46531240403110985,0.02863629014495994,0.33379855429042904,-0.5464832829279662,0.3188280801081601,1.0945385493673794,-0.5464832829279662,,,,0.055241342453700375,0.33252239471299466,-0.14483816385781573,-0.13244288840147855
WTW,,,,,0.004919607508685621,,0.15340557136572971,-0.038619944635743704,,-0.011175,-0.011175,-0.013798659364916532,0.17588598779069248,-0.0936459833850809,0.30628114020192543,0.17379543396280353,-0.0936459833850809,0.6119850074605484,0.21142330768451129,-0.23381911237898823,0.19894164446922066,0.70720251047792,-0.2338191123789879,,,,-0.6546871350227331,-0.7261584102857048,0.6919441513811591,-0.6204728761181874
WY,,,,,0.016857496752363976,,0.0733512582701429,-0.019166666666666665,,-0.019275,-0.019275,-0.28585730087056405,0.20800000611497274,-0.24760799775386388,-0.24306084337905776,0.2610520236108897,-0.34578893154436785,-0.055171755104890474,0.27219195240985805,-0.384681868575557,0.29069553512321405,1.4939131439179905,-0.5005059929211005,,,,-1.1018820538675573,-0.6060175036973549,0.21546353602539828,-0.7113280861956007
WYNN,,,,,0.029246949374708026,,0.22583372469614885,-0.045205427501606874,,-0.0339,-0.0339,0.3423388244029837,0.3057224998702007,-0.1008732838852412,0.5171766015566266,0.3175763260821608,-0.2649065360874603,0.2844328344447231,0.3743929968548068,-0.5679077732774092,0.400680407190003,1.7177732906482381,-0.693475977556456,,,,-0.25009304260945603,-0.7668294932304157,-0.6448486861447251,1.1615851367656849
XEL,,,,,0.028851071824972947,,0.0890027034832137,0.10908769708657824,,-0.032425,-0.032425,0.15709709712972098,0.1810853399911455,-0.03964757088268844,0.43321059685828045,0.18984590947585755,-0.1489258554279227,0.4122481830461846,0.19542336480358893,-0.2617119785214087,0.18163600657820178,0.33770648235830514,-0.2617119785214087,,,,-1.014450827476218,0.18606471297175348,-0.5580821543361145,-0.642433386111857
XOM,,,,,0.06835653392811489,,0.16325122761855224,-0.02845626395952308,,-0.030375,-0.030375,-0.008879684984518743,0.19202865286838616,-0.1319077631039347,0.17676290487167967,0.15997864734298647,-0.1319077631039347,2.618710070070452,0.27017858989652216,-0.14190969055621117,0.2511942958451125,0.8815804347604999,-0.5770700528547662,,,,-0.5996878816571112,-0.6633888445263166,-0.43749138131397736,0.5011923441831828
XYL,,,,,0.056600642640558765,,0.19918840229902396,0.090453536314621,,-0.025575,-0.025575,0.18695140426537837,0.20817469303786088,-0.08732533525662456,0.446841031225488,0.20835555902060182,-0.1727838254067161,0.6419573596595127,0.2511617341382749,-0.42118820802872203,0.2329368426019363,1.089099279926494,-0.4211882080287219,,,,-0.39893764980443447,0.07098256731924732,-0.15513249814019334,-0.31478771898348845
XYZ,,,,,0.0808296977870738,,0.2565041095045961,-0.018329462587824197,,-0.03075,-0.03075,-0.16092602494514685,0.4220911505695027,-0.4017837259016098,0.1713700566653642,0.4466700227742597,-0.4017837259016096,-0.6478005276491408,0.5602585201223922,-0.8498526545294589,0.5615701121984936,2.6786659569821936,-0.8498526545294588,,,,-0.07876385727279214,-0.600847040539861,-0.45955066906192926,0.9816338523289982
YUM,,,,,0.21401883126587953,,0.546555073979973,0.08162627052384676,,-0.024925,-0.024925,0.02269980913964398,0.2521650234165822,-0.11310256081860981,0.14872818996303616,0.1986054428962744,-0.11310256081860992,0.4392358115791388,0.20982571069167022,-0.22303399455034933,0.20494704118391904,0.8754364122702226,-0.40800510748080676,,,,1.5415025906393032,0.016466525524864724,-0.11689639937707667,1.641932464491515
ZBH,,,,,0.03737011344012454,,0.2526363085553233,0.0625046468401487,,-0.03285,-0.03285,-0.10057412511291353,0.2625420034605315,-0.19202571830539727,-0.12589491392768348,0.21906657524686043,-0.3009738983929864,-0.28205880643211745,0.23451587152138792,-0.4512174661625261,0.24979387729277902,0.9727595085378644,-0.45121746616252656,,,,-0.10036995024560584,-0.10162612746927467,-0.5830826804504596,0.5843388576741284
ZBRA,,,,,0.06959834894427687,,0.3203048102873472,0.059813084112149535,,-0.020125,-0.020125,-0.33518430817625133,0.34777309957711433,-0.3613308012324137,0.14178408072619497,0.34078526819387533,-0.38496312696752133,-0.28497442796075245,0.3759099139291863,-0.6481351001670775,0.3445138218647812,1.6887035546691886,-0.6481351001670776,,,,0.2776360430638474,-0.11824886769820968,0.16546248379670733,0.23042242696534979
ZS,,,,,-0.007726005642230506,,0.3827680904679162,0.36449132066360496,,,,0.6277167093012652,0.362299317652905,-0.11750657565635536,0.7023742777895274,0.38107385419781736,-0.297598851690524,1.1590368475998187,0.47182389917335127,-0.7403233762079344,0.4237690839806714,0.9319464746091266,-0.7403233762079344,,,,0.6265649193603448,1.7634041686290316,,-1.1368392492686867
ZTS,,,,,0.18274999562715363,,0.46918892445470606,0.02216731380162372,,-0.027825,-0.027825,-0.16537361532989492,0.19132739325094067,-0.1482460271294319,-0.16388226553519425,0.22495058286274078,-0.25822022789086585,-0.05857686123223804,0.24334633118917604,-0.3950529313643578,0.23932646255844436,0.8169349135651661,-0.3950529313643577,,,,1.1093241405290917,-0.35074423333853055,-0.2874882246279046,1.7475565984955268
