,mcap,EP,FCP,ShYield,ROA,ROE,GPA,AssetGrowth,Accruals_est,Accruals_dolt,Accruals,ret_1y,vol_1y,dd_1y,ret_2y,vol_2y,dd_2y,ret_5y,vol_5y,dd_5y,downside_dev,beta_spy,max_dd_monthly,EP_z,FCP_z,ShYield_z,GPA_z,AssetGrowth_z,Accruals_z,Score
A,,0.0298569350135261,,,0.10136257892987703,,0.2965270854104354,0.11185885776646053,,0.0004999999999999,0.0004999999999999,0.057212705322374546,0.3103906947981064,-0.2883540090854343,0.1490823577142626,0.2703084950808634,-0.2883540090854343,0.2805019807638507,0.27815820894660964,-0.40219164564238186,0.23616443560194425,1.1627389681374503,-0.4021916456423821,-0.292831282067803,,,0.1448102484817523,0.20317903976604862,1.378723309934055,-1.7299233832861542
AAPL,,0.02449358966360905,,,0.28948974079908557,,0.5561742916023045,-0.00035282197266685165,,-0.0226999999999999,-0.0226999999999999,0.13767788657585434,0.22069461873269594,-0.19601268770325964,0.4284173925695225,0.2029672235030921,-0.19601268770325952,1.3193596829589564,0.2484936730758066,-0.2640420125104602,0.24171475631080672,1.2042528063919113,-0.30461536678299417,-0.4352647382712222,,,1.595236925213293,-0.48982565358640934,0.013988707927443613,1.6358091326010364
ABBV,,0.009860350697296258,,,0.02727157429384161,,0.2998351240193503,-0.03350077851441132,,-0.0385,-0.0385,0.19920930463440345,0.2352175059240219,-0.1058830811900463,0.5969553830034231,0.22813599192296427,-0.12836609373437424,1.4630266585942957,0.22100863577210159,-0.1572592284507438,0.2283303551806712,0.6072155519747091,-0.3903153867315722,-0.8238771928942895,,,0.16328942842903252,-0.6945431082388788,-0.9154426158529348,0.9493979596265566
ABNB,,0.03241324843125092,,,0.1103184525998382,,0.405047331869425,0.02553191489361702,,-0.00305,-0.00305,-0.06840054012817143,0.19616274485593233,-0.13977098520335818,0.003641022061112942,0.238514323329257,-0.28885794869010384,-0.13623977918412244,0.3868677560580655,-0.5856554520424444,0.3910959207948615,1.0980150701747236,-0.5856554520424444,-0.2249436985782647,,,0.7510199695033108,-0.3299648959876334,1.1698953859201164,-0.31385421900743693
ABT,,0.09924095900703529,,,0.17407546923108055,,0.30069392342248386,0.15040333073119957,,-0.029375,-0.029375,0.06244478554652222,0.21345825453789066,-0.09205968613730164,0.234104437815702,0.17899653125012596,-0.13438292281940933,0.2525010156536043,0.19995769103136843,-0.3042373756814978,0.1798562943462596,0.7757546412109779,-0.30423737568149767,1.5497885191816758,,,0.1680868055413653,0.4412246757413827,-0.3786666139861056,1.6553172629677642
ACGL,,0.11081395348837209,,,0.05003249298218581,,,0.20351332773237607,,-0.023,-0.023,-0.14614774664714192,0.1594365377382746,-0.10584321348383252,0.08066397962496086,0.2512226797662368,-0.2002760674912366,1.8087197151909056,0.25144787678721936,-0.20027606749123683,0.2427369680557054,0.639378195264066,-0.4558423988952628,1.8571305781123744,,,,0.7692250877423135,-0.0036587222709237054,1.0915642126409846
ACN,,0.048905167769290846,,,0.10483055512136258,,0.2781962566995728,0.17030817073370524,,-0.025175,-0.025175,-0.304614043668582,0.21694826013238883,-0.35300096394228153,-0.23144085922022306,0.23063940402543442,-0.3530009639422812,0.07155282179776168,0.258142813059349,-0.3736447968025275,0.22723947844921483,1.1714023903400035,-0.3736447968025276,0.21302941661211916,,,0.042411600105060926,0.5641543705310442,-0.1316025912090446,-0.1771107626048195
ADBE,,0.04744125386579048,,,0.23775267843411993,,0.7061497189139313,-0.036071069393228294,,-0.025025,-0.025025,-0.34589962589599865,0.22371585357896137,-0.24109470455363047,-0.4476849874355546,0.29107825569292517,-0.4537376004128948,-0.2946893214627282,0.35152004407971255,-0.5891617194338095,0.2843745603410551,1.2418623152133537,-0.5891617194338095,0.17415250243708455,,,2.4330212550252255,-0.7104168893500983,-0.12277887610986381,3.440369522922272
ADI,,0.016737297161013503,,,0.040841731130864645,,0.1303435903082909,-0.008757450423989909,,-0.027225,-0.027225,0.08979002244659817,0.26681515749432794,-0.1490564084394016,0.31843556896680214,0.23216462532687224,-0.15955467090865405,0.8346018180932533,0.25947113185507403,-0.21281368689621571,0.21593685525034037,1.187764858175655,-0.2415295040299662,-0.6412472876676426,,,-0.7835146815793815,-0.5417315423155622,-0.25219336423118155,-0.6308370627002804
ADM,,0.038442336397639575,,,0.020847165051122028,,0.10002465997685756,-0.013321188659911193,,-0.01615,-0.01615,0.13393706382455184,0.23060118066043286,-0.06835808677392541,-0.12997323790428317,0.28549172981755344,-0.3152829691198973,0.37625663906010565,0.2778227544527055,-0.4810772491535129,0.2251323226831502,0.7802245283600149,-0.4810772491535129,-0.06483022820096362,,,-0.9528805916064661,-0.5699165942110352,0.39929093392499726,-0.8470851595213916
ADP,,0.03880701278885462,,,0.07303894801858334,,0.1694270138658885,-0.018273558892402328,,-0.0355,-0.0355,-0.14464189431698382,0.17197318161425823,-0.20192480620250486,0.16794518453809415,0.16356604405997768,-0.20192480620250475,0.6389888073689811,0.21409775070473414,-0.20192480620250486,0.19954512878831096,0.7829964765399111,-0.21514275174173914,-0.05514557889950613,,,-0.5651890505150229,-0.6005017866109191,-0.7389683138693196,0.7191354710657097
ADSK,,0.015874060622677565,,,0.0983799844365317,,0.564529440894192,0.08995983935742972,,-0.0232749999999999,-0.0232749999999999,0.04021932510254356,0.19364774714373034,-0.15911867774019361,0.3901022058776271,0.26947077139320996,-0.2258659253949432,0.08353853172154202,0.315961020838708,-0.46451591536387504,0.32543545759209785,1.4572683961903734,-0.46451591536387515,-0.6641721145535646,,,1.6419099920980305,0.06793355932629346,-0.019835533286082556,0.929639851504255
AEE,,0.04480992671829118,,,0.027238520195797675,,0.08406868458148802,0.10136060849435442,,-0.024975,-0.024975,0.10751878297724637,0.13923546794412262,-0.0404366028542833,0.3947138149180267,0.15898522209715638,-0.048634109783491586,0.5107982669193087,0.18786695565361347,-0.23110530390914652,0.14736792008995567,0.393586680694604,-0.2311053039091464,0.10427279200113344,,,-1.0420129674411374,0.13834322201100346,-0.11983763774347035,-0.956245759707537
AEP,,0.05695463729392142,,,0.03514647897225174,,0.12437194579678562,0.08186796971771465,,-0.0221999999999999,-0.0221999999999999,0.23300934012289787,0.17891518193644385,-0.044448287691421506,0.6108574293435141,0.1724444698076086,-0.0923089270024221,0.6832048471712535,0.19313974729095235,-0.22824221564874925,0.1916366403336292,0.41837530601514183,-0.25146860225925227,0.42679781864406313,,,-0.8168731475936251,0.01795922821071133,0.04340109159137948,-0.45143564875165276
AES,,0.10866373072214222,,,0.02081770635320229,,0.04184091819853886,0.016841928861703465,,-0.02165,-0.02165,0.10862642649747944,0.38188464440641245,-0.21067254141199954,-0.12545189093038744,0.4482211526625222,-0.5198162472212678,-0.1989100904557718,0.39102993507149053,-0.6223172047235441,0.3246002689019467,0.9357905483208158,-0.6223172047235441,1.8000274754367032,,,-1.2779033502375414,-0.3836331159027435,0.07575471362170311,0.8300025274802021
AFL,,0.0753482276154266,,,0.01985327962004228,,,0.0380134478396911,,-0.008225,-0.008225,-0.046030897371503565,0.17190518564275106,-0.10146033151072265,0.34321046412551404,0.20342671213062932,-0.11870580056121849,1.721136867977012,0.20677365235142772,-0.1345441342554038,0.21744686668425314,0.836095046211627,-0.3723101337499972,0.9152732888134903,,,,-0.25288057702928735,0.8654772149983805,0.3026766508443972
AIG,,0.06648936247306014,,,0.019428915011402873,,,-0.011430103043659538,,-0.014925,-0.014925,0.049318484325687084,0.20398206260573898,-0.1023776482413058,0.2518968463934541,0.17856052111536813,-0.10237764824130591,1.3087960589080208,0.24070899749839103,-0.23438554594741356,0.31931460511887816,1.0030751229026684,-0.6007378025611763,0.6800099041264005,,,,-0.5582374961827331,0.4713512739016401,0.7668961264074936
AIZ,,0.07128376765118023,,,0.02035960109947525,,,0.051902407248393685,,-0.0088,-0.0088,-0.05193266837594912,0.20980797982598132,-0.12291002269654072,0.29702804471508903,0.23443753885119265,-0.16593209534143116,0.784506300306155,0.22300827739244652,-0.3272476086727202,0.21323219510735092,0.6011806569753985,-0.3272476086727205,0.807334112322275,,,,-0.16710417587042953,0.8316529737848541,0.14278531440785036
AJG,,0.02720388557176533,,,0.023808539360400297,,0.07885499655080115,0.27163187991309,,-0.006725,-0.006725,-0.21553212148560774,0.3205336378257488,-0.2977476591496028,-0.009518155173615317,0.27497753497457933,-0.29774765914960266,1.223035536042104,0.23632461715463443,-0.2977476591496029,0.21078408863587314,0.7002253725768914,-0.2977476591496029,-0.3632878678020002,,,-1.0711373794260526,1.189916378304543,0.9537143659901879,-3.578055991522784
AKAM,,0.04521669200585211,,,0.041346265712377754,,0.23512677856504988,0.044471036126576845,,-0.0469749999999999,-0.0469749999999999,-0.20729630461231063,0.22613385528788257,-0.25395397756835836,-0.35488618050039544,0.20982386630085575,-0.39519600138756805,-0.27997297612643024,0.25528512229794154,-0.39519600138756794,0.28773697934904785,0.594894784233251,-0.39519600138756783,0.1150751890110103,,,-0.1981807057218527,-0.21299935431741282,-1.4139825189566415,1.5438763565632119
ALB,,-0.09655029646596135,,,-0.05438900626455431,,0.03926322395402648,-0.05962248131717797,,-0.0252,-0.0252,-0.08427911075547445,0.49161747768182756,-0.34858657028678997,-0.17500590754188372,0.4697445189734325,-0.6058689975101366,-0.24699240468360018,0.4826700769096002,-0.7959160146750257,0.39935740643571144,1.5212058348652204,-0.7959160146750257,-3.6498067692061604,,,-1.2923027214132716,-0.8558673365434583,-0.13307321039224146,-3.9531689436837323
ALGN,,0.04179600123453771,,,0.07029145039644231,,0.44444394471749166,0.009867944590119,,-0.018925,-0.018925,-0.40486318582034597,0.45809285535654604,-0.4285062257683766,-0.3520580130873019,0.45799540915171216,-0.6181385822969949,-0.7121693857761293,0.48810209001482296,-0.8233850476435781,0.5262526412095787,1.7674212465510442,-0.8233850476435782,0.02423248219762458,,,0.9710951210359441,-0.4267035328398231,0.23605220459015333,1.1859789314832383
ALL,,0.12554248366013074,,,0.05102373936001227,,,0.06944854569614646,,-0.006575,-0.006575,-0.06413843310746492,0.1785053901468465,-0.10901464971747954,0.43720962712674516,0.20102343979381948,-0.10901464971747965,1.1032247714750683,0.22159840499141298,-0.19606588120942148,0.18610977995025973,0.5362990466816984,-0.23901276339235422,2.2482736651769373,,,,-0.05874151413349149,0.9625380810893687,1.3444770982210599
ALLE,,0.04487491091009027,,,0.13224641507043147,,0.36700386475470426,0.028394467577577368,,-0.014575,-0.014575,0.18252200450701928,0.20445534051787517,-0.071440727328417,0.5932746412076597,0.24401879513964952,-0.11938345513244031,0.5458019946741461,0.25717695489058845,-0.3662688423065944,0.21898174435483284,1.0789958951334984,-0.3662688423065943,0.1059985662022434,,,0.5385036848575414,-0.31228614410044037,0.4919399424663953,0.4648484526938299
AMAT,,0.03529510648703605,,,0.20154878678368612,,0.4094107235046832,0.016762267066900465,,0.0011749999999999,0.0011749999999999,0.3715288886650727,0.4206361395431257,-0.19348907461398368,0.6123042998988746,0.3717423349843532,-0.38100885752005553,2.003610931722954,0.37356532055253533,-0.47579546225374914,0.31052716482503445,1.5834978345112387,-0.47579546225374914,-0.14841068114363506,,,0.775394503401161,-0.3841250967536469,1.4184300278803683,-0.4073211088691955
AMCR,,0.040712467501819206,,,0.023179070795958406,,0.12855085447308437,0.9951456040739053,,-0.010175,-0.010175,-0.24142352289965974,0.16970943361973903,-0.2123374894443879,-0.1050204616516962,0.20239767494562697,-0.2786918567379605,-0.1479734900056675,0.20249517142728718,-0.30541329295725583,0.20838763813005237,0.794865085233099,-0.3054132929572556,-0.004542740055493022,,,-0.7935291620656252,5.6582427389296095,0.7507689187090306,-7.2070835597597585
AMD,,0.006739842253559534,,,0.03974308632972458,,0.1976776799237112,0.10214182600241581,,-0.017775,-0.017775,0.8927686817286509,0.7244655589784454,-0.19405581806228023,1.1430338894722682,0.5810479273462653,-0.4943645193406123,1.8021798363327814,0.5634697081584505,-0.6207614874973696,0.4168023486372057,2.0936188965368596,-0.6207614874973696,-0.9067480083565547,,,-0.40737676250056587,0.14316791941214996,0.3037006870172059,-1.7609933772864763
AME,,0.03125157158764581,,,0.09657802122687259,,0.169388259972507,0.031811588453153065,,-0.01715,-0.01715,0.029041817109597634,0.16239491544870857,-0.10256432901225587,0.29689377690791474,0.16354492903933407,-0.12475469436073017,0.7319642349263589,0.20009237595615081,-0.2500185388769025,0.19856311915245292,1.2086167816934001,-0.27623614189453294,-0.2557941542232128,,,-0.565405535343079,-0.2911824514186091,0.3404661665971257,-0.8704834047448085
AMGN,,0.041309485333331675,,,0.07354730461740179,,0.2501875072919502,-0.03311076154751559,,-0.046025,-0.046025,0.0739137985003715,0.19553698943614187,-0.09588355619127287,0.160647066048756,0.22617711141301164,-0.2129995494573318,0.5509152031863098,0.22719631786753625,-0.2154464477435638,0.2079022922750001,0.6138454884249591,-0.2154464477435637,0.011312161616782578,,,-0.11404930667120744,-0.6921344143384381,-1.3580989899951694,1.9474962592791827
AMP,,0.07102435928467522,,,0.01763899941750281,,,0.028953811908736783,,0.002525,0.002525,-0.204511997692033,0.18429891938296236,-0.15969836731838682,0.3092917695246802,0.20720630758059538,-0.20451199769203332,1.6275491759655165,0.2516980142700665,-0.21254320329803933,0.2730934931973941,1.5174608177118614,-0.3814412520923862,0.8004450481657103,,,,-0.3088317064911404,1.497843463773001,-0.3885667091161502
AMT,,0.04019474651569818,,,0.020709294954071675,,0.12222777100754773,-0.03164291637934439,,-0.025525,-0.025525,-0.1259049376572915,0.22105560467778138,-0.20323155600529108,-0.09621276524981226,0.24767901645334675,-0.2087416493019172,-0.11881794438030102,0.2624758902730653,-0.4139626414323836,0.22314428474114445,0.5883225523996982,-0.4139626414323835,-0.01829176880364185,,,-0.8288508166758325,-0.68306919409557,-0.1521912597737997,-0.011882131610104624
AMZN,,0.0258267716535433,,,0.11143906024033648,,0.5244813893471498,0.22953833509367036,,-0.060925,-0.060925,0.22179999396665284,0.269897088432352,-0.22408278419752314,0.7386542978105426,0.23510205446354424,-0.22408278419752303,0.6035151800403673,0.30906110419225596,-0.5209676463567985,0.26880690164467,1.2745210338004394,-0.5209676463567985,-0.39985964943475105,,,1.4181958102014383,0.9299521376166091,-2.2345880231804576,2.322972046330536
ANET,,0.02728599593834826,,,0.22447809475009806,,0.35260338362929405,0.42251275139838435,,-0.015425,-0.015425,0.5532994282560197,0.41201654382134223,-0.32760564870476083,1.869054508620963,0.3410436711962478,-0.32760564870476083,8.314517280028245,0.36714190874180735,-0.3478956670346468,0.38014145707501046,1.300696236991174,-0.3858678357663967,-0.36110727667099696,,,0.4580605239685718,2.1217369545538647,0.44193889023770433,-2.466722597493994
AON,,0.03463394575927876,,,0.05124923706955957,,0.15500777696836054,0.04969583892095699,,-0.006875,-0.006875,-0.12680135475882448,0.20638818024856193,-0.1658440996638546,0.04954053819706261,0.2398221386568169,-0.1658440996638546,0.7216992939192393,0.23539357997740668,-0.1772564912979211,0.21550452634333817,0.8432902176563821,-0.2506694400837183,-0.1659690148731413,,,-0.6457369838474216,-0.18073165396069205,0.9448906508910072,-1.5758649956508781
AOS,,0.05467559853444986,,,0.16069906883782906,,0.4486621322219296,0.015355266449837379,,-0.015775,-0.015775,-0.10039642946926541,0.17894145188098431,-0.10071772777253407,-0.09642117738389266,0.21840058781277474,-0.2735347798610821,0.2760752897629224,0.2904379146858681,-0.42684157431224257,0.2582099443444654,1.2119800988202942,-0.42684157431224246,0.36627377140214773,,,0.9946585237531346,-0.39281454898750856,0.42135022167294917,1.3323966224698416
APA,,0.1264170302939511,,,0.05736650082918739,,0.2166766169154229,-0.10482792770487745,,-0.092125,-0.084981,0.04544384143903213,0.37990841804162767,-0.3086556966763706,-0.31965149269766613,0.33368465748852194,-0.5398165920066006,0.9921180210324654,0.42337997997178106,-0.638863101111279,0.5471379681522486,2.839402548312179,-0.930836074883022,2.271498852357551,,,-0.30124596507555107,-1.1350502752945744,-3.6496766260197386,6.754979788596313
APD,,0.02903576195804636,,,0.038732530704367496,,0.09600071944333072,0.12670422428551723,,-0.0237,-0.0237,-0.2658185530069864,0.2763545716092897,-0.2723232277687597,-0.06832614761961542,0.25533730510881886,-0.2723232277687597,-0.0350676963495552,0.2616014467479279,-0.27232322776875995,0.20058425806855013,0.8294504168581436,-0.2723232277687597,-0.314639036147057,,,-0.9753589027772622,0.29486208645210954,-0.04483605940043384,-1.5400239659759951
APH,,0.017802896119179602,,,0.14195675491063806,,0.29174865479936113,0.3810015710073816,,-0.011025,-0.011025,0.9638997737199493,0.28017459621950835,-0.07092527427662076,2.1626796733787006,0.22555437335116382,-0.09285315147658924,3.534043094597396,0.24076559741964046,-0.25959956608331813,0.20259537341446754,1.2342219383986786,-0.32449772126496024,-0.6129483561918413,,,0.11811724710937813,1.865369320592367,0.7007678664803397,-3.06096829615517
APO,,0.05235982379822106,,,0.008631937785481358,,0.06195830202686559,0.21080853323482557,,-0.000325,-0.000325,-0.2846745018087906,0.19976757614508509,-0.2677306428605427,0.38122589435421017,0.2826381266129509,-0.2846745018087904,2.1702846224050782,0.36420846393653544,-0.3793847615169178,0.29894449083082497,1.6179828985330336,-0.3793847615169178,0.3047741330328358,,,-1.1655247477537896,0.8142793250901689,1.330192876888567,-3.0052228166996895
APP,,0.011864460129408354,,,0.3522235906378823,,0.7480861753453019,0.13094894245451058,,-0.05745,-0.05745,0.8771789596093174,0.7790993890203962,-0.28307041898812835,15.866062496507684,0.9178777532975844,-0.28307041898812846,9.897087277001145,0.8354151315978996,-0.8928244301987666,0.5713531265711235,2.5013003154254148,-0.8928244301987666,-0.7706543973437453,,,2.6672843384904947,0.3210769120380876,-2.0301719567161034,3.6057249858247653
APTV,,0.05442093900804055,,,0.04253264474954864,,0.1587941386404669,-0.0326855480586643,,-0.0255499999999999,-0.0255499999999999,0.4725373391067407,0.27694684648449247,-0.12377151463977887,-0.012916462362696168,0.33324165556653285,-0.3810744758830523,-0.3111204823474326,0.361160146576147,-0.6788131240943159,0.3760493179447644,1.881745277949617,-0.6788131240943157,0.35951082138958423,,,-0.6245858224021541,-0.689508351310634,-0.1536618789569906,0.5780952292550547
ARE,,-0.0023343509284565103,,,-0.00027080203063702205,,0.055406693195250656,-0.005924667084920114,,-0.0183499999999999,-0.0183499999999999,-0.46278750408646263,0.40452092248185323,-0.428733716201928,-0.43538947369560943,0.3337387596552991,-0.530400300414131,-0.5854953045815283,0.31533400799340355,-0.7045529186015995,0.2810090451699739,1.0520590149144822,-0.7045529186015994,-1.1477298234082436,,,-1.2021229779610587,-0.5242366420182851,0.2698764458036854,-2.0954926051547025
ARM,,,,,0.08009395857801713,,0.4586782778080151,0.19225888324873097,,,,0.2560875799313902,0.5781953766322743,-0.3306800446698531,1.742764108549287,0.8842204258716113,-0.3473291522894715,2.15171881975035,0.8632524199084846,-0.3473291522894716,0.3828946737403693,4.055627201533192,-0.3473291522894716,,,,1.0506101550807212,0.6997191070246829,,0.3508910480560383
ASML,,,,,0.21697818728429144,,0.3720669723206755,0.10083454014383544,,,,0.5685966181277113,0.3761334272880566,-0.13091975420922142,0.5877791684433535,0.36550610713295867,-0.3480140020327015,1.549605808198037,0.38287216980780603,-0.49547249436865715,0.2790414470662449,1.4624911108293523,-0.49547249436865715,,,,0.5667869326865949,0.13509429251648564,,0.4316926401701092
ATO,,0.041922409542194804,,,0.04353564175431402,,0.10072718699363495,0.11334408222391072,,-0.01995,-0.01995,0.1603238635623867,0.14410084131337594,-0.03525363403222248,0.5836771399838898,0.14119081422009294,-0.07963252049290215,1.0310052160168905,0.19858100162778106,-0.1561089749063892,0.16124592488917336,0.5311571803935028,-0.2554504138235383,0.027589486264629835,,,-0.9489561745437785,0.2123515922319569,0.17575681807908497,-1.3094750985901904
AVB,,0.04288076757358013,,,0.05435027458738558,,0.08800038639779031,0.03807167646763825,,-0.0319,-0.0319,-0.22933547443916358,0.15222461483422137,-0.21087190531920386,0.0851060213927286,0.17956353113315882,-0.2357074949745751,0.2464280977317872,0.1916097740197666,-0.3392471813311275,0.20412854859212978,0.8605471630911343,-0.33924718133112763,0.05304043856861072,,,-1.0200499150249114,-0.2525209646204128,-0.5271991514889816,-0.18728936034690635
AVGO,,0.010950214132311694,,,0.11452180251461617,,0.24224881815459717,-0.013961158805948823,,-0.032375,-0.032375,1.2587968256781026,0.559711686274054,-0.27563567958606994,3.015718038003513,0.43987946744164413,-0.27563567958606994,9.101767112709707,0.36961288399994535,-0.3169658939459752,0.2640682289965596,1.1041307175584918,-0.3169658939459753,-0.7949338738068136,,,-0.15839596717248394,-0.5738689663334435,-0.5551409159697208,0.17568004132386683
AVY,,0.05072588387717704,,,0.0841943219159833,,0.2956156191716747,0.03253717673712371,,-0.0146249999999999,-0.0146249999999999,-0.13675019028449298,0.15792131394348316,-0.12362298871047395,-0.07138203989014258,0.150881216173559,-0.2673143106191229,0.2668517904536871,0.2303953752685851,-0.2736204214160005,0.20500821586800375,0.9850692818206307,-0.2736204214160004,0.26138186663950336,,,0.13971866684285075,-0.2867013128472748,0.4889987041000075,0.19880314222962142
AWK,,0.044058108646647075,,,0.03289568604818929,,0.09048591757853731,0.08643280474131027,,-0.0264499999999999,-0.0264499999999999,-0.06350803478450306,0.19316308926487932,-0.13603645077929816,-0.005116997032188042,0.17752714245059206,-0.1438684264278688,-0.09987051242016687,0.21974613050805772,-0.3573082151596113,0.1896519548276249,0.4742816447713615,-0.35730821515961153,0.08430688650856316,,,-1.0061653799926358,0.046151053723758766,-0.2066041695520752,-0.7614053776557561
AXON,,0.006739400862499866,,,0.06281559721292916,,0.27837751431624974,0.6607807352025588,,-0.01255,-0.01255,0.11923449825859822,0.40091933851158,-0.19355083241798066,2.1500412884108346,0.5067589566168135,-0.19355083241798066,4.760998977810476,0.46449467544123796,-0.4991398987794854,0.34148466041330366,1.0164256318488647,-0.4991398987794854,-0.9067597303043438,,,0.0434241312485492,3.5932489347309504,0.6110600963053354,-5.06764463009208
AXP,,0.04120347381557667,,,0.036227951153324285,,,0.08572876985074518,,-0.0037749999999999,-0.0037749999999999,0.19967035692771828,0.24912436548083405,-0.1579951985040039,1.1660254721172452,0.21481161323441464,-0.157995198504004,2.243645693535786,0.26122814168314307,-0.3019467811057114,0.26537946130667395,1.258483644735211,-0.34080229872569734,0.008496831652724128,,,,0.0418030260979379,1.1272474296074153,-1.160553624052629
AZN,,,,,0.0775900774497699,,0.4300987765181277,0.07745830937320299,,,,0.23430474450977634,0.19421974968900954,-0.08305999691532562,0.3201272997027531,0.21764049770568394,-0.25222562405293425,0.7300506875330508,0.20364258319253034,-0.25222562405293436,0.184247927991472,0.4513667708897907,-0.25222562405293425,,,,0.890960946115598,-0.00927425873058811,,0.900235204846186
AZO,,0.041270756858898736,,,0.09309514822816889,,0.37825317206104375,0.088468130802402,,-0.0208749999999999,-0.0208749999999999,0.12828355171556405,0.2240478738102048,-0.16644763528047635,0.3702053259070184,0.20242077481178286,-0.16644763528047635,2.143444658580293,0.22229822448987582,-0.16644763528047624,0.20363701944370813,0.634566067044993,-0.3507868576712623,0.010283656065288567,,,0.6013439351000521,0.05872096191975305,0.12134390830080945,0.4315627209447782
BA,,-0.08090931191925876,,,-0.07055303860835568,,0.03926322395402648,0.08688340807174888,,-0.0089,-0.0089,0.3159418414758699,0.2413873639000287,-0.14342930566655843,-0.11691059560593253,0.29393823787227363,-0.4271848559008592,-0.02923450935329408,0.3555055521012373,-0.5246545177025792,0.37242309342973845,1.4187268669632762,-0.7181927784524258,-3.234431785485306,,,-1.2923027214132716,0.0489339211004898,0.8257704970520671,-5.401438925051135
BAC,,0.06217326203543726,,,0.00839479865177255,,,0.05621431088313184,,,,0.15387168717958266,0.20925675806578084,-0.13322522795720415,0.8335356385110526,0.19793445660027367,-0.15060174525106862,1.1483557628631118,0.2782477218109061,-0.4201511848880142,0.2862384736046019,1.4505654704283768,-0.4201511848880142,0.5653879541038787,,,,-0.1404744216139739,,0.7058623757178526
BALL,,0.0481850980808778,,,0.030424492811119166,,0.13680077702841353,-0.018617161542112758,,-0.0143499999999999,-0.0143499999999999,-0.2309923387568067,0.17104537022484584,-0.17605216495183196,-0.12743829642797122,0.2377290795730845,-0.31036290897212304,-0.47980588007536185,0.2830046601575845,-0.4981479081425255,0.24118159482253468,0.7931869217601859,-0.49814790814252563,0.19390664756843348,,,-0.7474439068814184,-0.602623831744289,0.5051755151151722,-0.4560889426838681
BAX,,-0.08511807127555861,,,-0.006539532528900514,,0.16218040671673276,-0.2001368197020371,,-0.047475,-0.047475,-0.45032285878421485,0.42494435922980484,-0.4656658399201057,-0.4716033579944304,0.3445896974870317,-0.5570537840502163,-0.7329029693636759,0.31053133909999747,-0.7673225828369841,0.28649030945388054,0.6225626863490965,-0.7730112050718444,-3.3462030965487517,,,-0.6056696413870926,-1.723665556928427,-1.4433949026205835,-0.7848122783868339
BBY,,0.04452895178460173,,,0.050865464768473874,,0.6131315277618868,-0.023745519713261647,,-0.0395,-0.0395,-0.047857824932552084,0.2759136418732204,-0.2570154480133925,0.2625821432534148,0.3028711781467622,-0.34638526178608586,-0.07948240409635565,0.3191836074040103,-0.46066420435523325,0.2952039715473959,1.4701716589531668,-0.46066420435523303,0.09681098816399389,,,1.91340824687084,-0.6342959026914576,-0.9742673831808065,3.6187825209070983
BDX,,0.02735476546260509,,,0.02864630399421652,,0.17373938189047533,-0.012234176531970781,,-0.029775,-0.029775,-0.18426856979824635,0.2617375615102719,-0.2997757919840546,-0.22109972804428524,0.1988161054860583,-0.2997757919840546,-0.16287401655357148,0.18806810268151775,-0.3643082992717743,0.20806925530835121,0.517204371235892,-0.3643082992717741,-0.35928097603542136,,,-0.541099541852554,-0.5632033491357896,-0.4021965209172544,0.06501935216506866
BEN,,0.021891418417672247,,,0.0099724490229643,,0.21340917258194775,-0.02113072058553777,,-0.01285,-0.01285,0.06541601735665159,0.2903163784285403,-0.1422381139476513,0.02880749795844917,0.31599494572823084,-0.31560833455757875,0.319013798893524,0.327192475442782,-0.3397274479132779,0.282460489265024,1.3614154743117877,-0.5566659341134068,-0.5043701603559045,,,-0.3194983795556267,-0.6181472444421622,0.5934126661069739,-0.799133961576343
BF-B,,,,,0.1033680342927128,,0.28536436007348437,-0.0041438147471054235,,,,-0.3276581625513726,0.2727226980562556,-0.28114025767791206,-0.5117315818299112,0.2552822869159821,-0.5381607742102699,-0.6261090072359536,0.22244364440290496,-0.6377983928950484,0.2270252767216234,0.5940124649831369,-0.6377983928950481,,,,0.08245365758596385,-0.5132383303350233,,0.5956919879209872
BG,,0.1264170302939511,,,0.05104649009075755,,0.11809594369327653,0.27533977402980186,,-0.00665,-0.00665,0.07640947060196934,0.2400136754831145,-0.036618409847487876,-0.09531322735405146,0.2507476188881022,-0.29347828979760227,0.8141241662034466,0.2809935214241652,-0.32324595784817967,0.24885406833297982,0.7663347010916102,-0.4683963050908203,2.271498852357551,,,-0.8519317989369644,1.212815848585258,0.9581262235397784,-0.7513750187044498
BIIB,,0.06900422498370747,,,0.05430877403398335,,0.2675696246999356,0.056935319596628876,,-0.0223,-0.0223,-0.05721224031656347,0.21395352784345917,-0.20821342348378757,-0.35304168977789574,0.2216568319563391,-0.5320941107098106,-0.36944662698928277,0.30803403858852846,-0.6503306504385685,0.27104877286910045,0.32426188888002616,-0.6574726154175548,0.7467966828807178,,,-0.016950296223964555,-0.13602156587236935,0.03751861485858643,0.8283493376705361
BK,,0.06079955717598018,,,0.011254256363146378,,,0.1335747738245527,,-0.0293,-0.0293,0.34912843078487565,0.22017565462012562,-0.09040883669986377,1.3523405420020715,0.17641942644080785,-0.09040883669986377,2.1909928984860425,0.24432223478249362,-0.33921075198551576,0.24251925680820763,1.1020857969025144,-0.381197342845356,0.5289067062687136,,,,0.3372937039765188,-0.37425475643651535,0.5658677587287102
BKNG,,0.02851378190637168,,,0.1695300323174329,,,0.07508496548824498,,-0.04095,-0.04095,-0.026018124786108432,0.21436971550126316,-0.1295558198906438,0.6326261992951192,0.23084489442024925,-0.1295558198906438,1.5157628841824913,0.2978473422408294,-0.3336753549600001,0.27974504248015386,1.2337950501939652,-0.38231408896257324,-0.32850117217945213,,,,-0.02393172090421377,-1.0595632958062204,0.7549938445309821
BKR,,0.06291118499995765,,,0.07982035183281722,,0.16136909711083322,0.056852902662592755,,-0.012375,-0.012375,0.12502564259120397,0.3254669464675373,-0.22969744594477948,0.5029002651091725,0.31273475982781446,-0.22969744594477925,1.9385472117966995,0.3784749926525791,-0.4171668483936247,0.37427307786558744,1.359061763539796,-0.7488387869037435,0.5849848495844463,,,-0.6102017336546892,-0.13653056210370226,0.6213544305877129,-0.5100407525542535
BLDR,,0.058334070361967055,,,0.06815700318317036,,0.4536928901010203,0.06933635240202414,,-0.035475,-0.035475,-0.39416527869813534,0.4202904417360667,-0.35628885048448133,-0.1576317895267887,0.4486842048576453,-0.48367298619289956,2.0197808522182603,0.4456652126676858,-0.48367298619289956,0.4647484354202691,2.1329616458616583,-0.5186934429091743,0.46343118954680856,,,1.022761061573698,-0.0594344052796734,-0.737497694686123,2.283124351086303
BLK,,0.038462619584266756,,,0.04575568507599452,,0.07555689720153685,0.16922511993997014,,-0.003625,-0.003625,0.06651492085904342,0.19007768938023928,-0.1452806060993077,0.48928069238751637,0.1901763631431541,-0.14528060609930782,0.7258745121012284,0.27027250881764686,-0.40148917061087774,0.2447145963886596,1.3290078706885715,-0.40148917061087774,-0.0642915710409929,,,-1.08956103723791,0.5574655901389991,1.13607114470659,-2.847389343124492
BMY,,0.054106909500908795,,,0.05409024682893383,,0.3592089475488516,0.0003169706062591129,,-0.06425,-0.06425,-0.1842700458346026,0.22942789568546423,-0.2727195096260919,0.027746391581314978,0.26880369058954423,-0.27271950962609204,-0.1040348509331197,0.22865966998543016,-0.4575346551546733,0.2557505122379007,0.4883033141281816,-0.4575346551546736,0.35117119283082965,,,0.49496015506532115,-0.48568910200953735,-2.430180374545631,3.7620008244513192
BR,,0.03210055264992977,,,0.10147375673495043,,0.2582957364704176,0.03671260797825876,,-0.034875,-0.034875,-0.048508110285281014,0.13065428606544108,-0.13440834536714708,0.1777652830568881,0.15483237725201346,-0.13440834536714708,0.6361866035275556,0.22154069000292342,-0.2526282006553324,0.20784356165975273,0.912547844284396,-0.2817748611893428,-0.23324790760602937,,,-0.06875557109058394,-0.2609143942876011,-0.7022028342894002,0.6611137498803881
BRK-B,,,,,0.054361124167104424,,,0.0496978879209278,,,,-0.01519605089818088,0.17342698182049673,-0.11508672314521784,0.32133331298828116,0.17703088380412033,-0.11508672314521795,1.0780218647758408,0.18738638726840678,-0.24337653723942654,0.15506282502252858,0.786923152988879,-0.24337653723942665,,,,,-0.18071899960421373,,0.18071899960421373
BRO,,0.0445900798458984,,,0.05190048108547328,,0.12361188139243935,0.6078775715002509,,-0.0089,-0.0089,-0.30893680234532794,0.32115753238692757,-0.37260013171676964,0.05199146692453405,0.28854623723924544,-0.37260013171676953,0.78367670198222,0.25540516582268147,-0.37260013171676964,0.20817923658686605,0.7447290247456094,-0.37260013171676976,0.0984343557589286,,,-0.8211189767872705,3.2665258981974463,0.8257704970520671,-4.814981016277856
BSX,,0.017040268408594454,,,0.06295077023597115,,0.3172919860276933,0.11994718120081924,,-0.026275,-0.026275,0.08746958256626991,0.1827906232417526,-0.09105303114463514,0.7640006694319408,0.16976548180941786,-0.09105303114463503,1.9740570678684666,0.18941203379359256,-0.18267540120828873,0.18608426289540267,0.7662045279405529,-0.27841662566837344,-0.6332013314392442,,,0.2608059729752952,0.2531314699800377,-0.1963098352697035,-0.4292169931742833
BX,,0.024927295704495513,,,0.06483813920822776,,,0.11797613844257694,,-0.004025,-0.004025,-0.2277432683497188,0.30848907286325683,-0.24470800386327418,0.3468794341480945,0.313760135081075,-0.2999645885128073,1.8568521396224162,0.37696697997753764,-0.451206058417444,0.30109936610671606,1.5509513507113293,-0.4512060584174441,-0.4237468802275078,,,,0.24095856707513638,1.1125412377754416,-1.7772466850780857
BXP,,-0.02789973067513604,,,0.00019036540335934482,,0.08112977154113898,0.00576036034225354,,-0.025475,-0.025475,-0.09318693412329482,0.182369132528967,-0.1303609826198291,0.3843699224311079,0.261014686205778,-0.20072886065992512,-0.07223769496178056,0.2861591384780766,-0.5998963317026216,0.2574530397246954,1.1203877427685414,-0.6078648421132447,-1.8266652935115764,,,-1.0584301588172176,-0.4520714372213383,-0.1492500214074062,-2.283773993700049
C,,0.06475740537816374,,,0.005683363643670699,,,0.09023870945751025,,-0.0591,-0.0591,0.464795408904481,0.2708058097818176,-0.15444536921861263,1.335680402688459,0.2342857240988708,-0.15444536921861274,1.192750135027684,0.291436018698102,-0.4530490526529516,0.30318237471052467,1.5859273693687768,-0.469279496541973,0.6340146122092125,,,,0.06965582467906926,-2.1272328228070916,2.691591610337235
CAG,,0.1023713074769386,,,0.040544036971812095,,0.13853937018670717,-0.0035297772004631066,,-0.00135,-0.00135,-0.3291554947930948,0.17376428274074068,-0.3378424158711908,-0.31541146988285185,0.18569294023145783,-0.4281663982039402,-0.4076166689212014,0.18458520013274088,-0.48149475000051767,0.25296910102061937,0.4189085056725761,-0.48149475000051767,1.6329206545561594,,,-0.7377318751836515,-0.5094461145629482,1.2698974903774982,0.13473740355795782
CAH,,0.033908106185512925,,,0.032343282190475206,,0.16923762263408165,0.17732319762416612,,-0.010375,-0.010375,0.5784908794846015,0.26604554204362474,-0.1117029210962538,0.8369344076510135,0.24622322914088904,-0.12135832218482934,2.957920109356472,0.2607812687372976,-0.22507137650878717,0.2384567302213628,0.8407367135690542,-0.48183201399358333,-0.1852450137871928,,,-0.5662470172036715,0.6074782613273063,0.7390039652434562,-2.097974257561627
CARR,,0.07708261239115984,,,0.10491399202852947,,0.16349381162156493,-0.04776865228577083,,-0.0225,-0.0225,-0.24208669991541232,0.22228883089739312,-0.20407814360401133,0.14220929944470373,0.23435976081938095,-0.2695616344626881,0.6265369239216212,0.2907053569006873,-0.3744556920426143,0.25659108767446653,1.2014184535533086,-0.37445569204261453,0.9613330522404524,,,-0.5983327724900288,-0.7826596350630005,0.025753661393012165,1.1199062534204118
CAT,,0.0344205104814684,,,0.1080564270501752,,0.24783016923534934,0.08386531630987809,,-0.014025,-0.014025,0.4262307824625673,0.36389899840429424,-0.16336666490502605,1.3472252709159762,0.3063272699926632,-0.23198556460628206,2.6148457917476855,0.342179599333425,-0.300472621825273,0.2656292372845499,1.2830542782647183,-0.300472621825273,-0.1716371794813995,,,-0.12721773645528062,0.030294580161940983,0.5242935644967247,-0.8534430605953458
CB,,0.08359389038634323,,,0.036412580906949585,,,0.0964657452704034,,-0.0141249999999999,-0.0141249999999999,-0.026779506226235816,0.15394897270968233,-0.11607974386020814,0.2417136546616272,0.16094391736107538,-0.11607974386020814,1.0302044734346194,0.19904637848343107,-0.17962719869233146,0.18779007632395153,0.5935407306991578,-0.3226074087268337,1.1342519617359192,,,,0.10811318539268894,0.5184110877639434,0.507727688579287
CBOE,,0.033614126281991355,,,0.10529515258853993,,0.25824024877104995,-0.02239725139375081,,-0.0232,-0.0232,0.15060778223778581,0.15103530969411735,-0.02111681247787134,0.3795348209131859,0.1594134093233002,-0.11147384067771993,1.8834743710900423,0.15685495575864536,-0.1383053581676189,0.21971598517548963,0.5043529779236383,-0.3739742934630107,-0.19305218841069013,,,-0.0690655333681438,-0.6259691734642359,-0.015423675736497972,0.37927512742189984
CBRE,,0.026890644602531398,,,0.04221247591662068,,0.28483739483187626,0.1803341573608388,,-0.023725,-0.023725,0.07586252375499813,0.24633599513590848,-0.1558657201312168,0.90742150907609,0.3021989669655489,-0.1558657201312167,1.4633628085356376,0.3118782332318938,-0.377845352436045,0.2981043254170848,1.4716513876395922,-0.38472836480380723,-0.37160655529304304,,,0.07950995387603876,0.6260735558087761,-0.046306678583630675,-0.8718634786421496
CCEP,,,,,,,,,,,,0.12261712014045623,0.1543515000669256,-0.1106067006111231,0.47694989302694357,0.1470224878137612,-0.11060670061112288,1.20443153250093,0.20932215165014065,-0.28396233518059577,0.2248088119215776,0.6883526428110132,-0.35942702709640584,,,,,,,0.0
CCI,,-0.13242872103328612,,,-0.09084979798174384,,0.1178162847028135,-0.17282853108821838,,-0.1089,-0.084981,-0.11030449505481887,0.22914543188436942,-0.13855903937916392,-0.14683472236562534,0.23527873797647295,-0.23529108158588663,-0.32874772198255875,0.2767082053810605,-0.5229417000110599,0.21953168225492956,0.6248575228718873,-0.5229417000110599,-4.602624027997218,,,-0.8534940143218496,-1.5550131294734897,-3.6496766260197386,-0.2514282868258402
CCL,,0.08045977268070784,,,0.05294907509469507,,0.20760767180391607,0.020600341331191648,,-0.04505,-0.04505,0.12898146834191304,0.4636439372965568,-0.3371882868803986,0.9063743880827442,0.45295451750269006,-0.3371882868803986,0.4369369240365455,0.630306826497817,-0.7621786083620206,0.5022459187605021,2.377660090553131,-0.8933455778349934,1.0510197274049933,,,-0.3519063981780872,-0.3604216508666176,-1.3007448418504943,2.360279821944018
CDNS,,0.01207477402516579,,,0.11040359623308037,,0.47512415346439285,0.31594780383077664,,-0.018225,-0.018225,0.09321732124473425,0.3244340018973716,-0.16627834945055453,0.2273942150498225,0.2814096842114058,-0.19525828520190602,1.884006834572817,0.29506918142056465,-0.19525828520190602,0.22106024325227716,1.045401758844065,-0.19525828520190613,-0.7650691267512408,,,1.1424791843072222,1.4636057423404913,0.27722954171966346,-1.3634252265041735
CDW,,0.04960278957033249,,,0.0725792181572752,,0.3181365469427513,0.1192928944840784,,-0.01115,-0.01115,-0.1106295959918403,0.2606312113366966,-0.21428674857636532,-0.24956968512503164,0.24888993106255716,-0.3828508629800256,0.25411118769196217,0.2647344915602648,-0.3828508629800256,0.2510777252821546,1.0834682072789,-0.3828508629800256,0.23155604090394333,,,0.2655238118432384,0.2490906805849079,0.6934147705643557,-0.4454255984020819
CEG,,0.025363374590897915,,,0.05730064270411807,,0.10292787431563913,0.033073626801714065,,-0.039925,-0.039925,0.47876041396160063,0.6337978075620139,-0.32659714493791614,2.156187576745559,0.5635740637975878,-0.32659714493791614,7.129091550217954,0.4574349408162975,-0.32659714493791603,0.3430048696248112,1.1225144900909407,-0.32659714493791603,-0.4121660069263707,,,-0.9366628183170951,-0.2833882672411968,-0.9992679092951522,-0.06617264870711681
CF,,0.09039212971181301,,,0.0957934040870381,,0.1688524288630971,-0.0018148820326678765,,-0.046225,-0.046225,-0.04157889562027639,0.25819014518552247,-0.14724381022429278,0.17282446645216787,0.2303724117478511,-0.14724381022429256,1.5087206583295747,0.3294862838149066,-0.42541146529142126,0.3430131157467333,1.004206846673695,-0.47979858098122485,1.3147916547914185,,,-0.5683987650670164,-0.4988551457560251,-1.3698639434607438,2.615111978941171
CFG,,0.06449715954237092,,,0.0072720213318716205,,,-0.00740208604243014,,-0.00145,-0.00145,0.10025784378025637,0.2833187424878867,-0.21573924975707393,1.0300249244962951,0.31192187968571633,-0.21823571070120396,0.9320733981751899,0.35536675416989816,-0.5123824883823839,0.3730375798796709,1.4853453359459023,-0.5615762620949275,0.6271033075222802,,,,-0.5333609887349784,1.264015013644711,-0.10355071738745258
CHD,,0.024571164000858795,,,0.05952387698549871,,0.30573421659573746,0.0029787379737734104,,-0.0176,-0.0176,-0.20939274714909573,0.13243421611246747,-0.21914833119585042,-0.08894815647394372,0.1555318370677474,-0.21914833119585042,0.039446684442240976,0.1871273626356484,-0.29817705683635165,0.16284516569944754,0.4146316779869891,-0.29817705683635143,-0.4332046097047591,,,0.19624260888797504,-0.4692503740394345,0.3139950212995833,-0.08170664807693287
CHRW,,0.028918831261955564,,,0.09959464672343085,,0.2584202862851203,-0.03454699686848395,,-0.012075,-0.012075,0.47545686394786424,0.3144671109875844,-0.13097799151180434,0.939436600131152,0.3134138179356846,-0.18170908651593987,0.8258832861754173,0.26669679710838556,-0.3488798424033219,0.21882824923282815,0.7932195554108211,-0.3488798424033217,-0.3177443448851455,,,-0.06805981789348116,-0.7010044162892474,0.6390018607860743,-0.32380160727545365
CHTR,,0.1264170302939511,,,0.03498057926616539,,0.22270215671485577,0.020038893487023167,,-0.03725,-0.03725,-0.4402599786760565,0.40552871371081944,-0.45647122556880515,-0.4446804932478913,0.4392795367204284,-0.45647122556880526,-0.6591972265274093,0.3874364143330647,-0.7279161410437858,0.3691789741547006,1.0346344138218713,-0.7279161410437858,2.271498852357551,,,-0.2675864322233207,-0.36388907949780763,-0.8419116566930952,3.209713156325133
CI,,0.07957621370565203,,,0.03259346344520963,,0.9194153815402877,-0.02441362273715631,,-0.00575,-0.00575,-0.21976557778590433,0.3760036199538551,-0.2741216559954778,0.01958559235561652,0.31963232317519247,-0.3089207411007926,0.3441373439026003,0.29039904217667145,-0.3089207411007926,0.26849542911007124,0.5650480147847156,-0.33720050583745464,1.0275552010010212,,,3.6243539515746965,-0.6384220197968994,1.011068514134863,4.279262658237753
CINF,,0.05798516066414163,,,0.048653995241532334,,,0.11608528245503132,,-0.0135,-0.0135,-0.015978067923693384,0.18503059299015853,-0.057608921234454824,0.5722444712532646,0.19747501796531247,-0.1376417389550565,1.2826274920254614,0.2485333701537831,-0.33271735515445244,0.22323136728408174,0.6344347286105965,-0.48812310697178807,0.45416525365757215,,,,0.229280887203762,0.5551765673438573,-0.3302922008900472
CL,,0.04734595680265092,,,0.1738350986748734,,0.7237850516156984,0.060072815533980584,,-0.016425,-0.016425,-0.20528850826840384,0.1254784469444286,-0.18505815132238235,-0.0035988046566681753,0.15171479062245927,-0.2753350139332288,-0.015082662559613103,0.15924621622715138,-0.27533501393322934,0.15662813607384274,0.4463958981191506,-0.27533501393322934,0.17162171443380736,,,2.5315347625604363,-0.1166448003252011,0.3831141229098327,2.4366871544096123
CLX,,0.05973978409806003,,,0.1462952092834244,,0.5803043301575834,-0.033037732568249004,,-0.038925,-0.038925,-0.3226251343366584,0.14946035700145813,-0.3027724269977988,-0.18359074932376795,0.2268559044214423,-0.3226251343366583,-0.37027972751383886,0.24549211853233655,-0.393016849924528,0.19797787970715436,0.38595177117405766,-0.45681745225736425,0.5007624917101944,,,1.7300307947274307,-0.691683396890877,-0.9404431419672804,3.862919825295782
CMCSA,,0.1264170302939511,,,0.08501051311030322,,0.32643903416714454,0.04301955780693569,,-0.025675,-0.025675,-0.3517179511645787,0.22154891310578037,-0.2539488214637242,-0.31150993556702333,0.22290342615853562,-0.3843981800667826,-0.3825040373236688,0.24811518256411838,-0.5060393662520413,0.2539625968602739,0.9206321654433248,-0.5060393662520413,2.271498852357551,,,0.3119027008368835,-0.22196349503920895,-0.16101497487298047,2.9663800231066237
CME,,0.0387265288392611,,,0.02459261767947996,,0.03926322395402648,0.45816194450770914,,-0.0009,-0.0009,0.1594179895136636,0.12514390692749922,-0.0773741002900048,0.32331161675185593,0.14148511976867317,-0.11119964299708951,0.8499951431187702,0.16337798979468607,-0.2640777127100036,0.15757004543604228,0.3731341885387464,-0.29636573806859745,-0.05728297754934028,,,-1.2923027214132716,2.3419017199011543,1.2963686356750403,-4.987856054538806
CMG,,0.03554427140160432,,,0.16883909992222057,,0.32941494155920026,0.03912168778906785,,-0.02515,-0.02515,-0.4878088427435088,0.32116581196813204,-0.47744609241195957,-0.28459526532348645,0.3109903642964247,-0.5013609387371414,0.22185768528652616,0.32661666517591753,-0.5013609387371414,0.307002349916792,1.1728386668908741,-0.5013609387371413,-0.14179365060929935,,,0.3285265479878927,-0.24603623169853145,-0.13013197202584778,0.5629011011029726
CMI,,0.04905074231599634,,,0.09022717859827277,,0.26509794296758754,0.09383780332056194,,-0.00295,-0.00295,0.18533826138863496,0.2718248656056994,-0.20191215677902674,1.0297050068241127,0.24065913886035517,-0.21278308212487962,1.1287518951214026,0.26133144571478695,-0.25193506875365146,0.23409759948262018,1.1288265607884864,-0.28266462499474365,0.2168954152509781,,,-0.030757466243496775,0.09188335878879296,1.1757778626529034,-1.081523272434215
CMS,,0.04676507242241651,,,0.028273141206790527,,0.09324885477195625,0.09733663222238394,,-0.0243,-0.0243,0.06367740022954083,0.15971392823410482,-0.07066888783573855,0.34991191355025286,0.14649682058867258,-0.07066888783573844,0.36280568397895174,0.17846775853213656,-0.22266963377858284,0.1586099021750775,0.2981454256420274,-0.22266963377858262,0.15619526610102422,,,-0.9907312150337904,0.11349166957994135,-0.08013091979715685,-0.8678966987155508
CNC,,0.11913043478260868,,,0.024290803731133678,,0.18808225050630478,0.039188327700061344,,-0.006875,-0.006875,-0.42500000000000004,0.6153168930954787,-0.5928470999244567,-0.5317589595941346,0.4667714748516597,-0.6692883535548255,-0.44038930825463374,0.36460317168023615,-0.7195869705009879,0.3372322637292965,0.5007009453189968,-0.719586970500988,2.0779899665922756,,,-0.46097821273691625,-0.2456246723030171,0.9448906508910072,0.9177457752673693
CNP,,0.0408641352114645,,,0.021364253677687364,,0.09020462663912443,0.07621534556813744,,-0.0233,-0.0233,0.1994841713048614,0.1332395590368446,-0.04687039821161332,0.42412567453357974,0.15905626646584317,-0.11189373882701303,0.8748152120020829,0.19167665216231547,-0.13540098215588092,0.24558688138163867,0.764418905004476,-0.48010254885336956,-0.0005149263180147648,,,-1.007736711679316,-0.016950641016106053,-0.021306152469285307,-0.9699948445119395
COF,,0.008795669945161271,,,0.0,,,0.3727985200554979,,-0.006025,-0.006025,0.16492272991566304,0.2588347440693758,-0.11720713877677524,1.0362401567850976,0.26126860504535104,-0.11720713877677524,1.8211361955042231,0.3165156259191543,-0.4342659514856394,0.35724269503186096,1.447221114881223,-0.5081567462258741,-0.8521517397276736,,,,1.8147083481991118,0.9948917031196982,-3.661751791046483
COIN,,0.031232974942836115,,,0.03194103587023243,,0.05776910070200213,-0.24556952742613594,,-0.062925,-0.062925,0.11553004662533506,0.7141144057432568,-0.4088147335811012,1.6492945012326188,0.898312358795406,-0.4185348121891448,0.11013303711201483,0.9093850636021958,-0.8892054414190453,0.7253497040963212,3.6627103210738783,-0.8892054414190453,-0.25628802217711466,,,-1.1889262294985654,-2.0042520320414305,-2.3522375578362005,2.9112753382019507
COO,,0.029217989242575505,,,0.033068640946162096,,0.2196737330141077,0.02219193921374298,,-0.0156,-0.0156,-0.3316101827804576,0.22527221459826224,-0.30191611190579004,-0.1710792245970295,0.2611977231493211,-0.38916074168171944,-0.1664693682208359,0.2597461692305978,-0.4143792909989428,0.24881499524452208,0.9410614035425872,-0.41437929099894266,-0.30979965694309597,,,-0.28450364303576886,-0.3505921500062602,0.4316445559553268,-0.6753557059279315
COP,,0.08614655104764413,,,0.07878507157990444,,0.1408181295729223,0.27715273871283624,,-0.0688,-0.0688,-0.16197616323070352,0.22730182611804525,-0.18038099210177239,-0.1924009192498103,0.20507364118907476,-0.30410704627034457,1.655880071565944,0.3211960059296881,-0.3041070462703448,0.30960822916354425,1.113867670728867,-0.6051323507367103,1.2020425395903205,,,-0.725002397165789,1.2240124819227678,-2.6978330658874468,1.9508607263892106
COR,,0.018361540886645177,,,0.026977737755040084,,0.15665999636837735,0.10759654475920397,,-0.0066249999999999,-0.0066249999999999,0.3635331340401655,0.22534355043900853,-0.04592298808686479,0.7015451160780917,0.20688776249488072,-0.10681776087199968,2.6891290571740014,0.22049760073265715,-0.12299694819112328,0.225283012528134,0.6048420255799623,-0.31359238865026595,-0.5981125214974918,,,-0.63650744839913,0.1768555507546275,0.959596842722981,-2.37107236337423
COST,,0.019621999516343528,,,0.07521161402150567,,0.3320053575771693,0.1114841483706616,,-0.02515,-0.02515,-0.04012569455128101,0.1910518376062256,-0.12723044821528473,0.6190386290406737,0.2140129137138161,-0.12723044821528473,1.569173029964352,0.23338465467859537,-0.2031625142709983,0.2024787867042383,0.8346875507005409,-0.2031625142709984,-0.5646387346506057,,,0.342996984821781,0.20086488342746053,-0.13013197202584778,-0.2923746612304374
CPAY,,0.05407047688353584,,,0.056303290194507666,,0.17476839957838758,0.26170356807798706,,-0.031125,-0.031125,-0.30909284219550437,0.23499018144143036,-0.315750708860581,0.0950519141437105,0.2882103520971698,-0.31698931972812017,-0.006975627476799251,0.2793345863455153,-0.38770333163661586,0.30092814298626125,1.1898333537586248,-0.4411382418262637,0.35020365796734243,,,-0.5353513008941144,1.1286004197983628,-0.48160995680988117,-0.8321381059152536
CPB,,0.06720160515727687,,,0.038998477634178734,,0.20205357432060375,-0.02225139481457171,,-0.0067749999999999,-0.0067749999999999,-0.3235717861035532,0.17270554320277115,-0.2538804436489488,-0.1964604289355646,0.17508639021723701,-0.36663438378720825,-0.29031434982574933,0.17735788802327496,-0.41342735535711617,0.2162487843186766,0.23430398638456382,-0.4677353060942605,0.6989248127421879,,,-0.38293238637613,-0.6250683822617296,0.9507731276238003,-0.00971231899601288
CPRT,,0.03697674418604652,,,0.16419362496383524,,0.22206719531523542,0.19734036216486367,,-0.0192,-0.0192,-0.3216595612237555,0.24551090832472572,-0.29542846370518316,-0.14376744414985576,0.27590020151672334,-0.3216595612237556,0.4898224733354468,0.28910959901807315,-0.3216595612237556,0.2786026466546312,1.072044354448952,-0.3246599915103623,-0.10375171292042894,,,-0.27113341802074764,0.7311016578093995,0.21987539357498878,-1.325862182325565
CPT,,0.014301430448556376,,,0.01737345396514761,,0.10635800872298225,0.004405382895717354,,-0.04085,-0.04085,-0.17560140688654802,0.16664457805850946,-0.1755261638849276,0.1944514317315924,0.20361627479903086,-0.17980621499649485,0.1945962338088727,0.2199346969956262,-0.4965387175894508,0.2160743671492349,0.774398727430845,-0.4965387175894507,-0.7059361883574881,,,-0.917501593660941,-0.4604396011417014,-1.0536808190734333,-0.10931736180329454
CRL,,-0.007156435176294633,,,-0.009026866026638285,,0.17057014781175273,-0.04878261128850093,,-0.04385,-0.04385,-0.10147692753937798,0.39665329250933234,-0.35742145815496273,-0.09244977192725046,0.42685005456184727,-0.5622070588579815,-0.2373358461883901,0.37565289146833586,-0.7356244880919005,0.31936547757572775,1.3691029898225722,-0.7356244880919005,-1.2757890999816366,,,-0.5588033397096709,-0.788921713568487,-1.2301551210570483,0.18448439493422764
CRM,,0.026325859403107745,,,0.068249911653086,,0.3141872339989654,0.05850509871989586,,-0.0378,-0.0378,-0.20324283819191813,0.21544532227733373,-0.3030061768100777,0.04838843553938088,0.2594480091733362,-0.3030061768100778,0.07440620023857902,0.33238063787847877,-0.5575762524391552,0.2750737596195686,1.2195016215688792,-0.557576252439155,-0.3866054604013431,,,0.24346238113331087,-0.12632681482256938,-0.8742652787234247,0.8574490142779619
CRWD,,-0.0021561096478612423,,,-0.03443939145277796,,0.37254266040083717,0.2896761584977606,,-0.05325,-0.05325,0.5952827729652554,0.3737647085923101,-0.1680901332428949,1.32887450996779,0.47230241597282363,-0.3946605985647126,2.600730606116775,0.5023973478121808,-0.6263661977413524,0.5030567030854374,1.1349218800088328,-0.6263661977413526,-1.142996299837232,,,0.569444194790004,1.3013554885327063,-1.783107933939042,-0.09179965964089232
CSCO,,0.034251176689406256,,,0.0836515804848587,,0.30231253890353155,-0.017056095424111628,,-0.003875,-0.003875,0.2898143852428139,0.17473343413823172,-0.0935044967031613,0.629925333651804,0.15138239187733435,-0.0935044967031613,1.0056243252839283,0.21826327557178016,-0.3549650387756935,0.21697631782293247,0.9198083778523432,-0.35496503877569363,-0.17613414838455163,,,0.17712862466014057,-0.5929828910781895,1.1213649528746223,-0.527387585520844
CSGP,,0.0034592102839579855,,,0.010597319651061385,,0.23522591766736925,0.15879037861325862,,-0.02325,-0.02325,-0.14703712346863418,0.34243418974005485,-0.27712999481274925,-0.16449907889578563,0.29941646573459574,-0.2876811734419673,-0.2380597004295686,0.2807509772895603,-0.34641019031140874,0.2397913092761337,0.9089145035168247,-0.3464101903114085,-0.9938711972388454,,,-0.19762690042265382,0.4930219891685697,-0.01836491410289164,-1.6661551727271773
CSX,,0.04298074019815557,,,0.07215589581358564,,0.11374672164037194,0.013384637174826495,,-0.026925,-0.026925,-0.0076621135042546085,0.26525727816551997,-0.14254740926914622,0.13828918986899796,0.22532209586609792,-0.24933598736121054,0.272002707973511,0.25035024689200974,-0.2849316147831633,0.24319454333371168,1.2534836129726028,-0.28493161478316353,0.05569539466690254,,,-0.8762271795077085,-0.4049848982739216,-0.23454593403282015,-0.18100095253406417
CTAS,,0.024719842704711805,,,0.14366940219842234,,0.4142451497906889,0.07159309647035163,,-0.028325,-0.028325,-0.18911291462713054,0.268846047542711,-0.19465424233521766,0.33441960747380506,0.23705762634775981,-0.19465424233521766,1.1403824752401874,0.224768119282201,-0.19465424233521778,0.26487837925540914,1.2404059484557282,-0.37907293748858484,-0.4292561744890488,,,0.8024003046757305,-0.04549704836030329,-0.3169006082918404,0.7355417868388254
CTRA,,0.08815088371476137,,,0.07029124481512868,,0.12300967842647519,0.15497977268349067,,-0.0634,-0.0634,-0.06307869382423492,0.2196775070853705,-0.16682159593497137,-0.014816143956563277,0.2066955025584307,-0.16682159593497137,0.7881560835649457,0.34304876429198444,-0.26786857883844095,0.2819001592554093,0.26725376423058705,-0.5025426785798144,1.2552712635551762,,,-0.8244829692578685,0.46948818413165,-2.38017932231694,2.3414794324825974
CTSH,,0.06764746009778588,,,0.1214039197119398,,0.3489615130636299,0.0852529601722282,,-0.01015,-0.01015,-0.0857973817554527,0.22662447329912877,-0.18845842069799612,0.06238243336781024,0.21959400326437536,-0.188458420697996,0.0014035392172657701,0.22948560472348264,-0.35442706866778184,0.2576218201686349,1.0595342803082084,-0.41977873122379017,0.7107653070603565,,,0.4377165106471293,0.03886448760425017,0.7522395378922275,0.3573777922110082
CTVA,,0.03319368279754132,,,0.0336344266722684,,0.18826636257239746,0.0071146054408643645,,-0.0209,-0.0209,0.0074022623032576895,0.2771008646410344,-0.1736290410714314,0.3994346230298338,0.24955914591371253,-0.1736290410714315,0.7071043860359709,0.24677600078713272,-0.3189922046942891,0.23349424615064956,0.7914457745175968,-0.3189922046942889,-0.20421783498412088,,,-0.4599497362280196,-0.44370779618620976,0.1198732891176069,-0.3403330641435376
CVS,,0.045639978181722,,,0.017776121306040782,,0.20968055160508842,0.023217588650235068,,-0.01085,-0.01085,0.36665606799033146,0.46840271664510175,-0.08992082542297719,0.25409724635111597,0.3982510396657321,-0.41892131951205513,0.3605817902325108,0.3014470265369215,-0.5389619133396584,0.26302280073353923,0.6461235950160239,-0.5389619133396581,0.12631632846014332,,,-0.3403269931639751,-0.34425787290715815,0.7110622007627172,-0.5808149925593908
CVX,,0.04628668080214637,,,0.053610217835481595,,0.2111263871829523,-0.03769125704025414,,-0.050525,-0.050525,-0.015620516063845624,0.2731553036943278,-0.1866818192935359,0.15785298225709554,0.2155107494897773,-0.1866818192935359,1.161143762627872,0.2714267324149154,-0.1866818192935359,0.24849477797160757,1.0229745592088193,-0.406641307287989,0.14349070067622197,,,-0.332250347460529,-0.7204229568656269,-1.6228104429705918,2.154473753051912
D,,0.024106684211621307,,,0.022055326617273937,,0.07295446260661322,0.06994831552426382,,-0.0242,-0.0242,0.031398909163752986,0.13736721712512412,-0.04381227024196821,0.4045559753389292,0.15637453590781894,-0.09124625101186401,-0.07471669661469804,0.21649895991704388,-0.49288005600605,0.19729699049474214,0.5103884907782184,-0.4928800560060501,-0.44553972098353484,,,-1.1040986115730524,-0.055655000882050366,-0.07424844306436972,-1.419734888610167
DAL,,0.12136752136752142,,,0.058536203369257724,,0.2172039011084029,0.04252829235208851,,-0.01165,-0.01165,-0.07235222710367284,0.432984086013124,-0.37964239106855713,0.6203558830764078,0.3770787288163885,-0.37964239106855713,0.49399369763494616,0.3995242156837774,-0.4188069611529952,0.3728515627941172,1.4053097950033957,-0.5850369996375562,2.137399897023169,,,-0.29830047965734124,-0.22499748639093375,0.6640023869004199,1.4000945168563417
DASH,,0.007519107527591427,,,0.056142620947451656,,0.4278628423549709,0.4319506631747909,,-0.0366999999999999,-0.0366999999999999,0.341145881991086,0.2988650647652419,-0.11007753320928382,1.5755479294085384,0.32016110496953754,-0.21013652472329314,0.6956217376655547,0.48503448351640865,-0.7886688043392506,0.4350086699577662,1.6839291603474096,-0.7886688043392506,-0.8860531921479763,,,0.8784706959595399,2.1800242662820355,-0.8095580346627599,-1.378048727807712
DAY,,0.005240937359218849,,,0.005562761286587218,,0.10226398708077072,-0.06028012071500426,,-0.0165,-0.0165,-0.14126760500241875,0.29000970650492064,-0.2374724689556953,-0.003047882145456926,0.3318729424265583,-0.3075384314426062,-0.2875958956040534,0.3474081801384021,-0.6241117618279066,0.3585627084752187,1.2842479606650594,-0.6241117618279068,-0.9465541723628434,,,-0.9403713879948412,-0.8599288316595337,0.3787022653602422,-1.405698994058393
DD,,-0.01354857361216873,,,-0.005291979514038067,,0.12768946445985666,0.00016414521379914097,,-0.0295,-0.0295,0.03136942232696738,0.22014824757536133,-0.18319209814113535,0.26198010465645916,0.2794669665905314,-0.242270207831081,0.6255808838112591,0.2920956352636408,-0.37069159377642247,0.3077503903935205,1.374553616657697,-0.6436322607687885,-1.4455440403317572,,,-0.7983410106989295,-0.4866329316936167,-0.3860197099020896,-1.3712324094349806
DDOG,,0.0022211253450950034,,,0.022396801093916,,0.4333588648715847,0.31956007525171726,,0.015325,0.012568500000000002,0.06108020838660999,0.3726415990649085,-0.3056896948124709,0.39040921553893737,0.3551471338095064,-0.35050737096908247,0.6384958029845345,0.45121960173824016,-0.6220763935680808,0.3668244770911758,1.2440959188128673,-0.6220763935680808,-1.0267508097587403,,,0.9091722690322083,1.4859146593284072,2.0886500144304807,-3.69214321448542
DE,,0.04145560007531289,,,0.04905796367524891,,0.15416467440332204,-0.0002225498650791443,,-0.0132749999999999,-0.0132749999999999,0.005435730220129109,0.21573104464982976,-0.12493676544397803,0.3046130599292802,0.23684833016137363,-0.12493676544397792,0.8836360097730533,0.27940916687415013,-0.27654018099231503,0.21675913640140407,0.9898029657789056,-0.2765401809923149,0.015192506130301027,,,-0.6504466761621889,-0.4890211100470819,0.5684121399926343,-0.7146451999774404
DECK,,0.08025147657276555,,,0.2679848892622075,,0.7997743299964826,0.16122706935021547,,-0.0070999999999999,-0.0070999999999999,-0.5860379670989184,0.38158324880945393,-0.6005711546145347,-0.26695480882470324,0.4752293190336984,-0.6005711546145347,0.9117797592007424,0.37750316845855714,-0.6005711546145348,0.3011129951076892,0.9680800411159877,-0.6005711546145347,1.0454880428625464,,,2.956021812221285,0.5080706732350175,0.931655078242242,2.561784103606572
DELL,,0.0434701141307098,,,0.05821011304486857,,0.25483357118747446,0.0784766650138474,,-0.008275,-0.008275,0.2777042267318608,0.39147175614979646,-0.20587398634301535,1.1819408871727588,0.3554664796592012,-0.3396469665793801,3.9919535256459815,0.3205298337432729,-0.3896127254732141,0.30552972077720814,0.956681670239385,-0.4132918690018782,0.06869161550333178,,,-0.08809572482951439,-0.0029850271629900276,0.8625359766319869,-0.8789550587951794
DG,,0.05445195220030756,,,0.03804400596898987,,0.4011317381105694,-0.005049826702372385,,-0.025125,-0.025125,0.31638266456289754,0.29659678773291925,-0.12779431223399418,-0.20886869296120436,0.3433898057135332,-0.5340300855623413,-0.5107061922887348,0.31414380680251847,-0.7103006633997662,0.28266777319041536,0.39537102703165017,-0.7103006633997662,0.3603344334962631,,,0.7291468990151543,-0.51883374195967,-0.12866135284265115,1.7369764273137387
DGX,,0.04646611591458286,,,0.05936201455931515,,0.2171400006248633,0.15042143937756647,,-0.022375,-0.022375,0.12025699143992741,0.2090332196138148,-0.072666065389133,0.3564076415075996,0.1845076859101694,-0.08943406140960031,0.591297139571876,0.23340791954954884,-0.2807625332855165,0.2546084352327328,0.861821319384241,-0.2807625332855167,0.14825592863771703,,,-0.298657436958524,0.4413365123786356,0.03310675730899613,-0.6248447780084386
DHI,,0.08582655597364874,,,0.11069132152724587,,0.23946113633650074,0.03540399528895009,,0.005025,0.005025,-0.13299972010926042,0.35427158729355374,-0.1628874108307221,0.15562760005214904,0.3813348093358355,-0.375841687764887,1.0459773132904728,0.36042404949491164,-0.38610772763906565,0.3272669285641457,1.5638681196909765,-0.42401244476987654,1.1935444844803813,,,-0.1739683591674076,-0.2689962155167264,1.6449053820926804,-0.3563330412629804
DHR,,0.022703915049189383,,,0.04281059791215235,,0.17968409466498167,0.03901724906116733,,-0.01355,-0.01355,-0.10151308251774727,0.15451565415574928,-0.17146735227850363,-0.031581118593213664,0.175506604670176,-0.3151141505312506,0.0981545843174716,0.23186029169121466,-0.3396676640464764,0.1848920677660609,0.8813433339113491,-0.33966766404647686,-0.4827928246017541,,,-0.5078915203987081,-0.24668123165549743,0.5522353289774637,-1.2962384423224285
DIS,,0.056992506630979364,,,0.05880541166588182,,0.18101844191877411,-0.005865339886333758,,-0.02255,-0.02255,-0.037226058260436456,0.3280361487602523,-0.20079088884843221,0.22978880657173129,0.32820158069537525,-0.2579522496648321,-0.2298552373673466,0.3420604873764719,-0.5712546977915816,0.23985440353261125,1.3290156443069514,-0.5712546977915814,0.4278035082294595,,,-0.5004376645251584,-0.5238702449804777,0.022812423026618494,0.42842366565816037
DLR,,0.02465689599009581,,,0.030001795692381948,,0.06903253748168864,0.1171400395666895,,-0.030125,-0.030125,-0.09547253526948629,0.2214534548275796,-0.1851467605190602,0.3186241277384716,0.20228397121902383,-0.25675206897465086,0.5182800398324539,0.2544693034629452,-0.4228210864351659,0.21447192857816377,0.5872272326946455,-0.4228210864351659,-0.4309278397528836,,,-1.1260070499836345,0.2357949295068925,-0.42278518948200944,-1.3699446297614013
DLTR,,-0.13242872103328612,,,-0.09084979798174384,,0.26861671434526,-0.24556952742613594,,-0.0351999999999999,-0.0351999999999999,0.41504143713092834,0.2644949734431733,-0.16891237155170524,-0.18399545705624265,0.34787911325543186,-0.5593127719025218,-0.07680336464406978,0.3442619604915367,-0.6090953123424098,0.31848784820401516,0.7687922197537357,-0.6090953123424099,-4.602624027997218,,,-0.011101102709493976,-2.0042520320414305,-0.7213208836709523,-1.8881522149943297
DOC,,0.01413227769658279,,,0.008294312608402516,,0.08494443327312387,-0.018307549346105505,,-0.024875,-0.024875,-0.14998084979964932,0.18685506466220325,-0.15300657598318446,0.14685424418009996,0.22898833990980336,-0.21985488266909858,-0.2122126613983607,0.26434504293533534,-0.5358476576534023,0.2521630875547441,0.9057192279194461,-0.5358476576534024,-0.710428349409599,,,-1.0371209091629414,-0.6007117072181166,-0.11395516101068322,-1.0328823903437407
DOV,,0.09126627562737383,,,0.18259035223070313,,0.24467870696833594,0.16556533259651285,,-0.0223249999999999,-0.0223249999999999,-0.1274596095174424,0.220751131184088,-0.1740429538992907,0.28709785130092813,0.20258406291082512,-0.18294840620935138,0.5525744567003852,0.24317978853954178,-0.3509656051000354,0.24169415664101485,1.3209985376561515,-0.35096560510003516,1.3380062001649238,,,-0.14482225841347698,0.5348632210132167,0.03604799567539552,0.6222727250628345
DOW,,-0.06026689744244495,,,-0.016827407575764074,,0.05590267205852713,0.007945186754604792,,-0.02825,-0.02825,-0.4435409648035564,0.2094907436806243,-0.39488291801361697,-0.4984027332811274,0.2080445777772834,-0.5662839994077583,-0.43318381384437377,0.26179305810454134,-0.5917894492219469,0.3164691930127679,1.1952818288884823,-0.5917894492219467,-2.686234672211301,,,-1.1993523686217864,-0.438578234361887,-0.31248875074225013,-3.13452005572895
DPZ,,0.044397095813535424,,,0.33168212541857084,,0.9194153815402877,-0.02409097815416545,,-0.034675,-0.034675,-0.13952907537493908,0.22435638798545873,-0.18113083487390502,0.05648825985965433,0.2585077116589887,-0.2306900007718593,0.09320217037794176,0.32195841855046253,-0.4781288532991468,0.2858334116897389,0.7671868242785282,-0.47812885329914667,0.093309311420332,,,3.6243539515746965,-0.636429408949105,-0.6904378808238255,5.044530552767959
DRI,,0.05243002543217337,,,0.08726329504012754,,0.21442608776699645,0.12364933292237242,,-0.024325,-0.024325,0.03789449162360525,0.174549941405351,-0.17300047627758164,0.2111811152285583,0.1719667724814315,-0.17300047627758164,0.9256392175376174,0.20585735846958123,-0.23689236604883257,0.28338987121687115,1.048044977554342,-0.5449866645345494,0.3066384659636082,,,-0.3138177449206517,0.27599547597748675,-0.08160153898035367,-0.20157321595417654
DTE,,0.051916039840862696,,,0.029084679146405987,,0.08953163185608828,0.05097153374746397,,-0.02345,-0.02345,0.10025843827783443,0.15400302653585207,-0.05345399102101733,0.37765405719036926,0.1503743282317156,-0.05796135721162632,0.47368258383557316,0.1730272285372677,-0.23767181684283667,0.1671969841481888,0.5236579253425002,-0.27579416178709926,0.2929886374642613,,,-1.0114961574323948,-0.1728531291573019,-0.030129867568465907,-0.5155245232423658
DUK,,0.04924395641763061,,,0.025961788145598033,,0.0857718799943247,0.04481894533939144,,-0.026875,-0.026875,0.08533684451215895,0.1244006798178776,-0.026465353291824978,0.43287782636636707,0.130437159978015,-0.07953864556477652,0.6096214999710057,0.16947253717036334,-0.17448683531859432,0.16899353745836887,0.35800183592942314,-0.17448683531859477,0.22202656950033722,,,-1.032498672645916,-0.21085071241220657,-0.2316046956664265,-0.3680166950669458
DVA,,0.08534229096645103,,,0.04819936798310653,,0.24684845647669623,0.027451999850577707,,-0.0242,-0.0242,-0.2835649975110458,0.3020148951450617,-0.32451760099616855,0.1733688559630311,0.3311404553365086,-0.32451760099616855,0.08375061179271825,0.33719612781347674,-0.44169152136667966,0.3068232806547858,1.1546852691156242,-0.44361868708914654,1.1806839405113807,,,-0.13270172526810833,-0.3181067018147747,-0.07424844306436972,1.4403373601224168
DVN,,0.12614259715099532,,,0.09243519947997075,,0.1551312261314699,0.24751609569986488,,-0.084525,-0.084525,-0.1110325148716349,0.29168289563824684,-0.19090913792238573,-0.21478229553237538,0.2574523109302138,-0.38932550592110626,2.0417740900357875,0.3972885652581518,-0.5576804922897376,0.5119453319227246,2.0965180108605166,-0.8510423945848394,2.2642107777515474,,,-0.6450473790485867,1.0409804414885766,-3.6228525321182294,4.201035489332614
DXCM,,0.023663743054416663,,,0.08492774083293086,,0.3755842032916001,0.0776267796211319,,-0.0684,-0.0684,-0.22515704628261446,0.400735182126575,-0.3411791398529187,-0.4768871012705066,0.44738907304890135,-0.5802451153446763,-0.24386884772656015,0.48602143730764774,-0.6263217909338589,0.4101000405368216,1.1763290248572105,-0.626321790933859,-0.4573028344508366,,,0.5864346912867225,-0.008233808460380791,-2.6743031589562984,2.8116688242525654
EA,,0.02001100611443169,,,0.08228372882694358,,0.4670904568247325,-0.07939880390305319,,-0.026125,-0.026125,0.22599938437942835,0.34499779481848336,-0.15987691334149368,0.46152733057985884,0.2662711750669036,-0.24903766001291705,0.6077792760545409,0.2554066243019783,-0.24903766001291705,0.2581385218091511,0.8294464195701867,-0.44043398224129915,-0.5543079521563387,,,1.097601798219265,-0.9780033245362025,-0.18748612017052269,1.7087832907696514
EBAY,,0.054971610300060966,,,0.11465319246669729,,0.395091541439727,-0.11860830307194033,,-0.0103,-0.0103,0.32311231557817655,0.2882638881193731,-0.11100938208374422,1.0815826724554345,0.27695063535428144,-0.11672553676553743,0.7847305333564307,0.31840941868201883,-0.5125098280710612,0.2628428001002206,1.3056755599042802,-0.5125098280710614,0.37413490584382947,,,0.6954054907689939,-1.220156075579669,0.7434158227930466,1.5462806493994457
ECL,,0.025441832159373706,,,0.09431758724299551,,0.3051181232738504,0.10596501691377237,,-0.0384,-0.0384,0.045349300660154857,0.17482633721082297,-0.07227347417101648,0.36999928464206033,0.17347458702649338,-0.07987790346294332,0.22324163189615853,0.21123861154801396,-0.3782076442114033,0.19421267675936,1.002218626011959,-0.37820764421140296,-0.41008242253747873,,,0.19280102288931497,0.16677944765334696,-0.9095601391201475,0.5254992918186369
ED,,0.057015728836916794,,,0.02750542823535265,,0.12260171500254087,0.05272379269729093,,-0.01695,-0.01695,-0.014322318862593386,0.21533752556419608,-0.12843262963025381,0.13911078337035376,0.1780164996769153,-0.13569774635841747,0.5037775489685257,0.19168682348016797,-0.13569774635841725,0.17629607691780366,0.24916296661467752,-0.26628293907543144,0.428420216428641,,,-0.8267619116808724,-0.16203140650755612,0.35223112006269996,-0.5885414088073753
EFX,,0.02516202865109656,,,0.05344595667176312,,0.2722594012916594,-0.019288529743340766,,-0.03715,-0.03715,-0.19327155018678077,0.2558960516707363,-0.23208438270626708,-0.02500599442259921,0.30417901367078926,-0.3110329030117701,0.30004331563713427,0.35740308967550694,-0.4175369772248215,0.3216218092826996,1.4325159091073911,-0.41753697722482186,-0.4175131170278814,,,0.009247471032274369,-0.6067701141589205,-0.8360291799603082,1.0345336481236216
EG,,-0.019716062400144892,,,0.013965415670374607,,,0.1514269406392694,,-0.019725,-0.019725,-0.18192711828295272,0.1366763978483224,-0.13223693492830957,-0.21210542388475506,0.2104742351109968,-0.1898635074135897,0.528309374350411,0.22981162582399353,-0.21210542388475495,0.22256950164384776,0.4892196151215964,-0.37046438764466993,-1.6093329979421163,,,,0.44754635697905437,0.18899239072785606,-2.2458717456490267
EIX,,0.11748483308893275,,,0.033087716976300564,,0.0832659590690555,0.04710085123440779,,-0.0296,-0.0296,-0.3438422188993533,0.3706065813639234,-0.3367824441666385,-0.1033391626510457,0.3136089615573025,-0.3965664173042166,0.11709185929982024,0.2697303137235656,-0.3965664173042164,0.32307759204782116,0.6834185242245409,-0.3965664173042165,2.0342880004736688,,,-1.0464971077267247,-0.1967579593341724,-0.3919021866348769,1.5764510387159933
EL,,-0.03378016085790885,,,-0.05605095541401274,,0.524247109022324,-0.08234534299026618,,-0.033675,-0.033675,0.31087308748442544,0.37946351654850685,-0.2778498818618955,-0.24317060467828122,0.42746946522787016,-0.6022498666708607,-0.5931287642982086,0.37723084567896153,-0.8293544824997136,0.33339525585094193,1.0105696551086876,-0.8293544824997134,-1.9828308842483708,,,1.416887086576237,-0.9962007654918347,-0.6316131134959537,1.0618700813156545
ELV,,0.07832306206705703,,,0.04512952637151451,,,0.0792119517116862,,-0.002525,-0.002525,-0.21635346085146223,0.3629296348509772,-0.3463125736721443,-0.3266371105355089,0.3059098303378208,-0.48364961876050294,0.0735693357781333,0.2733582774741552,-0.4836496187605027,0.2586272032613777,0.7624863142396466,-0.4836496187605027,0.9942754646821909,,,,0.0015560075470023031,1.200778388767249,-0.20805893163206046
EME,,0.03649483205726676,,,0.140271441098146,,0.38685850210819117,0.18775847293528825,,-0.0134,-0.0134,0.3229231754130637,0.3472283120012442,-0.18525192578273886,2.1841814601779026,0.36333843488583645,-0.27504471703587197,6.956834615373522,0.3025792957609899,-0.27504471703587197,0.21699168288313456,1.1792158858106374,-0.3098269068763384,-0.11654977189485426,,,0.6494145477036741,0.6719251601157844,0.5610590440766444,-0.700119428383609
EMN,,0.12281914104271639,,,0.05504192646742636,,0.14766055273473033,0.01833389093342255,,-0.01065,-0.01065,-0.4242430979623034,0.2110792803942377,-0.4000480419657165,-0.2559825305245159,0.255145440492547,-0.4614268002940529,-0.29655624188112184,0.2738527666536465,-0.4614268002940529,0.29099472750015065,1.4010445525760167,-0.5277801343791049,2.1759503154544753,,,-0.6867796362398024,-0.3744189528101946,0.7228271542282916,1.140762477796576
EMR,,0.0332785834508553,,,0.061908013376052666,,0.21873230970347415,-0.06730284084676977,,-0.023075,-0.023075,0.06938107731595666,0.2854295311308733,-0.18772762803590237,0.6251334686695378,0.30577854850915165,-0.2039608558072763,1.0136622627387588,0.2802689266704089,-0.290067358579563,0.250330618002186,1.4104060102025688,-0.37099300247867095,-0.2019631426798811,,,-0.2897625691912492,-0.9033002349103246,-0.008070579820514004,0.4196451028597083
EOG,,0.09096933032490792,,,0.12287047903838631,,0.326511363697261,0.02343888200955245,,-0.069675,-0.069675,-0.17984944449413343,0.22768580551030626,-0.1537636898577206,-0.07433432234510118,0.20750002221507274,-0.17984944449413343,1.8681256710625163,0.3243678350927481,-0.21780283236103481,0.3700726082266143,1.314934450148419,-0.722578330374511,1.3301202739427307,,,0.3123067440058244,-0.3428911939930629,-2.749304737299335,4.734622949240952
EPAM,,0.03982437531769485,,,0.08607520081828227,,0.32672219653944445,0.11539877665225702,,-0.009225,-0.009225,-0.3370367008536028,0.39062551208442414,-0.4062451200986714,-0.3736782788459607,0.4505385698735976,-0.5046320751983617,-0.49830914450892316,0.542574358309679,-0.7760234159090308,0.4420748198687767,1.5534839315404438,-0.7760234159090308,-0.028127654126713784,,,0.31348448661711215,0.22504111693704534,0.8066524476705087,-0.7463367321171557
EQIX,,0.012199221546016267,,,0.02733566630686623,,0.12323050374352874,0.18247397577159555,,-0.0417499999999999,-0.0417499999999999,-0.13720900308531425,0.19075954782468849,-0.15843688639140419,0.06012915546280806,0.21602386264052154,-0.19993928586594956,0.30625414748405366,0.24167229260026693,-0.32124547750367927,0.21089024883058335,0.6666460006164975,-0.32124547750367927,-0.7617641949681412,,,-0.8232494072432807,0.6392887951227576,-1.106623109668512,-1.1176792876656676
EQR,,0.04485443327469668,,,0.04854290050440016,,0.09213523706193241,0.06309268230731833,,-0.029875,-0.029875,-0.1978847211781969,0.13919063800708953,-0.17875476747430508,0.12584481243077716,0.16751880188067447,-0.19788472117819722,0.23244566027432922,0.1880731770981511,-0.34547676821828044,0.1888753948527342,0.7780938283831521,-0.4492135979703078,0.10545474509923955,,,-0.996952043896111,-0.09799449714742532,-0.4080789976500415,-0.38542380399940457
EQT,,0.053168635294458304,,,0.028749910553806345,,0.07176958992285044,0.6055207241471859,,-0.03695,-0.03695,0.24040654980723075,0.24858677077673091,-0.10838568052264663,0.43585591083735875,0.28700885852644586,-0.18026939437326372,2.9846777533539512,0.4259831619422774,-0.32698087295160083,0.4101724321379004,0.9847144850359111,-0.8578781059608116,0.3262536032720423,,,-1.1107174809776785,3.2519703164524225,-0.8242642264947335,-3.212169967663325
ERIE,,0.04138776852072581,,,0.21097148896849854,,,0.16205812864975705,,-0.008025,-0.008025,-0.34243683251478574,0.19493031899376162,-0.32553057843656763,-0.007458011202674419,0.32830937145621936,-0.4620836020897302,0.39529323231190516,0.3004664004404849,-0.4620836020897301,0.20924149229143582,0.40656460072753403,-0.4620836020897301,0.013391114996754425,,,,0.5132031870372835,0.8772421684639549,-1.3770542405044839
ES,,0.030796126697196557,,,0.014340363127439984,,0.11921992231394475,0.04461930598497194,,-0.0219,-0.0219,0.2097070332450821,0.2245905983967765,-0.044605323545068964,0.3742947258334248,0.2237907439537197,-0.14562116700893235,0.02447478464932895,0.23184862615272187,-0.39148810331586337,0.20085148335121328,0.5205241923529618,-0.39148810331586315,-0.2678893272215129,,,-0.8456530925360628,-0.21208365901733903,0.06104852178973517,-0.9625072825299718
ESS,,0.05740798828063595,,,0.061633396001282495,,0.09070913224636586,0.05372174338460653,,-0.03635,-0.03635,-0.1509705215063727,0.1925781733655957,-0.1696664857042729,0.2812530316832518,0.22207420005314046,-0.16966648570427278,0.23179160539900545,0.21673950265671155,-0.3787392681037691,0.20986617281036762,0.7565745139649229,-0.37873926810376923,0.438837384194691,,,-1.0049184707206098,-0.15586819326939916,-0.7889693660980107,0.37875647284149105
ETN,,0.025506376110887338,,,0.09981567406089112,,0.25218330896841035,0.028592468449252176,,-0.018875,-0.018875,0.04009033349643021,0.2892227304637498,-0.177914169123225,0.7361150552996549,0.2645376082715208,-0.27327902561739925,2.4637836271062246,0.2554358590115221,-0.27327902561739925,0.22000662005228147,1.163000839129407,-0.27327902561739936,-0.4083683397232414,,,-0.10290047115913115,-0.3110633165509596,0.238993442956547,-0.43919893728795995
ETR,,0.05708681576552469,,,0.02675124840291955,,0.09137650539365992,0.08948820096874602,,-0.0257,-0.0257,0.26709416934566854,0.1527712442451766,-0.04741730277869183,1.0307253905028904,0.17967567203474205,-0.04880435197252608,1.1261374118330254,0.21817371645497502,-0.191878376736332,0.19109317473945658,0.5763551983660221,-0.309901087896134,0.43030805997999183,,,-1.0011904282341664,0.06502078217437074,-0.16248559405617732,-0.47341755637236793
EVRG,,0.025365602240852096,,,0.02589031671028717,,0.09432815306135814,0.03393861330149854,,-0.03345,-0.03345,0.23154268217981344,0.12190980518429995,-0.029090248770198723,0.6322536288793461,0.14506660526689888,-0.05095789066209966,0.6879027502930686,0.18371112009211313,-0.2612845910436209,0.18853936768157617,0.5094418974151786,-0.2776553782360124,-0.4121068476029476,,,-0.9847020993962341,-0.2780462234768512,-0.6183775408471829,-0.5003851826751476
EW,,0.0297339594206583,,,0.3155231977159172,,0.34139424220794673,0.3356074183359243,,-0.015375,-0.015375,0.16426070737694531,0.10210297058428869,-0.04388984331883006,0.22684981270179816,0.3106222149923557,-0.3402050978663881,-0.009774701404103636,0.3022049720991772,-0.5133153396231815,0.31644482498406085,0.9698895054683763,-0.5133153396231813,-0.2960971241081811,,,0.3954446461425473,1.5850209564540425,0.44488012860409787,-1.930553563023774
EXC,,0.056926405986333306,,,0.02442431844597627,,0.09150143273070417,0.0574048880728359,,-0.020925,-0.020925,0.19982419299024756,0.16520295121008322,-0.06593634958252137,0.28391659529410673,0.16680971575657422,-0.07829552474066503,0.8663249631852776,0.18862872878479847,-0.25432730648078716,0.17417875547154685,0.43292434904135446,-0.26076363615481,0.4260480845787416,,,-1.0004925661429098,-0.1331215722298327,0.11840266993441007,-0.5597255792687457
EXE,,-0.012172964913795747,,,0.008495896399554585,,0.1210046603703551,0.9951456040739053,,-0.078975,-0.078975,0.14191079322261646,0.2671451402963271,-0.15963296163949736,0.4482934247441619,0.26137691836427535,-0.17421908287210008,2.1180946185855083,0.28870078755172107,-0.2538788167752475,0.2363870777497375,0.46357715463005916,-0.2538788167752475,-1.4090122325681975,,,-0.835683288793662,5.6582427389296095,-3.2963750734485417,-4.606563186842927
EXPD,,0.05038379916811814,,,0.17522063583101857,,0.3014293957635989,-0.00038844351310819345,,-0.0037,-0.0037,0.01978504373694845,0.14697103855625504,-0.08598744709734085,0.03706338603609405,0.17069454146817087,-0.15849619404506332,0.44333613258810156,0.2518763329183497,-0.33838708330902334,0.21746364619748407,0.967660063451371,-0.33838708330902334,0.2522971808237086,,,0.17219525992913623,-0.49004564757248714,1.1316592871569997,-0.2171211988316677
EXPE,,0.0373823105476724,,,0.04502290585843876,,0.5081156518309518,0.041825976132545475,,-0.0388,-0.0388,0.17532306955734578,0.3347800224363588,-0.20560044868130034,0.5933922710272397,0.32394778803430885,-0.25647271610007927,0.7430166763920896,0.4346184241514267,-0.5533119060544907,0.3879333382326397,1.5985807775832601,-0.6293963106202439,-0.09298115558402435,,,1.3267744441639429,-0.22933489972876447,-0.9330900460512964,2.3962182343599796
EXR,,0.037500000872263115,,,0.033877950158168905,,0.08179384843135648,0.057846206047961826,,-0.02135,-0.02135,-0.19842863234389552,0.17541036571393265,-0.11926386828173274,0.09746475126821785,0.2790604551323944,-0.23948811813371473,0.40373071748792944,0.30479645438807645,-0.5112423725070745,0.22818308413971805,0.7098950557716597,-0.5112423725070747,-0.0898556735202194,,,-1.0547205296973856,-0.13039604999601456,0.0934021438200645,-1.107582297041655
F,,0.05995388057476145,,,0.010964700519440073,,0.04631898718320115,0.05835074804943128,,-0.01455,-0.01455,0.24117273123209393,0.18702438634114502,-0.02161791331999441,0.4406546722414606,0.25175579060773484,-0.2262732932923216,0.8668016298487384,0.40506768420053646,-0.4643716918288663,0.34061605056195365,1.4460425153341614,-0.5524426404796902,0.5064482156656784,,,-1.252888212155144,-0.1272800644245959,0.493410561649592,-1.1125704937144616
FANG,,0.09917179568409694,,,0.05580157500927117,,0.0821244446383514,0.9951456040739053,,-0.03655,-0.03655,-0.18752773101338238,0.22016320233793613,-0.1911558708939166,-0.023948408464686044,0.23775667677007872,-0.3316594572445096,3.336920314583817,0.35564423291247266,-0.3316594572445095,0.4141616278208221,1.6178191179376973,-0.8033520366383675,1.5479517605010558,,,-1.052873771687221,5.6582427389296095,-0.800734319563585,-4.36243043055219
FAST,,0.03703703621080847,,,0.24616658472843947,,0.7252309364245607,0.08964917997176061,,-0.0092,-0.0092,0.003156499608654606,0.2684374090647203,-0.16928421194545773,0.4382264815782533,0.2597281065357236,-0.1806438643155701,0.8881626253179074,0.23661053136092056,-0.26869725640770914,0.23171499110833474,1.0561940532557887,-0.2686972564077089,-0.10215054780648007,,,2.5396116832753277,0.06601496749340052,0.8081230668537055,1.5633231011217417
FCX,,0.03229723142650965,,,0.034548082707104445,,0.13783320314954975,0.033989201061590556,,-0.02205,-0.02205,-0.05412042125155958,0.29534997879741814,-0.11666667816330212,0.1344623565513472,0.3286993978975613,-0.3134197419710939,0.8811261883604129,0.40536257383984375,-0.4456755685375351,0.4148984847463276,1.9080397411292114,-0.6428347325566527,-0.22802474256957203,,,-0.7416766259242573,-0.2777338000709147,0.05222480669055436,-0.7441923751134691
FDS,,0.058774613786604174,,,0.10631228598662813,,0.21955032025322244,0.07403047898842018,,-0.023475,-0.023475,-0.45669213174559187,0.24642304767637138,-0.4449385762064928,-0.4066119682530903,0.22855564474114795,-0.45669213174559176,-0.1721449225513102,0.2274220256633205,-0.45669213174559187,0.23164690498276816,0.7633139069601383,-0.45669213174559176,0.47513062683546387,,,-0.285193044486539,-0.030444091943969093,-0.03160048675166274,0.25198216104455673
FDX,,0.06743349393089354,,,0.04757521633623513,,0.22290639328037581,0.01966301853282744,,-0.031475,-0.031475,-0.14451914357971163,0.21280445862691352,-0.2482871725753173,0.02070127178015202,0.2680733786431071,-0.2978351113247928,-0.03094480227243468,0.3177347035339891,-0.5177575127123791,0.320579705669813,1.3465616919362018,-0.5233659864586444,0.7050830437204532,,,-0.26644553736317955,-0.3662104341729792,-0.5021986253746364,1.3070465659048893
FE,,0.043006080812918276,,,0.024937917359783793,,0.18039952145128002,0.06289567041022325,,-0.02815,-0.02815,0.11643014239557847,0.13945820595559616,-0.051321771822144924,0.34205992366930005,0.14604115374907375,-0.10733601528039116,1.110563932856384,0.18373664769269382,-0.20882567387647022,0.22758535974820995,0.4104848231359232,-0.4535277308614789,0.056368361091305406,,,-0.5038950433662203,-0.09921121691893732,-0.306606274009463,-0.041709191346514574
FFIV,,0.04553485506631452,,,0.11340034157794256,,0.4165663389992598,0.12910803498046894,,-0.0143,-0.0143,-0.005232725326322685,0.33183720266376593,-0.2294316302952989,0.4547578114053279,0.2906844465116803,-0.22943163029529878,0.5296357534586027,0.2779388836557234,-0.45094194383536157,0.2503434499077246,1.0666567047244824,-0.4652993770309697,0.123524591647113,,,0.8153668017901451,0.30970770766912714,0.5081167534815599,0.12106693228657106
FI,,0.10193429631894012,,,0.042383059319349894,,0.16189350299936345,-0.12723594206621922,,-0.027025,-0.027025,-0.7051955222195405,0.5314970312633572,-0.7236200147868276,-0.501263309966743,0.44872970501542697,-0.7236200147868276,-0.43445043221864565,0.34793242556056225,-0.7236200147868276,0.3248564300933276,0.8319254020692092,-0.7236200147868277,1.621315023075773,,,-0.6072723268595424,-1.27343924832502,-0.24042841076560728,2.527910355306858
FICO,,0.015492181112934286,,,0.3522235906378823,,0.8855645420812583,0.08964725007914767,,-0.0052249999999999,-0.0052249999999999,-0.30505720373806944,0.3486536281914074,-0.2783674303247412,0.5175708411324886,0.3483350956349628,-0.395072924139631,2.491074102176888,0.36774606569930046,-0.39507292413963113,0.29745027562759035,1.2444895532105136,-0.39507292413963113,-0.6743136241669337,,,3.435258288651017,0.06600304872842398,1.0419515169820013,1.652990098773658
FIS,,0.002733118937536822,,,0.0033346979790837023,,0.1126651531504708,-0.03540667090583271,,-0.04385,-0.04385,-0.2556252816167437,0.2091276410741634,-0.23148759910670702,0.10805746387271542,0.22912657263248196,-0.2923753716087164,-0.533434248203768,0.30754699483309067,-0.6594468904055063,0.2726777534775882,0.8794737312817849,-0.6594468904055065,-1.0131538824367619,,,-0.8822689768121077,-0.7063136509787288,-1.2301551210570483,0.04104591278690739
FITB,,0.07921984340726974,,,0.010994169936639977,,,-0.01533794112406336,,0.00815,0.00815,-0.10412371651513397,0.2474585608295186,-0.18108917016432347,0.5452468978751659,0.2645065632313741,-0.2383903647159613,0.9757588054314474,0.30940274298935,-0.46785325375535447,0.34501805296999805,1.3182233684848086,-0.5188139531999205,1.0180911352034276,,,,-0.582371794295704,1.8287327799922792,-0.22826985049314752
FOX,,0.08565945614342624,,,0.09826100171511691,,,0.05566175131986164,,-0.01715,-0.01715,0.29459425416036344,0.21559747593470246,-0.14040069010178902,1.1293423553247322,0.22073239414959867,-0.1404006901017889,1.1669490705979557,0.21903274128803185,-0.278905424317349,0.25663959973351985,0.8650497517725294,-0.39331417530395707,1.1891068425243279,,,,-0.14388695738202648,0.3404661665971257,0.9925276333092287
FOXA,,0.07717698966416094,,,0.09826100171511691,,,0.05566175131986164,,-0.01715,-0.01715,0.3629363801250065,0.22279705576730482,-0.13141879781452892,1.208225937715762,0.21596529734447972,-0.13141879781452914,1.3541441331632211,0.22290709878017886,-0.3007491397024714,0.25431981543893495,0.8043588735911869,-0.3814400859441033,0.9638394135324412,,,,-0.14388695738202648,0.3404661665971257,0.7672602043173419
FRT,,0.04117892963454419,,,0.040429530033604166,,0.09707471490412783,0.024061629462994855,,-0.024825,-0.024825,-0.14283186333065834,0.13896512916530435,-0.14929942627435278,0.09037264909824283,0.15278689280476043,-0.18357543956033817,0.35271583642506754,0.22187558963815643,-0.31770520160879234,0.23344976066481904,1.040355553363854,-0.5317833077073233,0.007845015984319914,,,-0.9693594095037716,-0.3390451869730077,-0.11101392264428954,-0.5114552839021544
FSLR,,0.04685559595189269,,,0.10363297883694207,,0.15306050547361955,0.167400246317159,,-0.0035499999999999,-0.0035499999999999,0.3334169004772747,0.4548329438906876,-0.286087177864367,0.6840537045937869,0.5621657989323519,-0.5370179747810003,1.8439472395073748,0.536557815841617,-0.5370179747810004,0.40050646522250505,1.4138560631282007,-0.6229302999051498,0.15859928417739586,,,-0.6566147227772376,0.5461954087432361,1.1404830022561865,-2.1846938495992645
FTNT,,0.028450640945005858,,,0.19560553153403,,0.5195708901130762,0.3214369978517056,,-0.038775,-0.038775,-0.07922152726908438,0.3000423677086156,-0.2707157199782694,0.6651444892758456,0.3629775101416588,-0.2707157199782695,2.5510832170809796,0.3727304216166275,-0.3237261895553081,0.32966398460279567,1.0947005030000143,-0.32372618955530796,-0.33017799602139997,,,1.3907650544862888,1.4975062884161738,-0.9316194268680994,0.49470019691681444
FTV,,0.04371257618163867,,,0.044030928735349154,,0.21045398126581047,0.05549320219843795,,-0.0265749999999999,-0.0265749999999999,-0.15914141267984772,0.16602210396355022,-0.2174381472351069,-0.02896941065410219,0.21331239109912173,-0.25774371141827246,-0.03284283547137645,0.23055988051979565,-0.28554947472228265,0.24526619820630619,1.147986700316523,-0.3582978701964621,0.07513063922059113,,,-0.33600650372393953,-0.14492789476464654,-0.21395726546805918,0.09800929572935729
GD,,0.04355456814774268,,,0.07210800317656402,,0.1366451954469249,0.026081310198044803,,-0.011175,-0.011175,0.2284499476978672,0.1515984761485431,-0.036239053977623614,0.441239159407226,0.1264888306156504,-0.15564113163952187,1.5600037660570152,0.17398644558825532,-0.1819796653099126,0.18930745682334135,0.729400286689524,-0.38235982181121864,0.07093444656332339,,,-0.7483130079956142,-0.3265719022693378,0.6919441513811591,-1.0427508105441121
GDDY,,0.04147533567470191,,,0.09998361431181656,,0.37595570299239767,0.07148499721571117,,-0.0206,-0.0206,-0.3165966529986066,0.2278591625785353,-0.3739477606210576,0.3493904414038693,0.27940362083216114,-0.3739477606210575,0.6975107206228746,0.3070041352233125,-0.3739477606210574,0.24660220858131587,0.9498117967477432,-0.3739477606210574,0.01571662110851464,,,0.5885099421023867,-0.0461646552528113,0.1375207193159683,0.5128704991477444
GE,,0.024269328360127594,,,0.06215333211809694,,0.1264380019109926,0.016770841789106258,,-0.0037,-0.0037,0.7047054601394633,0.31607914365066136,-0.031199181053804592,2.212387733229312,0.2852734754091022,-0.11410692761704477,5.220942160061832,0.3202885741806338,-0.4464201110352972,0.3190440818574475,1.2361806458164493,-0.786255280795932,-0.4412204078139343,,,-0.805331860677348,-0.384072140388083,1.1316592871569997,-1.9941394152601988
GEHC,,0.06566402470583753,,,0.06592663383077263,,0.24391678306255973,0.11452969986186111,,-0.0074749999999999,-0.0074749999999999,-0.10349394567177705,0.22799918152643528,-0.20309494408938156,0.09137088699519769,0.30500469538879466,-0.24966611470598454,0.28135224363899236,0.29197336460868867,-0.24966611470598454,0.21912004564104637,1.2599972347440025,-0.24966611470598454,0.6580915485011101,,,-0.14907847504983338,0.2196738120715604,0.9095957904942901,-0.6202565291145739
GEN,,0.03652967941084704,,,0.03809280735057187,,0.21528497822584505,0.06040964480165932,,-0.0176,-0.0176,-0.13716281060594926,0.1958772006553335,-0.1298013237504435,0.22990963594081526,0.2526706625911655,-0.15766850976464108,0.5923843832182532,0.3225654273417816,-0.40418696839933266,0.29299012362946997,0.9100959933730133,-0.43969179648976553,-0.11562433661404417,,,-0.3090198591579848,-0.11456458671550818,0.3139950212995833,-0.624074630356104
GEV,,0.009789078733103137,,,0.022340862422997945,,0.12654668438217176,0.1045950220594356,,-0.018625,-0.018625,0.7437945041535992,0.47316684575860257,-0.1812916110704742,3.2605969238126944,0.42087708284749437,-0.1812916110704743,3.2605969238126944,0.42087708284749437,-0.1812916110704743,0.2131625270747755,1.3112612926849878,-0.1812916110704743,-0.8257699504044114,,,-0.8047247447456831,0.15831853818179004,0.2536996347885149,-2.0425128681203994
GFS,,,,,-0.006746252896489015,,0.09538614964948816,-0.06269872259719976,,,,-0.17549133300781272,0.18053427483145212,-0.22185971781908143,-0.33581671150066983,0.25940023714545,-0.4490098971882409,-0.2683627694012455,0.4790616237551914,-0.5374064942023261,0.43065529801166064,1.483233704757003,-0.5374064942023261,,,,-0.9787919781289143,-0.8748658013191023,,-0.10392617680981198
GILD,,0.044735762912554586,,,0.11185997562866955,,0.40174587349063917,0.03997834972657198,,-0.034575,-0.034575,0.3575988498545386,0.19740913418944733,-0.06143161588510504,0.7090594260856773,0.21109047292854557,-0.19851455185989586,1.4488760658688897,0.23103127552892264,-0.22582697434758914,0.19187316024640888,0.42594186515566046,-0.3388429496720353,0.10230323634378127,,,0.7325775476689266,-0.24074559934468953,-0.6845554040910385,1.760181787448436
GIS,,0.11393495509863907,,,0.08834320556173358,,0.19901807260815954,0.03923296778011407,,-0.0118,-0.0118,-0.2672158588499549,0.09598651235469537,-0.2386031432891761,-0.20963735782351034,0.15740964489456993,-0.33700874212819,-0.09261666973318883,0.16550108678832656,-0.4224276576920807,0.16057829986851785,0.25496604848303406,-0.4224276576920807,1.9400144905148524,,,-0.39988913598097603,-0.24534898099298513,0.6551786718012391,1.1302956637256225
GL,,0.0923147585451964,,,0.036073586864323146,,,0.05337829447645247,,-0.0112,-0.0112,0.18426941005446418,0.20398285765627244,-0.08446909113034762,0.07982581019668067,0.3319295205207982,-0.3986040617970743,0.46338834100569204,0.24972199803446873,-0.3986040617970744,0.2464127340930336,0.8170531936933907,-0.3986040617970743,1.3658505838494508,,,,-0.15798928891497616,0.6904735321979621,0.8333663405664647
GLW,,0.01074285714285714,,,0.029198901921637134,,0.17612036079717636,0.05761801390779646,,-0.0257249999999999,-0.0257249999999999,0.8257619035376289,0.3371535466554929,-0.1429520477350601,2.2106125346106023,0.24708693078228297,-0.1429520477350601,1.673780708856829,0.2788598194028889,-0.34839068482829716,0.21921661781791238,1.1470256813984647,-0.39361755991738956,-0.8004406183382663,,,-0.5277990508761085,-0.13180533488051488,-0.16395621323936824,-1.0324781210944918
GM,,0.0760773952965712,,,0.01674297568340555,,0.07312689274710707,0.02271731293911421,,-0.0237,-0.0237,0.24022490880946057,0.23537358281069037,-0.14857684458678744,1.1994921977427855,0.24995769885925861,-0.18227226915046413,0.6096199908481847,0.3417298479451253,-0.5186434978980667,0.29898165895341056,1.3893674103496365,-0.5186434978980665,0.9346376717128434,,,-1.1031353919824667,-0.3473475104260243,-0.04483605940043384,0.22368584955683485
GNRC,,0.036702290076335874,,,0.06949951857087251,,0.33981709308393016,0.05279506017896419,,-0.0223,-0.0223,-0.1299149699506441,0.5011582462354883,-0.2623025153038122,0.39873580274075593,0.41851083256152366,-0.3922423001692492,-0.2404916727071934,0.5592714106348957,-0.8313743579378451,0.38678212883722635,1.372549326686436,-0.8313743579378452,-0.11104034433699882,,,0.3866344640643045,-0.16159126783930167,0.03751861485858643,0.3996667727080209
GOOG,,0.03301421991131299,,,0.24881845518902834,,0.47129818956279207,0.2104371097234612,,-0.0226749999999999,-0.0226749999999999,0.6737843816339801,0.327766416991512,-0.23926076559192055,1.1360834761875434,0.2581200988048057,-0.23926076559192055,2.249364418074657,0.2755830581617551,-0.4015666235969082,0.24463340718639515,1.0380103679722852,-0.4015666235969084,-0.20898380052951274,,,1.1211067991062313,0.8119854619451258,0.015459327110640447,0.08467820952095241
GOOGL,,0.03306076399140922,,,0.24881845518902834,,0.47129818956279207,0.2104371097234612,,-0.0226749999999999,-0.0226749999999999,0.686719295132701,0.33173845499898563,-0.2411621191390092,1.1555638071034382,0.26134183494350377,-0.2411621191390092,2.25668990800235,0.2750630670947646,-0.40403660982600165,0.24662836832274215,1.0414991769581685,-0.4040366098260014,-0.20774773725903595,,,1.1211067991062313,0.8119854619451258,0.015459327110640447,0.08591427279142917
GPC,,0.041663295644128635,,,0.04055187008973726,,0.4394892577912651,0.08276228069445583,,-0.007775,-0.007775,0.006882140645845247,0.2010756505511683,-0.10815299302345294,-0.01873985387398258,0.2305949146579572,-0.2599337946897533,0.4417378296883827,0.24701911166207638,-0.3415202002006782,0.2376117808415459,0.9049837103326361,-0.37933142914449525,0.02070824225663852,,,0.943417526510465,0.023482376118657267,0.8919483602959226,0.04869503235252359
GPN,,0.07392996255263516,,,0.029628862679313618,,0.12779721515566006,-0.04401089703417144,,-0.0241249999999999,-0.0241249999999999,-0.34473749495373385,0.2829602624851972,-0.3281734985631748,-0.3246623696441755,0.29844787189321886,-0.4287172164685972,-0.5882772462235983,0.32530720449019457,-0.636738041249591,0.3130885578841379,0.9964197937453491,-0.6367380412495912,0.8776086631877942,,,-0.7977390997986668,-0.7594522289188058,-0.0698365855147735,0.9091583778227067
GRMN,,0.039327444970263324,,,0.16049493224052408,,0.40758100603692143,0.16218639828658693,,-0.0017,-0.0017,0.0055649531552066644,0.27234784100287224,-0.1807897662683292,0.7833665620894128,0.2681204847431434,-0.18078976626832932,1.0112561082764704,0.2535864060219105,-0.5251665724129024,0.21895415014639083,0.9948661054566073,-0.5251665724129024,-0.04132454939621811,,,0.7651734381909994,0.5139953635784812,1.2493088218127433,-1.0394552965964432
GS,,0.06226448567050713,,,0.008949796426925189,,,0.07965581834776597,,,,0.31710111182305023,0.2824483418481758,-0.14272513043329316,1.3918664393983806,0.2528089196139646,-0.14272513043329316,2.8382710965582425,0.280950221102839,-0.2735393954773675,0.2543896529904426,1.4284186369873633,-0.3992746496014231,0.5678105647662038,,,,0.004297269978337175,,0.5635132947878667
GWW,,0.04078359104778132,,,0.2163318138330801,,0.7722437953739659,0.07004310344827586,,-0.01145,-0.01145,-0.1930370501306049,0.17272376940658557,-0.12167409232569382,0.24703413463571944,0.20286324644520168,-0.20419382336079195,1.4350624861768146,0.26581400748154044,-0.20419382336079184,0.23991976116376346,1.1392950355195497,-0.3438388174193927,-0.002653924063253501,,,2.8022322820860297,-0.05506960303071984,0.6757673403659943,2.1788806206875018
HAL,,0.07873436261854969,,,0.07339811183160218,,0.14955555117567063,0.0089456106870229,,-0.026775,-0.026775,-0.12239219238934107,0.3298726611903238,-0.274406861973146,-0.22966626570086013,0.292687727103738,-0.4913894656659842,0.7861535182377868,0.43495844200939465,-0.5024092407421483,0.4467949545976854,1.8339107501375274,-0.8692086206586485,1.0051983039299708,,,-0.676193902114578,-0.43239974668467124,-0.22572221893363936,0.9871263674337034
HAS,,-0.07778510374015359,,,-0.09084979798174384,,0.4460673159946096,-0.24556952742613594,,-0.021475,-0.021475,0.19955462882507802,0.270819553507003,-0.06554145392182087,0.7648516769471849,0.24928198591243364,-0.21804541698050328,-0.013555192050822229,0.276717426098887,-0.5167137684261915,0.30838238541381796,0.7437602525009805,-0.5653369639005179,-3.1514627167760114,,,0.9801635067162878,-2.0042520320414305,0.08604904790408054,-0.2530962259223737
HBAN,,0.08718282433163842,,,0.010266353486120353,,,0.05823442514390505,,-0.0005749999999999,-0.0005749999999999,-0.11308500951652878,0.23628886280204162,-0.14635228091138486,0.4868903806021512,0.2511397260363278,-0.1772166610846786,0.5934737097714113,0.2850338711730834,-0.3425498039323377,0.3135140776408495,1.2261218531552405,-0.4519049700622916,1.2295626740923542,,,,-0.1279984595120011,1.3154866850566047,0.042074448547750665
HCA,,0.05160759191869984,,,0.10022408164292967,,0.4989719100652103,0.03759215043831367,,-0.0392,-0.0392,0.4220265017996754,0.2801861942413651,-0.07598538408979594,0.8725191461096626,0.2858719454472866,-0.25993084241897113,2.211188928186675,0.3287026600082614,-0.34243849871068377,0.28016517348816855,1.479879499344379,-0.39006572963663344,0.284797238114395,,,1.2756961861819354,-0.2554824548118009,-0.956619952982445,2.7725958320905764
HD,,0.0388793438950689,,,0.14905155264156664,,0.5608206037357134,0.033073126406872766,,-0.02,-0.02,-0.10215840061052628,0.1926642922069612,-0.11942892321098719,0.2591403604632023,0.21844303988748887,-0.15462059776720283,0.5389612082320412,0.23800184966129517,-0.33093745240761285,0.21780338194681237,1.0501461300884616,-0.33093745240761296,-0.05322469393369367,,,1.6211918937475502,-0.2833913576144481,0.1728155797126913,1.6785429777156133
HIG,,0.09133338944717245,,,0.039563279911729386,,,0.058105406978215215,,-0.0097,-0.0097,0.02463653097835916,0.18552394990955795,-0.06904564904876509,0.6385430167516839,0.20821429746921497,-0.1090479407081153,2.1045577863835936,0.23743619092285653,-0.14068707475275266,0.24076517177888898,0.8486998121331922,-0.4267409040356144,1.3397885305369703,,,,-0.1287952588697742,0.7787106831897697,0.689873106216975
HII,,0.04207343843448307,,,0.044281376518218625,,0.12078272604588394,0.06967285587975243,,-0.026025,-0.026025,0.6347456251746864,0.3013565638603047,-0.10295705007659872,0.3941944068358352,0.36404735336852745,-0.38306480858010084,1.2092016744677614,0.2932479669573207,-0.3830648085801007,0.2748425546649824,0.6452550669718737,-0.4517957346987561,0.031600335037499684,,,-0.8369230458833551,-0.057356203706207295,-0.18160364343773555,-0.5663628637019125
HLT,,0.02663167276825852,,,0.09754749992326345,,0.19098192086927163,0.0106119336595285,,-0.01815,-0.01815,0.02404451253024642,0.2176981878745559,-0.14900367483800847,0.5535880924032237,0.1970900276740962,-0.14900367483800858,1.530053934391408,0.2649391431752444,-0.2847809448162919,0.28276132286152234,1.2597574729052685,-0.3837821538714671,-0.3784840265368807,,,-0.4447802366066934,-0.42210875341844406,0.28164139926925397,-0.6827969089943839
HOLX,,0.031190927304209085,,,0.0632423182038773,,0.2374964170065189,-0.009448712612906491,,-0.024075,-0.024075,-0.06842770366548745,0.21888490421708218,-0.19323535825686855,0.038709598719546046,0.17786411647967276,-0.28685209744310125,0.07131492117818716,0.207747635326987,-0.3233345039248229,0.25397310279773433,0.9932774123581628,-0.3441704377072844,-0.25740467421126584,,,-0.18494356421694683,-0.5460006874025084,-0.06689534714838574,0.17054779612268145
HON,,0.04798503208265067,,,0.07564045315471761,,0.20146531051021252,0.13111396385351007,,-0.02725,-0.02725,-0.08496696265387638,0.12461555942871226,-0.09427039181007546,0.11111725490650004,0.1656960789017307,-0.09427039181007535,0.13269855524523577,0.21006963951670482,-0.268551588163747,0.17734592678981928,1.0457932917506843,-0.268551588163747,0.18859352865903523,,,-0.38621851271679497,0.3220960626672921,-0.2536639834143784,-0.2660570633106735
HOOD,,0.013326080878428183,,,0.05406999160826473,,0.09153795559184415,-0.14564891404247085,,-0.011275,-0.011275,2.917954135430489,0.6925634536922761,-0.1988450756371114,15.713636209452456,0.7933652644242073,-0.1988450756371114,3.184352644274231,0.7467395753606523,-0.8163357310610866,0.5344001631274005,2.408380444077621,-0.8163357310610866,-0.7318383820847718,,,-1.0002885441821696,-1.3871553608346545,0.6860616746483718,-1.0310332400806588
HPE,,0.034693877551020415,,,0.017406889529714104,,0.13587974182570098,0.27095247485703017,,-0.02575,-0.02575,0.18598466767183353,0.3421783953171738,-0.2714477032092145,0.5309432130406952,0.3263404994460242,-0.2714477032092145,1.5828677690071706,0.3057059422325826,-0.2714477032092145,0.2669860505046601,1.3535954788913642,-0.491563754989258,-0.1643774164066432,,,-0.7525889421306556,1.1857204613230712,-0.16542683242257078,-1.9372599874377994
HPQ,,0.10144390880345545,,,0.0670510248139588,,0.2903258578213497,0.04716361438818676,,-0.010825,-0.010825,-0.20667635766506687,0.22034511286984843,-0.23407630737831675,-0.00885561577273164,0.2834860156710511,-0.2985030524725596,0.4545799021516177,0.3017757057653504,-0.348596861412242,0.25598307953763805,1.14611723848963,-0.38234002796129807,1.6082918846887273,,,0.11016929834171119,-0.19637034228539862,0.7125328199459141,1.2022987053699228
HRL,,0.06424581142501855,,,0.05614402330081512,,0.14645261452395203,0.029201722981343062,,-0.00805,-0.00805,-0.3097553024183649,0.1785683689647084,-0.28643184622109785,-0.2418980535618187,0.2232268332418704,-0.35889599714541265,-0.47235735355425934,0.20807622048771324,-0.53962922138158,0.20694904197666728,0.12863537828819366,-0.5396292213815799,0.6204282980405068,,,-0.6935273529992176,-0.3073006400526947,0.875771549280758,-0.641569964186774
HSIC,,0.04764851530139768,,,0.036864175886659245,,0.37925560899334265,0.06389620524826846,,-0.02775,-0.02775,-0.16106428514704973,0.27030610967561214,-0.2099999904632569,-0.031320303643712855,0.25764705994501985,-0.2099999904632568,0.0051314234735282405,0.2547854936686373,-0.27514624391240994,0.23052193618821656,0.8786756789896071,-0.299744495728835,0.17965670936115907,,,0.606943692130647,-0.09303204430303894,-0.28307636707831424,1.1627088128731593
HST,,0.06013639494534847,,,0.05065821081964063,,0.24329778034015567,0.044571612799226244,,-0.04805,-0.04805,-0.07439926492760096,0.20352066792966003,-0.18260785700144233,0.030837865188453994,0.20468092671811514,-0.2797737285250682,0.3642860259882972,0.28356556627413354,-0.27977372852506877,0.26028160779070175,1.2944306885757357,-0.46765000550719427,0.5112952189655691,,,-0.15253631337866502,-0.2123782059097796,-1.4772191438341096,2.048356255330793
HSY,,0.046515927013519046,,,0.11506303325131777,,0.3408387370018434,0.09907339706245509,,-0.01875,-0.01875,-0.05552355648813079,0.2797712371492826,-0.13226412771732687,-0.08885091797185563,0.21902733117109854,-0.23413303622035453,0.22671986338242012,0.19078318724468857,-0.4286562163644907,0.16603450357299537,0.25389436491123457,-0.4286562163644906,0.14957875357549222,,,0.39234151408188456,0.12421770262941506,0.24634653887253097,0.17135602615543075
HUBB,,0.03295481380367513,,,0.11996301272882262,,0.28188346119948565,0.04035391533390573,,-0.009675,-0.009675,0.026433125989872908,0.26676642162158803,-0.214918987336423,0.5938506289162617,0.25746169174244954,-0.2781910080814981,2.134353738539567,0.2729652741931101,-0.2781910080814981,0.2552584151382052,1.1038949722648832,-0.2781910080814981,-0.21056143849209197,,,0.06300885531021101,-0.2384261551553758,0.7801813023729665,-0.6893077303994717
HUM,,0.04665618524404522,,,0.03187492731565987,,,0.005270197432775039,,0.005675,0.005675,-0.042273467091505035,0.3865529652633692,-0.20234771927278372,-0.40885291898729015,0.39039497789526156,-0.4833216730338489,-0.2697229102426001,0.3140439701674138,-0.57227733665802,0.24679092146183476,0.6515943797707867,-0.5722773366580199,0.1533035677038846,,,,-0.4550986193967197,1.6831414808557967,-1.0747392937551925
HWM,,0.01649414679982077,,,0.13027159342580721,,0.20934840890546683,0.03436651371851297,,-0.00965,-0.00965,0.7500317581977642,0.31973058977860824,-0.06401370614237467,2.9506030036905386,0.35143118783998734,-0.0829298395776491,7.9278000144141245,0.3421934376170492,-0.20612053813784925,0.36099060391572513,1.622395300646295,-0.4809340211023214,-0.6477045907242743,,,-0.34218239010460993,-0.27540356633128604,0.7816519215561633,-1.4961353360537615
IBKR,,0.06841817015219746,,,0.005255458888420273,,0.05347648919040534,0.3280472454774311,,-0.042425,-0.042425,0.5359346471789006,0.4415166296705485,-0.23751991506662695,2.793877845447894,0.3733827102861169,-0.23751991506662684,4.6908204308867365,0.33583493602458897,-0.30520578728861425,0.2791121081074683,1.0360397554628535,-0.4393391536656128,0.7312329237470694,,,-1.2129053754350099,1.5383303152866348,-1.146329827614831,-0.8736729393597442
IBM,,0.03166737653690746,,,0.04123966445491599,,0.2606377901818066,0.11010250433327357,,-0.024675,-0.024675,0.3670874031447797,0.32549188593495726,-0.16840945660224282,1.0315840391123028,0.2873838130440625,-0.16840945660224282,2.156560420265964,0.24773562230098703,-0.16840945660224282,0.22712235037829592,0.9783587419874369,-0.31903231409525334,-0.24475169244499825,,,-0.055672521859441805,0.19233203012129546,-0.10219020754510874,-0.39056603688062674
ICE,,0.03578542572326495,,,0.021386070923703072,,0.04897502821921613,0.0471593962900016,,-0.00475,-0.00475,-0.08531926348411667,0.22040213734293224,-0.21010177775790895,0.3101401721870045,0.21656296045011178,-0.21010177775790906,0.47095754907470777,0.2314249691049982,-0.3388527553474142,0.18486206879941589,0.8554137530687789,-0.3388527553474143,-0.13538935603724728,,,-1.2380511845220292,-0.19639639270943768,1.0698932814627344,-2.246937429312573
IDXX,,0.01636373690769562,,,0.2989397280640112,,0.7536180236827125,-0.024619699683765137,,-0.03965,-0.03965,0.7141434556998372,0.2946198979221238,-0.039257792591330776,0.5519728458941602,0.32757503457312803,-0.2925959577139239,0.5682675717209069,0.3540432742312369,-0.5198444081677889,0.2905951919830885,1.2681610658265732,-0.5198444081677885,-0.6511678641938425,,,2.6981860397561896,-0.6396947241314542,-0.9830910982799872,3.669803997973789
IEX,,0.036731054977711744,,,0.06856558574349986,,0.21649138182880515,0.1647891857096878,,-0.014275,-0.014275,-0.25942556618545776,0.21634948440291693,-0.268888060860927,-0.14216545179876117,0.21848199155335538,-0.31916434133273885,-0.07377084983949178,0.21971756832876635,-0.3191643413327384,0.20239690446319794,1.0437534484147122,-0.3191643413327385,-0.11027643971161812,,,-0.30228071493878866,0.5300698391072413,0.5095873726647567,-1.4522143664224048
IFF,,-0.031249999078278738,,,-0.013913843920659226,,0.14505093776829733,-0.11583116135802052,,-0.045375,-0.045375,-0.3056122102404438,0.1252806978784666,-0.2812637193876383,-0.13904548474883283,0.2152730183827809,-0.4006723977299148,-0.36629867320646514,0.2791470945256622,-0.5460846551616443,0.28355725817338473,1.0117888025922332,-0.5460846551616442,-1.9156378053928231,,,-0.7013573211639965,-1.203004810699528,-1.3198628912320527,-0.09412742462523882
INCY,,0.04213842682740599,,,0.15814250158041265,,0.7733062459496606,0.24873444888168805,,-0.0026999999999999,-0.0026999999999999,0.3617107478423105,0.2974781704970952,-0.1835221649537565,0.8691571477661659,0.27226373250589975,-0.18822895549195717,0.2014430872352766,0.2619195191035695,-0.42005571880712456,0.3178200811083023,0.8918702346627303,-0.621206623609069,0.03332622080714535,,,2.8081672839691527,1.0485048317759982,1.1904840544848774,0.6025046185154224
INTC,,-0.12075949367088609,,,-0.09084979798174384,,0.0815447818696445,-0.06636599500497078,,-0.0366,-0.0366,0.6424116945139573,0.5952873081991126,-0.1761483516986977,-0.10449628192603722,0.5569547521519846,-0.6081547564142638,-0.09630888438479401,0.438553713924622,-0.6662016978864203,0.3508390281537966,1.0424136142572096,-0.6662016978864204,-4.29272632870477,,,-1.0561118513706944,-0.8975143972254793,-0.8036755579299787,-3.6476482249200064
INTU,,0.020216211346875904,,,0.11179980639475243,,0.43295334691459697,0.150192954064484,,-0.006725,-0.006725,0.060661055288481425,0.27354524445562606,-0.15200975902357527,0.19820604862390123,0.23947632979443034,-0.15200975902357539,0.9820971246997536,0.27810969086565457,-0.4076064678012362,0.2120850385475149,1.1239408227435743,-0.4076064678012362,-0.5488583514722232,,,0.9069069873396564,0.43992541689645065,0.9537143659901879,-1.0355911470192054
INVH,,0.03455571152711098,,,0.02884652129089653,,0.08345320717619216,-0.030013238948757508,,-0.034825,-0.034825,-0.14143108984630537,0.1551835942134059,-0.1769107132001959,-0.08956624793765955,0.17226047699810726,-0.2014179320106877,0.14452992458274694,0.20824517750319543,-0.3304121507028579,0.20673060016426786,0.8242288774939203,-0.3304121507028578,-0.1680466681574388,,,-1.045451112841042,-0.6730045189149393,-0.6992615959230065,0.15876833383946498
IP,,-0.025453560580346323,,,-0.0008339446353422648,,0.19171460561368286,0.837401899145818,,-0.039125,-0.039125,-0.3546428555715294,0.2611371530258061,-0.3318549125960577,0.0722500588958026,0.34144316018302745,-0.3546428555715295,-0.033710803489109264,0.31760020880268475,-0.46219912223000226,0.27253697118903225,1.1238656889906058,-0.46219912223000226,-1.7617027676381056,,,-0.4406873541354567,4.684038198759522,-0.9522080954328547,-5.93422022510023
IPG,,0.047181127117196985,,,0.025399070751679086,,0.10653003956205723,0.0008993757274362501,,-0.0170999999999999,-0.0170999999999999,-0.147377226663719,0.19451182569810632,-0.15409541190540388,-0.11824297153376662,0.19297260711358194,-0.24056204580881102,0.3523379278472887,0.2470298189010476,-0.3313589466285013,0.24049589734096863,1.0159337972667568,-0.3313589466285013,0.16724436032878232,,,-0.9165406046255709,-0.48209224396992345,0.3434074049635251,-0.6106114052903902
IQV,,0.032261080243478554,,,0.04496832768351313,,0.19546863213763144,0.08462762330479581,,-0.0311,-0.0311,0.06492734904746555,0.3295098504183097,-0.3030889878541221,-0.0010275628885163535,0.33265479543048887,-0.44509469662801204,0.2656370076954895,0.3178252122694608,-0.5026228307037062,0.24790071626212062,1.3869274920656762,-0.5026228307037061,-0.22898480342879693,,,-0.419716821483281,0.035002488701244144,-0.4801393376266843,-0.20356477598663775
IR,,0.016842105263157898,,,0.02877178977214075,,0.1773214322581533,0.012366510637105138,,-0.01985,-0.01985,-0.26988795902126084,0.22438272010266222,-0.1956447332103215,0.06566739808146171,0.24549473625778132,-0.2757172913796916,0.7250571687093861,0.270805729368774,-0.31924905977947027,0.27179381859407775,1.4413265081812439,-0.4086175324525222,-0.6384639166086117,,,-0.5210896927697302,-0.4112727149317588,0.1816392948118721,-0.9299201892584552
IRM,,0.001350438916492017,,,0.002155368702136262,,0.18824220644942327,0.12299566525930357,,-0.03255,-0.03255,-0.1349611757806538,0.2659848074922812,-0.17394283545377742,0.7206911061885433,0.2729740037072318,-0.29374260062670476,3.699470281152351,0.26809015677485115,-0.29374260062670454,0.23843489481431607,0.9579673558166781,-0.3015910454223095,-1.0498734821216626,,,-0.4600846758088533,0.27195850977706465,-0.5654352502520985,-1.216481417455482
ISRG,,0.013910070918135998,,,0.1374769013393928,,0.32116430429865744,0.21101027633799602,,-0.01235,-0.01235,0.004077531314863325,0.31414819747826517,-0.2196981733647554,0.7507721927170741,0.26936214393801255,-0.2196981733647554,1.2486469160075373,0.3538315955184585,-0.4809625345248426,0.2661273806073628,1.3176094792778543,-0.4809625345248424,-0.7163294572781225,,,0.28243730035746206,0.8155252641731024,0.6228250497709097,-1.8722424708646725
IT,,0.06595640907925258,,,0.1525077280962396,,0.5258556724788355,0.12072576116222557,,-0.023075,-0.023075,-0.5251867981260383,0.3609240019951964,-0.5469668396612579,-0.4344586509060354,0.31319389577504275,-0.5469668396612579,0.617894724795693,0.3283935625780969,-0.5469668396612579,0.3113455324287665,1.3218806158447864,-0.5469668396612579,0.6658563509011683,,,1.4258727536387037,0.2579398782371741,-0.008070579820514004,1.8418598061232119
ITW,,0.046888494924740974,,,0.21568093322864423,,0.44270674764048906,0.030236887719072993,,-0.0139999999999999,-0.0139999999999999,-0.10241203098599483,0.14004512919364723,-0.0856159758384284,0.05155298039162348,0.15092868676502907,-0.1250780063410044,0.29218805234970535,0.2208558872025722,-0.2537950965672402,0.19880052809501045,1.1144495655155604,-0.2537950965672403,0.1594729766403278,,,0.9613908880492711,-0.30090759769464803,0.5257641836799274,0.8960072787043196
IVZ,,0.05385920288842795,,,0.029379588311501368,,0.07388081186123506,0.04892960732637407,,-0.07925,-0.07925,0.34924721203081277,0.41415322047555214,-0.2674584151601094,0.7984547445954184,0.39192450285207875,-0.2674584151601094,0.7737073552613141,0.3811426051172626,-0.5041785574521636,0.3462359095145229,1.5193426737542746,-0.7465331038368261,0.3445928901786178,,,-1.0989238912647543,-0.18546380031546894,-3.3125518844637063,2.7436846836930386
J,,0.03209076175040519,,,0.042834242982181636,,0.20688582004687675,-0.2415855887944743,,-0.020975,-0.020975,0.11104226046229804,0.17236358336819452,-0.13517435661865507,0.4889297892948292,0.16007249288539213,-0.14191019958127604,0.795535870653711,0.20427234592694368,-0.23329200006301443,0.19963173281756752,0.8577707716729079,-0.23581721835154112,-0.2335079228703172,,,-0.35593876602217517,-1.9796477468530413,0.1154614315680164,1.2747396263925326
JBHT,,0.0326362297496318,,,0.06686386584202873,,0.2492256909885723,-0.020763841689757933,,-0.064175,-0.064175,-0.09430226484353721,0.34829637751043274,-0.23536502705765794,-0.06678919630817204,0.29343612626407495,-0.3607029987857684,0.31050939206942196,0.28088687212466373,-0.36070299878576817,0.2268789609092947,1.1520718101742198,-0.3607029987857684,-0.2190220213835873,,,-0.11942215102025756,-0.6158814482500146,-2.4257685169960403,2.70320579284221
JBL,,0.02687122720531787,,,0.024695872301525913,,0.1048027564868856,0.06521863717118459,,-0.0358,-0.0358,0.6240950666134681,0.38871244518204495,-0.1617868816046859,0.9180243317296255,0.34245202182127876,-0.24447295807967884,4.8719770899843,0.33071935264015495,-0.2700677578158043,0.2977723133482028,1.298230461465574,-0.4040812645883187,-0.37212221982984933,,,-0.9261894565706387,-0.08486487729020582,-0.7566157440676812,-0.456831055042601
JCI,,0.029598868978327815,,,0.05232391104231529,,0.17958054094621614,0.001569532602423543,,-0.0143499999999999,-0.0143499999999999,0.3668887698015906,0.2498210012400457,-0.060589740403312664,1.2213547441801613,0.2503222116761946,-0.0858780011636634,1.7202813007454756,0.2849137467339392,-0.4035411734475721,0.2733734397164678,1.218183228127114,-0.40354117344757223,-0.2996846981586713,,,-0.5084699863809736,-0.4779534425481079,0.5051755151151722,-0.8353767571067093
JKHY,,0.04056296754921753,,,0.15427813974106377,,0.34343903308226986,0.04085818988052923,,-0.0476,-0.0476,-0.13368150398065404,0.1422824407009654,-0.17884384651309193,-0.02890983125102753,0.12805306100180477,-0.17884384651309182,-0.004481989549957266,0.20769033352187094,-0.3109870805020958,0.19424665585458023,0.6351379351467645,-0.3109870805020958,-0.008512985035453766,,,0.4068671423671509,-0.2353118213501898,-1.4507479985365674,2.0844139772184542
JNJ,,0.05562117634240442,,,0.12159618807943111,,0.3302752293577982,0.0679283000530129,,-0.019625,-0.019625,0.23056862537349088,0.1841690999594818,-0.07103527178605784,0.2724003931841137,0.16563117182936699,-0.12106354485129256,0.4745126163135094,0.16112288662485993,-0.15669257171012485,0.1566028509578835,0.5233017511612489,-0.15669257171012474,0.3913853214719757,,,0.33333223949158264,-0.06813035287282306,0.1948748674606432,0.5979730463757382
JPM,,,,,0.013206176415623248,,,0.09883627890204279,,,,0.26501130510505533,0.19670024075530276,-0.08230444608270482,1.0722839374490767,0.19040829186968616,-0.08230444608270482,1.987996246132556,0.24106177167867918,-0.3711081378577773,0.21715931171777503,1.1594993050616202,-0.3711081378577773,,,,,0.12275329180848403,,-0.12275329180848403
K,,0.04599085133978271,,,0.0851185921958684,,0.28704412139760266,0.037388064579384275,,-0.023725,-0.023725,0.05097765430542278,0.05514759009992134,-0.032835274419216964,0.6696597115404601,0.2778397110329003,-0.03512887280780852,0.6302219774432498,0.2150693272114671,-0.27490782745960507,0.1616929321577021,0.4168706890679892,-0.2995841261289057,0.13563440763107862,,,0.0918370461876601,-0.2567428624486328,-0.046306678583630675,0.5305209948510022
KDP,,0.02102102150263564,,,0.028681464883411525,,0.16165067805709218,0.03866727800703042,,-0.0086999999999999,-0.0086999999999999,-0.15925696472173978,0.18632529774965773,-0.25064037908514447,-0.10749483441533447,0.1963715655757158,-0.298668703622872,-0.012343311422071235,0.18667897497850375,-0.29866870362287223,0.16746335991443126,0.5051518749371866,-0.2986687036228721,-0.5274851441559641,,,-0.6086287819480126,-0.24884260722369347,0.8375354505176472,-1.7248067693979305
KEY,,0.004561003182683972,,,0.0009372657667672718,,,-0.010408108829021072,,0.0016249999999999,0.0016249999999999,-0.05648358374892548,0.24102542501675236,-0.1645520058221307,0.5454016169390319,0.25961713456030466,-0.22052148605488453,0.4269660384543261,0.3569234445475472,-0.6074480214408833,0.3528844263935528,1.352033710575876,-0.6074480214408832,-0.9646110693993518,,,,-0.5519257932568873,1.4449011731779107,-1.857586449320375
KEYS,,0.016919111203777377,,,0.05461573214196074,,0.32829677225038906,0.1424434195001609,,-0.008475,-0.008475,0.08979159837694506,0.22435851227624773,-0.18474915099193678,0.3700786924130619,0.24688826801465072,-0.18474915099193678,0.5509829328208435,0.2753271422467547,-0.4089874277357668,0.266127289970383,1.1270147595609599,-0.4089874277357667,-0.6364188828554156,,,0.3222802932394254,0.3920653025406332,0.8507710231664125,-1.556974915323036
KHC,,-0.13242872103328612,,,-0.06046319556763825,,0.0995446046548975,-0.0812640066668919,,-0.005625,-0.005625,-0.20604273650675742,0.1461913782383762,-0.17652891264462078,-0.24225901013606144,0.17294450030225478,-0.3187452514573945,-0.08273529096211563,0.20528010446583275,-0.32726126366541375,0.2789662845809983,0.5472869383993362,-0.6995846533418628,-4.602624027997218,,,-0.9555622497513386,-0.989522573445044,1.018421610050847,-5.5870853143543595
KIM,,0.041728029699579956,,,0.029903647767178684,,0.07219140057288097,0.014990532540798825,,-0.0168,-0.0168,-0.1669010528030309,0.14990299501380094,-0.13720064995114067,0.16066632519663115,0.18977161023552153,-0.20151978633470047,0.7439903575297591,0.23062623189211184,-0.2593350055759125,0.289686754230862,1.2585071141721498,-0.6298740672581524,0.02242737362902684,,,-1.1083611859560343,-0.39506709802140716,0.3610548351618808,-1.0519215494674812
KKR,,0.02244325479590444,,,0.005563934521959035,,0.03926322395402648,0.09297348503811294,,-0.011975,-0.011975,-0.27478394740889744,0.3544977333087931,-0.315174950970075,0.567192970989649,0.341469476245959,-0.31517495097007486,2.2357282088864414,0.3935352736855399,-0.45476985083061916,0.2985992299596624,1.7208646880559482,-0.45476985083061905,-0.489715134904,,,-1.2923027214132716,0.08654544184752617,0.6448843375188617,-2.5134476356836593
KLAC,,0.02491100253875086,,,0.262296732436368,,0.47816176470825655,0.041102620094409806,,-0.0195,-0.0195,0.8971314022304488,0.33691773479139747,-0.07708122692383823,1.2739046474566043,0.30659770316342383,-0.2322417137531878,4.097757103405514,0.31771871819498815,-0.28965595269573097,0.2586156163715781,1.3484637784157338,-0.2896559526957311,-0.4241795750771023,,,1.1594477180582992,-0.23380225224107218,0.20222796337662718,0.7668424318456419
KMB,,0.0709885620250698,,,0.14553730516417865,,0.39816131881953076,-0.029456018518518517,,-0.0303249999999999,-0.0303249999999999,-0.23849335138337913,0.24489244144032485,-0.27484512319980303,-0.1102757071889231,0.20673905506555412,-0.27484512319980325,-0.12227850170054166,0.20096361611753588,-0.27484512319980314,0.17443840723523274,0.3733066769588356,-0.2748451231998029,0.7994943863910977,,,0.7125537091865809,-0.6695631982406097,-0.434550142947578,2.6161614367658665
KMI,,0.0467791412411413,,,0.03796846415192961,,0.12001045387228852,0.023606121467568103,,-0.020175,-0.020175,-0.04758524532944608,0.1678073668065657,-0.10354775544231909,0.6222729043761188,0.19037400839698176,-0.10354775544231898,1.399462142934857,0.21105607253720599,-0.1488065242007327,0.29475609777866857,0.888449685371148,-0.39727955487413036,0.15656888934266425,,,-0.8412370694336508,-0.3418583449207737,0.16252124543031388,-0.5053310806005268
KO,,0.04428424225308352,,,0.11803402573244458,,0.28007285692140754,0.03093812375249501,,0.008725,0.008725,0.08438315797289309,0.14925516575309677,-0.07231194207898628,0.22535132714034822,0.14267468644253353,-0.1284355086791712,0.5203856050694959,0.16759640519350064,-0.1284355086791712,0.1726534553335565,0.48730927971839966,-0.23564952044404308,0.09031227848448448,,,0.052894559129461345,-0.29657685544536444,1.8625570212058054,-1.4227733281464952
KR,,0.06305170376085024,,,0.04916348164707579,,0.61265955145309,0.041735513092160254,,-0.05525,-0.05525,0.05411499936520192,0.1440575247285779,-0.11270722011013035,0.48847507788343236,0.19564729669501474,-0.12141261671719028,1.127275299521969,0.2368640288696369,-0.23227906921322106,0.24491078617080003,0.46960010168553046,-0.507719320322082,0.5887165825737574,,,1.9107717192566807,-0.22989358766310106,-1.9007574685947857,4.630139358088325
KVUE,,0.043990088404548884,,,0.05355237690600954,,0.33162441580512675,0.0260560450780925,,-0.0191,-0.0191,-0.3106343070797839,0.3490076947898011,-0.3922166081768689,-0.15543840959082478,0.33258307262395526,-0.39221660817686876,-0.2988507194769173,0.32714801929218157,-0.40716814107065913,0.3325829141517482,0.6454846183603382,-0.40716814107065913,0.08250048443266692,,,0.34086898923671155,-0.3267279363537198,0.22575787030777592,0.5243395397153223
L,,0.0634681162363065,,,0.016186219515853258,,,0.04454889768928038,,-0.007175,-0.007175,0.14873261641149815,0.12273334179006688,-0.055271548259854586,0.4219871057179656,0.13396649436622876,-0.0552715482598547,1.415696119181857,0.16901763032350892,-0.2381470644006468,0.18243588043680226,0.7566903757737165,-0.38849028966406407,0.5997751783224672,,,,-0.21251849146507204,0.9272432206926456,-0.11494955090510639
LDOS,,0.05470085383613697,,,0.10543731668797474,,0.2251635707302399,0.0495778139282671,,-0.002975,-0.002975,0.17948272610374572,0.24476165702838487,-0.09780648651914847,0.8388914667811043,0.2374027934165221,-0.2885437376749749,1.0482710861196756,0.2608420820254135,-0.2885437376749749,0.25754502670292,0.8193771297707397,-0.28854373767497477,0.36694447218161763,,,-0.2538366191490529,-0.18146056091634172,1.1743072434697068,-0.8797388295208004
LEN,,0.08367194880517316,,,0.05566458618340375,,0.08567261493532947,-0.11102618802736239,,-0.0348249999999999,-0.0348249999999999,-0.2734945369965035,0.32165201944894317,-0.18972755339051173,0.0031732088937692637,0.3258203912767012,-0.408989884620935,0.7648671562732019,0.3309550919965878,-0.408989884620935,0.31549141627167576,1.505241380861018,-0.42435198226120263,1.1363249459751112,,,-1.0330531815572408,-1.1733299223338887,-0.6992615959230004,1.9758632826747595
LH,,0.034129693317509584,,,0.04202865039253901,,0.20892654620729142,0.08063522076554394,,-0.006,-0.006,0.07814196280666552,0.20973096029275243,-0.11530687356732905,0.21443886847871085,0.18356907527861574,-0.136479979390842,0.5679343007601951,0.21976338604093645,-0.34445372417414555,0.24967446493536702,1.0456342029061148,-0.34445372417414566,-0.17936036176474277,,,-0.3445389758746852,0.010345931523898276,0.996362322302895,-1.5306075914662212
LHX,,0.031012856001845075,,,0.04079866328480929,,0.13225306230391037,-0.010010322394795592,,-0.014325,-0.014325,0.18943623037752877,0.2517515303189315,-0.055073531064907644,0.5664052600246277,0.19001337410395133,-0.16320133144121463,0.6573345047608061,0.23188295050333382,-0.2854487189677921,0.20035373461489278,0.729072231302047,-0.2854487189677919,-0.26213368369911144,,,-0.7728480960938758,-0.5494691161399323,0.5066461342983632,-0.9921587979514181
LII,,0.047967117044192036,,,0.24029194348273603,,0.5167169314263915,0.13370992271640958,,-0.007175,-0.007175,-0.25313578983433294,0.1622848426747757,-0.18700119020084705,0.2360091793393535,0.21275982781144226,-0.2531357898343327,0.8213713502142188,0.25298251021348356,-0.40245511015466473,0.21098395990024518,1.005696496550871,-0.4024551101546646,0.18811776200982633,,,1.3748224303611585,0.33812836589919865,0.9272432206926456,0.29756860577914035
LIN,,0.03508176101932769,,,0.0810196847424391,,0.1943555320914096,0.07309106775540734,,-0.03155,-0.03155,-0.0944282955546758,0.18682795505356256,-0.1354729060012826,0.02128141902340075,0.16909219678038112,-0.1354729060012827,0.722457752081654,0.20281526911660056,-0.21255515386728696,0.18015146635249168,0.8307700699721157,-0.21255515386728696,-0.15407646068018996,,,-0.4259347586010724,-0.036245773150234,-0.5066104829242267,-0.03715496320680156
LKQ,,0.09004272009599552,,,0.04580004528253065,,0.3562441375295145,0.048188810729077644,,-0.012425,-0.012425,-0.20688973260185028,0.33778357817750515,-0.302258836110194,-0.28032796735266563,0.30465987157198593,-0.4277353876430766,-0.04732575764044766,0.282499271038914,-0.4671564641027244,0.33076612077575596,1.2906353131963693,-0.512015146393049,1.3055124426645388,,,0.4783982994360727,-0.19003886344561244,0.6184131922213193,1.3555364133249048
LLY,,0.017065797575123484,,,0.16016913054226928,,0.5108213602171816,0.4041444289236283,,0.02795,0.012568500000000002,0.1339568903711441,0.3233495240331933,-0.20087981450032788,0.5359010615559852,0.32599581100788655,-0.23107598000793472,5.476800143921567,0.31580763672517886,-0.23107598000793506,0.22840134302186002,0.35779196516677864,-0.23107598000793506,-0.632523357677443,,,1.34188892076626,2.0082965915398643,2.0886500144304807,-3.387581042881528
LMT,,0.036807804054058264,,,0.07418518061021016,,0.10347809207856147,0.06888662938485003,,-0.02285,-0.02285,-0.05240667382599973,0.21103681928584272,-0.12127410859585319,0.14252866072450643,0.20628163784390888,-0.2649394330697876,0.5221409338239591,0.22177301004498146,-0.2649394330697874,0.1839973860932061,0.5846327348571275,-0.2649394330697875,-0.10823822745951617,,,-0.9335892226753058,-0.06221183595654091,0.005164992828257096,-0.9847806070065381
LNT,,0.040168496328662415,,,0.03611738148984198,,0.08469352318110783,0.08765341637662576,,-0.024425,-0.024425,0.08612079857533494,0.16178162693794154,-0.055140989987378375,0.4074918089488715,0.15022204087529437,-0.06424051007693665,0.4864447645910295,0.1904905365235889,-0.2092364917707532,0.16765417167764388,0.4813075875259569,-0.20923649177075343,-0.01898889058520834,,,-1.0385225290619529,0.05368939192527932,-0.08748401571314081,-1.0237167958592994
LOW,,0.0517314548954947,,,0.15254322113539934,,0.6223621066445718,0.03738816931499533,,-0.03185,-0.03185,-0.11771880631055243,0.22374043958504244,-0.1422826267939602,0.23188087526232426,0.2459966167686993,-0.17771401866382375,0.6580214525252424,0.24042008865994408,-0.319270117146498,0.23131636470014696,1.16851553843401,-0.319270117146498,0.28808664625978114,,,1.9649715894905473,-0.25674221561516425,-0.5242579131225883,3.034058364488081
LRCX,,0.06760108923751013,,,0.2656331289297799,,0.4451360474977219,0.1387340483148115,,-0.023925,-0.023925,1.2055771728416391,0.42395962760777667,-0.11306238975690286,1.2984289936767817,0.38904783536191734,-0.3207834689760053,2.7652951390945835,0.3907685654192745,-0.48573085079178646,0.3168130792360587,1.5540532122235615,-0.4857308507917866,0.7095338439593827,,,0.9749613068124404,0.36915671007673173,-0.058071632049204944,1.3734100727442964
LULU,,0.10829757580105648,,,0.2409842358928999,,0.8695925767274003,0.11555284702930768,,-0.034425,-0.034425,-0.4839705628050056,0.4896023689478519,-0.6005070102750368,-0.6296553139178329,0.4206350311290411,-0.676367622180583,-0.5530495362889376,0.38429559092678056,-0.6763676221805828,0.35826068706172043,1.1187219359036136,-0.676367622180583,1.7903035610672997,,,3.3460365906060607,0.22599263548351856,-0.6757316889918575,5.586079205181699
LUV,,0.022674991557020765,,,0.012013392480903455,,0.14005409091257345,-0.19264404015409273,,-0.0360749999999999,-0.0360749999999999,-0.03823789037018621,0.31808279974906023,-0.1673616322906475,0.24645361438003288,0.3095518489275161,-0.23905423856356034,-0.29726706424268456,0.35607913292386395,-0.6382091167974828,0.3309788469628476,1.2149479840570945,-0.6430442641208045,-0.4835609408960204,,,-0.7292704271256619,-1.6773911280538885,-0.7727925550828401,1.237352315115046
LVS,,0.03191317049422793,,,0.06635572212366507,,0.2695113784555377,0.03490740302183489,,-0.042775,-0.042775,0.18353979142332855,0.36081650422007344,-0.2818430285203761,0.3855958101311099,0.3645139093317759,-0.314290558345385,0.1557834135250975,0.3852833333587793,-0.4634185098917124,0.32556234053639405,1.1606470015455885,-0.5367918264772534,-0.23822418385269564,,,-0.0061033801794001755,-0.2720631045660075,-1.1669184961795864,1.1946540367134981
LW,,0.03314212963078337,,,0.0398722893689712,,0.18776987683109522,-0.036712146422628954,,-0.0345,-0.0345,-0.1663824800522985,0.27530424545544774,-0.21916388214874627,-0.34419513396795254,0.3670271447001357,-0.5081397000262282,-0.0583739076136941,0.31237277500338023,-0.5347929476679829,0.3418348234567066,0.5990434450051891,-0.534792947667983,-0.20558692372267837,,,-0.46272317706092214,-0.7143760974397371,-0.6801435465414483,0.7262095431975848
LYB,,-0.06137886258705395,,,0.007272727272727273,,0.0927342389411355,-0.04619037340815886,,-0.0334249999999999,-0.0334249999999999,-0.3974867952210651,0.2304565749345715,-0.3569428566036047,-0.45053253854592945,0.19643237853329223,-0.49547330344236395,-0.2566813115213814,0.24545913979479206,-0.4954733034423642,0.28747235974704116,1.1472895523982989,-0.5410571743335912,-2.7157649426658863,,,-0.9936059331570397,-0.7729123906393636,-0.6169069216639801,-2.3195515635195827
LYV,,0.008342231917713334,,,0.0435927038029763,,0.2838741759863994,0.13182512511987884,,-0.036425,-0.036425,0.08383360823067365,0.2581510882225203,-0.1018680170237819,0.7791497763723221,0.28598308490988145,-0.15940241577063763,1.2824065933772193,0.3395856185012498,-0.43900017422197957,0.2646669189366744,1.2870789469048796,-0.43900017422197946,-0.8641936168043509,,,0.07412927472489171,0.3264881018602692,-0.7933812236476011,-0.3231712202921274
MA,,0.027257521643097297,,,0.27837454346144586,,0.47431858579339103,0.2149150780714809,,-0.0518249999999999,-0.0518249999999999,0.026749612523105926,0.14399529367216451,-0.084835466242973,0.32992111893061327,0.13774634989659335,-0.08483546624297322,0.6632357541344889,0.220498365370156,-0.2619415239055769,0.22970328053149677,1.0263679758420876,-0.2619415239055768,-0.36186346371862277,,,1.1379791673146644,0.8396408102036664,-1.699282640496819,1.6357575338891943
MAA,,0.03816913660772437,,,0.048427556870076834,,0.058562642992576165,0.02358671080450895,,-0.0327,-0.0327,-0.1901407147963371,0.16070963952372946,-0.21713126260779303,0.1143621689243135,0.20139752915786077,-0.21713126260779314,0.203055846085749,0.21474241539843977,-0.45101816995033917,0.19128071034582847,0.7219078022455807,-0.4510181699503394,-0.07208554885867073,,,-1.1844933880124426,-0.3419782226432385,-0.5742589653512791,-0.34034174887659574
MAR,,0.03365038276203901,,,0.09275830952022861,,0.19551812302601895,0.062237762237762236,,-0.0065,-0.0065,-0.08043205235502981,0.2138765229160885,-0.178454049508891,0.3245433279626957,0.21256969752670116,-0.1784540495088911,1.1516983588013172,0.28197936215760777,-0.23242302537793758,0.2955021156673995,1.5117985276075676,-0.5039954462148493,-0.19208933119638874,,,-0.41944035825525244,-0.1032743719520888,0.9669499386389592,-1.4752052561385116
MAS,,0.059183672760540644,,,0.1555029700101415,,0.5366301250784759,-0.014352283317800559,,-0.0033749999999999,-0.0033749999999999,-0.1985296129258366,0.2569456765774194,-0.23237490028718455,0.0830525155428079,0.27994779676822396,-0.27236038541659924,0.29262649160170007,0.2917272643859457,-0.3308689156935861,0.2545361108683946,1.3178736479545838,-0.33936961982846536,0.4859939368868475,,,1.486060397121953,-0.5762845002870266,1.150777336538564,1.3975614977572632
MCD,,0.03826298271360452,,,0.1477217718867443,,0.26145274998019696,0.10694968495009387,,-0.025875,-0.025875,0.024584126933218098,0.1228511421923926,-0.08078493116929164,0.09558404625899919,0.1375965405874852,-0.13003327304388046,0.5187362688102211,0.16399581580451533,-0.13003327304388057,0.14288408323442667,0.5521391097316842,-0.23177018293703422,-0.0695932936821608,,,-0.05112003909105164,0.17286062897200613,-0.17277992833855474,-0.12079403340666381
MCHP,,-0.012337766413757304,,,-0.009635018487678669,,0.14982973156345056,-0.05430658408934513,,-0.0451499999999999,-0.0451499999999999,-0.06404180402484017,0.4569871881815181,-0.21712531509130328,-0.2179554958913571,0.3468134404394414,-0.5165752851901257,0.017898706168449685,0.3622748294592127,-0.5165752851901257,0.30492924122990617,1.58424156597972,-0.5165752851901255,-1.4133888381558641,,,-0.6746622909930674,-0.8230370488511966,-1.3066273185832755,0.04161323828554053
MCK,,0.030440454801177217,,,0.042192151646380696,,0.17935664969779405,0.1345193246825729,,-0.013575,-0.013575,0.3109393577332762,0.2020646744262953,-0.06296569328517732,0.7571754772892239,0.26280551664071283,-0.19767274587454597,3.6928248788002778,0.22538589522499597,-0.19767274587454597,0.2439733885928072,0.6733641786671057,-0.42534529179604874,-0.2773348456655641,,,-0.5097206751296065,0.34312712683624136,0.550764709794267,-1.680947357425679
MCO,,0.025578762604710873,,,0.1378663692063954,,0.3438899396996298,0.03157263704789183,,-0.0149,-0.0149,-0.022589693740339256,0.16032587198212653,-0.10084528880189125,0.3496872351245979,0.18255436967528754,-0.10084528880189114,0.7910532875023633,0.2551904522368325,-0.39334560768797067,0.2395381326617118,1.318669782056194,-0.3933456076879708,-0.40644598383804875,,,0.4093859716514156,-0.2926581841205362,0.4728218930848369,-0.17722372115093388
MDLZ,,0.04819064300912467,,,0.05189659165820372,,0.1721381866125038,-0.028401006895042137,,-0.0173749999999999,-0.0173749999999999,-0.10135283678426399,0.18896707077352493,-0.15595695274505006,-0.15804270071614634,0.16882801764115468,-0.20981335781825416,0.11407431569251658,0.18482211796654677,-0.21124627212492253,0.15700849066375816,0.4969916121458254,-0.21124627212492264,0.19405390329094893,,,-0.5500440492088563,-0.6630475841056973,0.32723059394836035,-0.020173155760570383
MDT,,0.04013303905184385,,,0.05139701158362906,,0.24625345013469657,0.013626892778749624,,-0.017525,-0.017525,0.06844979403138352,0.19696417781001832,-0.09108902815304698,0.20594253432582965,0.18445273747352348,-0.1050630151361418,-0.08776114602943208,0.21099342666675394,-0.4349994496636471,0.1921941347568194,0.7050060116080941,-0.4349994496636471,-0.019930523494397664,,,-0.1360255163611002,-0.4034887592721709,0.3184068788491738,-0.07087415943250072
MELI,,,,,0.07572222888177853,,0.40767549723833324,0.6449326010983525,,,,0.16685213410744115,0.3505599892457512,-0.11372305712578701,0.42947061833210687,0.3364727637897566,-0.17520832052923074,0.4912478146157613,0.4320592625864218,-0.6589627503979238,0.3258258592254546,1.5315506294592633,-0.658962750397924,,,,0.7657012796465428,3.49537292627419,,-2.729671646627647
MET,,0.07334932542801807,,,0.006183427994687762,,,0.03954894227852222,,-0.0073,-0.0073,-0.08283235558307067,0.1810134488102229,-0.12543507070452176,0.3113860252467575,0.19287345038863224,-0.14027465347640222,0.986984009814909,0.2553455254134434,-0.34306512307945236,0.27630170582476005,1.0710071674249442,-0.3948793319995306,0.862188781180661,,,,-0.24339756371730037,0.9198901247766617,0.18569622012129983
META,,0.043217134826809604,,,0.2582834500762584,,0.5292558643115207,0.2801709535350377,,-0.039075,-0.039075,0.11386549318327499,0.36426663172413126,-0.20269250148155227,0.9613062058103856,0.34731161262823984,-0.20269250148155227,1.3166456507466733,0.4112000249888184,-0.7544414738933504,0.33723136333148424,1.233301354332519,-0.7544414738933505,0.0619732868760325,,,1.4448667147618095,1.2426525828658626,-0.949266857066461,1.2134542758384406
MGM,,0.05664487829121513,,,0.012801772940495218,,0.18358083846884896,-0.0027756718980092077,,-0.014775,-0.014775,-0.16197180646212073,0.2843252926987447,-0.19299571963848305,-0.1853447721380851,0.29228207500672326,-0.37216691454253803,0.1381694924782133,0.37414360929784946,-0.41619068106358637,0.3777202559932302,1.94660760469737,-0.6624204708792494,0.4185716011497407,,,-0.4861237484730557,-0.5047888586061933,0.4801749890008209,-0.04293827771794262
MHK,,0.06771582919651357,,,0.03560870960658119,,0.19610691622043167,0.03759149371969035,,-0.026225,-0.026225,-0.19902041718933416,0.2933053547994046,-0.17735079231540962,0.25920054379416024,0.4345973034751483,-0.37536477286033065,-0.1162680177216836,0.3868698216919777,-0.6184735141076447,0.3942245952753397,1.3755749931068513,-0.7302289309808776,0.7125809736628154,,,-0.41615127469922486,-0.2554865106203337,-0.19336859690330982,0.7452848064872339
MKC,,0.04511278184706041,,,0.059245226810069246,,0.19852039705607138,0.015614894206781853,,0.004925,0.004925,-0.16547829256701851,0.14442105407059588,-0.21253252279383517,0.03266391968763993,0.1683659510774723,-0.2125325227938354,-0.24534894973316834,0.21558711536010924,-0.3456460804417154,0.19366723073881303,0.5313083735363513,-0.34564608044171574,0.11231566448186975,,,-0.4026692232682328,-0.3912111218353138,1.639022905359893,-1.5381653423109423
MLM,,0.02756337855072988,,,0.06252750841224994,,0.11176579160336773,0.10634910916549317,,-0.0258499999999999,-0.0258499999999999,0.03811375060824096,0.24335443047689886,-0.11983924920316957,0.34613285395881976,0.24222902245168093,-0.2167364903189558,1.402247028741891,0.2635174497389577,-0.31844632316916754,0.26000951264121064,0.9339345891884192,-0.3216935004728898,-0.35374087350382843,,,-0.887292939900626,0.16915155128588902,-0.1713093091553522,-1.2388760555349911
MMC,,0.04702760554605668,,,0.07438884257485974,,0.1979496654124327,0.2050585499372312,,-0.0129749999999999,-0.0129749999999999,-0.22839849638503484,0.2244880864201384,-0.26528769300341193,-0.0843912274895472,0.1887457349989594,-0.26528769300341215,0.663523471075008,0.19638828312938106,-0.26528769300341193,0.19744276005675448,0.8126707178301197,-0.26528769300341193,0.16316731390483144,,,-0.40585741240120843,0.7787681784680432,0.5860595701909959,-1.6075178471554161
MMM,,0.03859670698421455,,,0.09929229974225343,,0.254267943005867,-0.12421329275883533,,0.0023249999999999,0.0023249999999999,0.2322707422062027,0.2325973198805021,-0.10449967124696435,1.0552874768389944,0.28972794416927533,-0.14333981688351505,0.3444514180174709,0.2738352214150517,-0.5047894397763464,0.237126887843817,1.0071924854935692,-0.5513044337192201,-0.060730634617573886,,,-0.09125540528880781,-1.254771760580024,1.4860785103074208,-0.38329278963377855
MNST,,0.022703352150058764,,,0.19229457538757466,,0.5165546742726533,0.08299118808510807,,-0.01185,-0.01185,0.2064212016621374,0.2164384560013106,-0.08131353715249623,0.20598368623835772,0.2136508183404333,-0.20495947978030216,0.5690021961281766,0.20920059488024428,-0.20495947978030227,0.21358880383550483,0.803184488074739,-0.27861646198055856,-0.4828077734188519,,,1.373916038539255,0.024896078296842806,0.6522374334348456,0.21397475338871474
MO,,0.09881771979778804,,,0.2557408539247359,,0.42233475945167204,-0.05976095617529881,,-0.01135,-0.01135,0.05299605969082877,0.23822614620736218,-0.1475799048729266,0.5769220399261463,0.20234990133895908,-0.1475799048729266,1.1050333076953156,0.22958465746478868,-0.24264429533501775,0.23626937035872903,0.5025897791760722,-0.4077976725945369,1.5385486270172042,,,0.8475900289509252,-0.8567225391998319,0.6816498170987814,2.56121137806918
MOH,,0.10977351652044395,,,0.07064376475001172,,0.2968913617679696,0.06743496871913073,,0.012525,0.012525,-0.5064451097961837,0.5589210851128329,-0.5536294597872857,-0.5977951642377659,0.4406067114152321,-0.6421147345985319,-0.2797237286909183,0.33998146518937666,-0.6421147345985319,0.363488268014634,0.6244167802280982,-0.6421147345985317,1.829499869359655,,,0.1468451486619599,-0.07117710282392428,2.086091137051718,-0.03856901620617892
MOS,,0.11371973492192292,,,0.04013397917729612,,0.07368000836836161,0.07703011100525115,,-0.0365,-0.0365,0.061445273457070515,0.4215201107668587,-0.24764046876775025,-0.19571728370717723,0.3204520829547393,-0.3104409285071943,0.3691009148930833,0.407459253647516,-0.6167607753276685,0.43621776254674793,1.3922580455337639,-0.6957541647750849,1.9342989246479505,,,-1.1000456084868118,-0.011918755982267836,-0.7977930811971914,1.6439651533405981
MPC,,0.032279484226570114,,,0.02678728262778851,,0.10312162806454041,-0.07913972943481679,,-0.028025,-0.028025,0.2752790646616623,0.24429067313122407,-0.0850311978265964,0.3619679015558839,0.2709316881377033,-0.3035622042728995,4.711044271377234,0.3038737627654734,-0.30356220427289937,0.4170917467186663,1.500950623691349,-0.696670916863748,-0.22849605195958927,,,-0.9355804819798595,-0.9764033144228791,-0.299253178093479,0.11157995857690933
MPWR,,0.06471566789914807,,,0.3522235906378823,,0.3949799460441815,0.5000045314961641,,-0.004725,-0.004725,0.7839671049798818,0.24712269872938994,-0.08758741260426439,0.8572252347220637,0.3676326058595219,-0.39186873029370106,2.2525554093465057,0.3935868270513392,-0.39186873029370106,0.32990503549593,1.1927062377408353,-0.3918687302937012,0.6329061970314518,,,0.6947821028224277,2.6003160777685435,1.0713639006459312,-2.343991678560595
MRK,,0.08182810249489254,,,0.14043737948951707,,0.4171519186445901,0.043443132380360475,,-0.025425,-0.025425,-0.15835175292640913,0.16554330380709734,-0.2209105273481543,-0.14311619529109443,0.1912733428150446,-0.40039859290147584,0.25956548305192917,0.2153136898871867,-0.4003985929014756,0.18267673474696652,0.37100765305430083,-0.40039859290147595,1.0873582310710912,,,0.8186379339983246,-0.21934755373924297,-0.14630878304101255,2.271652501849671
MRNA,,-0.13242872103328612,,,-0.09084979798174384,,0.1165773248687316,-0.23405612244897958,,0.006575,0.006575,-0.42150489890919673,0.32718159269335334,-0.42063494247862465,-0.6794079687801627,0.5273436790506826,-0.8310066668757548,-0.8369124070214402,0.668769001090488,-0.9374058071259808,0.578126498049943,1.502043725652759,-0.9374058071259808,-4.602624027997218,,,-0.8604150223354052,-1.933146745103508,1.7360837714508814,-5.265976076679997
MRVL,,,,,-0.0051359677934089245,,0.16042697078483698,0.01443326401687248,,,,-0.021979858443178957,0.6926187241324301,-0.4822229605458642,0.6324371472578307,0.5171634109101977,-0.48222296054586433,0.9929408199743366,0.5186742282510302,-0.5748436587174645,0.3709486614354909,1.5532915724895773,-0.5748436587174643,,,,-0.6154645869552029,-0.3985087157160747,,-0.21695587123912818
MS,,0.05615643350291273,,,0.01151179264418606,,,0.11664262437863264,,,,0.27826430108160016,0.24336303199131268,-0.15953124792458317,1.1976333309393223,0.24762829488272248,-0.1595312479245834,2.1046648062259656,0.27355594000804706,-0.26573520635617065,0.27824239170861487,1.4100938948954296,-0.36621099926872747,0.40560005544020805,,,,0.2327229582052455,,0.17287709723496256
MSCI,,0.02596799283081088,,,0.218550355782689,,0.45511833201235763,-0.015239058992642803,,-0.026325,-0.026325,-0.03772909636968125,0.09192792914375696,-0.08863199131312216,0.13938280901076228,0.20552067099930668,-0.21971406297328666,0.4893066496035463,0.2813481355180308,-0.3762599301600583,0.2193465234053635,1.1053431894690233,-0.3762599301600583,-0.39610926249245804,,,1.0307237853197297,-0.5817611111536063,-0.19925107363609715,1.415626707616975
MSFT,,0.02638144639016317,,,0.18196161959278778,,0.34646362938668007,0.20860546349502013,,-0.0393,-0.0393,0.22767453904524104,0.2236163529082197,-0.10760919678633873,0.3822771309797095,0.19959844429724213,-0.155218784910378,1.5123776049247346,0.22117287581698755,-0.3052848667632665,0.1701431465543027,0.9416657895429339,-0.3052848667632665,-0.38512924617874766,,,0.4237629727926029,0.8006734538206419,-0.9625024297152323,0.20046270250844556
MSI,,0.03174968071519796,,,0.14266210453572453,,0.3839606263378786,0.22982390408392656,,-0.015125,-0.015125,-0.2087624658253926,0.18464033081816636,-0.16947914153967714,0.23774878141968925,0.20169988738141162,-0.20876246582539282,1.427719057145112,0.22383951512925523,-0.22277234115790234,0.1994791255328563,0.8759392798823745,-0.25684917052812994,-0.24256595428922587,,,0.6332265964263961,0.9317157744410782,0.45958632043606584,-1.0006414527399738
MSTR,,,,,0.13416789496051457,,0.03926322395402648,0.9951456040739053,,,,-0.31692772964640903,0.5955398301033213,-0.345248976487582,4.3114590347614365,1.1774427638763911,-0.3751877181316916,6.721504511151842,1.0696136694864855,-0.8113431388317789,0.5357743145975978,2.4647859294104797,-0.8113431388317789,,,,-1.2923027214132716,5.6582427389296095,,-6.950545460342881
MTB,,0.08455097882800172,,,0.012839230453970384,,,0.013066481530248258,,-0.0006499999999999,-0.0006499999999999,-0.14569365258730416,0.24008834708806806,-0.15044813586362682,0.5051994292370523,0.23044876022694688,-0.21805783838695125,0.8239437960454539,0.27196692686094137,-0.35672289780894473,0.28983277955162196,0.9219565358039195,-0.48033266159079224,1.1596691977600497,,,,-0.40694978602376974,1.3110748275070143,0.25554415627680505
MTCH,,0.06492307692307693,,,0.12920944647012078,,0.5963459504535593,-0.1146992775574975,,-0.030025,-0.030025,0.016011305816161503,0.24687309459767728,-0.1641411354495793,0.027307138750516158,0.30441371398735007,-0.2179608042528014,-0.761050135471712,0.4067476487218035,-0.8138625496481853,0.3735350165024275,0.9649045247572678,-0.8138625496481854,0.6384143234336465,,,1.8196415953076919,-1.1960144440290026,-0.4169027127492223,4.0709730755195634
MTD,,0.028033663043839474,,,0.2515358313405918,,0.7025516009091646,0.04656613208813098,,-0.023425,-0.023425,0.12442460021288171,0.2747129935287894,-0.21537774305720814,0.2884341813850744,0.27415245501833796,-0.29615462833172757,0.22333132508124165,0.29098965615089234,-0.4195178941426735,0.2369547450155666,1.2276568361978544,-0.4195178941426734,-0.3412516076851527,,,2.412921649808271,-0.20006031501458593,-0.028659248385269277,2.300389605522974
MU,,0.03233915679033351,,,0.07304149120676502,,0.1343563885648606,0.18326164063089578,,-0.0668499999999999,-0.0668499999999999,1.4061245245743836,0.6557052560839902,-0.1770779637437686,2.109512931287187,0.5517981476863224,-0.41226559373892546,2.751738111769186,0.4574345918147482,-0.46036826015545884,0.3466013751313929,1.4622251753342572,-0.46036826015545884,-0.22691133776670766,,,-0.7610986127718876,0.644153310523943,-2.5831247695980912,0.950961508535553
NCLH,,0.048692515110019104,,,0.03478176800142636,,0.19121670703013546,0.07367984013787925,,-0.0375,-0.0375,-0.17515802124881508,0.4803909844855671,-0.43456788462256535,0.4525212600042121,0.48212908610885746,-0.43456788462256535,-0.030170551322146744,0.5704606197056475,-0.6514106577261642,0.5484092921994249,2.4676882771948505,-0.8195587794652227,0.20738203587215043,,,-0.443468687308556,-0.032609591735626206,-0.8566178485250631,0.6531407888242837
NDAQ,,0.031253617537628134,,,0.04944870270934951,,0.10565233430339796,0.00572658060244952,,-0.01365,-0.01365,0.05376786379843934,0.21056866880679304,-0.10900625012275134,0.5898088224041365,0.2136474410976318,-0.10900625012275134,1.1691757511065877,0.23231461376630697,-0.28778332364587633,0.2004711196814513,0.8989061170543351,-0.28778332364587633,-0.2557398202752402,,,-0.9214435925688581,-0.4522800564869872,0.5463528522446764,-1.2712562086017876
NDSN,,0.03465993152082007,,,0.07601125665154668,,0.25377974989645735,0.15474360969723522,,-0.01115,-0.01115,-0.10691993252203924,0.2694699871966074,-0.13594765508815332,0.001181115823187362,0.24438868420405244,-0.3004465830880392,0.1901325340179394,0.22388364144305925,-0.30044658308803907,0.24022534708225288,0.9994723563491632,-0.3004465830880394,-0.16527891539475054,,,-0.09398252228601925,0.4680296723416862,0.6934147705643557,-1.4207058805868118
NEE,,0.03497187628625922,,,0.030762390949118038,,0.08346300492297053,0.0763625733526775,,-0.020075,-0.020075,0.06474881315381076,0.16029373011138046,-0.05940759615313351,0.4733026579343902,0.24429461526052565,-0.19693624270097998,0.25437319302479766,0.2491404870958556,-0.37350761269050725,0.22036233255023532,0.44971674856272237,-0.37350761269050725,-0.15699465096886392,,,-1.0453963812168983,-0.01604138142819733,0.168403722163101,-1.354753372920666
NEM,,0.0733888728060701,,,0.11248700763413498,,0.16563922440055912,-0.009213693020582637,,-0.04795,-0.04795,0.9733737153726592,0.312911657763315,-0.0396156616606399,1.1106605046776705,0.3603850096888359,-0.29950340259566666,0.6310767463591924,0.35827765204034095,-0.5769595085457699,0.2943675099134068,0.29156293462041627,-0.5769595085457699,0.8632390342171953,,,-0.586348187818802,-0.5445492370642829,-1.4713366671013222,2.2927767505639984
NFLX,,0.02176185652429661,,,0.19418101393557843,,0.383089007978161,0.08148389082890765,,-0.1762999999999999,-0.084981,0.24050244003662913,0.3176771854235442,-0.1785039825789122,1.321011800297585,0.3090326008663302,-0.1785039825789121,1.2418788230153397,0.4273904420017422,-0.7466790344401111,0.39635021864209197,1.3152355107607392,-0.7466790344401111,-0.50781091366597,,,0.6283576107769638,0.01558720710578143,-3.6496766260197386,3.754636116024951
NI,,0.04415218222533912,,,0.027332520489371116,,0.09480987312543641,0.13818166006635985,,-0.0243999999999999,-0.0243999999999999,0.14949797155752287,0.13184792408938784,-0.034852895512193394,0.7696874320488518,0.13105476829833318,-0.0349172835821695,1.0849746240207394,0.17896852797508245,-0.19517787374818252,0.1669098984863842,0.4472736685805215,-0.24171272640167574,0.0868051826421022,,,-0.9820111417622064,0.3657452323266463,-0.08601339652993827,-1.174937794916812
NKE,,0.03112529852364826,,,0.07737279925166204,,0.5205225002505596,-0.01407558032059577,,-0.017825,-0.017825,-0.18699806542698216,0.34474879365999966,-0.28634692564790487,-0.4103010978101821,0.31778157412912733,-0.4689340177535891,-0.5027147734691138,0.3184100783668591,-0.6505749542633714,0.2758651501809925,1.0647379457936825,-0.6505749542633712,-0.25914756664720395,,,1.3960808857232099,-0.5745756186788605,0.3007594486508122,1.4107494891040542
NOC,,0.048313378803771984,,,0.08068845970946019,,0.16010881181385409,0.03736102370463604,,-0.009925,-0.009925,0.19575596500725267,0.22489308688321094,-0.055652257881044664,0.24767456841489333,0.20351421102265208,-0.12191418281002919,1.0588168687062485,0.2173746723555564,-0.1987283026740324,0.1973861481190302,0.40478708428368365,-0.2898203393892511,0.19731337705050464,,,-0.6172418687743418,-0.2569098633629445,0.7654751105409986,-0.9284937389018912
NOW,,0.008699553276688936,,,0.08118279569892473,,0.46270772238514174,0.21112758829021805,,-0.0461749999999999,-0.0461749999999999,-0.12921169587759085,0.29585436788827735,-0.24900952881241445,0.3326334177231409,0.2860462877595638,-0.24900952881241456,0.7095501781386226,0.2872592768161675,-0.458825412653843,0.2579818741387384,1.054012189398757,-0.45882541265384313,-0.8547042938512831,,,1.0731192126315154,0.816249767483856,-1.366922705094344,0.7690878563907203
NRG,,0.0526707945038624,,,0.021564678543764523,,0.20932610379550737,-0.06497942706311621,,-0.0597,-0.0597,0.736082326470846,0.5168071293832813,-0.1271287937549862,2.773448628449131,0.40250323073660244,-0.1271287937549863,5.151654215337635,0.4032741424902614,-0.2968428199594677,0.31245052447648203,1.124393223240577,-0.3515523996799337,0.31303252951726096,,,-0.34230698966024203,-0.888951134527771,-2.1625276832038147,3.0222043575886044
NSC,,0.04678030751620109,,,0.07661871326304233,,0.1070146147336642,0.03752525964566004,,-0.020775,-0.020775,0.03978000557104511,0.26470114931171146,-0.11766846199967551,0.34468903178911536,0.25515427260565055,-0.18339950027028673,0.3146139136575705,0.2763042231867483,-0.33458704811603435,0.2555852492270919,1.3751448798726,-0.33458704811603424,0.15659986191235947,,,-0.9138336979498212,-0.2558955636197146,0.12722638503359088,-0.6285646574513379
NTAP,,0.048315374397490535,,,0.12167814001818418,,0.47933497856864526,0.039523144667597467,,-0.0189499999999999,-0.0189499999999999,-0.02714476054684578,0.2971161439381501,-0.2805896650273262,0.3302418440069612,0.2860675212663588,-0.30926657167577976,1.475175671786935,0.3041092244220091,-0.3291730590540747,0.2912366073407705,1.3802608644894039,-0.4992696359154294,0.19736637369568907,,,1.166001459596968,-0.24355688639645195,0.23458158540696242,1.3723431342821466
NTRS,,0.06680764395059464,,,0.010697652175120368,,,0.09621670298749148,,-0.023075,-0.023075,0.18116820181914584,0.3018655320720706,-0.15647614634245854,0.7176924361490213,0.2551022073737008,-0.15647614634245843,0.5989550733916535,0.26987247190504027,-0.42940756735121166,0.2447940317415087,1.207902123455385,-0.42940756735121144,0.6884624515446777,,,,0.10657513274698924,-0.008070579820514004,0.5899578986182024
NUE,,0.03922495403408116,,,0.037781962242862434,,0.0936651223011446,0.0009294951254525895,,-0.029225,-0.029225,-0.025546303654124136,0.4210132293401461,-0.20087692218099795,-0.10161914513815984,0.3337581215676407,-0.4382785361818775,1.9948845471240708,0.4694954845374868,-0.4382785361818775,0.3113515782836989,1.6064029586140776,-0.4382785361818775,-0.04404638387032583,,,-0.9884058846832465,-0.4819062304975754,-0.369842898886925,-0.180703139169072
NVDA,,0.016966356908142216,,,0.3522235906378823,,0.9194153815402877,0.6513546176681099,,0.010275,0.010275,0.49684861204569963,0.3740917763414338,-0.19286643702466422,3.425955097315371,0.3947286901244309,-0.21593176234066846,14.484203934653094,0.5024982186764588,-0.6282062679815668,0.41668747331357614,1.8723853427053203,-0.6282062679815666,-0.6351641866677922,,,3.6243539515746965,3.535034462702267,1.9537354105640066,-2.4995801083593694
NVR,,0.0668748037073176,,,0.2431717877034088,,0.4138461100993404,-0.07303386393744124,,0.000525,0.000525,-0.23423111873936941,0.19975252374703933,-0.1352969337365163,0.14896369964110634,0.23798222752567072,-0.2792025963636139,0.7693273620824832,0.2443465960905866,-0.3252381590640264,0.24114542407003742,1.0155076898468989,-0.36177604369314287,0.6902460018558617,,,0.8001712115077538,-0.9386942857683099,1.3801939291172578,1.0489175700146676
NWS,,0.06886227667253571,,,0.07242374025655189,,,-0.07072644449772236,,-0.012775,-0.012775,-0.05729928194880418,0.17618260518178336,-0.12995658090498308,0.32261137938957773,0.21784296172635778,-0.1299565809049832,0.763069821274371,0.2495401121608385,-0.39073759258247953,0.2673088655882177,1.3224853150479574,-0.46508520214637405,0.7430269855661966,,,,-0.9244439643670495,0.5978245236565642,1.0696464262766818
NWSA,,0.07964601840052046,,,0.07242374025655189,,,-0.07072644449772236,,-0.012775,-0.012775,-0.10814972604862838,0.18665487647606505,-0.1536958467622026,0.1966884486512117,0.21848747683047823,-0.15369584676220271,0.5399310874581738,0.254351202579191,-0.4316884536330051,0.2693569612643411,1.300507750299781,-0.4545011537229229,1.0294089924876146,,,,-0.9244439643670495,0.5978245236565642,1.3560284331980998
NXPI,,0.03579067456554444,,,0.0872425977823809,,0.2707444864140368,0.08854974995688912,,-0.01705,-0.01705,-0.06543213223736499,0.26424640534313115,-0.14088382480973805,0.06828214925852394,0.26320545243622606,-0.31071943717275974,0.446176841945396,0.33364556804941886,-0.3488435636411956,0.3002142486225534,1.4965204985818947,-0.40873528034839246,-0.13524996341973744,,,0.0007849384146209915,0.0592250311686809,0.34634864332991283,-0.5400386995037102
O,,0.01649484514459505,,,0.01315444799305834,,0.07164814935799871,0.04941369373862958,,-0.0265,-0.0265,0.06363029333946035,0.13001399973900776,-0.03748195331184512,0.20077115847471094,0.1537286870349065,-0.14664734786103595,0.28141825312728663,0.1945364703438298,-0.3175883263137088,0.23894920954625484,0.7122716082598497,-0.38018913860158676,-0.6476860449001044,,,-1.1113958654574565,-0.18247414579411123,-0.2095454079184746,-1.367062356644975
ODFL,,0.0357792174863,,,0.19945886121141645,,0.3471018801057359,0.03892874093970986,,-0.046625,-0.046625,-0.3853152506340318,0.2512031494059741,-0.2552906041316666,-0.2850235409707461,0.30757617255788683,-0.3853152506340317,0.3833155977406406,0.31175241861956987,-0.38531525063403205,0.26431691286455034,1.1556400092311379,-0.3853152506340318,-0.1355542271373082,,,0.42732833320197916,-0.24722784626560249,-1.3933938503918923,1.9323958027221657
OKE,,0.08445532356873565,,,0.05072445942289243,,0.13200167277557748,0.44883799259009766,,-0.01875,-0.01875,-0.4036767277287492,0.20733135664013816,-0.332361201123353,0.032921994782378006,0.2584307505951249,-0.4036767277287491,1.4011003136516114,0.2746638007444197,-0.4036767277287491,0.4174849633424516,1.5067010849118647,-0.7086950553269573,1.1571288972027658,,,-0.7742523941931805,2.2843182093920937,0.24634653887253097,-2.147788245255039
OMC,,0.09283856104790252,,,0.047839222473889956,,0.1011692721792306,0.053593517834007946,,-0.00685,-0.00685,-0.2784471994207792,0.23368805859712552,-0.15600396011990914,-0.033163887824972704,0.21914912866681238,-0.29556851507546134,0.3814670568719696,0.2368102164200637,-0.29556851507546134,0.21506573260065143,0.8089547271901188,-0.3976565442460145,1.379761118405945,,,-0.9464866230474226,-0.15666009753978444,0.9463612700742039,-0.35642667717589704
ON,,0.021204915168721368,,,0.03425409286036015,,0.17827130079880868,-0.03899317656016634,,-0.031225,-0.031225,-0.2904949784060896,0.404433267723618,-0.370340979487214,-0.2925837965911273,0.3646451870677074,-0.524721640810329,0.7551304029381789,0.4423927973640014,-0.6315545172813046,0.4252083578063066,1.7906530092182502,-0.6315545172813043,-0.5226015111385764,,,-0.5157835903434382,-0.7284634419538448,-0.4874924335426683,0.17757077401449844
ORCL,,0.01675392630499185,,,0.07555213452543075,,0.24967244648694112,0.2512585463269863,,-0.03265,-0.03265,0.4088653563745801,0.5266018470170077,-0.17787833850022805,1.2683011558653017,0.4351796020044544,-0.24175692703929352,3.7893616587101215,0.3640056560071654,-0.3557236180457284,0.2155631972970073,1.1977888985157592,-0.3557236180457286,-0.6408056703008667,,,-0.11692651048433829,1.064093328268852,-0.5713177269848854,-1.250507782069172
ORLY,,0.1264170302939511,,,0.16001609091060792,,0.5810131249164717,0.09917452582757587,,-0.023925,-0.023925,0.10640109534546283,0.22222470591296886,-0.1494295610348746,0.40017103581512337,0.2117937131389743,-0.14942956103487448,2.108895987487131,0.21109115776615828,-0.14942956103487448,0.20144607193629538,0.8149029402335382,-0.3251557477145436,2.271498852357551,,,1.7339902242999539,0.12484226068811775,-0.058071632049204944,3.938718448018592
OTIS,,0.042031718719777914,,,0.1399306358381503,,0.39213872832369945,0.0646175694867113,,-0.008575,-0.008575,-0.11284975077249093,0.21572491372574146,-0.16609155042798196,0.08195624264430657,0.21047494274026196,-0.16609155042798196,0.44551695425315696,0.22561439642542083,-0.2987830757345453,0.21007189756991032,0.8982845376244455,-0.2987830757345453,0.030492391623531706,,,0.6789106515688975,-0.08857699288575592,0.8448885464336254,-0.0469085103554403
OXY,,0.041300099599773696,,,0.028187623871393966,,0.11279747485869486,0.10685420384171303,,-0.05925,-0.05925,-0.17421540343224362,0.2816295549788411,-0.20158019325279386,-0.28338111045567416,0.22769171130098864,-0.393593115948221,1.7409258636433762,0.38975519922598845,-0.43780208332416426,0.44098783795141433,1.390721789455727,-0.8774610582639715,0.011062906276607993,,,-0.8815298086988295,0.17227095010445642,-2.1360565379062724,1.0933186853795944
PANW,,0.010171965713904696,,,0.05219014260350059,,0.31159894735994237,0.17934660270423042,,-0.030875,-0.030875,0.13057599704629008,0.2795253469089303,-0.1516809684260727,0.4858517635176731,0.2806728258845097,-0.1606451901391739,3.475299225693827,0.32175379500845136,-0.32752888497616506,0.32997556867872496,1.1277892292451102,-0.3845236947407076,-0.8156016855523817,,,0.22900383931679424,0.6199745470998543,-0.46690376497791325,-0.7396686283575284
PAYC,,0.04008655534396044,,,0.09261253615040574,,0.359924549863752,-0.06528187158801914,,-0.018375,-0.018375,-0.1991055136850458,0.26793095856208676,-0.28539558004961874,0.03083520734761125,0.37076219359902896,-0.30513023157839003,-0.5488671489046422,0.390643164208257,-0.7365492134060835,0.41538146243382773,1.17248629802859,-0.7365492134060835,-0.02116498347021981,,,0.49895761262585203,-0.8908189924523984,0.2684058266204829,1.1002057949875477
PAYX,,0.03874554753150548,,,0.11735274546664388,,0.30681739674274683,0.5886015006053904,,-0.0190499999999999,-0.0190499999999999,-0.19612210663700558,0.19026762028978428,-0.2655110826898799,-0.0066247629674833775,0.16475595654956335,-0.2655110826898799,0.40937148041239957,0.2167157846087462,-0.2655110826898798,0.20736479457783305,0.9149067346812041,-0.2664101791829808,-0.05677790135302981,,,0.20229340914102076,3.147479399378527,0.22869910867417528,-3.230663000264711
PCAR,,0.05981941365448708,,,0.070839014708374,,0.13013816258856317,0.07087034869318982,,-0.001125,-0.001125,-0.13462946868932502,0.17864697427494552,-0.18387916548711436,0.15267422923913965,0.23881513388940667,-0.2421322798967428,1.006684404509207,0.24151098165974966,-0.24213227989674269,0.19119950276534317,1.0238290088144293,-0.2421322798967428,0.5028772003850749,,,-0.7846622303984243,-0.0499606443321987,1.2831330630262694,-1.51495744870742
PCG,,0.07479572667585933,,,0.0181180574407872,,0.06910298509127827,0.04278680001223354,,-0.0226,-0.0226,-0.25989922326622117,0.3269325313835764,-0.3069612080408526,-0.06555461977581123,0.26466759269985707,-0.352616089727511,0.26334064375921895,0.27631072686315916,-0.352616089727511,0.5779696944929439,0.849795059963768,-0.9116440995717275,0.9006006147185023,,,-1.1256135194937078,-0.22340097681042884,0.01987118466022503,-0.02148311262500172
PDD,,,,,0.18926837322845166,,0.4548115961544188,0.31060360807675214,,,,0.39478040680413096,0.2588274490005846,-0.1845373605363101,-0.08654374358611316,0.4738391487018911,-0.3583255348267754,-0.029752935346527676,0.6058083783792678,-0.7742443798968737,0.4810170655027051,0.740332689340292,-0.7742443798968737,,,,1.029010314654708,1.4306006866426941,,-0.4015903719879861
PEG,,0.04289577155627457,,,0.035947875580408406,,0.07146001933559974,0.06952770035508381,,-0.018175,-0.018175,-0.11039426302036826,0.1700283347608329,-0.09569088118402658,0.39018381186871354,0.19169670740372674,-0.13970782373723378,0.6516939049593014,0.18239051034698148,-0.1861403368046024,0.1705546133516904,0.5493219139142655,-0.27843883478046816,0.053438896801776395,,,-1.112446786848769,-0.05825266528752624,0.28017078008605717,-1.2809260048455235
PEP,,0.03662952490550919,,,0.07419017250443422,,0.4907458814627747,0.05839269388042157,,-0.022875,-0.022875,-0.08748108487994688,0.16950445689251767,-0.13590805418759067,-0.09306628607002798,0.1354395113151076,-0.22788725507598473,0.15858144908334681,0.15490048884602595,-0.26741738231432743,0.1416833474849815,0.4974469795745601,-0.26741738231432743,-0.11297275668337825,,,1.2297444060587457,-0.12702101244524383,0.003694373645060262,1.240098288175551
PFE,,0.047445255768028036,,,0.05077715925123525,,0.21741804851268307,-0.04670826529998658,,-0.026375,-0.026375,-0.00851945500763951,0.11084880208773648,-0.0973558195931854,-0.09500482983578551,0.1788571484777047,-0.19083695742548323,-0.19271586549283526,0.23580043356931715,-0.528034832090639,0.18293102752353113,0.595454446926051,-0.5280348320906385,0.17425878027859862,,,-0.29710422142496407,-0.7761108233918201,-0.2021923120024906,0.8554576942479453
PFG,,0.05986509516939472,,,0.0035821925709028654,,,0.046397516915913185,,-0.0044,-0.0044,-0.010713725296246479,0.2213135092151867,-0.15962338772226414,0.19802704655578762,0.1960803630772469,-0.15962338772226403,1.001077444123791,0.2465311558820088,-0.27963743541514496,0.29430611125098466,1.2911459285735907,-0.513463618624066,0.5040903566575875,,,,-0.20110166031829246,1.0904819500274896,-0.38528993305160963
PG,,0.043980541900384085,,,0.1284684800617691,,0.34680779191532485,0.023379913377461797,,-0.0134,-0.0134,-0.15245611213193155,0.1384207171521964,-0.13132824862505954,0.014285426002661916,0.1489592450761563,-0.15245611213193166,0.20793175361210037,0.17420616117715923,-0.2146201608549012,0.1515074170473061,0.37792856033294764,-0.214620160854901,0.0822469595346527,,,0.42568551422872714,-0.3432553765709764,0.5610590440766444,0.29012880625771176
PGR,,0.08733431647777705,,,0.09530406898465522,,,0.17965533797105002,,-0.0186,-0.0186,-0.22694310293528852,0.27977657281105095,-0.2845198687387035,0.2752880093809933,0.2766839856251727,-0.2845198687387035,1.5805317548738165,0.23856407295647192,-0.2845198687387034,0.18453123768472884,0.4001932182687382,-0.2845198687387035,1.2335858254194514,,,,0.6218812558257802,0.2551702539717118,0.35653431562195936
PH,,0.03513499485469556,,,0.12146113932371806,,0.25162510171424457,0.0066898764420779576,,-0.0056749999999999,-0.0056749999999999,0.10645065191572023,0.22925994999138613,-0.14222556369527406,0.8151618221974226,0.225320560634197,-0.14222556369527428,2.0807991989155465,0.26055494249894495,-0.22843532919536247,0.2642088335575068,1.513253456848771,-0.36704522447301846,-0.15266273870934446,,,-0.10601869724930066,-0.44633086706658653,1.0154803716844591,-0.8278309405765177
PHM,,0.10921185387923805,,,0.15842332446358318,,0.28429657069783865,0.06308859084182979,,-0.0013499999999999,-0.0013499999999999,-0.11519105961680298,0.32681499720241985,-0.1365966670075186,0.3629814564569238,0.3281261359753866,-0.31426849968837867,1.8617359891804166,0.3359539945409545,-0.35381658214332845,0.317039874023464,1.3812698175400158,-0.49840880825722444,1.8145838895023196,,,0.0764888323976558,-0.09801976550445236,1.2698974903775042,0.7191949970269236
PKG,,0.05025819410016362,,,0.10163492331029833,,0.2149109500533738,0.006579753064428141,,-0.04005,-0.04005,-0.1946467467040558,0.22164009538680318,-0.17014114196144192,0.22554887166142468,0.22072996700892739,-0.24509343545468176,0.7487524732591968,0.24030311883934863,-0.28939061126421295,0.25456461674362235,0.987175492590606,-0.31724875867440205,0.2489615082577598,,,-0.3111092343804571,-0.44701097467870476,-1.0066210052111362,1.3914842537671437
PLD,,0.029785863497345865,,,0.03583637213033796,,0.06702464619410402,0.04468406429606599,,-0.013525,-0.013525,0.10261146360079954,0.24685081785437205,-0.16793083403412545,0.1541722741571041,0.2978994844063383,-0.2287709809342079,0.4254836072699837,0.29761018406916395,-0.3851865805598431,0.2633912126230037,1.1034414695387718,-0.38518658055984323,-0.2947187163139168,,,-1.137223419804065,-0.21168372013730366,0.5537059481606604,-1.7739643641413383
PLTR,,0.0013032146420746652,,,0.11648161999811839,,0.42019754165200074,0.41869380648243026,,-0.01145,-0.01145,2.088550790406617,0.3878758525755209,-0.01035680029324626,9.333167110192624,0.6372855410822038,-0.13556617340004606,6.642198008533891,0.7710552983852176,-0.817509948248937,0.5232111960203361,2.5842409933272696,-0.8175099482489369,-1.0511276091977917,,,0.8356512226140758,2.098151649026281,0.6757673403659943,-2.989395375975991
PM,,0.03644536499000793,,,0.12555431421370314,,0.3957889278238091,0.041409504119668,,-0.01045,-0.01045,0.12733587616717257,0.2970670475089011,-0.20009770859228426,0.691811922905984,0.23949529297882116,-0.20009770859228415,1.4442478609943072,0.22597462761847592,-0.20009770859228415,0.23700822375031466,0.5887696222662326,-0.395048290986999,-0.11786346044150563,,,0.6993011915173183,-0.2319069765414904,0.734592107693866,0.07875259992343708
PNC,,0.08142716182941467,,,0.011091913873289892,,,0.00465033538836949,,-0.00145,-0.00145,-0.11743712631157799,0.24699961357181333,-0.19202893513836128,0.4697365413531991,0.26774551969581223,-0.23761124753097496,0.5853918179369759,0.2761900501109602,-0.42049621095819223,0.26634492693209283,1.1983240835993163,-0.42049621095819245,1.076710517565677,,,,-0.45892680650703443,1.264015013644711,0.27162231042800045
PNR,,0.03566080242038337,,,0.09323103519494527,,0.2494779276212623,-0.010461209529627367,,-0.01245,-0.01245,-0.009768505269844963,0.20085364523544408,-0.1562500556165608,0.6914168133479062,0.2340845619213911,-0.19542999843655828,1.2018027644442602,0.26024380958599436,-0.4659565216436249,0.258501272107783,1.221109259738917,-0.4659565216436249,-0.13869895603404467,,,-0.11801312087405155,-0.5522537362555664,0.6169425730381226,-0.32140091369065243
PNW,,0.016321968136508623,,,0.02116230641216591,,0.07893191039235867,0.13750566609328072,,-0.0426999999999999,-0.0426999999999999,-0.01647591318566366,0.14069613504416553,-0.05239427707052513,0.28660442871736347,0.16826772827588032,-0.09530420619562652,0.3501737064375028,0.212174001889847,-0.2306801990224232,0.19451650446359728,0.40540609494750146,-0.2987589905567225,-0.6522771103925096,,,-1.0707077276333716,0.3615703817486056,-1.1625066386299898,-0.9220485811444972
PODD,,0.011230668266724614,,,0.07209380439097376,,0.5096949525176341,0.20391449194891728,,-0.009375,-0.009375,0.19487964042381378,0.3839047032197076,-0.11269730492687591,0.6858109640239887,0.36056086577869845,-0.24416995469972191,0.2369329850730182,0.40321766373608875,-0.5843679117263529,0.3089539160199325,1.0702008195748896,-0.5843679117263529,-0.7874859007480607,,,1.3355966451810097,0.7717026256021374,0.797828732571328,-1.0214206137405164
POOL,,0.033104669478577306,,,0.11637525214274413,,0.4402771732363889,0.008525881138637167,,-0.010125,-0.010125,-0.3040415179722107,0.2027860616170427,-0.24369170173883525,-0.2346782700208312,0.2990502118642865,-0.34302416819662296,-0.20914066617295135,0.32616907840155307,-0.5196452105537661,0.24668818751595412,0.9699751970633581,-0.5196452105537661,-0.20658174665510398,,,0.9478189356277726,-0.43499194161167215,0.7537101570754242,0.42251897350891665
PPG,,0.04665122201674883,,,0.04784100319413226,,0.28259789423873183,0.01702793501771826,,-0.012475,-0.012475,-0.22207640760791025,0.14159090158020712,-0.19003462393600334,-0.30438339278522664,0.15212039570482758,-0.33954793200227606,-0.29134829352145986,0.251863384811213,-0.4252892462766338,0.22678909484173795,1.1529275927963023,-0.42528924627663367,0.1531717601152201,,,0.06699978112858979,-0.3824843661521794,0.6154719538549258,-0.012816046458936525
PPL,,0.03652842640960712,,,0.023848460893231067,,0.08655929227037107,0.0633550038906599,,-0.0223,-0.0223,0.07584544204719301,0.12864561368599786,-0.06397339428423876,0.49133460253592154,0.14475996108397632,-0.06397339428423876,0.5628839854572154,0.19313046328361583,-0.1816638021141762,0.21357110091364184,0.7120219500342186,-0.308942061607721,-0.11565761235625074,,,-1.028100074303519,-0.09637443327487673,0.03751861485858643,-1.0849018682434792
PRU,,0.04339099798506104,,,0.002178955577561834,,,0.061180431657895176,,-0.0067,-0.0067,-0.16059062711989835,0.1653497628880845,-0.13905154671092312,0.161182558328961,0.1807565921953021,-0.19659900599550018,0.7382801461218387,0.23710475355674118,-0.291005822839293,0.301691624762983,1.3633305675172407,-0.5190766705858658,0.06659054139173827,,,,-0.10980430765910637,0.9551849851733847,-0.77879013612254
PSA,,0.03688495130070708,,,0.09088100450589934,,0.1739765282973158,0.038036285443222774,,-0.043375,-0.043375,-0.17005894126145593,0.1843701035094225,-0.10934990322950378,0.16259123068466752,0.26683108954134793,-0.23036478932960913,0.5301993553922775,0.24592025856366406,-0.3301564223528801,0.18959517589905975,0.5289097709447561,-0.33015642235288034,-0.10618944106597562,,,-0.5397748078805726,-0.25273953496959123,-1.2022133565763091,0.8089886425993521
PSKY,,,,,-0.0003064396095083833,,0.19999562229129272,-0.02100675528437568,,0.0053,0.0053,0.4435877736852374,0.3995868210299181,-0.18657503798819475,0.10882146827495776,0.36988849990911543,-0.29099232305317024,-0.506963538753986,0.521998515164817,-0.8231272420188007,0.46882341701366337,1.4856223718549582,-0.8231272420188009,,,,-0.3944284027073852,-0.6173816509164445,1.661082193107845,-1.4381289448987857
PSX,,0.02501450149219052,,,0.023260064581203756,,0.13961454363292963,-3.9502271380604385e-05,,-0.0207,-0.0207,0.05903735859446857,0.3043545019557711,-0.19762521835240443,0.1369143640588797,0.2814305260500585,-0.3408929031759631,1.7444751107566354,0.3219255321664532,-0.3408929031759631,0.3031261125544859,1.3036164741084142,-0.5870900192047253,-0.4214309708590138,,,-0.7317258015139735,-0.48789063199136723,0.13163824258318116,-0.7969043829648014
PTC,,0.021643919264563046,,,0.08253021381153375,,0.32692750496068673,0.016466320558668243,,-0.0180999999999999,-0.0180999999999999,-0.01849443663598216,0.3425841446027996,-0.19914202827229377,0.24783934830154353,0.26174984373170473,-0.22548236109589936,0.8206768974361067,0.25805265032930513,-0.25952143181586185,0.28247123985649275,1.1732988568533442,-0.423580396673903,-0.5109429535446385,,,0.31463136901763905,-0.3859528237751389,0.28458263763565333,-0.09494139838751386
PWR,,0.014329443891238226,,,0.050763317448635735,,0.2046357498623198,0.24873354824331492,,-0.0238,-0.0238,0.3101168363192708,0.3508840637060529,-0.19550572975155223,1.400298256654434,0.3380724843028191,-0.26198642938804007,5.659541652649363,0.30414627492436647,-0.2619864293880402,0.27939542815834817,1.206984499093751,-0.26198642938804007,-0.7051922400936691,,,-0.368507982029021,1.0484992695509157,-0.05071853613322118,-2.071480955540385
PYPL,,0.06818847307160736,,,0.05738059250765698,,0.18577871252372208,-0.05045467529994287,,0.01325,0.012568500000000002,-0.21240061101982843,0.2586115400783839,-0.2633777528651571,0.18625231060336134,0.2643497702027799,-0.2633777528651572,-0.6808331874821485,0.3762825225209804,-0.8222862725242238,0.3463529785338513,1.2583940084765828,-0.8222862725242238,0.7251328971901762,,,-0.4738461075616091,-0.7992481627421283,2.0886500144304807,-1.0381150620597854
QCOM,,0.05727091594781547,,,0.20959165109090663,,0.4360186999633423,0.040215392199617,,-0.006225,-0.006225,0.16563232415964113,0.25395469504124385,-0.15582646510694476,0.45254674719510035,0.27761172778724047,-0.2771138017550058,0.36652476053701166,0.33601110725526717,-0.38582554715103834,0.2689187177528209,1.2843850901809364,-0.3858255471510379,0.43519717741334163,,,0.9240304908069539,-0.2392816559590636,0.9831267496541237,0.6153825745252354
RCL,,0.04892008854272516,,,0.09599616335067375,,0.2232716760695659,0.04240817872018175,,-0.031275,-0.031275,0.1516168964620761,0.45551481766207685,-0.23282844802019687,1.6216308920419533,0.3829037486100379,-0.23282844802019698,2.574679170978533,0.5273736032762769,-0.6257102989732277,0.501293526853006,2.3854056987473475,-0.7566524665910583,0.21342566507102362,,,-0.2644050151108403,-0.22573929250987354,-0.4904336719090618,0.6651936143791186
REG,,0.030909880812721457,,,0.032214039274794964,,0.08389552680707554,0.02796261036257548,,-0.019325,-0.019325,-0.05250900949004522,0.10480632594078154,-0.07495544876915716,0.18918309009108247,0.14155020234168444,-0.1064555134122881,0.8505397953750098,0.20632561647149425,-0.2629166456748301,0.2165918129466736,0.9802534848343902,-0.5093634924853705,-0.26486837839676025,,,-1.0429802516995543,-0.31495323791411645,0.21252229765900482,-1.205417689841203
REGN,,0.061876216426625164,,,0.11813544401145426,,0.32227717951826146,0.05909085870733897,,-0.00845,-0.00845,-0.1402477380958701,0.30944722784647827,-0.3098209645867732,-0.2170484327499589,0.3183065179525361,-0.5850093386976818,0.24993365837758819,0.27991089383732193,-0.5850093386976818,0.30429187659029433,0.3571722369911993,-0.5850093386976818,0.5574993640629987,,,0.2886539815613967,-0.1227092375666199,0.8522416423496093,0.11662094084140606
RF,,0.09075907676456699,,,0.013108649689166588,,,0.03345623555682497,,-0.00795,-0.00795,-0.07332450170033766,0.26439670288342004,-0.16284502023784087,0.5926729535649735,0.27782497625921954,-0.23630145326737606,0.9379080626944101,0.305292985365781,-0.36148009193770325,0.3356167066134918,1.3279697124688663,-0.5077264579918783,1.3245366056676873,,,,-0.2810253254901596,0.8816540260135451,0.7239079051443017
RJF,,0.06873111571248018,,,0.025604628759892084,,,0.05192985067222305,,0.00185,0.00185,-0.049158851552912,0.24316475392430253,-0.18367134535099638,0.5536773070683609,0.2654848052906856,-0.18490545292928295,1.814096400414884,0.2585479990150741,-0.22872957282136697,0.2760831115832696,1.1736368505203936,-0.3232067227691052,0.7395437661125106,,,,-0.16693468886551505,1.4581367458266876,-0.551658290848662
RL,,0.038863310130479,,,0.11083720654535058,,0.7014529339363108,0.16724890829694322,,-0.02805,-0.02805,0.3796812461924448,0.33229197986025477,-0.18288794803375208,1.512817300712646,0.36529698779005854,-0.18288794803375208,3.053962581219432,0.35966167402064253,-0.34217909218209874,0.3245446349790211,1.4910272734912202,-0.49426166372433067,-0.05365049991065287,,,2.4067843379163287,0.5452607648760734,-0.30072379727667564,2.108596870406278
RMD,,0.03820044232407512,,,0.18611189835669625,,0.40590927130821347,0.18945319491286441,,-0.01595,-0.01595,0.006232526045797604,0.1801874416729365,-0.10065208516950919,0.603442108000489,0.24371477980541573,-0.10348151965526442,0.2366439437051857,0.29834691831979626,-0.5061278371444369,0.2800277047398381,0.5914901845671581,-0.5061278371444367,-0.07125416823932829,,,0.7558348873069016,0.6823915419319933,0.4110558873905717,-0.4088667102549916
ROK,,0.023371920229024984,,,0.08747106201013928,,0.2866050074275113,0.0003932574227338541,,-0.024925,-0.024925,0.2507313145443064,0.32480834267670816,-0.13745432088924436,0.36524644731817735,0.3135939908479935,-0.18423094639609117,0.5484630056244539,0.3205821060155112,-0.42317939455559284,0.25405646964325146,1.4559123192269965,-0.42317939455559284,-0.46505272391492386,,,0.08938409232889485,-0.485217964584442,-0.11689639937707667,0.22644573237548965
ROL,,0.017264957264957272,,,0.1663735388126864,,0.6395928221628968,0.14948046305406612,,-0.030975,-0.030975,0.17277230660613152,0.14485771503018546,-0.019237334624208513,0.4681972003828416,0.14859555040791672,-0.0806485967840419,0.6289103788410451,0.22659076406822856,-0.20333717043275068,0.19714135513272205,0.6151321365541449,-0.21879159430258466,-0.6272343074469062,,,2.061224847183922,0.4355251653777235,-0.4727862417107004,1.4712516160699924
ROP,,0.033731662085356016,,,0.04829110162115198,,0.1613185013950031,0.11300443923276657,,-0.020475,-0.020475,-0.20325793594778296,0.19362732150638334,-0.23983002534135123,-0.15686981668358158,0.1716277797767674,-0.23983002534135112,0.08094226645494595,0.20798205868945235,-0.2657760606244228,0.19213982541076335,0.9911478527333106,-0.2657760606244228,-0.1899308099409757,,,-0.6104843686078808,0.21025400143325956,0.14487381523195228,-1.1555429952140681
ROST,,0.041004963555441774,,,0.14078232501521523,,0.40513576943085755,-0.01243369252571583,,-0.0195,-0.0195,0.05251001709416703,0.21372173235146338,-0.152484978378308,0.2628141943316109,0.21531617575434525,-0.17023127238266855,0.5816955222012457,0.2731692963258278,-0.4556988660019967,0.24032592019615198,0.9810414002265705,-0.4556988660019968,0.0032250282169653775,,,0.7515139944543519,-0.5644355338814919,0.20222796337662718,1.116946593176182
RSG,,0.03293063152863662,,,0.06495598862268027,,0.21172586106389263,0.045809964896458645,,-0.0269999999999999,-0.0269999999999999,-0.04981503033717205,0.20462907739966865,-0.19804436569481665,0.29678311135873137,0.18352772531948175,-0.19804436569481654,1.2690130105508244,0.18692309793886938,-0.19804436569481665,0.16262818592593453,0.5999845154426284,-0.20611582963697972,-0.21120364308416623,,,-0.3289016000517965,-0.20473030493013078,-0.23895779158240454,-0.09641714662342743
RTX,,0.027507908860621592,,,0.03726621453236843,,0.10163016950488565,0.0370418628892653,,-0.0124,-0.0124,0.4744376641945065,0.18593405385942308,-0.05158284032578586,1.2563628400881957,0.19649353433015013,-0.06882474890869084,1.757654709810887,0.22750320458521955,-0.27349467780452874,0.2513338010823266,0.9415118156251132,-0.41315107523989547,-0.35521397269121874,,,-0.9439119842281999,-0.25888095891645835,0.6198838114045162,-1.6601288094074764
RVTY,,0.02527697073404671,,,0.022868023495617826,,0.12550347065196682,-0.079111504345412,,-0.024725,-0.024725,-0.19724774359071995,0.2662388086807041,-0.3040530873621796,0.0514382963919251,0.30331394650062676,-0.3120712469913356,-0.2929629360581494,0.3102675516697618,-0.5862168254709402,0.2768725145958024,1.1264166459186047,-0.5862168254709405,-0.41446061955294944,,,-0.810552286840258,-0.976228999953358,-0.10513144591150242,-0.14365246052834718
SBAC,,0.03798056964515036,,,0.08206629153623014,,0.19578585684331223,0.10016259667461597,,-0.018975,-0.018975,-0.13181186524680966,0.2239825184334448,-0.20558604081705012,-0.1898609323315419,0.2416133577028035,-0.26307147893583915,-0.28113303734914785,0.26999132983178437,-0.5079280400453323,0.23224279628725528,0.5414927695799727,-0.5079280400453324,-0.07709328982124218,,,-0.4179447586046312,0.13094445732179638,0.23311096622375987,-0.8590934719714296
SBUX,,0.028656126806268133,,,0.08193615205108831,,0.27036595813552844,0.11747554114998107,,-0.035475,-0.035475,-0.1946777918563687,0.36507340713429176,-0.3087815777857469,-0.1473764499661252,0.3149088397267252,-0.3087815777857469,-0.08223658577402948,0.29055748187044117,-0.37713618458917053,0.24818336580031575,0.9023869487749185,-0.37713618458917053,-0.3247209427251816,,,-0.0013295750480815476,0.23786694351103865,-0.737497694686123,0.17358023340182116
SCHW,,0.04240472286951721,,,0.015597485084891503,,,0.020594874075721355,,0.00505,0.00505,0.13610289670317366,0.21119750257492245,-0.05053238805318472,0.556042132856037,0.24792738328292852,-0.11720438301707725,1.0325780656795347,0.3167872659317763,-0.3958034921021225,0.29460759269875525,1.0669557959153992,-0.3958034921021225,0.04039819980096092,,,,-0.36045541592306696,1.646376001275877,-1.2455223855518491
SHOP,,,,,0.17301803962076218,,0.3645552809237466,0.28335977436982196,,,,0.4960208021120496,0.33625852092710007,-0.18664385686785911,1.3748970497963113,0.4647721109973052,-0.26127136566353193,0.5860525619219199,0.5886410837442639,-0.8233187666757599,0.44394121609749476,2.2137734003487886,-0.8233187666757599,,,,0.5248255430407176,1.2623463242830053,,-0.7375207812422877
SHW,,0.0291632900497725,,,0.1042985391483249,,0.46221437163296125,0.06866099266874526,,-0.016275,-0.016275,-0.12454459774839788,0.21469919309425217,-0.08264697635071105,0.2583267153942519,0.2654896137367073,-0.16374059310720435,0.446682327869667,0.28549677277726937,-0.41449107335109425,0.24376869867227138,1.1416308239580817,-0.41449107335109414,-0.31125229416374217,,,1.07036328429921,-0.0636053388754596,0.3919378380090133,0.4307784910019141
SJM,,-0.13238132073329936,,,-0.07916920335887427,,0.16608339694837623,-0.12808503946295005,,-0.045025,-0.045025,-0.09344593466856232,0.21302661390672678,-0.1626503182188993,0.009517073048202151,0.22845931391755153,-0.21000542027057245,0.0328235806385464,0.19985489137112034,-0.3240150623636213,0.1889163573832261,0.24418348795336126,-0.3531736135262744,-4.601365226239786,,,-0.5838669760165472,-1.2786831630620228,-1.2992742226672978,-2.6072748165270134
SLB,,0.06996218173889397,,,0.08330576493401398,,0.14456359648006678,-0.012233406922812063,,-0.031,-0.031,-0.13215987457479117,0.28784149948104426,-0.20933009715762874,-0.24990800242482536,0.2689505052382637,-0.38103945247913507,0.9786605130085095,0.38879514589238895,-0.41610638576705805,0.39093319722115233,1.5223561662441312,-0.8166732240160239,0.772236978560491,,,-0.7040796797654596,-0.5631985961300394,-0.4742568608938972,1.1056127558189681
SMCI,,0.03921182266009856,,,0.09253909940702545,,0.21438903175210097,0.42665354649640974,,0.014025,0.012568500000000002,0.5548407153492483,0.7286853795481255,-0.2955740197450848,0.855779419075746,1.000310261504385,-0.7176321404008636,16.990073809183343,0.8801154213035616,-0.7176321404008636,0.45756347165893047,1.393930423596565,-0.7176321404008636,-0.04439511155034936,,,-0.3140247451550314,2.147309964812812,2.0886500144304807,-4.594379835948674
SNA,,0.05648647068788327,,,0.12452951193771034,,0.3281103580534792,0.05694661013672857,,-0.003825,-0.003825,-0.06832095541846273,0.1582920336756805,-0.11246633599654587,0.2874118118474396,0.21270954305519343,-0.14737336521877475,1.1685488005890243,0.23053181267625106,-0.20632027284363696,0.22609635425073946,1.048296463224537,-0.38467515994383494,0.4143647971944805,,,0.3212389566963327,-0.13595183696983656,1.124306191241016,-0.25275060038036623
SNPS,,0.028560531197020712,,,0.08145162175680164,,0.20759719255040776,0.9951456040739053,,-0.02525,-0.02525,-0.20191944526408978,0.4135592991798306,-0.2963833775325251,-0.179500364033491,0.3206850162069733,-0.29638337753252497,0.959208796574518,0.3255396957679842,-0.2963833775325251,0.24514145958505676,1.1234167152795616,-0.29638337753252497,-0.32725965916699945,,,-0.35196493679694474,5.6582427389296095,-0.1360144487586351,-6.201452886134919
SO,,0.041545893039248494,,,0.029230606485604795,,0.09448931748615419,0.048725843155766294,,-0.023725,-0.023725,0.07126301014787795,0.12793259221571646,-0.017093966176752184,0.3946942397350919,0.13907860776240408,-0.08821682897344996,0.8651024542817685,0.18037096800254596,-0.16449513401382754,0.1762209235194654,0.41827826527988443,-0.2480793720646839,0.017590401116570672,,,-0.983801811715528,-0.18672222124719856,-0.046306678583630675,-0.7331825107681281
SOLS,,,,,,,,,,,,-0.023519001119779115,,0.0,-0.023519001119779115,,0.0,-0.023519001119779115,,0.0,0.08147220976545348,,0.0,,,,,,,0.0
SOLV,,0.024221960268238397,,,0.025849021308436644,,0.3110725643249494,0.03402387158732336,,-0.024725,-0.024725,-0.0474059472574242,0.2668321550541664,-0.17090905646919086,-0.020560751149236056,0.2744397996543476,-0.18658668927123612,-0.020560751149236056,0.2744397996543476,-0.18658668927123612,0.2461478434167917,0.6067816660669906,-0.18658668927123612,-0.44247835422636206,,,0.22606338789684505,-0.27751967942759403,-0.10513144591150242,0.16623615900957944
SPG,,0.03990490786816135,,,0.06436222954236254,,0.15165875897716213,-0.002437878500119139,,-0.03115,-0.03115,0.010302017891164139,0.20515038530173535,-0.14377118702128533,0.5661491954819351,0.22451809094272265,-0.14377118702128533,1.8007646907921275,0.2791480479095061,-0.4124263683702082,0.342420666841224,1.4392114355170584,-0.712616983243139,-0.025988964791708112,,,-0.6644450805241814,-0.5027026906541092,-0.483080575993078,0.29534922133129776
SPGI,,0.02615588967719043,,,0.06664092696151083,,0.17006472290377087,-0.009203359800511844,,-0.01235,-0.01235,-0.04363072140023616,0.1624655102398142,-0.11529953369996804,0.2110802006188528,0.1701536151340216,-0.11529953369996815,0.4699372893824991,0.237704963819126,-0.35063742639384676,0.22376529718864463,1.1009574936026143,-0.35063742639384665,-0.391119317692432,,,-0.5616267160146705,-0.5444854204453431,0.6228250497709097,-1.0310856630326692
SRE,,0.0451501395261139,,,0.027930662002983386,,0.06462630523121239,0.10427420335348668,,-0.017875,-0.017875,0.020239673776099254,0.22369469533756325,-0.18410849343339397,0.35497235764586743,0.19124418092214396,-0.23072205733401363,0.7048216460080088,0.20847356827153304,-0.23072205733401363,0.2039291929825671,0.6776685248903647,-0.28937389760104915,0.11330776605209751,,,-1.1506208977261092,0.15633720371237703,0.29781821028441874,-1.4914685456708074
STE,,0.027389178322078496,,,0.06339247686859359,,0.2409994451785803,0.029321465947661798,,-0.0411,-0.0411,0.09154581038254705,0.18266448744360841,-0.07416831413642555,0.2013933471112852,0.1983255593869558,-0.150238502564632,0.2795334348261227,0.24269572932657638,-0.31260736671453826,0.20504237490382704,0.8179862221309857,-0.31260736671453815,-0.35836707954119024,,,-0.16537514449613003,-0.3065611231160643,-1.068387010905401,0.851205909984145
STLD,,0.040071808367533594,,,0.06707929165971262,,0.13867054418169764,0.03235991524478999,,-0.0199,-0.0199,0.09044518826452141,0.319017602298903,-0.08515306198241823,0.34852434300393753,0.28796546861110744,-0.2216344123393209,3.6828778648790923,0.3937253805763043,-0.26845645539834295,0.32128780468530244,1.4412801430731368,-0.5172339722420762,-0.021556616431363806,,,-0.736999118361739,-0.2877960566958966,0.17869805644547843,-0.6494577345426847
STT,,0.07627045859793317,,,0.00791045366451766,,,0.15698258308430818,,-0.0253499999999999,-0.0253499999999999,0.22152591946332945,0.18706497468528474,-0.1256223331323677,0.7127791072822383,0.1943880542126951,-0.12562233313236748,0.9424369183603427,0.29396231756278396,-0.36318472667558543,0.2956825040135423,1.5362030715009793,-0.5165754828915032,0.939764821184852,,,,0.48185727985224175,-0.14189692549141633,0.5998044668240267
STX,,0.025494258373975554,,,0.18643314931150454,,0.40611713941239924,0.03669724770642202,,0.003925,0.003925,1.6843030112002748,0.5607878946636682,-0.1595950083629848,2.54280904131578,0.44048021361920087,-0.21225306276268896,4.3559935834872645,0.4013296666717334,-0.5476895004608819,0.3843454009562048,1.396357547040553,-0.5476895004608819,-0.40869014841485135,,,0.7569960684648835,-0.26100925732234737,1.5801981380320214,-0.9708829606596419
STZ,,0.052820666665111475,,,-0.01970149320213852,,0.23061838323479988,-0.14571701566762982,,-0.0762,-0.0762,-0.44328380102757237,0.2556129591701724,-0.39302825901591687,-0.43321814908812284,0.23625033626402506,-0.5002299074634119,-0.31003973776839266,0.21360360766658867,-0.5002299074634119,0.24639949290596905,0.7873877207514792,-0.5002299074634118,0.3170126591793778,,,-0.22336525113696631,-1.387575947586139,-3.1331363441136975,4.614359699742248
SW,,0.10937927354060446,,,0.007857888304135995,,0.1313517465384551,0.9951456040739053,,0.021625,0.012568500000000002,-0.3170664465308085,0.2329978815172192,-0.3023579262695849,0.12800055537513688,0.2773276128400304,-0.3170664465308086,-0.011719751500238518,0.30339843397278615,-0.45293343117195073,0.3122628485753658,1.099596246867648,-0.4529334311719505,1.8190300251600193,,,-0.7778829757274699,5.6582427389296095,2.0886500144304807,-6.7057457039275405
SWK,,0.04761904718106751,,,0.02141973477236214,,0.19937415681905968,0.0017101477674555316,,-0.02495,-0.02495,-0.23252097743888556,0.33664812142531847,-0.3117846794363722,-0.21738772092556236,0.3808923302120756,-0.4445666557088802,-0.5803098992948885,0.3436074610117644,-0.6861802896279778,0.3163635540547027,1.351640739040071,-0.6861802896279777,0.17887412946883333,,,-0.3978999983113382,-0.47708502163550554,-0.11836701856027351,0.37642617135327416
SWKS,,0.03253200901771694,,,0.049194932748093265,,0.2066510009405644,-0.06335292117915595,,-0.052525,-0.052525,-0.09245287422536563,0.3152093545109251,-0.2681778959895147,-0.16312498263853126,0.31384900046747743,-0.4199841237686234,-0.3899616047840604,0.31240426657242454,-0.6321708410539668,0.31643068189305296,1.2599802567631921,-0.6321708410539666,-0.22178979375068142,,,-0.3572504993583313,-0.8789060464053015,-1.7404599776263354,2.040325730922624
SYF,,0.12390217180538313,,,0.0273220523541061,,,0.00013279220509756077,,-0.000425,-0.000425,0.11104533087041091,0.31494327330310523,-0.24414373186566152,1.3701323863852926,0.2980440930426616,-0.24414373186566163,1.7121717675785573,0.35489356178718834,-0.43614330817760305,0.38467328645295606,1.6281829537787291,-0.5715946126978729,2.204712180416916,,,,-0.4868265637846025,1.3243104001557797,1.3672283440457385
SYK,,0.021079964046244324,,,0.06515538039868037,,0.3410944451577249,0.18402760030667006,,-0.01475,-0.01475,-0.07838299942132831,0.15106230613157212,-0.09751322870359069,0.23131762840840464,0.17935125532595314,-0.09751322870359047,0.6159857493697827,0.2206845062836228,-0.274166206098195,0.19755978559110457,0.8864104145003928,-0.2741662060981951,-0.5259198169849784,,,0.393769936656454,0.6488837775436361,0.48164560818401775,-1.2626792660561783
SYY,,0.05679012226810907,,,0.07009269644072508,,0.5740085698674259,0.07452743107115624,,-0.02555,-0.02555,-0.028697648712406654,0.14588506577336974,-0.10886763136886246,0.06618120379186343,0.15874802126917184,-0.11506191714648828,0.16284088246259487,0.22240218531550177,-0.22192937810061086,0.2451831809979893,1.0024803132546558,-0.46374416140992925,0.42242882090197104,,,1.6948617713087701,-0.027374980720360126,-0.1536618789569965,2.2983274518880976
T,,0.07174887691536715,,,0.03206339791086491,,0.18593101229553521,0.01875505620235864,,-0.032525,-0.032525,0.10659994087021274,0.23322378282484735,-0.15349641903450495,0.6424821882657552,0.19382575413316377,-0.15349641903450506,0.581112416808411,0.23546745241683445,-0.2825972851661239,0.20275615064779903,0.5461779134995595,-0.3409459692187131,0.819685940460919,,,-0.4729953391087621,-0.37181789106039903,-0.5639646310689015,1.2824731234814575
TAP,,0.11730679909308707,,,0.03934502089955318,,0.16586128158639368,-0.02071606398434705,,-0.014825,-0.014825,-0.2799527216239024,0.21944579202325962,-0.2816135369221471,-0.25651708656456473,0.2427159966270316,-0.32440394927304006,0.06837392291433941,0.2492889102787514,-0.33539338438058364,0.2608966676108829,0.8017077775987288,-0.6639325246095156,2.029559981728727,,,-0.585107744407844,-0.6155863793751495,0.4772337506344273,1.5828048660616052
TDG,,0.023192307692307693,,,0.0842692953569014,,0.22245000327132358,0.03994868975627634,,-0.0079249999999999,-0.0079249999999999,0.10887684569852119,0.17332306404272252,-0.13619896234537676,0.5234840656893787,0.16770591592979683,-0.13619896234537676,1.7005207192555578,0.23243786743029396,-0.1949024339352715,0.33320544214787357,1.2663922973994668,-0.5022541008870967,-0.4698226637030643,,,-0.2689949976629139,-0.24092877545137786,0.8831246451967478,-1.3810135311113483
TDY,,0.032373822663387564,,,0.05832121137025992,,0.17152818207895767,0.06427772816448798,,-0.013925,-0.013925,0.06812841959625193,0.2267474806506977,-0.11555520654252227,0.2862815622279986,0.21544865197653748,-0.1452194678744868,0.3714346297718949,0.23382337549430976,-0.2859742341064909,0.2208853569483229,1.0615135468615886,-0.28597423410649103,-0.22599072203356743,,,-0.553451622359205,-0.09067580855132107,0.5301760412295118,-1.2189425770709632
TEAM,,,,,-0.04590811366401607,,0.7727070221867068,0.15921255271114532,,,,-0.3319674831124598,0.43546704748302173,-0.4794315223166383,-0.07787376462340623,0.5172990434812,-0.4794315223166382,-0.21759609223129395,0.4959735273932096,-0.7191190463311894,0.38952747857075365,0.9400784954560417,-0.7191190463311894,,,,2.804819933755504,0.49562928131433825,,2.309190652441166
TECH,,0.007508978331759243,,,0.027675742852381207,,0.29797461825196386,-0.05399636890423974,,-0.029425,-0.029425,-0.18358130678513052,0.2838468033526273,-0.34008073946935935,-0.01763594343754704,0.35732721380812116,-0.40384661174397674,-0.17620390656941198,0.35052228720227374,-0.6244405813234853,0.295974784838729,1.3040567465290787,-0.6244405813234853,-0.8863221914901427,,,0.15289637534439396,-0.8211212003430285,-0.3816078523524993,0.469303236549779
TEL,,0.019807996503093665,,,0.06203566517795282,,0.24737520918383663,0.08594637086208402,,-0.0130999999999999,-0.0130999999999999,0.6534899809201757,0.2762916359136705,-0.082516282764733,0.9403161280774666,0.21237355576776096,-0.082516282764733,1.3410682237447453,0.24913715240201492,-0.30767901255725305,0.24715533947195706,1.3289886981763623,-0.3635461264594375,-0.5596992441017352,,,-0.12975920880631978,0.043146901552673464,0.5787064742750119,-1.3113118287357404
TER,,0.015731686703324876,,,0.1255628459546849,,0.4475135086709004,0.03583880413227282,,-0.0286999999999999,-0.0286999999999999,0.6702585573827549,0.5410960837872364,-0.410030150004527,1.0002510801364113,0.4760982420455089,-0.49799748727416426,0.6917283908751088,0.434210825455515,-0.5398295498471126,0.4008738937830671,1.5972881933445446,-0.5398295498471124,-0.667953114672631,,,0.9882421472229603,-0.26631089283165177,-0.33895989603978643,0.9255598214217675
TFC,,0.08254183399459351,,,0.009781000420738569,,,0.046128424766231996,,-0.002375,-0.002375,-0.037900965617432614,0.24159375682767115,-0.18576271479408069,0.5028513577057314,0.25272344293295634,-0.1867873483732302,0.1905042766002092,0.28627463196643366,-0.509523909724426,0.29256697866974285,1.1416772484767597,-0.509523909724426,1.1063126779081256,,,,-0.2027635383251711,1.20960210386643,0.09947411236686676
TGT,,0.09382176365578242,,,0.06821339260905807,,0.5097770213948319,0.033145816590767034,,-0.0303249999999999,-0.0303249999999999,-0.2873107363941334,0.2140659298096338,-0.32933472290436305,-0.27439367262665215,0.24562925302947358,-0.46653596058308644,-0.4220410213978981,0.31142964651042093,-0.6127733349757116,0.2892917911088691,1.054837253537462,-0.6127733349757118,1.4058718639298586,,,1.3360550937449787,-0.28294243252290247,-0.434550142947578,3.459419533145318
TJX,,0.03190655852969655,,,0.1543186895011169,,0.5494539587987094,0.07625593192603503,,-0.026425,-0.026425,0.12770494969519097,0.1485833588479182,-0.03721502134326515,0.6309460235243498,0.16870580279099562,-0.07227371486783918,1.3740624561002477,0.20113576533241703,-0.2577355350810503,0.20521574103517132,0.8500961578138887,-0.2577355350810502,-0.23839977667751958,,,1.557696178606355,-0.01669998496519855,-0.20513355036888428,1.5411299372629181
TKO,,0.01289222691089074,,,0.015113293631265918,,0.17323908585762265,0.2061267100488592,,-0.026875,-0.026875,0.37261549210864753,0.2591328117345124,-0.07661444593375033,1.4488040401466686,0.2448222583777889,-0.07661444593375033,3.6673812174693605,0.31389496064442807,-0.25980274245089285,0.36653733450165366,1.0854471231280156,-0.6452344603966464,-0.743360168591561,,,-0.5438942675226476,0.7853649959502433,-0.2316046956664265,-1.8410147363980256
TMO,,0.03060827051859785,,,0.06617817045100463,,0.17884389228959985,0.027757472384665367,,-0.010025,-0.010025,0.0703185272314999,0.35595093780158304,-0.3255363332286543,0.14647514717752563,0.2818959603622678,-0.347753045022276,0.23055520413168873,0.25705798184449236,-0.3911709178349425,0.21688399433964672,0.8778284992926035,-0.39117091783494173,-0.2728781920141548,,,-0.5125850118364956,-0.3162201433004991,0.7595926338082114,-1.2288356943583627
TMUS,,0.05110170974680259,,,0.057750519175512646,,0.2527595788916297,0.01959176627972209,,-0.0353,-0.0353,-0.16791860816993143,0.2701539185095284,-0.24064778913446772,0.38587867718946445,0.23143389581152096,-0.24064778913446772,0.5752641729123624,0.21330077975928236,-0.25312423395052086,0.1912305819332101,0.49070913210188827,-0.25312423395052064,0.27136261075516066,,,-0.0996813443990391,-0.36665047879158524,-0.7272033604037453,1.265535105551452
TPL,,0.021694461296708968,,,0.3522235906378823,,0.5091832648370322,0.06754340164965408,,-0.0143749999999999,-0.0143749999999999,-0.4190640543772427,0.4098068206622695,-0.3496829336911894,0.7003004049844384,0.5020343470223684,-0.4190640543772427,3.899722698011864,0.5029225000330607,-0.4956236072142649,0.3956372333205326,1.5433169161405158,-0.5446601096685764,-0.5096007173371193,,,1.3327382841264666,-0.07050743519269956,0.5037048959319754,0.38994010605007134
TPR,,0.007711840363765607,,,0.02101670610167061,,0.6067426686742668,-0.24556952742613594,,-0.017775,-0.017775,0.7383884257832918,0.39244439380042967,-0.17215507772987948,2.539895201786091,0.4155442292544714,-0.17215507772987948,3.235914753987748,0.40485215484485026,-0.3848252817052725,0.40109982756267404,1.493865750926512,-0.7371898824105039,-0.8809348187841205,,,1.8777191601655698,-2.0042520320414305,0.3037006870172059,2.697335686405674
TRGP,,0.04465372646246927,,,0.07203879011775571,,0.20327868852459016,0.10574580750745384,,-0.037375,-0.037375,-0.21905501625633694,0.2726257381693554,-0.2223071931133367,0.8038022360451722,0.31170291043278503,-0.2293115326090177,6.338095311537745,0.29629711553910715,-0.22931153260901782,0.501947907474088,1.9917037950622496,-0.8599962343281726,0.10012460820071536,,,-0.3760887220457249,0.16542563896107074,-0.8492647526090791,0.4078749998029988
TRI,,,,,0.08920776953295505,,0.30046922741161064,-0.022418108608118402,,,,-0.032512515150667665,0.2294714139163272,-0.23637242836542838,0.1392894346023037,0.20733681107770596,-0.23637242836542838,1.1055269622153894,0.20778786356186954,-0.2363724283654285,0.1629102366455023,0.6413431388625002,-0.23637242836542827,,,,0.16683162127381404,-0.6260979848988442,,0.7929296061726582
TRMB,,0.014578358733806232,,,0.030701601741220944,,0.25866661669312585,-0.051949405071995663,,-0.0074749999999999,-0.0074749999999999,0.09044810694409744,0.24403975839562034,-0.17102454444239412,0.7148706266840361,0.29857754206162945,-0.17102454444239423,0.32904628552528514,0.3165312112994524,-0.5075355452693058,0.280961666094437,1.5510365420242023,-0.5075355452693058,-0.6985818506791894,,,-0.06668378076871667,-0.808479418790825,0.9095957904942901,-0.8663820031513711
TROW,,0.08789696274183534,,,0.14688960222503233,,0.26217625167075576,0.09567755045913612,,-0.022125,-0.022125,-0.13675038508868242,0.21741820362276812,-0.2320480490885103,0.1168919594249338,0.22853729319214944,-0.2674504681543898,-0.12236931325188627,0.2816378915532492,-0.5598842055517497,0.2730711076011089,1.3451650938937407,-0.5598842055517499,1.2485279271826732,,,-0.04707845448077324,0.10324539707730009,0.04781294914096407,1.0503911264836359
TRV,,0.09500859169120583,,,0.038671131366481946,,,0.07391253914859065,,-0.04095,-0.04095,0.02273036548510654,0.14720368376572207,-0.052182003310401015,0.5358028707996574,0.1729240241742138,-0.11207272529864587,1.2879740198216512,0.1959475804773694,-0.15234391668578828,0.19874924499016447,0.6503704842563124,-0.32345204559773144,1.4373902555260822,,,,-0.031172473006663377,-1.0595632958062204,2.528126024338966
TSCO,,0.07296627695805923,,,0.10734010351183121,,0.5445029744435823,0.07913220919075879,,-0.031875,-0.031875,-0.06330028275386601,0.22184228585337268,-0.15009709998379872,0.33064176962988157,0.2221169926524134,-0.15769603929915132,1.0136256918119044,0.23099334243374925,-0.21307749903715267,0.23972344315764885,0.8575516400753924,-0.42766861808312606,0.8520162276883684,,,1.5300392671761187,0.001063528142087205,-0.525728532305785,2.906720499028185
TSLA,,0.003202596271404396,,,0.04892655367231638,,0.13080710250201777,0.13945511911514463,,-0.0288,-0.0288,0.3569648573062749,0.5599436697833118,-0.35946614000840105,0.9508913343260528,0.5583872690666162,-0.35946614000840105,1.475528555348316,0.605290065703554,-0.6771899806395351,0.45574319143933517,1.9950508469497241,-0.6771899806395352,-1.0006860522096894,,,-0.7809254357306317,0.37360994925853525,-0.34484237277257945,-1.810379064426277
TSN,,0.0426108842627671,,,0.021311007515935686,,0.10590265979857837,-0.03360542775363087,,-0.025875,-0.025875,-0.17834246033540768,0.22332520634607417,-0.17977656788617236,0.1695857135672345,0.233883574362653,-0.18184363519472357,-0.08680377153656404,0.23298332209337141,-0.47989182030096955,0.25291573819293073,0.6160837590614021,-0.4798918203009698,0.04587319308602857,,,-0.9200452383119384,-0.6951894082862848,-0.17277992833855474,-0.006202708601070278
TT,,0.02823149844037677,,,0.1390486414641004,,0.36628313876991125,0.039174818804705136,,-0.01305,-0.01305,0.08225003021114952,0.24623654296083067,-0.0852867141806386,1.014548173977773,0.22220188843727845,-0.18664533250135806,2.263865841409761,0.2604292346431696,-0.35224814090901013,0.2188122385194561,1.1119089900012673,-0.3522481409090099,-0.3359977264879226,,,0.5344776057393055,-0.24570810147817626,0.5816477126413995,-0.13745973191184035
TTD,,0.0203583066316168,,,0.07168119826845837,,0.3655151090658347,0.1546316010203255,,-0.014875,-0.014875,-0.6178918882475041,0.7725312629585811,-0.5870407971392985,-0.302866880923514,0.6105453959987308,-0.6187475911470776,-0.45487034635690826,0.5752594935411844,-0.6187475911470774,0.5377637412475814,1.8245188638869165,-0.6187475911470774,-0.5450847510054608,,,0.5301872812345553,0.46733792136732155,0.47429251226803376,-0.9565279034062608
TTWO,,-0.09438685928453615,,,-0.09084979798174384,,0.29010244262115054,-0.24556952742613594,,-0.1466,-0.084981,0.35709728883126024,0.2446908150262722,-0.08284953621701929,0.6159924072572807,0.2515363787643158,-0.13411748074633656,0.41626503615456434,0.28473799422268686,-0.49886904750977146,0.25503300508326315,0.777519732353078,-0.49886904750977146,-3.5923527335390113,,,0.1089212688669912,-2.0042520320414305,-3.6496766260197386,2.1704971933891493
TXN,,0.03394029339854687,,,0.14452408256880733,,0.27740825688073395,-0.0032812143346267974,,-0.019825,-0.019825,-0.17075995207050576,0.35126062820876036,-0.20971681248315843,0.12272715890725316,0.2827355041226086,-0.23635495188504962,0.15416544003319244,0.2555045599595509,-0.2363549518850494,0.2286019358852082,1.0467840858758193,-0.23635495188504962,-0.18439022340938283,,,0.03800971966403306,-0.507911022734556,0.18310991399506893,0.1784206049941373
TXT,,0.05701425117037939,,,0.04849349260117668,,0.1625958281333571,0.03950812686430876,,-0.0138,-0.0138,-0.06502373575636089,0.1815231294126339,-0.07999526571380844,0.04535325052386674,0.2045731825465913,-0.26571961584210824,0.7833552372542956,0.23392452052485496,-0.26571961584210824,0.2975277559228929,1.396828129207008,-0.6301796737291796,0.42838097428809124,,,-0.603349037543151,-0.24364963439012885,0.5375291371454958,-0.46884756601042665
TYL,,0.014967239442497116,,,0.05901527775827468,,0.1951570450753789,0.12579700004917543,,-0.02095,-0.02095,-0.25772048619750976,0.1756285164877395,-0.23241787118384827,0.1423050415735203,0.18904694967162752,-0.25772048619750965,0.09218892036361082,0.24662130217104025,-0.40861894384297925,0.24318517803752265,0.7960977687855091,-0.40861894384297914,-0.6882544114083742,,,-0.42145739167405566,0.289259187937716,0.11693205075121324,-1.515903041771359
UAL,,0.10477577708927206,,,0.044120441204412046,,0.22693560268936022,0.05336227373249242,,-0.0264249999999999,-0.0264249999999999,-0.007435724538758182,0.42969048536820553,-0.3497732230156294,1.439340022543505,0.4754040525547062,-0.3497732230156294,1.1334073748726348,0.46278209323276687,-0.44250214858661374,0.41366916730653297,1.4731076129211162,-0.7100310051660548,1.6967757477632468,,,-0.24393779349548636,-0.15808823093938146,-0.20513355036887837,1.8160597355760202
UBER,,0.058864820779618215,,,0.24378635387251707,,0.36276398040209495,0.34850893674423084,,-0.0209999999999999,-0.0209999999999999,0.3857699067455995,0.30296264816470647,-0.059485561309992496,0.7687122974727663,0.328085080869894,-0.24125786547390915,1.0080548032039456,0.39629118957180565,-0.6264378507674004,0.34986346106578864,1.3344965106745603,-0.6264378507674007,0.47752623870649624,,,0.514819080422642,1.6646990508299169,0.11399081238482549,-0.7863445440856041
UDR,,0.011541875982038978,,,0.012169376571699688,,0.04102619960822089,-0.04233929269311703,,-0.0416,-0.0416,-0.23048142311808473,0.1515054184379812,-0.22924086653283704,0.10240353163562976,0.20659085616733192,-0.2327588311349954,0.06238164487315179,0.20835072782693712,-0.42977380441777246,0.18516685459622598,0.7487563482325532,-0.4297738044177728,-0.7792212100377971,,,-1.282454485582911,-0.749128618609503,-1.097799394569337,-0.21474768244186793
UHS,,0.09111916754904228,,,0.08595160665990009,,0.9194153815402877,0.06496490619146827,,-0.030525,-0.030525,0.08121429322163798,0.2831264182896644,-0.12463848450487214,0.6172853172586483,0.2837707575633739,-0.29771815561729353,0.7337862050922905,0.3499995908485332,-0.44591107193170176,0.2871086214874658,1.2354254357828731,-0.44591107193170165,1.3340994757857956,,,3.6243539515746965,-0.08643188671561604,-0.44631509641315814,5.491200410489267
ULTA,,0.05034497491204146,,,0.19552439717667155,,0.7397348047703437,0.1556870280098609,,-0.0233249999999999,-0.0233249999999999,0.33827325954937204,0.3145960107916054,-0.15765757358411092,0.21465293677698116,0.32481194449323975,-0.35678868691076515,0.8788308066203867,0.29994277561498167,-0.3601363708459975,0.3557510799965342,1.2830348140435093,-0.49692198440016533,0.25126613161528616,,,2.620632380062569,0.47385610074882,-0.022776771652476224,2.420819182581511
UNH,,0.06761736248004711,,,0.07005551215099305,,0.2898902093013693,0.0787153564337053,,-0.014625,-0.014625,-0.44111928096225983,0.5505250830007384,-0.5347274785539755,-0.3738861890707684,0.40921246280943063,-0.5847692968023465,0.0733392782123905,0.3042701068280371,-0.5847692968023464,0.2622929972059706,0.5809598366783585,-0.5847692968023464,0.7099660097117177,,,0.10773570298620692,-0.0015109000969925792,0.48899870410000157,0.33021390869491574
UNP,,0.05378850016470731,,,0.10185310975094822,,0.16375806398313952,0.011191884040874707,,-0.0225749999999999,-0.0225749999999999,-0.08434660848611153,0.1877357044124972,-0.1257853955716156,0.016318903543172114,0.18422872153944828,-0.14835835641293194,0.19222303400173746,0.22788291819311793,-0.27867350413502967,0.20169935011229523,1.0626196019635392,-0.27867350413502967,0.342715249891538,,,-0.5968566207522978,-0.4185270555317461,0.02134180384342758,0.14304388082755867
UPS,,0.0713147014684051,,,0.08252857173720483,,0.23666832299925825,0.021680255841424415,,-0.032675,-0.032675,-0.271743990627351,0.3072280464434941,-0.3041559740916022,-0.3166265815447967,0.24142131518854748,-0.4150084742321364,-0.3354408715995978,0.2756962514541966,-0.5426273414541953,0.26870888411068206,1.0638542686250028,-0.5426273414541953,0.8081556164793718,,,-0.18956941656709628,-0.35375223975227915,-0.5727883461680825,1.5451267858326372
URI,,0.0452758904327046,,,0.0891497043863271,,0.21698834236719347,0.05769021837540289,,-0.06295,-0.06295,-0.0031472825629175194,0.373561574184373,-0.17131441709622663,0.8300082662860517,0.33862213133474445,-0.27460352591870785,2.8921506328642246,0.39510680798655234,-0.3592625179506803,0.39133638597536013,1.982011122420305,-0.43387999185034154,0.11664731163006474,,,-0.29950462182100385,-0.13135940950938949,-2.353708177019398,2.3022102763378482
USB,,0.0892320912764941,,,0.010120081564836493,,,0.009281561278596825,,0.0028,0.0028,-0.0858334837476602,0.19829843987820533,-0.1464981160117761,0.33814212444073166,0.23248959710856873,-0.22592496208848356,0.33609619684721914,0.2994307350318802,-0.472898205517554,0.2590818979559505,1.0955533626568852,-0.472898205517554,1.283984710078482,,,,-0.43032495966395723,1.5140202747881657,0.20028939495427367
V,,0.028406055723884854,,,0.2139444626077052,,0.3290690684356511,0.09868189806678383,,-0.0141,-0.0141,0.07471802319949727,0.1392278804030385,-0.07584328426866394,0.329322200999141,0.13412904931545186,-0.07584328426866382,0.6574764467866296,0.20325912686381978,-0.2728888687257748,0.17979935565637384,0.890476517727088,-0.2728888687257748,-0.3313620382050636,,,0.32659445092234807,0.12179985591262316,0.5198817069471343,-0.646449150142473
VICI,,0.08673978021816418,,,0.06061959529542922,,0.08577068183067471,0.0346602937459631,,-0.0006999999999999,-0.0006999999999999,-0.02515566104950917,0.17419778309916817,-0.09977002146687697,0.12404776229661718,0.16927970289763572,-0.11063563403394161,0.5392677625614262,0.19253399337200489,-0.15649410563308186,0.2521998630984046,0.8832949657811217,-0.367402921811677,1.2177968264327976,,,-1.0325053657605714,-0.27358921921243473,1.3081335891406207,-0.8492529092559598
VLO,,0.01363636315134173,,,0.012779392393417945,,0.051502289501745874,-0.06573921244989389,,-0.030725,-0.030725,0.2647064016468428,0.2856449375552118,-0.12714294712751473,0.4439282320299369,0.27982065970543846,-0.29970305095722305,2.805281606531723,0.3542713866847721,-0.2997030509572235,0.3485600450485405,1.4681457948637375,-0.6467545864408895,-0.723598268191973,,,-1.2239335391330657,-0.8936434699442057,-0.4580800498787324,-0.5958082875021006
VLTO,,0.036486758751980986,,,0.13486879365678686,,0.48495374740419106,0.21480603083178046,,-0.008375,-0.008375,-0.08150057426293478,0.12831661361227084,-0.07438326854681399,0.2913009233489894,0.19399867426129547,-0.14443289104519996,0.44569592599186403,0.203964133454363,-0.14443289104519985,0.17827320256729626,0.8898974724747996,-0.14443289104519985,-0.1167641732991673,,,1.197388711279704,0.8389673486791156,0.8566534998991997,-0.6149963105977787
VMC,,0.024813724841108702,,,0.05840030087422383,,0.1285101353166471,0.19402239666863622,,-0.03745,-0.03745,0.007166759427669422,0.2504247813504948,-0.14711413753823843,0.36852456292477864,0.25579684605785014,-0.18849596689364267,1.147402148559062,0.2530547049051121,-0.31223658398600396,0.2196700113228472,0.8353452043940225,-0.31223658398600385,-0.42676296245619366,,,-0.7937566251360616,0.7106103358132154,-0.8536766101586695,-1.0774533132468012
VRSK,,0.029990715798740963,,,0.1954451610838148,,0.44221094804453476,0.0056628704461083494,,-0.0481249999999999,-0.0481249999999999,-0.2634080880158327,0.20160416296185268,-0.31215361499499783,-0.09700788896496704,0.21540864121430972,-0.31215361499499783,0.120691923235549,0.25525368679280264,-0.3121536149949977,0.213379223077995,0.7965070128341134,-0.31215361499499783,-0.2892784883600373,,,0.9586212801230705,-0.45267352210002587,-1.4816310013836937,2.6036473152467527
VRSN,,0.03508341546308829,,,0.3522235906378823,,0.9194153815402877,-0.0646468673177862,,-0.02345,-0.02345,0.31389264869463607,0.2639042193512032,-0.16727189083964444,0.15897467788751496,0.22614936271189068,-0.17712181932820914,0.22526122304852692,0.24196964144748923,-0.34075330809643156,0.24122951445133634,0.7980511675579339,-0.34075330809643145,-0.1540325238967941,,,3.6243539515746965,-0.8868972889310418,-0.030129867568465907,4.38734858417741
VRTX,,0.03312206572769954,,,0.15869020379406396,,0.4289338274588671,0.19394896707248624,,-0.0025249999999999,-0.0025249999999999,-0.089996378021868,0.3160992056782836,-0.23254172911938786,0.2006426057080022,0.2829570010644997,-0.23254172911938797,0.8704720087815585,0.24695968313847902,-0.23254172911938786,0.28166279447660525,0.5506504085179743,-0.4145275602248013,-0.20611975740664104,,,0.8844533729459629,0.7101568442080526,1.200778388767255,-1.2326016174359857
VST,,0.010671363819136552,,,0.06283301101156412,,0.19473497256975963,-0.025022364217252395,,-0.054825,-0.054825,0.21459738202935652,0.5153768134108745,-0.299869384383296,4.560387629556521,0.5768495770105142,-0.299869384383296,10.561139667556219,0.4321539529438389,-0.299869384383296,0.29258089362833056,1.1532182264524224,-0.4012416078699752,-0.8023392544559556,,,-0.4238151494587195,-0.6421815277529844,-1.8757569424804401,1.2917840663187494
VTR,,0.005800620746416844,,,0.007351310107862051,,0.08587803466813027,0.07927769447239975,,-0.0305,-0.0305,0.1914766529795917,0.2081462178907459,-0.09195541847378186,0.7247995901536768,0.22588517949255107,-0.1514847257643025,0.8418174389222046,0.27363377504290326,-0.3535026910183514,0.34110040815366904,1.015114761379506,-0.6174003811152157,-0.9316907552197576,,,-1.0319056773543218,0.0019620262594425815,-0.44484447722996134,-1.5207139816035609
VTRS,,-0.13242872103328612,,,-0.08503788737867886,,0.1267195206121806,-0.15262519302889918,,-0.0794499999999999,-0.0794499999999999,-0.16439549189244929,0.33868251551828266,-0.31517886270721707,0.24048125010883603,0.31565839492391656,-0.34866135711373714,-0.24290688790885495,0.33745936533324167,-0.5205120670078188,0.3487735151453511,1.16604310617126,-0.8338153164867353,-4.602624027997218,,,-0.8037592566805997,-1.4302399496312088,-3.3243168379292745,-0.6518264971173351
VZ,,0.10869014105197886,,,0.047578200799725925,,0.2126282425120495,0.010916638972849509,,-0.030525,-0.030525,-0.048545948049007914,0.1787757836251813,-0.09227931252081922,0.17398019868934522,0.1896671845495245,-0.09810552868852418,-0.11840633919822796,0.19075869475758686,-0.3638498458948105,0.1730033682971246,0.37299878252921725,-0.37830771524730533,1.8007288501035728,,,-0.3238607673611987,-0.4202269331595209,-0.44631509641315814,2.3434101123150533
WAB,,0.0336228775208146,,,0.060026290786511005,,0.18299428630926814,0.08026064844246662,,-0.011125,-0.011125,0.025367655395690303,0.21822576890382878,-0.12665290699164977,0.7735696510390881,0.19950753175486183,-0.12665290699164966,1.8728385877787659,0.22021182871327802,-0.1512971188689648,0.31415227901932297,1.3578523781611405,-0.5591473702457133,-0.1928197832399741,,,-0.4894003132858572,0.008032621728554385,0.6948853897475525,-1.385138108001938
WAT,,0.03547556390496078,,,0.14397619034402379,,0.39134183245926846,0.06046868014655723,,-0.038,-0.038,-0.10171034715807437,0.3083133991658542,-0.304996625276572,0.2315669946845187,0.3291415631922569,-0.304996625276572,0.4895478837990672,0.3199036373136877,-0.4238683998143382,0.26846091532004873,1.0226714002257054,-0.4238683998143382,-0.14361830398802977,,,0.6744590765363757,-0.11419999212800137,-0.886030232188999,1.5310709968653464
WBD,,0.0022431582748464766,,,0.007414934624510317,,0.16060864255042856,-0.058336187505206936,,-0.149725,-0.084981,1.1269085772088574,0.7613127443359499,-0.24345549324310112,1.133014480609337,0.6341616533206045,-0.3532513128734718,-0.1716833503560593,0.6152228763473089,-0.8612106297768239,0.38425168738746035,1.580083558371459,-0.8612106297768239,-1.0261656849662752,,,-0.6144497423162498,-0.8479233537887351,-3.6496766260197386,2.8569845525259487
WDAY,,0.009045776111802602,,,0.033518268318624776,,0.3892833529766867,0.1063816681039793,,-0.0218,-0.0218,-0.04924201986834764,0.1529022918884588,-0.12895872988280943,-0.12204494827105883,0.22824082058625472,-0.2823932860914684,0.057342407467583234,0.30824029083600996,-0.5186564709881484,0.30342032830389287,1.308443761045429,-0.5186564709881483,-0.8455097125210786,,,0.6629601137752097,0.16935263104188156,0.0669309985225223,-0.4188332283102728
WDC,,0.028793822788125027,,,0.0927081653163269,,0.25043115748725137,-0.24556952742613594,,-0.01775,-0.01775,1.8729116529646674,0.6584658502838158,-0.17873654945568251,3.3405882553880675,0.5031495905368605,-0.29406243120738584,3.6723222404770874,0.496792601899198,-0.5806194482980349,0.41600411969362244,1.753016615806578,-0.6292626724547041,-0.3210641738017514,,,-0.11268824160049572,-2.0042520320414305,0.3051713062004027,1.2653283104387807
WEC,,0.05325015791970601,,,0.03516658118353378,,0.08479574637339349,0.08842318234631759,,-0.021075,-0.021075,0.12283102098197363,0.16189985771052354,-0.040300087272070795,0.4101400435495648,0.1588139079606479,-0.06937162505916061,0.36597216739212013,0.19367353094962728,-0.20590056478851004,0.15641280986020084,0.3444624061698699,-0.20590056478851038,0.3284185858557177,,,-1.0379514955921676,0.05844336611958447,0.10957895483522927,-0.8775552306912636
WELL,,0.009763053578835345,,,0.021607447771158427,,0.06763256531861321,0.22619520029642945,,-0.0218,-0.0218,0.3373633048661753,0.19105078482639304,-0.005993019210861261,1.1229893961792135,0.16520927803345636,-0.08792878841518992,2.295266192838944,0.2306355771976577,-0.3557279667534772,0.28069857591079117,0.9394755347601305,-0.4847706340322241,-0.8264610960287829,,,-1.1338274960488453,0.9093053733013075,0.0669309985225223,-2.9365249639014577
WFC,,0.06678121186941484,,,0.010576664889414214,,,0.021234252525549297,,,,0.16490135087837543,0.19979267993414812,-0.0944088022432692,1.0425155998912925,0.22539283309648622,-0.0944088022432692,2.562770056641157,0.28927801737118736,-0.2843532361654254,0.2986244561897097,1.1903729977964925,-0.6385366900406584,0.687760499231063,,,,-0.3565066980392487,,1.0442671972703117
WM,,0.03430400901274311,,,0.06421049526562639,,0.22446535500427717,0.34480425894879263,,-0.0447,-0.0447,-0.1254159363217201,0.19955399597262688,-0.17751523672225322,0.18008249172145274,0.18217337188256583,-0.17751523672225322,0.7884045459289091,0.19155657280766952,-0.177515236722253,0.16111951066450073,0.6690665459196327,-0.23597966346909582,-0.17473108930086967,,,-0.25773695272052793,1.6418194441297407,-1.2801561732857392,-0.7941313128653993
WMB,,0.030323564916416575,,,0.044277550425184796,,0.1209839860732612,0.07120914346772501,,-0.033375,-0.033375,0.044022533198253555,0.19310355725744383,-0.08650354655454251,0.7419672289485386,0.20494210479109332,-0.08650354655454251,2.63483255530606,0.22831725051236496,-0.20850646209237123,0.3273280780178699,1.162570881234826,-0.48346404569622137,-0.28043907058405365,,,-0.8357987783938293,-0.04786829200860804,-0.6139656832975926,-0.45440387367168245
WMT,,0.026183680439880928,,,0.08073907422801109,,0.652778290025543,0.06444348372897343,,-0.031475,-0.031475,0.10897890703697,0.19422870820423296,-0.1072803795156464,1.0033137805337273,0.19077396361477708,-0.1072803795156464,1.1384022274989727,0.1958610061863158,-0.20241884110326636,0.16805962685240647,0.5327422569586311,-0.21618013637403644,-0.3903812831035168,,,2.1348807690544467,-0.08965212381186477,-0.5021986253746364,2.3363502351374312
WRB,,0.06854277073934763,,,0.042699074030705615,,,0.09632859939903755,,-0.00835,-0.00835,0.13460612425865293,0.22080735057918888,-0.07129584791692722,0.5501206497249871,0.24360773223291154,-0.1296925016326399,1.7549940289440848,0.22109963229121146,-0.26288300320202096,0.19957768906442247,0.6156975682539941,-0.2891970207853699,0.734541920486026,,,,0.10726619038511574,0.8581241190823965,-0.2308483889814863
WSM,,0.04604921724041997,,,0.21546958383743317,,0.6940267617109718,0.0032035784293409104,,-0.019,-0.019,0.1367735483123247,0.31723638158396933,-0.26567448941159066,1.1196384697047739,0.4519977203457656,-0.26567448941159055,2.8711288271672046,0.44998702980205063,-0.4246867056904575,0.30356418713066463,1.6421138612595056,-0.4246867056904575,0.13718442099210887,,,2.365300670675653,-0.4678617887217026,0.23164034704056305,2.7387065333489016
WST,,0.02412609918311102,,,0.13101850297189294,,0.28049296484099534,0.13280220095145298,,-0.0254,-0.0254,-0.1388281892054144,0.3747957625020099,-0.3816663648175408,-0.198496716512382,0.29832267552995195,-0.46531236261804176,0.0286365209722641,0.3337984893350279,-0.5464832233406529,0.31882800223085184,1.0945390069758913,-0.5464832233406529,-0.44502412086626597,,,0.055241342453700375,0.33252239471299466,-0.14483816385781573,-0.5774670092677445
WTW,,0.09627388535031847,,,0.004919607508685621,,0.15340557136572971,-0.038619944635743704,,-0.011175,-0.011175,-0.013798753890975624,0.17588601552398933,-0.0936459833850809,0.3062812231227783,0.17379547414371738,-0.0936459833850809,0.6119846286399635,0.2114233475993955,-0.23381917420653642,0.19894164190956615,0.7072023599862676,-0.23381917420653653,1.47099244543214,,,-0.6546871350227331,-0.7261584102857048,0.6919441513811591,0.8505195693139527
WY,,0.016437138882178487,,,0.016857496752363976,,0.0733512582701429,-0.019166666666666665,,-0.019275,-0.019275,-0.28585730087056405,0.20800000611497274,-0.24760799775386388,-0.24306074628188656,0.26105195356828276,-0.345788859013913,-0.055171830746416295,0.2721917605414702,-0.38468174024972457,0.2906955979626505,1.4939149880960931,-0.500506095688602,-0.6492185403603677,,,-1.1018820538675573,-0.6060175036973549,0.21546353602539828,-1.3605466265559685
WYNN,,0.02759882213753748,,,0.029246949374708026,,0.22583372469614885,-0.045205427501606874,,-0.0339,-0.0339,0.3423388244029837,0.3057224998702007,-0.1008732838852412,0.5171766015566268,0.31757630444361434,-0.2649064819084165,0.2844329345539214,0.37439297316206693,-0.567907846241867,0.40068039509283987,1.7177747935808627,-0.6934758789903033,-0.3527996041579471,,,-0.25009304260945603,-0.7668294932304157,-0.6448486861447251,0.8087855326077377
XEL,,0.03950282938238804,,,0.028851071824972947,,0.0890027034832137,0.10908769708657824,,-0.032425,-0.032425,0.15709709712972098,0.18108537960393292,-0.03964757088268844,0.43321059685828045,0.18984597383238289,-0.14892585542792258,0.41224771490682155,0.19542340202112166,-0.26171197852140904,0.18163595388863962,0.3377068792331966,-0.2617119785214087,-0.03666689519844868,,,-1.014450827476218,0.18606471297175348,-0.5580821543361145,-0.6791002813103058
XOM,,0.06188466831751133,,,0.06835653392811489,,0.16325122761855224,-0.02845626395952308,,-0.030375,-0.030375,-0.008879684984518743,0.19202865286838616,-0.1319077631039347,0.1767629048716799,0.15997862194648096,-0.13190776310393482,2.618710728742756,0.2701785884447424,-0.14190975027098474,0.25119435370678633,0.8815812414795339,-0.5770699229372342,0.557723819501131,,,-0.5996878816571112,-0.6633888445263166,-0.43749138131397736,1.0589161636843138
XYL,,0.02870749282399878,,,0.056600642640558765,,0.19918840229902396,0.090453536314621,,-0.025575,-0.025575,0.18695140426537837,0.20817469303786088,-0.08732533525662456,0.44684124547175497,0.20835550936976877,-0.17278373459169083,0.6419572216956715,0.251161773027156,-0.42118820802872203,0.23293699720872493,1.0891006054047376,-0.42118820802872203,-0.3233568240717193,,,-0.39893764980443447,0.07098256731924732,-0.15513249814019334,-0.6381445430552077
XYZ,,0.09811574294178352,,,0.0808296977870738,,0.2565041095045961,-0.018329462587824197,,-0.03075,-0.03075,-0.16092602494514685,0.4220911505695027,-0.4017837259016098,0.1713700566653642,0.4466700227742597,-0.4017837259016096,-0.6478005276491408,0.5602585201223922,-0.8498526545294589,0.5615701121984936,2.6786664237021416,-0.8498526545294588,1.5199063462666125,,,-0.07876385727279214,-0.600847040539861,-0.45955066906192926,2.5015401985956105
YUM,,0.03637537539378578,,,0.21401883126587953,,0.546555073979973,0.08162627052384676,,-0.024925,-0.024925,0.02269980913964398,0.2521650234165822,-0.11310256081860981,0.1487282621941295,0.19860535220902367,-0.11310256081860959,0.43923581157913816,0.20982566388154208,-0.22303381107716458,0.20494701270777496,0.8754362711897796,-0.40800508439309335,-0.11972216232210639,,,1.5415025906393032,0.016466525524864724,-0.11689639937707667,1.5222103021694087
ZBH,,0.04044853935818212,,,0.03737011344012454,,0.2526363085553233,0.0625046468401487,,-0.03285,-0.03285,-0.10057412511291375,0.26254203092380207,-0.19202571830539727,-0.12589485556451308,0.2190665299085502,-0.30097381644726406,-0.2820587276877786,0.23451589487194982,-0.451217516668177,0.24979384178211667,0.972761303266391,-0.45121751666817733,-0.01155183516963924,,,-0.10036995024560584,-0.10162612746927467,-0.5830826804504596,0.5727870225044892
ZBRA,,0.039138149625015446,,,0.06959834894427687,,0.3203048102873472,0.059813084112149535,,-0.020125,-0.020125,-0.33518430817625133,0.34777309957711433,-0.3613308012324137,0.14178408072619497,0.34078526819387533,-0.38496312696752133,-0.28497442796075245,0.3759099139291863,-0.6481351001670775,0.3445138218647812,1.6887051737661964,-0.6481351001670776,-0.04635163389438336,,,0.2776360430638474,-0.11824886769820968,0.16546248379670733,0.18407079307096644
ZS,,,,,-0.007726005642230506,,0.3827680904679162,0.36449132066360496,,,,0.6277167093012652,0.362299317652905,-0.11750657565635536,0.7023742777895274,0.38107385419781736,-0.297598851690524,1.1590368475998187,0.47182389917335127,-0.7403233762079344,0.4237690839806714,0.9319472036739942,-0.7403233762079344,,,,0.6265649193603448,1.7634041686290316,,-1.1368392492686867
ZTS,,0.04024939213257502,,,0.18274999562715363,,0.46918892445470606,0.02216731380162372,,-0.027825,-0.027825,-0.16537361532989492,0.19132739325094067,-0.1482460271294319,-0.1638821916362604,0.22495056253829124,-0.25822022789086574,-0.05857667386093235,0.24334636607214405,-0.3950530751051913,0.23932654883971843,0.8169364576427693,-0.3950530751051913,-0.016840554389813994,,,1.1093241405290917,-0.35074423333853055,-0.2874882246279046,1.7307160441057126
