,sector,mcap,EP,FCP,EP_sn,FCP_sn,EP_use,FCP_use,ShYield,GPA,AssetGrowth,Accruals,EP_z,FCP_z,ShYield_z,GPA_z,Accruals_z,AssetGrowth_z,Value,Quality,Stability,Score2,beta_spy,downside_dev,max_dd_monthly,ret_5y,vol_5y,dd_5y
A,Healthcare,,0.029439824439704332,,-0.012097493828274061,,-0.012097493828274061,,,0.2965270854104354,0.11185885776646053,0.0004999999999999,-0.3137750321927614,,,-0.30127276584035206,1.6626018257636765,0.7139297934537813,-0.3137750321927614,-1.9638745916040286,-0.7139297934537813,-1.0538458082094724,1.1593831580702174,0.23854334168114688,-0.4021915473188181,0.29864435575180703,0.2780374103877607,-0.4021915473188179
AAPL,Technology,,0.02454650415329834,,-0.016990814114680054,,-0.016990814114680054,,,0.5561742916023045,-0.00035282197266685165,-0.0226999999999999,-0.48034915113428855,,,1.7339041947047273,-0.1400844625224184,-0.982374034361926,-0.48034915113428855,1.8739886572271458,0.982374034361926,0.7539306093095282,1.2029808139848468,0.24172743663110952,-0.30461565558067405,1.3143598779658223,0.24853331934822007,-0.2640419480046403
ABBV,Healthcare,,0.009536411594618623,,-0.032000906673359766,,-0.032000906673359766,,,0.2998351240193503,-0.03350077851441132,-0.0385,-1.1442913716862866,,,-0.2737480006628131,-1.3009860627597236,-1.234596107165012,-1.1442913716862866,1.0272380620969106,1.234596107165012,0.20009789759725202,0.6047826783116531,0.23031595348324788,-0.3903153608939748,1.5466925942402714,0.2201330367634897,-0.15725908339463135
ABNB,Consumer Cyclical,,0.0340006625859167,,-0.007536655682061695,,-0.007536655682061695,,,0.405047331869425,0.02553191489361702,-0.00305,-0.604638901599509,,,0.14408515287703816,1.906436915393491,-0.5100823517388715,-0.604638901599509,-1.7623517625164529,0.5100823517388715,-0.8447797952986106,1.1031453124253656,0.38494177856314227,-0.5856554520424444,-0.17656679332084968,0.3874824014938446,-0.5856554520424444
ABT,Healthcare,,0.09726179123643652,,0.05572447296845813,,0.05572447296845813,,,0.30069392342248386,0.15040333073119957,-0.029375,2.157968169626451,,,-0.2665945029404289,-0.6198706370671508,1.1982711040620306,2.157968169626451,0.35327613412672193,-1.1982711040620306,0.764843500688863,0.7715914823661205,0.17985637844579852,-0.3042373172515388,0.2779880975033713,0.20009106392006276,-0.3042373172515387
ACGL,Financial Services,,0.10639723157831704,,0.06485991331033865,,0.06485991331033865,,,,0.20351332773237607,-0.023,2.1749774494089347,,,,-0.8413285274043745,1.3730390504809236,2.1749774494089347,,-1.3730390504809236,0.5953831696673891,0.633589852151795,0.2453543699122425,-0.4558423988952628,1.9253142329360027,0.25134359319544974,-0.1997181432644981
ACN,Technology,,0.04943847766753609,,0.007901159399557697,,0.007901159399557697,,,0.2781962566995728,0.17030817073370524,-0.025175,0.9753997314981202,,,-0.4264553255326577,-0.3865953043956426,0.23970968149431376,0.9753997314981202,-0.03986002113701509,-0.23970968149431376,0.3262739478455793,1.170486710389325,0.22736992591055621,-0.373644972793988,0.05999368194517207,0.25827620969004256,-0.373644972793988
ADBE,Technology,,0.04896773024086064,,0.007430411972882245,,0.007430411972882245,,,0.7061497189139313,-0.036071069393228294,-0.025025,0.9500106378754395,,,2.3932438645470153,-0.3717711318201996,-1.2106756464848336,0.9500106378754395,2.765014996367215,1.2106756464848336,1.7281453829940285,1.2437133422173439,0.28498270458081126,-0.5891617194338095,-0.31667604787573755,0.35192805821282225,-0.5891617194338095
ADI,Technology,,0.017113095558101508,,-0.024424222709876885,,-0.024424222709876885,,,0.1303435903082909,-0.008757450423989909,-0.027225,-0.9026370401273762,,,-1.5460208610056358,-0.5869762925213395,-1.0373984553010398,-0.9026370401273762,-0.9590445684842963,1.0373984553010398,-0.5371929523844612,1.1882626727557595,0.21621327004207028,-0.24152946961175503,0.7943150551721689,0.2599146178314206,-0.2128140117749444
ADM,Consumer Defensive,,0.04054054086623348,,-0.0009967774017449124,,-0.0009967774017449124,,,0.10002465997685756,-0.013321188659911193,-0.01615,-0.07411456415901302,,,-1.721402087419371,0.45931701555681426,-0.3439100583486233,-0.07411456415901302,-2.180719102976185,0.3439100583486233,-0.8331514551843546,0.7855293355513282,0.226767488329764,-0.4810772491535127,0.3050271577687773,0.2793614431988971,-0.4810772491535129
ADP,Technology,,0.039266603148415985,,-0.002270715119562408,,-0.002270715119562408,,,0.1694270138658885,-0.018273558892402328,-0.0355,0.39817510011741547,,,-1.2832502488602118,-1.32727212343215,-1.098754699471944,0.39817510011741547,0.04402187457193829,1.098754699471944,0.39662972977013033,0.7839903176916029,0.19980843224285097,-0.21514264421532414,0.6198056540126404,0.21440347750560176,-0.21126576355214
ADSK,Technology,,0.01621912685507919,,-0.025318191412899205,,-0.025318191412899205,,,0.564529440894192,0.08995983935742972,-0.0232749999999999,-0.9512543317039712,,,1.7814237465692686,-0.1976483822735815,-0.35144723918537024,-0.9512543317039712,1.97907212884285,0.35144723918537024,0.48141656669262567,1.456233238105814,0.32203032256089115,-0.46451591536387515,0.060485961620577955,0.31607576626397466,-0.46451591536387504
AEE,Utilities,,0.043478260235618155,,0.0019409419676397616,,0.0019409419676397616,,,0.08406868458148802,0.10136060849435442,-0.024975,-0.19857198478233667,,,-0.6186271712965548,0.3159328803294526,1.2183333397431946,-0.19857198478233667,-0.9345600516260073,-1.2183333397431946,-0.6969194825119766,0.3897816139014383,0.14881650616996622,-0.23110546158916856,0.5570714941191581,0.18793152833583984,-0.23110546158916867
AEP,Utilities,,0.05624639695985311,,0.014709078691874718,,0.014709078691874718,,,0.12437194579678562,0.08186796971771465,-0.0221999999999999,0.7182033087583974,,,1.0373307630222541,0.7283423212273162,0.5790729910596648,0.7182033087583974,0.3089884417949379,-0.5790729910596648,0.2950621020094012,0.4165859617821739,0.19379638671826965,-0.25146869233820857,0.7043995172960535,0.19304855361107182,-0.2282422542665451
AES,Utilities,,0.10474168351120068,,0.06320436524322229,,0.06320436524322229,,,0.04184091819853886,0.016841928861703465,-0.02165,2.670783833222944,,,-2.002577993405133,0.8072514528027378,-1.589752110137182,2.670783833222944,-2.809829446207871,1.589752110137182,0.2623321768334658,0.9305372860475932,0.3275922090408608,-0.6223172139300485,-0.16891350448475617,0.39098079340661496,-0.6223172139300486
AFL,Financial Services,,0.07064598351050327,,0.02910866524252488,,0.02910866524252488,,,,0.0380134478396911,-0.008225,0.7530722772625162,,,,0.4557415154390541,-0.541418460000571,0.7530722772625162,,0.541418460000571,0.40951260290512076,0.8264551039139238,0.22007980111743528,-0.37231022384581336,1.9022575652949576,0.20755941782045764,-0.13454407005031754
AIG,Financial Services,,0.06824385778205677,,0.02670653951407838,,0.02670653951407838,,,,-0.011430103043659538,-0.014925,0.6267939984824562,,,,-0.1408944682316312,-1.1002953475390702,0.6267939984824562,,1.1002953475390702,0.47077666890079656,1.0037874894576282,0.3164704172274892,-0.6007376873920323,1.2494389993340933,0.24133899432543374,-0.2343857781314923
AIZ,Financial Services,,0.06740370678637886,,0.025866388518400465,,0.025866388518400465,,,,0.051902407248393685,-0.0088,0.5820467532195508,,,,0.4052859212617702,-0.3750372108637178,0.5820467532195508,,0.3750372108637178,0.3078261434605639,0.5928497730572757,0.21323209858426073,-0.32724751950481124,0.8872303970054964,0.22398055062643416,-0.32724751950481124
AJG,Financial Services,,0.026438943023212882,,-0.01509837524476551,,-0.01509837524476551,,,0.07885499655080115,0.27163187991309,-0.006725,-1.5273908442409307,,,-1.0722424483558752,0.5860603246237573,1.9459352547490443,-1.5273908442409307,-1.6583027729796327,-1.9459352547490443,-1.6634644978380346,0.6980306356229651,0.21287158735066963,-0.2789326551276443,1.28735285020846,0.23564597390374883,-0.2789326551276443
AKAM,Technology,,0.04024361220407967,,-0.0012937060638987252,,-0.0012937060638987252,,,0.23512677856504988,0.044471036126576845,-0.0469749999999999,0.45572673177658773,,,-0.7837886910182529,-2.0878376541161003,-0.677094864297103,0.45572673177658773,1.3040489630978476,0.677094864297103,0.8393292508091948,0.5787294326072697,0.290576315582419,-0.3945964010786507,-0.19099607636411253,0.2606424632953784,-0.3945964010786508
ALB,Basic Materials,,-0.06465267186266963,,-0.10618999013064802,,-0.10618999013064802,,,0.03926322395402648,-0.05962248131717797,-0.0252,-2.1370984423331865,,,-1.6594427742508417,0.5449704280354923,-1.7487547529508345,-2.1370984423331865,-2.204413202286334,1.7487547529508345,-1.3868537072576412,1.5181532226061623,0.39930766998205647,-0.7959159916065192,-0.24192180691658316,0.48261773255162926,-0.7959159916065193
ALGN,Healthcare,,0.042939781646767844,,0.0014024633787894508,,0.0014024633787894508,,,0.44444394471749166,0.009867944590119,-0.018925,0.28803049533003533,,,0.9102894720272747,0.24576809839148062,-0.6910200130319137,0.28803049533003533,0.6645213736357941,0.6910200130319137,0.5192247501927145,1.7662243873537704,0.5209693069767819,-0.8233850476435782,-0.7198362859317385,0.48808474472999647,-0.8233850476435781
ALL,Financial Services,,0.11188809269463294,,0.07035077442665455,,0.07035077442665455,,,,0.06944854569614646,-0.006575,2.309232091419595,,,,0.5989754849968169,-0.16157801687789888,2.309232091419595,,0.16157801687789888,0.9560084399434179,0.5285613254355466,0.1879604091610702,-0.23901280202748088,1.2246343785668974,0.22225656948883593,-0.1960659776330439
ALLE,Industrials,,0.04415894670137545,,0.002621628433397055,,0.002621628433397055,,,0.36700386475470426,0.028394467577577368,-0.014575,0.2983590299759983,,,1.1074500646161216,0.5088876495514234,-0.318474052665192,0.2983590299759983,0.5985624150646982,0.318474052665192,0.422463388549317,1.0750274201919086,0.22105471332653834,-0.36626882726601995,0.5708648396951446,0.25706787118715285,-0.36626882726601995
AMAT,Technology,,0.0364671610071132,,-0.005070157260865196,,-0.005070157260865196,,,0.4094107235046832,0.016762267066900465,0.0011749999999999,0.2317570212011486,,,0.694282687371259,1.9099971044261461,-0.8680383497114157,0.2317570212011486,-1.2157144170548873,0.8680383497114157,-0.21997528839921232,1.5833090612959806,0.30740952552274164,-0.4757954096526158,1.9070751594827544,0.37392949492776284,-0.4757954096526156
AMCR,Consumer Cyclical,,0.038231780689997594,,-0.0033055375779807994,,-0.0033055375779807994,,,0.12855085447308437,0.9951456040739053,-0.010175,-0.4084420249375714,,,-1.6084665522263828,1.3667419433489612,2.8571621490226256,-0.4084420249375714,-2.9752084955753437,-2.8571621490226256,-1.9248926380096911,0.7850358166257165,0.21040652995202241,-0.3018786216558651,-0.09268935496096331,0.2042818108813244,-0.301878621655865
AMD,Technology,,0.00749336323674508,,-0.034043955031233315,,-0.034043955031233315,,,0.1976776799237112,0.10214182600241581,-0.017775,-1.3940869075609235,,,-1.0765871497528778,0.35280358663290473,-0.2624442701791927,-1.3940869075609235,-1.4293907363857825,0.2624442701791927,-1.0769022035428437,2.103037925595735,0.41504384730996424,-0.6207614874973696,1.5203969788059957,0.5658809219288778,-0.6207614874973696
AME,Industrials,,0.03163686490603551,,-0.009900453361942882,,-0.009900453361942882,,,0.169388259972507,0.031811588453153065,-0.01715,-0.531163649829377,,,-0.9878421442718539,0.21469865232264895,-0.2728110433645377,-0.531163649829377,-1.2025407965945027,0.2728110433645377,-0.6389195698966444,1.208756589577681,0.19887425531327577,-0.2762363364961671,0.7108714164668728,0.2004999059899357,-0.25001853887690273
AMGN,Healthcare,,0.038226107224774236,,-0.003311211043204157,,-0.003311211043204157,,,0.2501875072919502,-0.03311076154751559,-0.046025,0.07806220806543947,,,-0.6794517608956921,-1.7637669633251019,-1.230045579312601,0.07806220806543947,1.0843152024294098,1.230045579312601,0.71096008006046,0.6032652873383044,0.2098269805533373,-0.21544653910230926,0.6760147376900567,0.22882704574326673,-0.21544653910230938
AMP,Financial Services,,0.06963136447564171,,0.028094046207663315,,0.028094046207663315,,,,0.028953811908736783,0.002525,0.7000507505048597,,,,1.3246441928118833,-0.6481887179301973,0.7000507505048597,,0.6481887179301973,0.4096580437879833,1.5116984673416847,0.2757064979025338,-0.38144117747983164,1.6801145029474331,0.25153970931036124,-0.21254312772382145
AMT,Real Estate,,0.03989884867525498,,-0.0016384695927234155,,-0.0016384695927234155,,,0.12222777100754773,-0.03164291637934439,-0.025525,0.8664084745801558,,,0.25620292362473485,0.4228767928744383,-1.3673158268398236,0.8664084745801558,-0.16667386924970345,1.3673158268398236,0.5533570075001457,0.5873379494989219,0.22307010211873426,-0.4139626414323836,-0.1122829896164469,0.26241804451195855,-0.4139626414323837
AMZN,Consumer Cyclical,,0.026840145254729556,,-0.014697173013248837,,-0.014697173013248837,,,0.5244813893471498,0.22953833509367036,-0.060925,-0.9239507992042226,,,0.9487048525410547,-2.6235021213074,0.7491521874852699,-0.9239507992042226,3.5722069738484548,-0.7491521874852699,0.9094720323606389,1.273937008547227,0.26880690164467,-0.5209676463567985,0.542973035535095,0.30882943689009257,-0.5209676463567985
ANET,Technology,,0.03193464682446057,,-0.00960267144351782,,-0.00960267144351782,,,0.35260338362929405,0.42251275139838435,-0.015425,-0.04029856154646716,,,0.21471293096377314,0.5829519017733302,1.814685785641311,-0.04029856154646716,-0.3682389708095571,-1.814685785641311,-0.5263521700706719,1.3177977417136184,0.3884736839908851,-0.3858678357663967,6.958625065358569,0.37633360635206964,-0.3478956670346468
AON,Financial Services,,0.0339859082671511,,-0.007551410000827291,,-0.007551410000827291,,,0.15500777696836054,0.04969583892095699,-0.006875,-1.195581677446043,,,-0.19150999135302804,0.5731225392783081,-0.4016559221434775,-1.195581677446043,-0.7646325306313362,0.4016559221434775,-0.7037544988022563,0.8395643379023259,0.21773426315183386,-0.25066976573047695,0.7545282262599899,0.23531986568973143,-0.17725658133634847
AOS,Industrials,,0.05418049930965841,,0.012643181041680017,,0.012643181041680017,,,0.4486621322219296,0.015355266449837379,-0.015775,0.936239174339681,,,1.7917559792452815,0.37267844439200803,-0.4911731227624425,0.936239174339681,1.4190775348532734,0.4911731227624425,1.0403613082296703,1.2081596249703626,0.2605790858697899,-0.4268417177444803,0.28773591899723927,0.2903868524863144,-0.4268417177444803
APA,Energy,,0.11188809269463294,,0.07035077442665455,,0.07035077442665455,,,0.2166766169154229,-0.10482792770487745,-0.084981,2.0624962647813514,,,0.847785187388159,-2.192424589433077,-1.276194072843793,2.0624962647813514,3.0402097768212357,1.276194072843793,2.2963212312097934,2.8254358064338243,0.5515955532213118,-0.9308360839583967,1.1108128409391949,0.42347628825724115,-0.6388630354824033
APD,Basic Materials,,0.026757527763548093,,-0.0147797905044303,,-0.0147797905044303,,,0.09600071944333072,0.12670422428551723,-0.0237,0.02895803196591447,,,-0.9412128964775285,0.7499776823890297,1.796863051097473,0.02895803196591447,-1.6911905788665582,-1.796863051097473,-1.024265628979752,0.8181801610913408,0.20243817262691366,-0.2625036704622996,0.047090441828551155,0.2632840450930909,-0.2625036704622995
APH,Technology,,0.018117765952615144,,-0.02341955231536325,,-0.02341955231536325,,,0.29174865479936113,0.3810015710073816,-0.011025,-0.847371649616274,,,-0.31086529025409065,0.9934544334343769,1.608283801836289,-0.847371649616274,-1.3043197236884676,-1.608283801836289,-1.1823333096891544,1.2331449547019084,0.2003340325868124,-0.3244978943186807,3.455245664620695,0.24107304134760452,-0.25959983374305606
APO,Financial Services,,0.04902923804034581,,0.00749191977236742,,0.00749191977236742,,,0.06195830202686559,0.21080853323482557,-0.000325,-0.4276188291950592,,,-1.2476385282323261,1.1115858717983302,1.4428221324952504,-0.4276188291950592,-2.3592244000306564,-1.4428221324952504,-1.4033017181893364,1.6067573305122844,0.30203903409711585,-0.37938493565236664,2.3856443022582234,0.3644246486861984,-0.37938493565236675
APP,Communication Services,,0.012098140255527924,,-0.029439178012450468,,-0.029439178012450468,,,0.7480861753453019,0.13094894245451058,-0.05745,-1.2685627855104673,,,2.5601676131741553,-1.5197061259114961,1.107454419921272,-1.2685627855104673,4.079873739085651,-1.107454419921272,0.9030334974458194,2.5037236890904286,0.5716771715293597,-0.8928244301987666,9.686605940577387,0.8358551382734265,-0.8928244301987666
APTV,Consumer Cyclical,,0.05319148703331286,,0.011654168765334469,,0.011654168765334469,,,0.1587941386404669,-0.0326855480586643,-0.0255499999999999,0.30230733511223784,,,-1.4515434924873052,-0.20014611792934345,-0.8560396821977797,0.30230733511223784,-1.2513973745579619,0.8560396821977797,-0.20842807933873364,1.8729425454864974,0.37604932318718864,-0.6788131240943157,-0.2951979291238881,0.3614301630481916,-0.6788131240943159
ARE,Real Estate,,-0.0023377090194780714,,-0.043875027287456465,,-0.043875027287456465,,,0.055406693195250656,-0.005924667084920114,-0.0183499999999999,-1.3865963375020178,,,-1.3291944330033807,1.132926577067757,-0.9423157896819974,-1.3865963375020178,-2.4621210100711375,0.9423157896819974,-1.3510237810928627,1.0525662959926199,0.28105610684419596,-0.7049773486796032,-0.5860907356144247,0.31536395165487346,-0.7049773486796032
ARM,Technology,,,,,,,,,0.4586782778080151,0.19225888324873097,,,,,1.082734545291502,,0.3999109521400942,,,-0.3999109521400942,-0.07998219042801885,4.083295645352063,0.3944739622161553,-0.3473291522894716,1.8471600070905452,0.8696715868087909,-0.3473291522894716
ASML,Technology,,,,,,,,,0.3720669723206755,0.10083454014383544,,,,,0.381577860064321,,-0.2720206346234242,,,0.2720206346234242,0.05440412692468484,1.4653146831637054,0.2768394416939549,-0.4954725718338535,1.4304455077623297,0.38381077983803424,-0.4954725718338535
ATO,Utilities,,0.04092476315713664,,-0.0006125551108417532,,-0.0006125551108417532,,,0.10072718699363495,0.11334408222391072,-0.01995,-0.38300749275192186,,,0.07895929096598618,1.0432490757277093,1.5586088259738193,-0.38300749275192186,-0.9642897847617231,-1.5586088259738193,-0.850640676200222,0.52692115541445,0.16124585150357545,-0.2554499818041266,1.080516006451877,0.19868893016067635,-0.15610896426697207
AVB,Real Estate,,0.0423948573288638,,0.0008575390608854053,,0.0008575390608854053,,,0.08800038639779031,0.03807167646763825,-0.0319,0.9941477308496938,,,-0.5981202006474197,-0.254453702117649,-0.11883244003935321,0.9941477308496938,-0.34366649852977066,0.11883244003935321,0.2839589809358398,0.8561023371440069,0.2041285613587496,-0.3392472267518649,0.26071380659507537,0.1917183491901746,-0.3392472267518649
AVGO,Technology,,0.011361360167166774,,-0.03017595810081162,,-0.03017595810081162,,,0.24224881815459717,-0.013961158805948823,-0.032375,-1.2053193908919302,,,-0.7260125927290718,-1.0636111768349157,-1.0710768646279294,-1.2053193908919302,0.33759858410584387,1.0710768646279294,-0.13287294978884862,1.1094254951510996,0.26559013437952905,-0.31696595874923994,8.736202322080768,0.3711923528617841,-0.31696595874923994
AVY,Consumer Cyclical,,0.0507841651522127,,0.009246846884234307,,0.009246846884234307,,,0.2956156191716747,0.03253717673712371,-0.0146249999999999,0.18813921243094023,,,-0.6149496946598372,0.955732019523927,-0.4672822488331475,0.18813921243094023,-1.5706817141837641,0.4672822488331475,-0.4595605509345001,0.9833793373711077,0.20501333076676254,-0.27362047407393664,0.2653977768731368,0.2304056603081566,-0.27362047407393664
AWK,Utilities,,0.042418221914859146,,0.0008809036468807527,,0.0008809036468807527,,,0.09048591757853731,0.08643280474131027,-0.0264499999999999,-0.2754019569251976,,,-0.35377282780194585,0.09061028245955348,0.7365022256370375,-0.2754019569251976,-0.44438311026149935,-0.7365022256370375,-0.4352144720020863,0.4703722221834561,0.1913089905493386,-0.3573082276156141,-0.06507164502525609,0.219719889339397,-0.35730822761561465
AXON,Industrials,,0.008099450500246972,,-0.03343786776773142,,-0.03343786776773142,,,0.27837751431624974,0.6607807352025588,-0.01255,-1.8185181783438111,,,0.18065583010404707,0.7336504604364682,2.974987625211389,-1.8185181783438111,-0.5529946303324211,-2.974987625211389,-1.5436026485127707,1.0381044114773559,0.35274231553517776,-0.4991398987794854,3.793619206479857,0.4738752495199126,-0.4991398987794854
AXP,Financial Services,,0.040429803154421476,,-0.0011075151135569172,,-0.0011075151135569172,,,,0.08572876985074518,-0.0037749999999999,-0.8812109381755573,,,,0.8353472646136695,0.03800675874938601,-0.8812109381755573,,-0.03800675874938601,-0.3600857270201001,1.2533985625569235,0.26537965491731386,-0.3408023822932932,2.305716800952159,0.2610688331506099,-0.30194678110571127
AZN,Healthcare,,,,,,,,,0.4300987765181277,0.07745830937320299,,,,,0.7996246392368256,,0.24449972834882175,,,-0.24449972834882175,-0.048899945669764355,0.4472263477339641,0.18590541871083027,-0.25222562405293414,0.7905982395199949,0.20357139482456604,-0.25222562405293436
AZO,Consumer Cyclical,,0.03969329729829817,,-0.0018440209696802198,,-0.0018440209696802198,,,0.37825317206104375,0.088468130802402,-0.0208749999999999,-0.33974252457565896,,,-0.043839974473142786,0.3079602324202526,-0.1200099888859518,-0.33974252457565896,-0.3518002068933954,0.1200099888859518,-0.25261509481043143,0.6310864654655053,0.20524537695627645,-0.3507868576712623,2.2683689447294517,0.22127068344964815,-0.14353748720182935
BA,Industrials,,-0.06465267186266963,,-0.10618999013064802,,-0.10618999013064802,,,0.03926322395402648,0.08688340807174888,-0.0089,-2.9428580874167904,,,-2.0290452565378034,1.1161053041825513,0.46579242520337455,-2.9428580874167904,-3.1451505607203547,-0.46579242520337455,-2.528361944295533,1.419931053829979,0.3694315975641866,-0.7181927584362129,-0.07640836026064202,0.3558291350904848,-0.5246545177025792
BAC,Financial Services,,0.06259398406474778,,0.02105666579676939,,0.02105666579676939,,,,0.05621431088313184,,0.32126801137072775,,,,,-0.32285127389973856,0.32126801137072775,,0.32285127389973856,0.1930774593282388,1.447929454661672,0.2834275214395206,-0.4201511266022139,1.1339153809701656,0.27833254813159947,-0.4201511266022139
BALL,Consumer Cyclical,,0.04634544755441538,,0.0048081292864369865,,0.0048081292864369865,,,0.13680077702841353,-0.018617161542112758,-0.0143499999999999,-0.02356332151229116,,,-1.5667864864281225,0.9825741413929364,-0.7742676706509253,-0.02356332151229116,-2.5493606278210588,0.7742676706509253,-0.8743160456031549,0.7860382538829094,0.24118166343998912,-0.498147990950601,-0.45915727051064326,0.28384468232612925,-0.49814799095060114
BAX,Healthcare,,-0.06465267186266963,,-0.10618999013064802,,-0.10618999013064802,,,0.16218040671673276,-0.2001368197020371,-0.047475,-2.719686895182019,,,-1.3311143297724937,-1.8413457549571906,-2.516372853730439,-2.719686895182019,0.5102314251846969,2.516372853730439,-0.3805076172528411,0.6230510984302904,0.28664708080498824,-0.7756288356569017,-0.7359831229445858,0.31054628904177,-0.7700058139602894
BBY,Consumer Cyclical,,0.045931925295068246,,0.004394607027089853,,0.004394607027089853,,,0.6131315277618868,-0.023745519713261647,-0.0395,-0.04330662360412533,,,1.467211554495411,-1.553956877181267,-0.8042270065329284,-0.04330662360412533,3.021168431676678,0.8042270065329284,1.3519901245356067,1.4712510039785247,0.2957032420084614,-0.4606643195696486,-0.10759927040828754,0.3196693927817072,-0.4606643195696487
BDX,Healthcare,,0.027271705464867124,,-0.014265612803111269,,-0.014265612803111269,,,0.17373938189047533,-0.012234176531970781,-0.029775,-0.40933677133113355,,,-1.2520477231200149,-0.6518673691853331,-0.9769538545402865,-0.40933677133113355,-0.6001803539346818,0.9769538545402865,-0.20841607919826885,0.5162120871245923,0.20804824674386804,-0.3643082269958814,-0.16032436551832874,0.18805190231982333,-0.3643082269958814
BEN,Financial Services,,0.022492128218447083,,-0.01904519004953131,,-0.01904519004953131,,,0.21340917258194775,-0.02113072058553777,-0.01285,-1.683617459871659,,,0.5162435558528686,0.04491067844815805,-1.2017733270974287,-1.683617459871659,0.4713328774047106,1.2017733270974287,-0.24455916756729362,1.3599681687116039,0.2802709315120012,-0.5566660219670815,0.28378587960464174,0.3273946203546758,-0.3397274934740444
BF-B,Consumer Defensive,,,,,,,,,0.28536436007348437,-0.0041438147471054235,,,,,-0.33362220563956957,,-0.1790735476298217,,,0.1790735476298217,0.03581470952596434,0.5955697323111214,0.22530550817992656,-0.6391598728490442,-0.6387394710087233,0.22218124687398683,-0.6391598728490441
BG,Consumer Defensive,,0.11188809269463294,,0.07035077442665455,,0.07035077442665455,,,0.11809594369327653,0.27533977402980186,-0.00665,1.9753242063600973,,,-1.6119437602401392,1.2580816542869608,2.7768024602785903,1.9753242063600973,-2.8700254145271,-2.7768024602785903,-0.9132409753225191,0.7642013475410944,0.250904471622919,-0.4683964086951182,0.8276306820327213,0.280909127794366,-0.3232460536933933
BIIB,Healthcare,,0.06719825329002016,,0.025660935022041767,,0.025660935022041767,,,0.2675696246999356,0.056935319596628876,-0.0223,1.2853511815898293,,,-0.5395369918346296,-0.03635300703786583,-0.04301157003456611,1.2853511815898293,-0.5031839847967637,0.04301157003456611,0.32146919272413954,0.3213115603838688,0.27295364809669204,-0.6574726154175548,-0.3525003302142513,0.3080113344996219,-0.6503306504385685
BK,Financial Services,,0.059923385959269715,,0.018386067691291322,,0.018386067691291322,,,,0.1335747738245527,-0.0293,0.17404905028101963,,,,-1.3298621958502579,0.6161456316197819,0.17404905028101963,,-0.6161456316197819,-0.05360950621154853,1.0977073017332108,0.24251922532068781,-0.38119725977189023,2.2376504419550107,0.24415694849423075,-0.33921065558382457
BKNG,Consumer Cyclical,,0.02903643724696357,,-0.012500881021014824,,-0.012500881021014824,,,,0.07508496548824498,-0.04095,-0.8280311548236886,,,,-1.6664097096508257,-0.2037575282415109,-0.8280311548236886,,0.2037575282415109,-0.2904609562811733,1.2341582776310622,0.28002920019910515,-0.38231407558044417,1.470479348989897,0.2982998976576025,-0.33367528804286284
BKR,Energy,,0.06392312655686788,,0.02238580828888949,,0.02238580828888949,,,0.16136909711083322,0.056852902662592755,-0.012375,0.2909802293609452,,,-0.006701764470791698,1.743771213959568,-0.5697125645640913,0.2909802293609452,-1.7504729784303596,0.5697125645640913,-0.46985458671494745,1.3567563088731456,0.37104416155625575,-0.748838741009556,1.9057685100484698,0.37862330370178615,-0.4171670275485734
BLDR,Industrials,,0.06022665061486283,,0.018689332346884434,,0.018689332346884434,,,0.4536928901010203,0.06933635240202414,-0.035475,1.2839528384086325,,,1.8271966637013244,-1.6887392382490392,0.23233851965460522,1.2839528384086325,3.5159359019503635,-0.23233851965460522,1.8734877922126774,2.134593710818965,0.46545187570696567,-0.5186934429091743,1.9248863569967267,0.44662932051202014,-0.48367298619289956
BLK,Financial Services,,0.037987434720805034,,-0.003549883547173359,,-0.003549883547173359,,,0.07555689720153685,0.16922511993997014,-0.003625,-1.0033963784005042,,,-1.1072041003235353,0.8477291628874288,1.0201364840191531,-1.0033963784005042,-1.9549332632109642,-1.0201364840191531,-1.387359153448418,1.3254678211673117,0.24463137713398092,-0.40148924916216944,0.7474634783057774,0.2700961989128488,-0.40148924916216955
BMY,Healthcare,,0.053330479186940845,,0.011793160918962452,,0.011793160918962452,,,0.3592089475488516,0.0003169706062591129,-0.06425,0.7382253059621673,,,0.22367972485486545,-2.4854678211668837,-0.8165875592999641,0.7382253059621673,2.7091475460217493,0.8165875592999641,1.5422666526535596,0.48523172520569724,0.25798386323474165,-0.4575348317892155,-0.09099069846684582,0.22873361481462887,-0.4575348317892154
BR,Technology,,0.03202237038115727,,-0.009514947886821126,,-0.009514947886821126,,,0.2582957364704176,0.03671260797825876,-0.034875,-0.035024951724438175,,,-0.5937812034587484,-1.2763242200178482,-0.7312247976112343,-0.035024951724438175,0.6825430165590998,0.7312247976112343,0.4052521854561115,0.9103298087639177,0.20784357550460814,-0.2817748072231515,0.6401815204522059,0.22152834473850752,-0.2526281566226307
BRK-B,Financial Services,,,,,,,,,,0.0496978879209278,,,,,,,-0.4016312334075911,,,0.4016312334075911,0.08032624668151822,0.7796186393216071,0.15653553126346495,-0.24337653723942665,1.1801580952104151,0.18773024401616145,-0.24337653723942654
BRO,Financial Services,,0.04418130837217729,,0.0026439901041988983,,0.0026439901041988983,,,0.12361188139243935,0.6078775715002509,-0.0089,-0.6872700012608994,,,-0.5682343477784777,0.3964862913557274,2.9193764007108776,-0.6872700012608994,-0.9647206391342051,-2.9193764007108776,-1.2446715363002174,0.744228881106129,0.20793724578779968,-0.36546993241718917,0.8039476444176064,0.2551310906925417,-0.3654699324171894
BSX,Healthcare,,0.016796641235604974,,-0.02474067703237342,,-0.02474067703237342,,,0.3172919860276933,0.11994718120081924,-0.026275,-0.8560139238464968,,,-0.12783558080812019,-0.3674291087088286,0.8200209662267488,-0.8560139238464968,0.23959352790070843,-0.8200209662267488,-0.4105723516236651,0.765013766009166,0.1858103855991015,-0.27841662566837344,2.0171943299907458,0.1888939319430175,-0.18267540120828873
BX,Financial Services,,0.024667671233220455,,-0.016869647034757938,,-0.016869647034757938,,,,0.11797613844257694,-0.004025,-1.5990138780416991,,,,0.8146422264556437,0.43065884549926836,-1.5990138780416991,,-0.43065884549926836,-0.7257373203165334,1.546620068721234,0.3042562554556162,-0.4512061711114609,1.912542189549098,0.3766652920605325,-0.451206171111461
BXP,Real Estate,,-0.0272249859505692,,-0.06876230421854759,,-0.06876230421854759,,,0.08112977154113898,0.00576036034225354,-0.025475,-2.246031907762179,,,-0.7624070568166512,0.4281088183349369,-0.7327180309190049,-2.246031907762179,-1.190515875151588,0.7327180309190049,-1.228075506981706,1.1146380065859565,0.2595640349354009,-0.6078648372470722,-0.04924382045122666,0.28619233022314255,-0.5998964403620066
C,Financial Services,,0.06528425379730611,,0.023746935529327717,,0.023746935529327717,,,,0.09023870945751025,-0.0591,0.46800372659496986,,,,-2.633541578673918,0.09331147833628604,0.46800372659496986,,-0.09331147833628604,0.16853919497073075,1.5819444614770997,0.3031822351280739,-0.4692792982727033,1.188023031739446,0.2914570805679935,-0.45304919176104397
CAG,Consumer Defensive,,0.10326721487918936,,0.06172989661121096,,0.06172989661121096,,,0.13853937018670717,-0.0035297772004631066,-0.00135,1.7970446837861846,,,-1.4804248723449467,1.6327066028701944,-0.1679945745932152,1.7970446837861846,-3.113131475215141,0.1679945745932152,-0.49283580165293955,0.4182653162818578,0.2508555606333813,-0.4830028845256573,-0.4127557329908007,0.18450028616600472,-0.48300288452565754
CAH,Healthcare,,0.03166887640785312,,-0.009868441860125275,,-0.009868441860125275,,,0.16923762263408165,0.17732319762416612,-0.010375,-0.21485377655605847,,,-1.283102616638217,0.930717368321722,1.4991104155252064,-0.21485377655605847,-2.213819984959939,-1.4991104155252064,-1.2712915877114404,0.8304955592702017,0.24069191181327562,-0.48183224680861614,3.2377747464480375,0.2611081093765863,-0.2250711819175102
CARR,Industrials,,0.07755173239728758,,0.03601441412930918,,0.03601441412930918,,,0.16349381162156493,-0.04776865228577083,-0.0225,2.0622748590225397,,,-1.0456163063040793,-0.40326159802577355,-1.2635991496508021,2.0622748590225397,-0.6423547082783058,1.2635991496508021,0.820687890227854,1.2018777699515342,0.25690011478530356,-0.374455736006425,0.6166983213186488,0.290877487478638,-0.374455736006425
CAT,Industrials,,0.034878353492314516,,-0.006658964775663877,,-0.006658964775663877,,,0.24783016923534934,0.08386531630987809,-0.014025,-0.31915619569510306,,,-0.15725996527074204,0.5706380366349408,0.42596560717899723,-0.31915619569510306,-0.7278980019056829,-0.42596560717899723,-0.5040148004761138,1.283463589696829,0.2658542599037194,-0.300472814688996,2.567394243285035,0.3425201723093472,-0.30047281468899567
CB,Financial Services,,0.0808902833852555,,0.03935296511727711,,0.03935296511727711,,,,0.0964657452704034,-0.0141249999999999,1.2560103079946456,,,,-0.06930885640710809,0.16956066426374497,1.2560103079946456,,-0.16956066426374497,0.46849199034510935,0.5879612220199327,0.18779016753198713,-0.3226075840680276,1.0980602751243662,0.1993131717510499,-0.17962719869233157
CBOE,Financial Services,,0.03234354359725455,,-0.009193774670723846,,-0.009193774670723846,,,0.25824024877104995,-0.02239725139375081,-0.0232,-1.2713366238094412,,,1.0258633832135553,-0.8578106564425709,-1.2147917418261949,-1.2713366238094412,1.8836740396561262,1.2147917418261949,0.48789331470391306,0.49849420377426945,0.21971595039506897,-0.37397451402914283,1.9967476138551192,0.15715300932461226,-0.1383053581676189
CBRE,Real Estate,,0.026531281768320297,,-0.015006036499658097,,-0.015006036499658097,,,0.28483739483187626,0.1803341573608388,-0.023725,0.13460912469500233,,,2.6884890250558744,0.6093380072318288,2.1243733428347955,0.13460912469500233,2.0791510178240458,-2.1243733428347955,0.46062938844066015,1.467618743224673,0.3010137840265211,-0.38472836480380723,1.4967287441996509,0.31166565183627803,-0.377845352436045
CCEP,Consumer Defensive,,,,,,,,,,,,,,,,,,,,,0.0,0.6821728452531954,0.22665556547626484,-0.35942702709640584,1.337668935925123,0.20841924186223537,-0.2839624054151392
CCI,Real Estate,,-0.06465267186266963,,-0.10618999013064802,,-0.10618999013064802,,,0.1178162847028135,-0.17282853108821838,-0.084981,-2.797224556362849,,,0.14547550804644607,-2.8865442765065135,-2.661217493075406,-2.797224556362849,3.0320197845529595,2.661217493075406,0.6261615898911255,0.6239857872579808,0.2195299596063765,-0.5229418305970877,-0.32859779976263337,0.2767077264868305,-0.5229418305970879
CCL,Consumer Cyclical,,0.08641975456639821,,0.044882436298419814,,0.044882436298419814,,,0.20760767180391607,0.020600341331191648,-0.04505,1.6741550921580255,,,-1.1750994738721328,-1.9498293532592856,-0.5400862014534704,1.6741550921580255,0.7747298793871529,0.5400862014534704,1.0875712289087656,2.379945341791437,0.5033530821904961,-0.8933455901800311,0.3378378455780724,0.6316145340466796,-0.7621786083620206
CDNS,Technology,,0.012459622064590052,,-0.02907769620338834,,-0.02907769620338834,,,0.47512415346439285,0.31594780383077664,-0.018225,-1.1494599074963043,,,1.2044424391124688,0.30815828734402634,1.237301662127672,-1.1494599074963043,0.8962841517684426,-1.237301662127672,-0.3487306347166791,1.0488242524004598,0.22194095716033949,-0.19525828520190613,1.7949267348540747,0.2960381397933881,-0.19525828520190602
CDW,Technology,,0.05391365506866562,,0.012376336800687227,,0.012376336800687227,,,0.3181365469427513,0.1192928944840784,-0.01115,1.2086032646223106,,,-0.0834167979200951,0.9822616206202988,-0.13637971630391407,1.2086032646223106,-1.0656784185403938,0.13637971630391407,0.0844458816935495,1.0932406521520845,0.2565724054902016,-0.43219726802042924,0.15383402251975364,0.2690740419320604,-0.43219726802042924
CEG,Utilities,,0.026730655454777368,,-0.014806662813201026,,-0.014806662813201026,,,0.10292787431563913,0.033073626801714065,-0.039925,-1.3229841152918542,,,0.17213483338118354,-1.733963381788288,-1.1242898633860028,-1.3229841152918542,1.9060982151694716,1.1242898633860028,0.4581036126282475,1.1391042899523074,0.3343026480358864,-0.32659714493791614,6.713285500731676,0.45974695033617047,-0.32659714493791614
CF,Basic Materials,,0.09301475208513228,,0.05147743381715389,,0.05147743381715389,,,0.1688524288630971,-0.0018148820326678765,-0.046225,1.7414296166937469,,,0.17449915200725125,-2.027543713801244,-0.7218655268191912,1.7414296166937469,2.202042865808495,0.7218655268191912,1.7217620983647353,1.0046163576639104,0.3398379475526358,-0.4797987478127347,1.4379856289983244,0.3298458627274905,-0.42541138451722726
CFG,Financial Services,,0.0636363626972787,,0.022099044429300302,,0.022099044429300302,,,,-0.00740208604243014,-0.00145,0.378347683389075,,,,1.0235658212199163,-1.0572670391723633,0.378347683389075,,1.0572670391723633,0.36279248119010266,1.4799602525619262,0.3730376060082806,-0.5615763414736796,0.9582081836208538,0.35531411851347944,-0.5123824463699729
CHD,Consumer Defensive,,0.024407091700473102,,-0.01713022656750529,,-0.01713022656750529,,,0.30573421659573746,0.0029787379737734104,-0.0176,-0.6178805927551545,,,-0.1563240531169921,0.32766647628787826,-0.05033938430283786,-0.6178805927551545,-0.48399052940487036,0.05033938430283786,-0.4306805720034424,0.414477575427882,0.16273197368251915,-0.2981770336767795,0.046434178517228863,0.18702025372798634,-0.2981770336767797
CHRW,Industrials,,0.02944325433697173,,-0.012094063931006663,,-0.012094063931006663,,,0.2584202862851203,-0.03454699686848395,-0.012075,-0.6717245723206207,,,-0.040127720410155526,0.7852329704271124,-1.1132455612707024,-0.6717245723206207,-0.8253606908372679,1.1132455612707024,-0.37618499300901487,0.7948100081843474,0.21922840792150747,-0.34887986433902474,0.7933622323630674,0.26714629395876366,-0.3488798643390244
CHTR,Communication Services,,0.11188809269463294,,0.07035077442665455,,0.07035077442665455,,,0.22270215671485577,0.020038893487023167,-0.03725,1.9713543606318562,,,-0.8460365590851263,-0.3571902582806079,-0.26563293223936085,1.9713543606318562,-0.4888463008045184,0.26563293223936085,0.6461298103788072,1.037145587919342,0.36955000626901985,-0.7307814661666523,-0.6627862330657605,0.3876641681153034,-0.7307814661666525
CI,Healthcare,,0.07778366106454886,,0.03624634279657046,,0.03624634279657046,,,0.9194153815402877,-0.02441362273715631,-0.00575,1.6446413018142891,,,2.7836133512587433,1.2655320060783233,-1.1268305137770196,1.6446413018142891,1.51808134518042,1.1268305137770196,1.4904551615532875,0.5563372883258526,0.26849534782167195,-0.33720050583745464,0.37511347581568244,0.29145077762829275,-0.3089207411007926
CINF,Financial Services,,0.05411807600237522,,0.012580757734396826,,0.012580757734396826,,,,0.11608528245503132,-0.0135,-0.14792063973286257,,,,-0.013323444408662635,0.40791306515397874,-0.14792063973286257,,-0.40791306515397874,-0.1407508689239408,0.6250506271847485,0.22539032854043767,-0.4881229531379997,1.4457350784811034,0.24926117405839676,-0.3327173141333374
CL,Consumer Defensive,,0.045073640219811015,,0.0035363219518326217,,0.0035363219518326217,,,0.7237850516156984,0.060072815533980584,-0.016425,0.08115033678212621,,,2.4720963579100124,0.43447131022736396,0.9494964643819055,0.08115033678212621,2.0376250476826483,-0.9494964643819055,0.6576108609095288,0.4413503868943892,0.15754655948908533,-0.25532892920598305,0.03457018644495857,0.1590247565963018,-0.25532892920598294
CLX,Consumer Defensive,,0.060730253007947065,,0.01919293473996867,,0.01919293473996867,,,0.5803043301575834,-0.033037732568249004,-0.038925,0.6089737656367082,,,1.9055331541808667,-1.4951278658493328,-0.6898077972352206,0.6089737656367082,3.400661020030199,0.6898077972352206,1.7418154737138072,0.38935497566260885,0.19856580873036475,-0.46567638827829416,-0.38055014373972584,0.2459119099150855,-0.40291627948420883
CMCSA,Communication Services,,0.11188809269463294,,0.07035077442665455,,0.07035077442665455,,,0.32643903416714454,0.04301955780693569,-0.025675,1.9713543606318562,,,0.05348780022619422,0.3926027182624785,0.029686512882225624,1.9713543606318562,-0.3391149180362843,-0.029686512882225624,0.6469584744617837,0.9188485170857543,0.2536752138829926,-0.5060394371436866,-0.3740358181319101,0.24790886040530974,-0.5060394371436868
CME,Financial Services,,0.03699819168173597,,-0.00453912658624242,,-0.00453912658624242,,,0.03926322395402648,0.45816194450770914,-0.0009,-1.0518690526306878,,,-1.4677735163386498,1.0668607986986876,2.734239099967362,-1.0518690526306878,-2.534634315037337,-2.734239099967362,-1.9814491670606826,0.36760582107972034,0.15911896937780895,-0.2963655974050682,0.9364159978080442,0.16375133641017706,-0.2640774738001147
CMG,Consumer Cyclical,,0.036613272128579545,,-0.004924046139398848,,-0.004924046139398848,,,0.32941494155920026,0.03912168778906785,-0.02515,-0.48401203236774515,,,-0.3844600601459814,-0.15670813464667405,-0.4268739459351492,-0.48401203236774515,-0.22775192549930734,0.4268739459351492,-0.1993307939597912,1.1743468475774033,0.3074187454013502,-0.5159197445471293,0.18618300564455015,0.3271166915732135,-0.5159197445471295
CMI,Industrials,,0.04535851642816548,,0.0038211981601870837,,0.0038211981601870837,,,0.26509794296758754,0.09383780332056194,-0.00295,0.37743993658800457,,,0.033816304195273345,1.655300040111946,0.5569027776607751,0.37743993658800457,-1.6214837359166727,-0.5569027776607751,-0.6089980752636224,1.1165094453002407,0.23409768405494155,-0.28266465316103273,1.3020346427130707,0.2628906232536166,-0.2519351506685583
CMS,Utilities,,0.04629250095041852,,0.004755182682440129,,0.004755182682440129,,,0.09324885477195625,0.09733663222238394,-0.0243,0.006401566117956221,,,-0.2377314764108166,0.4180106862614522,1.0942039878750371,0.006401566117956221,-0.6557421626722688,-1.0942039878750371,-0.47857703619673253,0.29694186055068783,0.16012271273458714,-0.22266980388467705,0.3871284279876013,0.1782223343004353,-0.22266980388467705
CNC,Healthcare,,0.10942491612693678,,0.06788759785895838,,0.06788759785895838,,,0.18808225050630478,0.039188327700061344,-0.006875,2.3879910969913856,,,-1.1509395351731666,1.1870606923615212,-0.29118910493669925,2.3879910969913856,-2.338000227534688,0.29118910493669925,0.07823416877001885,0.4908180172926505,0.33994295115157624,-0.719586970500988,-0.39075425071117986,0.36561286869996035,-0.7195869705009879
CNP,Utilities,,0.03983760482310926,,-0.0016997134448691331,,-0.0016997134448691331,,,0.09020462663912443,0.07621534556813744,-0.0233,-0.4607295183563762,,,-0.3655328501470937,0.5673737459985007,0.37953631006540767,-0.4607295183563762,-0.9329065961455943,-0.37953631006540767,-0.6333617078138698,0.7593657357032747,0.2455869869690238,-0.4801027003398539,0.9231253934729382,0.1918255303094285,-0.13540097337800205
COF,Financial Services,,0.008952345672716286,,-0.03258497259526211,,-0.03258497259526211,,,,0.3727985200554979,-0.006025,-2.126967084174598,,,,0.6461301447494516,2.488654551347533,-2.126967084174598,,-2.488654551347533,-1.3485177439393459,1.4454945946145341,0.35319732343775606,-0.508156868370385,1.77176353127795,0.31676869787059997,-0.4342660633448374
COIN,Financial Services,,0.03338293171699622,,-0.008154386550982176,,-0.008154386550982176,,,0.05776910070200213,-0.24556952742613594,-0.062925,-1.2236139076649453,,,-1.2896471714846611,-2.704707040183485,-2.6166265573035776,-1.2236139076649453,1.4150598686988238,2.6166265573035776,0.599903695874267,3.6678729639567016,0.7280941898131202,-0.8892054414190453,0.03863727803394812,0.9109310454312023,-0.8892054414190453
COO,Healthcare,,0.0291012845136239,,-0.012436033754354495,,-0.012436033754354495,,,0.2196737330141077,0.02219193921374298,-0.0156,-0.3287440931812634,,,-0.9173739450211464,0.5195185314764309,-0.5252012252824251,-0.3287440931812634,-1.4368924764975772,0.5252012252824251,-0.6012143828150514,0.938375525408343,0.2512417403282674,-0.4143792909989429,-0.1631267409153616,0.25974901380950555,-0.4143792909989428
COP,Energy,,0.08787285315098467,,0.04633553488300628,,0.04633553488300628,,,0.1408181295729223,0.27715273871283624,-0.0688,1.3139647764496443,,,-0.3316597639040779,-1.5571484944540375,0.4899408311562739,1.3139647764496443,1.2254887305499595,-0.4899408311562739,0.9177932365685868,1.1140837066785152,0.30977904455615746,-0.6051324000429295,1.6037049950218165,0.3216088889318914,-0.30410704627034457
COR,Healthcare,,0.017355142190588396,,-0.024182176077389997,,-0.024182176077389997,,,0.15665999636837735,0.10759654475920397,-0.0066249999999999,-0.8330122355654848,,,-1.3680900526532296,1.2046722889887544,0.6572310921572126,-0.8330122355654848,-2.572762341641984,-0.6572310921572126,-1.49375604931443,0.5961140794998078,0.2252829288802692,-0.31359250605317757,2.9030551578879265,0.22125702133090913,-0.12299704999613637
COST,Consumer Defensive,,0.019734703375513914,,-0.02180261489246448,,-0.02180261489246448,,,0.3320053575771693,0.1114841483706616,-0.02515,-0.7693537821751313,,,0.07378622003892824,-0.36678921687190985,1.690591716414999,-0.7693537821751313,0.4405754369108381,-1.690591716414999,-0.4696296813887171,0.832804304580087,0.20247886807979348,-0.2031627137277746,1.5545004013010635,0.23339872333991865,-0.20316271372777472
CPAY,Technology,,0.051495317191120285,,0.009957998923141892,,0.009957998923141892,,,0.17476839957838758,0.26170356807798706,-0.031125,1.0844717860598,,,-1.2452048686458574,-0.9522635790981862,0.8877207267231035,1.0844717860598,-0.2929412895476713,-0.8877207267231035,0.13906805326023086,1.1795543546146112,0.30092814298626125,-0.4411382418262637,0.0426831857356178,0.28055933302393293,-0.38770333163661586
CPB,Consumer Defensive,,0.06538711824872881,,0.023849799980750416,,0.023849799980750416,,,0.20205357432060375,-0.02225139481457171,-0.0067749999999999,0.7601651208977588,,,-1.022608362919749,1.248547635035206,-0.50232086152371,0.7601651208977588,-2.2711559979549554,0.50232086152371,-0.5039321785181367,0.23069744996882846,0.21817924885406736,-0.4677353500734208,-0.2706205020253578,0.17769395168310773,-0.4134273553571157
CPRT,Industrials,,0.03924956963414218,,-0.002287748633836212,,-0.002287748633836212,,,0.22206719531523542,0.19734036216486367,-0.0192,-0.028477103131329458,,,-0.43951572864611393,-0.022803521105486314,1.7218181686310436,-0.028477103131329458,-0.4167122075406276,-1.7218181686310436,-0.5224393579949916,1.0776947847862242,0.28028966139641137,-0.360940231715029,0.4035512998651487,0.2906822294908924,-0.36094023171502887
CPT,Real Estate,,0.01404991174249137,,-0.02748740652548702,,-0.02748740652548702,,,0.10635800872298225,0.004405382895717354,-0.04085,-0.5653507348776663,,,-0.14323006243322456,-1.1490968093784675,-0.7574654879886691,-0.5653507348776663,1.005866746945243,0.7574654879886691,0.32769950242476453,0.7699138088720173,0.21607432441403338,-0.4965387175894508,0.21598165633000166,0.22008497398130702,-0.4965387175894507
CRL,Healthcare,,-0.007616780581704431,,-0.049154098849682824,,-0.049154098849682824,,,0.17057014781175273,-0.04878261128850093,-0.04385,-1.7300601653484629,,,-1.2739448271388716,-1.640309883303211,-1.4073849765967137,-1.7300601653484629,0.36636505616433945,1.4073849765967137,-0.26400104835430666,1.3738321572778318,0.32089632859263634,-0.7356244880919005,-0.283429984691112,0.37687169598139286,-0.7356244880919005
CRM,Technology,,0.028681006586443323,,-0.01285631168153507,,-0.01285631168153507,,,0.3141872339989654,0.05850509871989586,-0.0378,-0.2354432820665704,,,-0.11758323516751096,-1.5065893494071896,-0.5780133728734884,-0.2354432820665704,1.3890061142396786,0.5780133728734884,0.577027807443941,1.22685753741428,0.2750359561933821,-0.5575761950636438,-0.01381884006104217,0.33451960115043633,-0.5575761950636438
CRWD,Technology,,-0.0022044793638169536,,-0.043741797631795344,,-0.043741797631795344,,,0.37254266040083717,0.2896761584977606,-0.05325,-1.8086161381391823,,,0.3856304551695076,-2.3677803237591366,1.0721356482238256,-1.8086161381391823,2.7534107789286444,-1.0721356482238256,0.16349072667101966,1.1361827877113615,0.49461540926820424,-0.6263661977413526,2.5217249599267637,0.5026382971971852,-0.6263661977413524
CSCO,Technology,,0.035880118347400354,,-0.005657199920578039,,-0.005657199920578039,,,0.30231253890353155,-0.017056095424111628,-0.003875,0.19664100481025767,,,-0.22009466500786418,1.575581629488413,-1.0909623328355302,0.19664100481025767,-1.7956762944962772,1.0909623328355302,-0.4214216493073018,0.9223266855761063,0.21523015304835474,-0.3549649272807436,0.914570449602925,0.21903738040109166,-0.35496492728074347
CSGP,Real Estate,,0.0035545025463896507,,-0.03798281572158874,,-0.03798281572158874,,,0.23522591766736925,0.15879037861325862,-0.02325,-1.1111507343175737,,,2.3281787580867257,0.6577989619414446,1.8939983047171167,-1.1111507343175737,1.670379796145281,-1.8939983047171167,-0.15510803621234037,0.9098630651057074,0.2378341734853995,-0.3464101903114085,-0.25848647296280947,0.28082270291264094,-0.34641019031140874
CSX,Industrials,,0.04357668345644385,,0.00203936518846546,,0.00203936518846546,,,0.11374672164037194,0.013384637174826495,-0.026925,0.25981510353158066,,,-1.4957325684895655,-0.8914471005399157,-0.5170144384132989,0.25981510353158066,-0.6042854679496498,0.5170144384132989,-0.03438525808456787,1.2529351052615303,0.2433599434897412,-0.2849314848817722,0.25460704863951245,0.25055475668854543,-0.2849314848817722
CTAS,Industrials,,0.024315123044851766,,-0.017222195223126627,,-0.017222195223126627,,,0.4142451497906889,0.07159309647035163,-0.028325,-0.9875484396674279,,,1.5279813486961376,-1.0370659735447738,0.2625842942265786,-0.9875484396674279,2.565047322240911,-0.2625842942265786,0.5784826941840777,1.2367095110655408,0.26791717445943775,-0.3790727503522673,1.1760092374220004,0.22456696899477802,-0.19084103744191339
CTRA,Energy,,0.08091832987182217,,0.039381011603843774,,0.039381011603843774,,,0.12300967842647519,0.15497977268349067,-0.0634,1.0398408213219943,,,-0.6072878011592784,-1.2814974847182325,-0.09959134746683698,1.0398408213219943,0.6742096835589542,0.09959134746683698,0.7055384714457468,0.25315498949311943,0.28190012086873584,-0.5025425900961271,0.9479829627569356,0.3464075556227857,-0.2678685442174479
CTSH,Technology,,0.06721311755625896,,0.025675799288280565,,0.025675799288280565,,,0.3489615130636299,0.0852529601722282,-0.01015,1.8008964521226603,,,0.18330960823378878,1.0709223829931611,-0.38567775180840363,1.8008964521226603,-0.8876127747593723,0.38567775180840363,0.4424490213069959,1.0559800397875974,0.2600853249141234,-0.41977879129867646,0.007874672501422486,0.22947981652502253,-0.354427036732081
CTVA,Basic Materials,,0.0321122361808358,,-0.009425082087142593,,-0.009425082087142593,,,0.18826636257239746,0.0071146054408643645,-0.0209,0.18716403375162835,,,0.4767474443241737,1.1121724460625635,-0.5352156607430767,0.18716403375162835,-0.6354250017383898,0.5352156607430767,-0.07226125504608925,0.7827524787415294,0.23349431950978058,-0.318992204694289,0.7645943210338251,0.2472071862004598,-0.3189922046942889
CVS,Healthcare,,0.04532219390832578,,0.0037848756403473863,,0.0037848756403473863,,,0.20968055160508842,0.023217588650235068,-0.01085,0.3932095172039231,,,-0.9927823320280049,0.8946162117340051,-0.5112349420985721,0.3932095172039231,-1.88739854376201,0.5112349420985721,-0.4954286222035203,0.64328508155549,0.2630227806115102,-0.5389618788527744,0.3701217409348039,0.3014391120601313,-0.5389618788527745
CVX,Energy,,0.04599406401427014,,0.004456745746291749,,0.004456745746291749,,,0.2111263871829523,-0.03769125704025414,-0.050525,-0.5386380477124771,,,0.7660385949112203,-0.5156899580605334,-0.9970291508649634,-0.5386380477124771,1.2817285529717537,0.9970291508649634,0.4966420322767033,1.0217579263842214,0.24838025286702647,-0.4066413401614062,1.174893544781623,0.27125829819956404,-0.1866818952170558
D,Utilities,,0.022897043814132184,,-0.01864027445384621,,-0.01864027445384621,,,0.07295446260661322,0.06994831552426382,-0.0242,-1.5387284580906384,,,-1.0523923519247067,0.4330556853035862,0.15432953774778554,-1.5387284580906384,-1.4854480372282928,-0.15432953774778554,-1.2405365056771296,0.502791060985972,0.19921501731533334,-0.4928801097565835,-0.0258344598543635,0.21757534916915203,-0.4928801097565837
DAL,Industrials,,0.11188809269463294,,0.07035077442665455,,0.07035077442665455,,,0.2172039011084029,0.04252829235208851,-0.01165,2.768295300088541,,,-0.4920716517329923,0.8309680966066508,-0.12887271403379552,2.768295300088541,-1.3230397483396432,0.12887271403379552,0.603876763506318,1.3992946595645983,0.3728515286479401,-0.5850370648018556,0.5036984458509663,0.3995562742598859,-0.41880692713837964
DASH,Consumer Cyclical,,0.008908032018736847,,-0.032629286249241544,,-0.032629286249241544,,,0.4278628423549709,0.4319506631747909,-0.0366999999999999,-1.6191115344524345,,,0.3032739746857267,-1.3191170100933167,1.7717916417554411,-1.6191115344524345,1.6223909847790434,-1.7717916417554411,-0.3530465482204447,1.7212980554490813,0.4525769184874619,-0.7886688043392506,0.4312434154717606,0.4938112775244033,-0.7886688043392506
DAY,Technology,,0.005267008164401121,,-0.03627031010357727,,-0.03627031010357727,,,0.10226398708077072,-0.06028012071500426,-0.0165,-1.4968430328528664,,,-1.7171098610317204,0.47837747472694814,-1.3566394481777315,-1.4968430328528664,-2.1954873357586684,1.3566394481777315,-1.2056042578090675,1.2817817373237317,0.3585756297975529,-0.6241117618279068,-0.2911221761863182,0.34741558544774165,-0.6241117618279066
DD,Basic Materials,,-0.011809045452502148,,-0.053346363720480544,,-0.053346363720480544,,,0.12768946445985666,0.00016414521379914097,-0.0295,-1.0639385312242862,,,-0.47046241710075465,-0.06560361425933507,-0.6809489853880654,-1.0639385312242862,-0.40485880284141956,0.6809489853880654,-0.4513291365486692,1.3370527104767147,0.3053863569429714,-0.6671504361453509,0.6422376158859926,0.2966533448436587,-0.39043872224907483
DDOG,Technology,,0.0018824513159348786,,-0.03965486695204352,,-0.03965486695204352,,,0.4333588648715847,0.31956007525171726,0.012568500000000002,-1.6444587456446749,,,0.8871957798305876,2.437123293192938,1.2593560238442754,-1.6444587456446749,-1.5499275133623505,-1.2593560238442754,-1.5296257083716653,1.2120128696969812,0.3721703297974534,-0.6220763935680808,0.9332795090285548,0.4566338505297189,-0.6220763935680808
DE,Industrials,,0.040937171915165056,,-0.0006001463528133369,,-0.0006001463528133369,,,0.15416467440332204,-0.0002225498650791443,-0.0132749999999999,0.08419056643068346,,,-1.1352649595301738,0.6540315463553892,-0.6931034451537881,0.08419056643068346,-1.789296505885563,0.6931034451537881,-0.5434216867511942,0.986620659976041,0.21675918815685827,-0.27654025807526794,0.9074906050580303,0.2793464005128887,-0.27654025807526805
DECK,Consumer Cyclical,,0.07961355347018977,,0.03807623520221137,,0.03807623520221137,,,0.7997743299964826,0.16122706935021547,-0.0070999999999999,1.4369554880259807,,,2.2480256103943907,1.618451252199534,0.3351824258708399,1.4369554880259807,0.6295743581948567,-0.3351824258708399,0.7595754533141671,0.9663832228372873,0.30404234067553537,-0.5987000764705095,0.9270983629091873,0.37742860352261737,-0.5987000764705097
DELL,Technology,,0.04744376376814503,,0.0059064455001666336,,0.0059064455001666336,,,0.25483357118747446,0.0784766650138474,-0.008275,0.8667906290267374,,,-0.6225346423124661,1.2314294637002834,-0.43477695175075304,0.8667906290267374,-1.8539641060127496,0.43477695175075304,-0.3079140004442544,0.9677773524549647,0.3100404445352381,-0.413291919338318,3.573852752397565,0.32489531602904037,-0.3896128068072954
DG,Consumer Defensive,,0.05442451051767616,,0.012887192249697768,,0.012887192249697768,,,0.4011317381105694,-0.005049826702372385,-0.025125,0.3991418144710863,,,0.6682986639752053,-0.3645135588374355,-0.19541152882493878,0.3991418144710863,1.0328122228126408,0.19541152882493878,0.6118639206784786,0.39430195809086493,0.28266778588237657,-0.7103006317453894,-0.5104595933246155,0.31414803083724774,-0.7103006317453895
DGX,Healthcare,,0.04629526462395543,,0.0047579463559770385,,0.0047579463559770385,,,0.2171400006248633,0.15042143937756647,-0.022375,0.4359026363726186,,,-0.9366199206694924,-0.042633580998090045,1.198484717046291,0.4359026363726186,-0.8939863396714024,-1.198484717046291,-0.42293042472877174,0.8583530140498196,0.2546084276679683,-0.28076267070496785,0.5971696656872605,0.2334349287916935,-0.28076267070496785
DHI,Consumer Cyclical,,0.08599847781014615,,0.044461159542167755,,0.044461159542167755,,,0.23946113633650074,0.03540399528895009,0.005025,1.6602517610320633,,,-0.9805338163743457,2.3382676687040336,-0.4497093807076576,1.6602517610320633,-3.3188014850783794,0.4497093807076576,-0.5734780134769951,1.5629098930539262,0.327305968894393,-0.42401234746739713,1.0418873655347891,0.3604736248417572,-0.3861077724951778
DHR,Healthcare,,0.023149471008301115,,-0.01838784725967728,,-0.01838784725967728,,,0.17968409466498167,0.03901724906116733,-0.01355,-0.5885611091198472,,,-1.2105364610319111,0.6842557490337362,-0.2935675324069066,-0.5885611091198472,-1.8947922100656474,0.2935675324069066,-0.9346278211928166,0.8828652466835519,0.18525931317533545,-0.3396677343548612,0.07701840930123227,0.23218392135271712,-0.339667734354861
DIS,Communication Services,,0.05770272822165728,,0.016165409953678885,,0.016165409953678885,,,0.18101844191877411,-0.005865339886333758,-0.02255,0.34353456595988924,,,-1.1743376881804475,0.5905556557494048,-0.592132978430933,0.34353456595988924,-1.7648933439298524,0.592132978430933,-0.45011691550179866,1.3271156518057032,0.23994966204299104,-0.5712547388230164,-0.23933439814927882,0.3421388349479874,-0.5712547388230165
DLR,Real Estate,,0.0249573254178159,,-0.016579992850162494,,-0.016579992850162494,,,0.06903253748168864,0.1171400395666895,-0.030125,0.04555419696907411,,,-1.0396282789404372,-0.06550617703676767,1.3227997144274255,0.04555419696907411,-0.9741221019036695,-1.3227997144274255,-0.6359871048593233,0.5871920807735173,0.21244397170336227,-0.4228212497824071,0.5000030986480184,0.2545329151016003,-0.4228212497824073
DLTR,Consumer Defensive,,-0.06465267186266963,,-0.10618999013064802,,-0.10618999013064802,,,0.26861671434526,-0.24556952742613594,-0.0351999999999999,-2.5242314002391337,,,-0.4777011464469092,-1.222011154901288,-2.724330655793488,-2.5242314002391337,0.7443100084543788,2.724330655793488,-0.16710242555520427,0.7593679975175688,0.31848784820401516,-0.6090953123424099,-0.032039546580409306,0.34537144128983316,-0.6090953123424098
DOC,Real Estate,,0.014029180936103612,,-0.02750813733187478,,-0.02750813733187478,,,0.08494443327312387,-0.018307549346105505,-0.024875,-0.5664830553537616,,,-0.6717221248780828,0.4906770344717075,-1.1537757708005778,-0.5664830553537616,-1.1623991593497904,1.1537757708005778,-0.4607977317213052,0.9033211154228081,0.2521016855768543,-0.5358475647253886,-0.20642335205944662,0.26429024518877836,-0.5358475647253886
DOV,Industrials,,0.09016802437141586,,0.04863070610343746,,0.04863070610343746,,,0.24467870696833594,0.16556533259651285,-0.0223249999999999,2.426740042917742,,,-0.1920403375423717,-0.38330465170079714,1.4108874242275462,2.426740042917742,0.19126431415842543,-1.4108874242275462,0.7650242579849578,1.3179688629484483,0.24153655799069423,-0.3509656801494063,0.5714852082867248,0.2429585849094795,-0.3509656801494061
DOW,Basic Materials,,-0.06280843169570047,,-0.10434574996367886,,-0.10434574996367886,,,0.05590267205852713,0.007945186754604792,-0.02825,-2.1098700224681126,,,-1.468599509093555,0.11360500283041171,-0.5176093604506128,-2.1098700224681126,-1.5822045119239667,0.5176093604506128,-1.3733079416667093,1.1991569879383046,0.31809128364205874,-0.6031830165952118,-0.4561198489322642,0.2629794399795276,-0.6031830165952119
DPZ,Consumer Cyclical,,0.043688137695600655,,0.0021508194276222622,,0.0021508194276222622,,,0.9194153815402877,-0.02409097815416545,-0.034675,-0.15032523491081695,,,2.5459680626546426,-1.1354873833895047,-0.8062390215306658,-0.15032523491081695,3.681455446044147,0.8062390215306658,1.5736998887594653,0.7629693168318834,0.28583345328424575,-0.4781290265086464,0.11094205491389442,0.3221171753760612,-0.4781290265086464
DRI,Consumer Cyclical,,0.05228574709452292,,0.010748428826544525,,0.010748428826544525,,,0.21442608776699645,0.12364933292237242,-0.024325,0.25943781444972036,,,-1.1343389222961955,-0.0669293130887055,0.1006981913468758,0.25943781444972036,-1.06740960920749,-0.1006981913468758,-0.34332835617248303,1.0468632944726366,0.2833606417041208,-0.5449866679024162,0.9309527051993212,0.2057884809102988,-0.23689254286145578
DTE,Utilities,,0.050822669104204764,,0.00928535083622637,,0.00928535083622637,,,0.08953163185608828,0.05097153374746397,-0.02345,0.3354135810941047,,,-0.3936220623801734,0.545134737480749,-0.5277001485813191,0.3354135810941047,-0.9387567998609224,0.5277001485813191,-0.1357972577904633,0.5211252656985682,0.16881730817205695,-0.27579402027874644,0.5053864477815366,0.17278819916797725,-0.23767193078416082
DUK,Utilities,,0.04924793643578093,,0.007710618167802538,,0.007710618167802538,,,0.0857718799943247,0.04481894533939144,-0.026875,0.22156017778855674,,,-0.5491229920757219,0.025382945305935076,-0.7405938889847974,0.22156017778855674,-0.574505937381657,0.7405938889847974,0.006940473959719362,0.35806746272816214,0.1689941549341048,-0.17448677160636106,0.6094910972554464,0.16947387725567548,-0.17448677160636106
DVA,Healthcare,,0.08214083433956547,,0.040603516071587076,,0.040603516071587076,,,0.24684845647669623,0.027451999850577707,-0.0242,1.7760959243376782,,,-0.7059970069658527,-0.1952140643484842,-0.45333942556879214,1.7760959243376782,-0.5107829426173685,0.45333942556879214,0.5967930778018824,1.1468734755576087,0.3068232806547858,-0.44361868708914654,0.1259900242105667,0.3375138145520256,-0.44169152136667966
DVN,Energy,,0.11188809269463294,,0.07035077442665455,,0.07035077442665455,,,0.1551312261314699,0.24751609569986488,-0.084525,2.0624962647813514,,,-0.10570622274397658,-2.178321579663028,0.34869348831292807,2.0624962647813514,2.0726153569190515,-0.34869348831292807,1.5843059510175759,2.086909805463173,0.5119453259325067,-0.8510424084918894,2.123333031933611,0.3972671109767777,-0.5576805423102582
DXCM,Healthcare,,0.026000000000000002,,-0.01553731826797839,,-0.01553731826797839,,,0.3755842032916001,0.0776267796211319,-0.0684,-0.46500988752362893,,,0.3598699109438619,-2.5845215142774602,0.24684849494207825,-0.46500988752362893,2.944391425221322,-0.24684849494207825,0.9423829160906616,1.1828531496682262,0.4074637587313207,-0.6469889888746803,-0.31181179604466613,0.48652726307331656,-0.6469889888746803
EA,Communication Services,,0.019940178854909316,,-0.021597139413069077,,-0.021597139413069077,,,0.4670904568247325,-0.07939880390305319,-0.026125,-1.0192348246624068,,,1.2285309531698017,0.36376479689625785,-1.4232043430862138,-1.0192348246624068,0.8647661562735438,1.4232043430862138,0.22285340126169756,0.827485522311936,0.26070693196111633,-0.440433926650159,0.6134899884074132,0.2553791803905698,-0.24903766001291694
EBAY,Consumer Cyclical,,0.0542959407434599,,0.012758622475481506,,0.012758622475481506,,,0.395091541439727,-0.11860830307194033,-0.0103,0.35441217629982197,,,0.07431197909391199,1.355924301563236,-1.3224738453058456,0.35441217629982197,-1.281612322469324,1.3224738453058456,-0.10638528940663167,1.299688218300721,0.26284286272860646,-0.5125098803255945,0.8069403746727104,0.3184936528551055,-0.5125098803255945
ECL,Basic Materials,,0.025572950748182863,,-0.01596436751979553,,-0.01596436751979553,,,0.3051181232738504,0.10596501691377237,-0.0384,-0.006093286888407209,,,1.9485495484741409,-1.2591472936619983,1.4796879980127648,-0.006093286888407209,3.207696842136139,-1.4796879980127648,0.9847038224965396,1.000162574541856,0.1923369922103506,-0.3782076185288169,0.21696960522396025,0.21125669705789132,-0.3782076185288169
ED,Utilities,,0.05592773231572963,,0.014390414047751238,,0.014390414047751238,,,0.12260171500254087,0.05272379269729093,-0.01695,0.6962524641944011,,,0.97065739133899,1.4247993198242626,-0.4659429681014845,0.6962524641944011,-0.4541419284852726,0.4659429681014845,0.1900328079039483,0.24724309009001028,0.17807928575186824,-0.26628306578769767,0.5330316390761918,0.19154893447358912,-0.1356978774193246
EFX,Industrials,,0.02543475164095016,,-0.016102566627028234,,-0.016102566627028234,,,0.2722594012916594,-0.019288529743340766,-0.03715,-0.920348718750458,,,0.11306958352768849,-1.8166661414568779,-0.9313487661393931,-0.920348718750458,1.9297357249845664,0.9313487661393931,0.590024555721522,1.4307179164215365,0.32170819482232393,-0.41753686133367907,0.28610353759777074,0.3575287786592416,-0.41753686133367895
EG,Financial Services,,-0.01894891679164771,,-0.0604862350596261,,-0.0604862350596261,,,,0.1514269406392694,-0.019725,-2.6570048813715426,,,,-0.5642613986962409,0.8224758094253566,-2.6570048813715426,,-0.8224758094253566,-1.2272971144336884,0.48358773906220254,0.2247349405531059,-0.3704643321907517,0.590182638889718,0.23006908682594607,-0.2094160288581577
EIX,Utilities,,0.11188809269463294,,0.07035077442665455,,0.07035077442665455,,,0.0832659590690555,0.04710085123440779,-0.0296,2.763616123953843,,,-0.6511510263643103,-0.39077869984788194,-0.6624259404916353,2.763616123953843,-0.2603723265164284,0.6624259404916353,1.133782707073293,0.6771933662649463,0.3265950800303664,-0.3965664173042166,0.17151933019030863,0.2697517783930083,-0.3965664173042165
EL,Consumer Defensive,,-0.0358974358974359,,-0.07743475416541429,,-0.07743475416541429,,,0.524247109022324,-0.08234534299026618,-0.033675,-2.1453934757865616,,,1.5816174831461038,-1.1022800265874628,-1.4599636788559782,-2.1453934757865616,2.6838975097335664,1.4599636788559782,0.5073943493499976,1.0178718638939217,0.3359555260617679,-0.8293544675457034,-0.6171265315513963,0.37890519037744147,-0.8293544675457032
ELV,Healthcare,,0.07719176818625538,,0.03565444991827699,,0.03565444991827699,,,,0.0792119517116862,-0.002525,1.6260334346866794,,,,1.4788964190027503,0.26893322441649803,1.6260334346866794,,-0.26893322441649803,0.5966267289913721,0.7602343124206206,0.26117799482589676,-0.4836496187605025,0.0893031691740922,0.27325196296309834,-0.4836496187605027
EME,Industrials,,0.03785381923709911,,-0.003683499030879285,,-0.003683499030879285,,,0.38685850210819117,0.18775847293528825,-0.0134,-0.12161333205647419,,,1.2920326601278596,0.6402021600059121,1.6329667283473097,-0.12161333205647419,0.6518305001219474,-1.6329667283473097,-0.11450647844327264,1.182333176927092,0.21788375400538212,-0.3098267146816943,6.671175498327231,0.30400826771324124,-0.2750447604914342
EMN,Basic Materials,,0.11188809269463294,,0.07035077442665455,,0.07035077442665455,,,0.14766055273473033,0.01833389093342255,-0.01065,2.0721708985650764,,,-0.15931523276504495,2.118169903790401,-0.2946742895739453,2.0721708985650764,-2.277485136555446,0.2946742895739453,-0.0231908372813587,1.3921714717986204,0.2933495307580995,-0.5277801343791051,-0.2557277137631079,0.27398267482596356,-0.44626226583154416
EMR,Industrials,,0.03598733340270036,,-0.005549984865278031,,-0.005549984865278031,,,0.21873230970347415,-0.06730284084676977,-0.023075,-0.24576370074969572,,,-0.4755864537685297,-0.4685697559748995,-1.4721787756611548,-0.24576370074969572,-0.007016697793630178,1.4721787756611548,0.1933235957149006,1.4163236093379128,0.2503277156984528,-0.3709925726383848,0.8620950392336972,0.28292455163782987,-0.29006714557650826
EOG,Energy,,0.0911678177225451,,0.04963049945456671,,0.04963049945456671,,,0.326511363697261,0.02343888200955245,-0.069675,1.435364467267703,,,2.1069206949620067,-1.5988523772726033,-0.7245664095259615,1.435364467267703,3.70577307223461,0.7245664095259615,2.201368297706118,1.3121284001627638,0.37007645533674993,-0.722578330374511,1.8618806949355489,0.3244016016995096,-0.21780262901008607
EPAM,Technology,,0.03673702160802914,,-0.0048002966599492505,,-0.0048002966599492505,,,0.32672219653944445,0.11539877665225702,-0.009225,0.24787885927890863,,,-0.009077540845595752,1.1510725184140214,-0.16506098994728458,0.24787885927890863,-1.160150059259617,0.16506098994728458,-0.33189628200282645,1.5403233484597338,0.44627292456963924,-0.7760234159090308,-0.45614739442662433,0.5434338509626334,-0.7760234159090308
EQIX,Real Estate,,0.012318884510457715,,-0.02921843375752068,,-0.02921843375752068,,,0.12323050374352874,0.18247397577159555,-0.0417499999999999,-0.659294755221697,,,0.28128450030949853,-1.2300845002456753,2.1449355920352398,-0.659294755221697,1.5113690005551739,-2.1449355920352398,-0.0881574202736572,0.6679953391292935,0.21111146930806718,-0.32124531915446264,0.29356547884127493,0.24189040079032348,-0.3212453191544623
EQR,Real Estate,,0.04438117636295731,,0.0028438580949789183,,0.0028438580949789183,,,0.09213523706193241,0.06309268230731833,-0.029875,1.093015367026763,,,-0.49734366285989595,-0.03881724892883383,0.3663008636103358,1.093015367026763,-0.45852641393106214,-0.3663008636103358,0.18053540851621322,0.775114936173952,0.19047672264855184,-0.4492135439339425,0.24558779563140032,0.18800689301863413,-0.34547676821828055
EQT,Energy,,0.051233395505593145,,0.009696077237614752,,0.009696077237614752,,,0.07176958992285044,0.6055207241471859,-0.03695,-0.29911472848179066,,,-1.3302365476210465,0.3717585218548077,1.8072960835135818,-0.29911472848179066,-1.701995069475854,-1.8072960835135818,-1.1619031358857743,0.9742286824417621,0.41017249632946384,-0.8578780408929156,3.147444334813499,0.4266570369581332,-0.32698089579737066
ERIE,Financial Services,,0.04146187386546102,,-7.54444025173745e-05,,-7.54444025173745e-05,,,,0.16205812864975705,-0.008025,-0.8285695544786926,,,,0.4732311513329023,0.9416116493683095,-0.8285695544786926,,-0.9416116493683095,-0.519750151665139,0.4086190049866744,0.2092857966412256,-0.4630449652610983,0.3927999262237991,0.3005074522972728,-0.4630449652610983
ES,Utilities,,0.031352683068123784,,-0.01018463519985461,,-0.01018463519985461,,,0.11921992231394475,0.04461930598497194,-0.0219,-1.0385255281632977,,,0.8403113926341892,0.7715248161410722,-0.7473837852366633,-1.0385255281632977,0.06878657649311704,0.7473837852366633,-0.23841882362073963,0.5211615830370563,0.1989370124925315,-0.3914881135992214,0.0062885287615541685,0.23191072756758271,-0.39148811359922164
ESS,Real Estate,,0.05606327949925956,,0.014525961231281165,,0.014525961231281165,,,0.09070913224636586,0.05372174338460653,-0.03635,1.616308230765303,,,-0.5322445927508658,-0.7161857417659422,0.18549597720763678,1.616308230765303,0.1839411490150764,-0.18549597720763678,0.6830005564706244,0.7508160401058401,0.2098661806620741,-0.3787391443874015,0.26133643578692767,0.21711763850055732,-0.3787391443874014
ETN,Industrials,,0.026379860047135387,,-0.015157458220843006,,-0.015157458220843006,,,0.25218330896841035,0.028592468449252176,-0.018875,-0.8628153924920359,,,-0.10914971493816729,0.014907059835664711,-0.31583202554126966,-0.8628153924920359,-0.12405677477383201,0.31583202554126966,-0.33158246179809325,1.164153827054891,0.21789782048605694,-0.27327902561739925,2.3490913811592917,0.2561536210040153,-0.27327902561739925
ETR,Utilities,,0.05689885647789665,,0.015361538209918257,,0.015361538209918257,,,0.09137650539365992,0.08948820096874602,-0.0257,0.7628913086627247,,,-0.31646865121373635,0.2054703095872274,0.8395744001583318,0.7628913086627247,-0.5219389608009637,-0.8395744001583318,-0.07153394088696194,0.5746124695802137,0.19109307507978435,-0.30990079592515685,1.1331607008027853,0.21815858032109997,-0.1918783188035761
EVRG,Utilities,,0.025929356991085332,,-0.01560796127689306,,-0.01560796127689306,,,0.09432815306135814,0.03393861330149854,-0.03345,-1.3696559800986265,,,-0.1921868100996165,-0.9502925512372682,-1.0972407028066955,-1.3696559800986265,0.7581057411376517,1.0972407028066955,-0.025171955023050807,0.5108756266100021,0.18684070240273792,-0.27765514261363555,0.6512043176461049,0.1840717328507745,-0.26128457468028266
EW,Healthcare,,0.02961985871301748,,-0.011917459554960912,,-0.011917459554960912,,,0.34139424220794673,0.3356074183359243,-0.015375,-0.30580805339175776,,,0.07447665330996617,0.5377782833302629,2.5769570465507083,-0.30580805339175776,-0.46330163002029673,-2.5769570465507083,-0.8230352826749635,0.9668689559901085,0.31644482498406085,-0.5133153396231813,-0.005960186001166212,0.3022196668233405,-0.5133153396231815
EXC,Utilities,,0.0569140889873708,,0.015376770719392405,,0.015376770719392405,,,0.09150143273070417,0.0574048880728359,-0.020925,0.7639303887238249,,,-0.311227603720019,0.9094404460413532,-0.29910643687119476,0.7639303887238249,-1.2206680497613722,0.29910643687119476,-0.12287377704077998,0.4323334165492172,0.1741787441760788,-0.2607637681715228,0.8667291494811951,0.18862632258672976,-0.25432737169177877
EXE,Energy,,-0.011916407615526816,,-0.05345372588350521,,-0.05345372588350521,,,0.1210046603703551,0.9951456040739053,-0.078975,-2.3818995036522197,,,-0.6377533577131693,-1.9896520167575573,2.606571803735193,-2.3818995036522197,1.351898659044388,-2.606571803735193,-0.9333146985901714,0.4480820357660192,0.23638710095076781,-0.2538787560265572,2.1852264218018442,0.2896073375729064,-0.2538787560265572
EXPD,Industrials,,0.04489558559866908,,0.0033582673306906882,,0.0033582673306906882,,,0.3014293957635989,-0.00038844351310819345,-0.0037,0.3469783585516305,,,0.43310232069078125,1.5938019097086695,-0.6952222121303795,0.3469783585516305,-1.1606995890178884,0.6952222121303795,-0.1864440497604272,0.94978838946658,0.21746360205716048,-0.3383872018943288,0.6197752377365804,0.25739497005398043,-0.3383872018943289
EXPE,Consumer Cyclical,,0.031210067763794768,,-0.010327250504183625,,-0.010327250504183625,,,0.5081156518309518,0.041825976132545475,-0.0388,-0.7312611262516362,,,0.8441222462732361,-1.4974051684505925,-0.41023127333689025,-0.7312611262516362,2.3415274147238287,0.41023127333689025,0.726152770056255,1.5719396638688359,0.3913330974196875,-0.6293963106202438,1.0877234608970454,0.4398990587122148,-0.5533119452068054
EXR,Real Estate,,0.03694248588808265,,-0.00459483237989574,,-0.00459483237989574,,,0.08179384843135648,0.057846206047961826,-0.02135,0.7105887083303404,,,-0.7467212755881008,0.8478347743898265,0.26532031001672285,0.7105887083303404,-1.5945560499779272,-0.26532031001672285,-0.40665099866237936,0.7079990887707676,0.22803960325308156,-0.5112423725070745,0.4249150230358776,0.30460263505493823,-0.5112423725070744
F,Consumer Cyclical,,0.05904617696802179,,0.017508858700043393,,0.017508858700043393,,,0.04631898718320115,0.05835074804943128,-0.01455,0.5756740513692833,,,-1.9771119756290187,0.9630697530702699,-0.30801260184706747,0.5756740513692833,-2.9401817286992884,0.30801260184706747,-0.8842005505625887,1.4396404671171878,0.3436721537172184,-0.5524426759088518,0.9174208698340014,0.4048920963573423,-0.4643716432202254
FANG,Energy,,0.09752871977214106,,0.055991401504162666,,0.055991401504162666,,,0.0821244446383514,0.9951456040739053,-0.03655,1.653167083132879,,,-1.1949926792155945,0.39768333146887264,2.606571803735193,1.653167083132879,-1.592676010684467,-2.606571803735193,-0.4971179317676738,1.613104213766626,0.41800189339239485,-0.8033520896803439,3.409985869582787,0.3553116395566534,-0.33165948322972816
FAST,Industrials,,0.037209303715468565,,-0.004328014552509828,,-0.004328014552509828,,,0.7252309364245607,0.08964917997176061,-0.0092,-0.1645525940851585,,,2.8098560754981436,1.0859844377581245,0.5021428464222648,-0.1645525940851585,1.7238716377400192,-0.5021428464222648,0.5232990481774913,1.0550397061000079,0.23173882598739856,-0.26869753217522463,0.8794205247787714,0.23668158726770744,-0.26869753217522474
FCX,Basic Materials,,0.03340869013112651,,-0.008128628136851883,,-0.008128628136851883,,,0.13783320314954975,0.033989201061590556,-0.02205,0.22534489559435567,,,-0.31328037492477206,0.9670978034250193,0.04676669457887097,0.22534489559435567,-1.2803781783497914,-0.04676669457887097,-0.43136665201794844,1.9092947750806335,0.4153558083477834,-0.6428345515391537,0.8185441631065125,0.4061162789738559,-0.445675649686178
FDS,Financial Services,,0.059215535561984195,,0.017678217294005802,,0.017678217294005802,,,0.21955032025322244,0.07403047898842018,-0.023475,0.13485701934239727,,,0.5886922050111396,-0.880381633707647,-0.10547494349850267,0.13485701934239727,1.4690738387187867,0.10547494349850267,0.6626673319241742,0.7630615128595615,0.23173720790353425,-0.46073759492297717,-0.1783092504316205,0.22749495379204834,-0.46073759492297717
FDX,Industrials,,0.06509214482954159,,0.0235548265615632,,0.0235548265615632,,,0.22290639328037581,0.01966301853282744,-0.031475,1.5366385254618722,,,-0.4304178834156364,-1.344430806928841,-0.4344281991730873,1.5366385254618722,0.9140129235132046,0.4344281991730873,1.0671462194246482,1.3389078077515608,0.32370343213921265,-0.523365953286935,0.003912002047061991,0.31797809093151636,-0.5177574068133924
FE,Utilities,,0.043137253467925386,,0.0015999351999469932,,0.0015999351999469932,,,0.18039952145128002,0.06289567041022325,-0.02815,-0.22332112412369137,,,2.456051768853188,-0.17019639968103703,-0.1010811937193613,-0.22332112412369137,2.626248168534225,0.1010811937193613,0.9813870565080858,0.40865989532797153,0.22758536853785294,-0.4535275464281119,1.1247591252089775,0.1836919538322281,-0.20882564233964107
FFIV,Technology,,0.04614633249170109,,0.004609014223722695,,0.004609014223722695,,,0.4165663389992598,0.12910803498046894,-0.0143,0.7947690056519903,,,0.7526511613419037,0.6908316682193859,-0.0639893130206945,0.7947690056519903,0.06181949312251778,0.0639893130206945,0.3554332621139421,1.0670901086127287,0.2505843985167784,-0.4652993770309697,0.5093668028876703,0.27824995021514,-0.45094194383536157
FI,Technology,,0.10423861727585948,,0.06270129900788109,,0.06270129900788109,,,0.16189350299936345,-0.12723594206621922,-0.027025,2.6784716767832255,,,-1.3360602707589289,-0.5676337008193633,-1.7196063666383543,2.6784716767832255,-0.7684265699395656,1.7196063666383543,1.107939316065135,0.8344106970727352,0.3253781108093157,-0.7297297292922911,-0.446952590778236,0.34831513905432265,-0.7297297292922911
FICO,Technology,,0.014695402298850574,,-0.02684191596912782,,-0.02684191596912782,,,0.8855645420812583,0.08964725007914767,-0.0052249999999999,-1.0328427443515122,,,2.7696401813699345,1.4750785504534216,-0.3537235084029251,-1.0328427443515122,1.2945616309165129,0.3537235084029251,0.17543225630658524,1.236570846030511,0.3009564970170111,-0.39507292413963113,2.6803587387212326,0.367584590048367,-0.39507292413963113
FIS,Technology,,0.0026242667984477507,,-0.03891305146953064,,-0.03891305146953064,,,0.1126651531504708,-0.03540667090583271,-0.04385,-1.6130042208179454,,,-1.6554969163277733,-1.9139722376153938,-1.2065660084529612,-1.6130042208179454,0.2584753212876205,1.2065660084529612,-0.3004983581215377,0.8723136878339217,0.27518038624998536,-0.6594469380579333,-0.5140814247616428,0.3081966449767453,-0.6594469380579334
FITB,Financial Services,,0.076743645485679,,0.0352063272177006,,0.0352063272177006,,,,-0.01533794112406336,0.00815,1.0602532990062414,,,,1.699075132864494,-1.141546128704913,1.0602532990062414,,1.141546128704913,0.6524105453434792,1.3113335424792143,0.3486673806239394,-0.518813876635624,1.0395083161122605,0.3093669774354271,-0.46785335224779856
FOX,Communication Services,,0.08254875651963386,,0.04101143825165547,,0.04101143825165547,,,,0.05566175131986164,-0.01715,1.19956981998008,,,,0.9194805653389722,0.19226985171802202,1.19956981998008,,-0.19226985171802202,0.4413739576484276,0.8584809872439851,0.26005060872879543,-0.3933142416927289,1.2486064396311782,0.21850338519705764,-0.27890557663188864
FOXA,Communication Services,,0.07442776882137017,,0.03289045055339178,,0.03289045055339178,,,,0.05566175131986164,-0.01715,0.9357210947968109,,,,0.9194805653389722,0.19226985171802202,0.9357210947968109,,-0.19226985171802202,0.3358344675751199,0.7979579810209725,0.25775855028915867,-0.38144021887460355,1.4411017596018065,0.22242715903138716,-0.3007491397024713
FRT,Real Estate,,0.04047668120228101,,-0.0010606370656973813,,-0.0010606370656973813,,,0.09707471490412783,0.024061629462994855,-0.024825,0.8963093778955903,,,-0.3754453027603586,0.4958721135876053,-0.38939024512618303,0.8963093778955903,-0.8713174163479639,0.38939024512618303,0.08787483364428718,1.035562654513073,0.23531329817974456,-0.5317832456991624,0.37618457296264163,0.22181450821206494,-0.31770515673263555
FSLR,Technology,,0.04651770781119513,,0.004980389543216737,,0.004980389543216737,,,0.15306050547361955,0.167400246317159,-0.0035499999999999,0.815489817483196,,,-1.3966880262112258,1.599083767314151,0.21836288293492406,0.815489817483196,-2.9957717935253765,-0.21836288293492406,-0.9157853670038569,1.4107518212194972,0.403998872672455,-0.6229302999051498,1.864604664178842,0.5364771496261019,-0.5370179747810004
FTNT,Technology,,0.030443819197063838,,-0.011093499070914555,,-0.011093499070914555,,,0.5195708901130762,0.3214369978517056,-0.038775,-0.12985688424117195,,,1.5099350308676844,-1.5786089434314794,1.2707507404164435,-0.12985688424117195,3.0885439742991636,-1.2707507404164435,0.9293246879399081,1.100686514865306,0.32721188608190155,-0.32372618955530796,2.3185913016048647,0.37442673772818275,-0.3237261895553081
FTV,Technology,,0.042748389997436256,,0.0012110717294578632,,0.0012110717294578632,,,0.21045398126581047,0.05549320219843795,-0.0265749999999999,0.601617897479248,,,-0.9789331760646292,-0.5239358315748276,-0.5993966219022978,0.601617897479248,-0.45499734448980156,0.5993966219022978,0.17852754557623812,1.1422511218897906,0.2479640575690829,-0.3582974845280569,-0.011028836174082568,0.23065232434822133,-0.2855497059499861
GD,Industrials,,0.042992435633894446,,0.0014551173659160532,,0.0014551173659160532,,,0.1366451954469249,0.026081310198044803,-0.011175,0.22105275764629756,,,-1.2973003686878004,0.8815923732163287,-0.349301623908819,0.22105275764629756,-2.178892741904129,0.349301623908819,-0.7132756689213688,0.7270713966548634,0.19107233520169065,-0.3823596796703589,1.5934764937913735,0.17369232452386404,-0.1819797941687018
GDDY,Technology,,0.04241460313395169,,0.000877284865973299,,0.000877284865973299,,,0.37595570299239767,0.07148499721571117,-0.0206,0.5823302348885964,,,0.41466483042466873,0.07070873999296289,-0.4851882263869562,0.5823302348885964,0.34395609043170583,0.4851882263869562,0.46755217540551214,0.9497756364100863,0.24410713694779404,-0.379120608658152,0.6599195028865374,0.30714267659163547,-0.3791206086581521
GE,Industrials,,0.024375956871163014,,-0.01716136139681538,,-0.01716136139681538,,,0.1264380019109926,0.016770841789106258,-0.0037,-0.9839247990350881,,,-1.3876815259171904,1.5938019097086695,-0.472563782722367,-0.9839247990350881,-2.9814834356258597,0.472563782722367,-1.4916505373199056,1.2339989563863965,0.3190536121092222,-0.7862552847999424,5.1937296980743595,0.320394597389385,-0.44641999391486853
GEHC,Healthcare,,0.06694044894885644,,0.025403130680878044,,0.025403130680878044,,,0.24391678306255973,0.11452969986186111,-0.0074749999999999,1.2759210516860808,,,-0.7292076943622807,1.1443966459123327,0.7491876420904345,1.2759210516860808,-1.8736043402746134,-0.7491876420904345,-0.38891084385350005,1.2551585815032453,0.2199854139672951,-0.24966605357611915,0.25691959453791546,0.2925692503724883,-0.24966605357611915
GEN,Technology,,0.03725261866306189,,-0.004284699604916502,,-0.004284699604916502,,,0.21528497822584505,0.06040964480165932,-0.0176,0.27864050144345487,,,-0.9413784283590239,0.37012406991861807,-0.5644601622547989,0.27864050144345487,-1.311502498277642,0.5644601622547989,-0.30025276628271513,0.9111236167536855,0.2931764458932576,-0.4396920668947588,0.5614819334964061,0.3228622682864854,-0.40418698347459114
GEV,Industrials,,0.009893415317740874,,-0.031643902950237515,,-0.031643902950237515,,,0.12654668438217176,0.1045950220594356,-0.018625,-1.7409051408689566,,,-1.3867353215116178,0.043912617328338656,0.6957068607549416,-1.7409051408689566,-1.4306479388399564,-0.6957068607549416,-1.4077626040345534,1.3544989249701134,0.21416007479976326,-0.18129152909537938,3.215663927262593,0.42234071480963253,-0.18129152909537938
GFS,Technology,,,,,,,,,0.09538614964948816,-0.06269872259719976,,,,,-1.756708561610819,,-1.370807950753427,,,1.370807950753427,0.2741615901506854,1.485720078728516,0.4235624733904968,-0.5374064942023261,-0.30077963361845494,0.4795936590449979,-0.5374064942023261
GILD,Healthcare,,0.0459441279725044,,0.004406809704526005,,0.004406809704526005,,,0.40174587349063917,0.03997834972657198,-0.034575,0.4205164774083363,,,0.5741427273014346,-1.0219242908480868,-0.2802010450642705,0.4205164774083363,1.5960670181495213,0.2802010450642705,0.8626736072359973,0.42697240199694075,0.19039920229742516,-0.338843090552431,1.3844691517662828,0.2313006400983878,-0.22582685114141166
GIS,Consumer Defensive,,0.11188809269463294,,0.07035077442665455,,0.07035077442665455,,,0.19901807260815954,0.03923296778011407,-0.0118,1.9753242063600973,,,-1.0460516588384658,0.8417016039210681,0.597872172432182,1.9753242063600973,-1.887753262759534,-0.597872172432182,-0.08454605704621106,0.25347266650002254,0.16185920178081759,-0.42018851926448697,-0.0838222187431863,0.16551758795292834,-0.4201885192644872
GL,Financial Services,,0.09119781835326242,,0.049660500085284026,,0.049660500085284026,,,,0.05337829447645247,-0.0112,1.6881943110870008,,,,0.1924830728762109,-0.3571991840862691,1.6881943110870008,,0.3571991840862691,0.7467175612520542,0.8142874548300811,0.24870668998546314,-0.3986039883534822,0.48131161444689297,0.24962462699238586,-0.3986039883534823
GLW,Technology,,0.010996723948113334,,-0.03054059431986506,,-0.03054059431986506,,,0.17612036079717636,0.05761801390779646,-0.0257249999999999,-1.2236502482640033,,,-1.235497103208939,-0.4407811941475599,-0.584317765523709,-1.2236502482640033,-0.7947159090613791,0.584317765523709,-0.6904829098254112,1.1491634390504932,0.21990959088589404,-0.393617268533098,1.6120543694481064,0.27966105928018503,-0.3483906996938241
GM,Consumer Cyclical,,0.07335689045936397,,0.03181957219138558,,0.03181957219138558,,,0.07312689274710707,0.02271731293911421,-0.0237,1.1960451763935027,,,-1.8662528565794336,0.00117357892481989,-0.5272197706317907,1.1960451763935027,-1.8674264355042536,0.5272197706317907,-0.16310854951794218,1.3824205025123186,0.30153753191704596,-0.518643527441787,0.6693140144360703,0.34157054734359543,-0.5186435274417871
GNRC,Industrials,,0.03870178543266564,,-0.0028355328353127512,,-0.0028355328353127512,,,0.33981709308393016,0.05279506017896419,-0.0223,-0.0650463754867979,,,0.8383459782676348,-0.38045079854093594,0.009591038380402827,-0.0650463754867979,1.2187967768085708,-0.009591038380402827,0.4595819528526286,1.3783677288981773,0.3882428583962637,-0.8313743579378452,-0.2797310348332097,0.5603342068766228,-0.8313743579378451
GOOG,Communication Services,,0.03353592989140457,,-0.008001388376573826,,-0.008001388376573826,,,0.47129818956279207,0.2104371097234612,-0.0226749999999999,-0.5487932569412757,,,1.259534039153769,0.5827269661349599,1.8668827676916686,-0.5487932569412757,0.6768070730188092,-1.8668827676916686,-0.3221710271073204,1.037670314361636,0.24180479395094656,-0.4015666235969084,2.1988145984759484,0.27584348583119706,-0.4015666235969084
GOOGL,Communication Services,,0.03364057114269144,,-0.00789674712528695,,-0.00789674712528695,,,0.47129818956279207,0.2104371097234612,-0.0226749999999999,-0.5450254357634585,,,1.259534039153769,0.5827269661349599,1.8668827676916686,-0.5450254357634585,0.6768070730188092,-1.8668827676916686,-0.3206638986361935,1.0412777928160342,0.24378411473352002,-0.40403668163329065,2.20055970467854,0.2753528801893976,-0.40403668163329054
GPC,Consumer Cyclical,,0.04066003356307049,,-0.0008772847049079019,,-0.0008772847049079019,,,0.4394892577912651,0.08276228069445583,-0.007775,-0.2940966332649659,,,0.38379212158394865,1.5656097082772455,-0.15574592134833376,-0.2940966332649659,-1.181817586693297,0.15574592134833376,-0.5592165037136384,0.9020916425761241,0.23722142109716476,-0.3793312862369864,0.47731224525463056,0.2465079996000026,-0.34152014065556646
GPN,Industrials,,0.07497040762220981,,0.03343308935423142,,0.03343308935423142,,,0.12779721515566006,-0.04401089703417144,-0.0241249999999999,1.9677288335241587,,,-1.3758228033510216,-0.5866198236167146,-1.2215918289203946,1.9677288335241587,-0.789202979734307,1.2215918289203946,0.7157287073000197,0.9961149409475478,0.31324146175241985,-0.6367380680427692,-0.5939911331095303,0.3253504729093681,-0.6367380680427692
GRMN,Technology,,0.04116126391560423,,-0.00037605435237416523,,-0.00037605435237416523,,,0.40758100603692143,0.16218639828658693,-0.0017,0.5094717683432887,,,0.6792659549570754,1.7276847984107744,0.18003422556696064,0.5094717683432887,-1.048418843453699,-0.18003422556696064,-0.25158567515755625,1.0000855119951777,0.2208390549963505,-0.5251667142342819,0.9216505130048491,0.2554008708232943,-0.525166714234282
GS,Financial Services,,0.06219955531907544,,0.02066223705109705,,0.02066223705109705,,,,0.07965581834776597,,0.2996056225171116,,,,,-0.03649891428831656,0.2996056225171116,,0.03649891428831656,0.12714203186450795,1.4256110071252617,0.25438547321725863,-0.3992746225982896,2.8422787417228617,0.2809276065876989,-0.27353923207388176
GWW,Industrials,,0.041265288267201355,,-0.00027203000077703765,,-0.00027203000077703765,,,0.7722437953739659,0.07004310344827586,-0.01145,0.1060785983496376,,,2.864355135278256,0.8523482142125429,0.24181608273226354,0.1060785983496376,2.012006921065713,-0.24181608273226354,0.7988709912196876,1.139640193859634,0.240126982633963,-0.34383875052794055,1.4066382989456998,0.26613434960924337,-0.20419398560899404
HAL,Energy,,0.07762060296292815,,0.03608328469494976,,0.03608328469494976,,,0.14955555117567063,0.0089456106870229,-0.026775,0.9021496875362016,,,-0.19401237300666627,1.0039552313470816,-0.7905347801758226,0.9021496875362016,-1.197967604353748,0.7905347801758226,0.039779789308146046,1.8260990613855643,0.4467949781112373,-0.8692086315754641,0.8117829528489102,0.4349778552545869,-0.5024093387126214
HAS,Consumer Cyclical,,-0.06465267186266963,,-0.10618999013064802,,-0.10618999013064802,,,0.4460673159946096,-0.24556952742613594,-0.021475,-2.832329994630686,,,0.4291080654255651,0.24312504813875224,-1.8853899082943513,-2.832329994630686,0.18598301728681288,1.8853899082943513,-0.6814608092786791,0.7412653005287224,0.31149900508025513,-0.5653369639005177,-0.004191428304379796,0.27668608472609285,-0.5167138110454005
HBAN,Financial Services,,0.08540471866394177,,0.043867400395963374,,0.043867400395963374,,,,0.05823442514390505,-0.0005749999999999,1.45526926887125,,,,1.0922087615349947,-0.2983321403897399,1.45526926887125,,0.2983321403897399,0.641774135626448,1.2208496295188715,0.3165067265916221,-0.4519048799911388,0.6266494485244309,0.2849522718972419,-0.3425498504632958
HCA,Healthcare,,0.04997797094500574,,0.008440652677027344,,0.008440652677027344,,,0.4989719100652103,0.03759215043831367,-0.0392,0.5957151347373182,,,1.3047162367329443,-1.3481830236468244,-0.31336526371748363,0.5957151347373182,2.652899260379769,0.31336526371748363,1.3621188107903317,1.472547462698093,0.28016523042226193,-0.3900655738024309,2.315894772444552,0.32862571028504595,-0.34243858112322034
HD,Consumer Cyclical,,0.039637844791658786,,-0.0018994734763196075,,-0.0018994734763196075,,,0.5608206037357134,0.033073126406872766,-0.02,-0.34235617936623447,,,1.1716952641516796,0.4019765219352035,-0.46399947150502824,-0.34235617936623447,0.7697187422164761,0.46399947150502824,0.26374491944110234,1.0505498525865336,0.21809565562412475,-0.33093714214763104,0.5095116173932819,0.23836265247402144,-0.3309371421476308
HIG,Financial Services,,0.08770573895998755,,0.04616842069200916,,0.04616842069200916,,,,0.058105406978215215,-0.0097,1.5509189799340595,,,,0.3258516562545579,-0.2998993379591799,1.5509189799340595,,0.2998993379591799,0.6803474595654597,0.8418275880055647,0.24076513121090523,-0.42674082876027375,2.2329669837460817,0.23743065955981632,-0.14068705894933942
HII,Industrials,,0.043158031093701664,,0.0016207128257232709,,0.0016207128257232709,,,0.12078272604588394,0.06967285587975243,-0.026025,0.2320474196964818,,,-1.436430190404968,-0.7952813486925254,0.23685164002246006,0.2320474196964818,-0.6411488417124427,-0.23685164002246006,-0.21101089681087634,0.6484400610201595,0.27537902895502153,-0.4517955282310945,1.1536830608796667,0.2939866649192521,-0.38306480858010084
HLT,Consumer Cyclical,,0.02524513323247155,,-0.016292185035506845,,-0.016292185035506845,,,0.19098192086927163,0.0106119336595285,-0.01815,-0.992339442433842,,,-1.2723453354224905,0.5979148018979297,-0.6005091607439701,-0.992339442433842,-1.8702601373204202,0.6005091607439701,-1.0249379997529109,1.2496796647681716,0.2827612914379922,-0.3837821968334285,1.669012195193726,0.2656628982551525,-0.2847810438054934
HOLX,Healthcare,,0.031174089710767693,,-0.0103632285572107,,-0.0103632285572107,,,0.2374964170065189,-0.009448712612906491,-0.024075,-0.23685982863723676,,,-0.7797127862004312,-0.1847866278333241,-0.9418566393601036,-0.23685982863723676,-0.594926158367107,0.9418566393601036,-0.14434306692971682,0.9906079515778571,0.25397310279773433,-0.3441704377072844,0.07189355443605794,0.20774730421029827,-0.3233345039248229
HON,Industrials,,0.048899879640575995,,0.007362561372597602,,0.007362561372597602,,,0.20146531051021252,0.13111396385351007,-0.02725,0.6074164997403084,,,-0.6598827194545253,-0.925698698664912,1.0236902262090886,0.6074164997403084,0.2658159792103867,-1.0236902262090886,0.14455494633846033,1.047037122254147,0.17795238020268506,-0.26855151259357923,0.11150746510877396,0.21061251441645382,-0.26855151259357946
HOOD,Financial Services,,0.015035286827425507,,-0.026502031440552888,,-0.026502031440552888,,,0.09153795559184415,-0.14564891404247085,-0.011275,-1.9452850836554711,,,-0.9347275841889123,0.18579006569450301,-2.1967953061430134,-1.9452850836554711,-1.1205176498834153,2.1967953061430134,-0.7869620321869519,2.42971324850734,0.5293081696006124,-0.8163357310610866,2.708676954519477,0.7504087373210262,-0.8163357310610866
HPE,Technology,,0.03624733357550018,,-0.005289984692478211,,-0.005289984692478211,,,0.13587974182570098,0.27095247485703017,-0.02575,0.2186142290837441,,,-1.510516618564938,-0.4432375016739802,0.9496070052608936,0.2186142290837441,-1.0672791168909577,-0.9496070052608936,-0.5293873561750642,1.355715383882073,0.2651975698349993,-0.4915638535161545,1.4721727708291117,0.30677879827774324,-0.27144774880760214
HPQ,Technology,,0.1042617933184592,,0.0627244750504808,,0.0627244750504808,,,0.2903258578213497,0.04716361438818676,-0.010825,2.678754247853213,,,-0.3230506334553124,1.011298390782789,-0.6581977222277474,2.678754247853213,-1.3343490242381013,0.6581977222277474,0.6694016338915942,1.1487822375105239,0.2568001117898175,-0.3823399232881125,0.41526710218069685,0.3026051330282711,-0.34859677206827655
HRL,Consumer Defensive,,0.06264185006751044,,0.021104531799532047,,0.021104531799532047,,,0.14645261452395203,0.029201722981343062,-0.00805,0.6714778837257731,,,-1.427359514762724,1.1495777135443341,0.421573344463446,0.6714778837257731,-2.576937228307058,-0.421573344463446,-0.8464984067252034,0.1253877622030084,0.20871274856044864,-0.5372717054387788,-0.4588469221963055,0.20848095326554986,-0.5372717054387784
HSIC,Healthcare,,0.04283727308255228,,0.0012999548145738865,,0.0012999548145738865,,,0.37925560899334265,0.06389620524826846,-0.02775,0.28348693447362855,,,0.390219362275984,-0.48843666909902983,0.054681423166403995,0.28348693447362855,0.8786560313750138,-0.054681423166403995,0.45392090170617616,0.8599946243305092,0.23052193618821656,-0.299744495728835,0.11802214671785416,0.26171284884485374,-0.27514624391240994
HST,Real Estate,,0.0543721968443644,,0.01283487857638601,,0.01283487857638601,,,0.24329778034015567,0.044571612799226244,-0.04805,1.547168063164508,,,2.4049710845725123,-1.734893284932704,0.007626185637025361,1.547168063164508,4.139864369505216,-0.007626185637025361,2.2732877359404844,1.2770192310636292,0.26028148956063374,-0.46765013163799174,0.5089189221890149,0.28743511240786296,-0.279773656730418
HSY,Consumer Defensive,,0.04425297446216593,,0.002715656194187538,,0.002715656194187538,,,0.3408387370018434,0.09907339706245509,-0.01875,0.05304935895886562,,,0.15109782394758403,0.22231174682088622,1.530820188905097,0.05304935895886562,-0.0712139228733022,-1.530820188905097,-0.31342986334679407,0.25112873764470905,0.16632538874167846,-0.4286560880896866,0.2894501611250917,0.18952820340606016,-0.4286560880896867
HUBB,Industrials,,0.03332396307348571,,-0.008213355194492684,,-0.008213355194492684,,,0.28188346119948565,0.04035391533390573,-0.009675,-0.42135982604326194,,,0.21930734443113153,1.037775408442495,-0.15814709432352073,-0.42135982604326194,-0.8184680640113635,0.15814709432352073,-0.46430173715714607,1.1036641339652429,0.2553703897221762,-0.278190959728961,2.099631695275658,0.2732340385941581,-0.27819095972896113
HUM,Healthcare,,0.05181717325779091,,0.010279854989812515,,0.010279854989812515,,,,0.005270197432775039,0.005675,0.6742904583435709,,,,1.9388717129649464,-0.7518187950370068,0.6742904583435709,,0.7518187950370068,0.4200799423448297,0.6622791082902972,0.24826126181065697,-0.5722773366580199,-0.3424584739562062,0.3167487209803629,-0.57227733665802
HWM,Industrials,,0.01650053198283774,,-0.025036786285140653,,-0.025036786285140653,,,0.20934840890546683,0.03436651371851297,-0.00965,-1.423478537104762,,,-0.5762981625322516,1.0403282821202626,-0.23858488748681994,-1.423478537104762,-1.6166264446525143,0.23858488748681994,-1.1683250152055467,1.6193060277262146,0.36099069001692635,-0.48093385245714615,7.929552543124391,0.3421889423076363,-0.2061204367096071
IBKR,Financial Services,,0.07088176828899638,,0.029344450021017987,,0.029344450021017987,,,0.05347648919040534,0.3280472454774311,-0.042425,0.765323695149269,,,-1.332058512036225,-2.101525684650887,2.2894029772714033,0.765323695149269,0.7694671726146622,-2.2894029772714033,0.15603575165129197,1.0359206522689368,0.2791121056168085,-0.43933903931516993,4.493026531359277,0.3361167969005406,-0.3052057681782093
IBM,Technology,,0.03149683349502862,,-0.010040484772949776,,-0.010040484772949776,,,0.2606377901818066,0.11010250433327357,-0.024675,-0.06661387833134183,,,-0.574265392979033,-0.3371108383235766,-0.20401999959203823,-0.06661387833134183,-0.23715455465545643,0.20401999959203823,-0.08070337327631166,0.9763886067347803,0.22709067248475265,-0.3190324225156548,2.173652211915904,0.2476126618507093,-0.16840945660224294
ICE,Financial Services,,0.03496644295302014,,-0.006570875314958251,,-0.006570875314958251,,,0.04897502821921613,0.0471593962900016,-0.00475,-1.1494638328596969,,,-1.3758317107548033,0.7541284173238136,-0.4321744205107536,-1.1494638328596969,-2.1299601280786167,0.4321744205107536,-1.2253347002731747,0.851141327103263,0.18658413757793144,-0.33885281342539986,0.5054102639268392,0.23138524671464702,-0.33885281342539975
IDXX,Healthcare,,0.016698425853852488,,-0.024838892414125905,,-0.024838892414125905,,,0.7536180236827125,-0.024619699683765137,-0.03965,-0.8600476878774199,,,2.48117080962436,-1.3780908908152147,-1.1293140023596926,-0.8600476878774199,3.859261700439575,1.1293140023596926,1.4255484054968006,1.2571287032229015,0.2905951919830885,-0.5198444081677885,0.5368345596834181,0.35239442327682663,-0.5198444081677889
IEX,Industrials,,0.03679447340418429,,-0.004742844863794102,,-0.004742844863794102,,,0.21649138182880515,0.1647891857096878,-0.014275,-0.1921550281963033,,,-0.49974642459513785,0.5426283761247388,1.4027169882079449,-0.1921550281963033,-1.0423748007198768,-1.4027169882079449,-0.774355329208061,1.0429709747391704,0.202432548758815,-0.31916429768917254,-0.07536720744428682,0.21974917084316137,-0.31916429768917254
IFF,Basic Materials,,-0.03129032258064518,,-0.07282764084862357,,-0.07282764084862357,,,0.14505093776829733,-0.11583116135802052,-0.045375,-1.5303822728987626,,,-0.20031615417725304,-1.95948925699215,-2.375863198275071,-1.5303822728987626,1.759173102814897,2.375863198275071,0.566688971621468,1.009923882013162,0.2835701720760161,-0.5460845529871741,-0.367115120139629,0.27915660326194464,-0.5460845529871743
INCY,Healthcare,,0.04038497701859137,,-0.001152341249387026,,-0.001152341249387026,,,0.7733062459496606,0.24873444888168805,-0.0026999999999999,0.17444811682297548,,,2.531087676867289,1.4677744253325842,2.1237824420589098,0.17444811682297548,1.063313251534705,-2.1237824420589098,0.0703480589312902,0.8765732286837582,0.3178200811083023,-0.621206623609069,0.25360778577266885,0.26569601615940813,-0.42005571880712456
INTC,Technology,,-0.06465267186266963,,-0.10618999013064802,,-0.10618999013064802,,,0.0815447818696445,-0.06636599500497078,-0.0366,-2.8807778420961725,,,-1.8336420655945542,-1.414660197911735,-1.3921445717558671,-2.8807778420961725,-0.4189818676828192,1.3921445717558671,-1.0414749695604235,1.0451075487475685,0.3514880175813666,-0.6662017197617945,-0.1276519946605994,0.439113269209677,-0.6662017197617944
INTU,Technology,,0.0210680442542291,,-0.020469274013749292,,-0.020469274013749292,,,0.43295334691459697,0.150192954064484,-0.006725,-0.6815602825670919,,,0.8839896288543101,1.3580599654915018,0.09166297364761514,-0.6815602825670919,-0.47407033663719167,-0.09166297364761514,-0.4805848424112365,1.1260770710766101,0.2104015546941533,-0.40760653355691456,0.901955887073024,0.27876128817351153,-0.40760653355691456
INVH,Real Estate,,0.03498750417679385,,-0.00654981409118454,,-0.00654981409118454,,,0.08345320717619216,-0.030013238948757508,-0.034825,0.6052057730693351,,,-0.7073374776471127,-0.5607525238875865,-1.3420629592446267,0.6052057730693351,-0.1465849537595263,1.3420629592446267,0.4518609195728489,0.8230685963358373,0.20466745942002124,-0.33041203933379737,0.13040497980516097,0.20827760844984522,-0.33041203933379737
IP,Consumer Cyclical,,-0.024671916998592065,,-0.06620923526657047,,-0.06620923526657047,,,0.19171460561368286,0.837401899145818,-0.039125,-2.44144379552918,,,-1.2681252470762747,-1.523843209644819,2.729644823572398,-2.44144379552918,0.2557179625685442,-2.729644823572398,-1.420219297898734,1.1206269390131034,0.2718550366410454,-0.46219907800792925,-0.0030971037702933746,0.3169617001009498,-0.4621990780079295
IPG,Communication Services,,0.04634721297848155,,0.004809894710503158,,0.004809894710503158,,,0.10653003956205723,0.0008993757274362501,-0.0170999999999999,-0.07786891735053604,,,-1.6833249800646073,0.9224297042011886,-0.5079311572616495,-0.07786891735053604,-2.605754684265796,0.5079311572616495,-0.971863209194203,1.0131162416569726,0.24022726894255098,-0.33135872741028793,0.3766700735241799,0.24667966251826282,-0.3313587274102878
IQV,Healthcare,,0.0327853263322421,,-0.008751991935736295,,-0.008751991935736295,,,0.19546863213763144,0.08462762330479581,-0.0311,-0.1651168966320138,,,-1.0976248745823347,-0.7567131949370685,0.34414902284904914,-0.1651168966320138,-0.34091167964526625,-0.34414902284904914,-0.27124123508072184,1.3866152225425905,0.24816649717276829,-0.5026228307037061,0.24539913529016721,0.31810464370826214,-0.5026228307037062
IR,Industrials,,0.01651612903225807,,-0.025021189235720324,,-0.025021189235720324,,,0.1773214322581533,0.012366510637105138,-0.01985,-1.4226713894105152,,,-0.908776362904208,-0.09819116005209452,-0.530334714603203,-1.4226713894105152,-0.8105852028521136,0.530334714603203,-0.787235693984411,1.435662989096085,0.2748557818914732,-0.40861774385138394,0.759104045041576,0.27070612811369604,-0.3192489359114077
IRM,Real Estate,,0.001344602346397803,,-0.040192715921580593,,-0.040192715921580593,,,0.18824220644942327,0.12299566525930357,-0.03255,-1.217435830154866,,,1.6956723141080734,-0.32321977544290703,1.4130634217476143,-1.217435830154866,2.0188920895509805,-1.4130634217476143,0.03796981940892302,0.9553542819779677,0.23843486845329065,-0.30159099451752913,3.719868238674482,0.2680241949414567,-0.2937425819358649
ISRG,Healthcare,,0.01351785714285714,,-0.028019461125121253,,-0.028019461125121253,,,0.32116430429865744,0.21101027633799602,-0.01235,-0.988774268039397,,,-0.09536209488891875,0.7787761175364742,1.8254696696905308,-0.988774268039397,-0.874138212425393,-1.8254696696905308,-1.1102589261240223,1.310132446530457,0.2661273806073628,-0.4809625345248424,1.3138902668490204,0.3540774256275826,-0.4809625345248426
IT,Technology,,0.07034739768729789,,0.028810079419319498,,0.028810079419319498,,,0.5258556724788355,0.12072576116222557,-0.023075,1.916910106291581,,,1.550206590893283,-0.17764054198015636,-0.12581967922925055,1.916910106291581,1.7278471328734393,0.12581967922925055,1.4830668315118585,1.327275627223895,0.3132386209922634,-0.5752445515811313,0.5169079429224919,0.3304001110236287,-0.5752445515811313
ITW,Industrials,,0.04643773573224938,,0.004900417464270987,,0.004900417464270987,,,0.44270674764048906,0.030236887719072993,-0.0139999999999999,0.44813745280737505,,,1.7487739355292635,0.5734334232430294,-0.2938709322493982,0.44813745280737505,1.1753405122862342,0.2938709322493982,0.7081653724873234,1.110978840720796,0.20081248702785492,-0.25379504616173576,0.30473120203236803,0.22081370002787307,-0.25379504616173587
IVZ,Financial Services,,0.0543431730591953,,0.01280585479121691,,0.01280585479121691,,,0.07388081186123506,0.04892960732637407,-0.07925,-0.13545212804181753,,,-1.1248398680047023,-2.8851076684040184,-0.41088445959316017,-0.13545212804181753,1.7602678003993162,0.41088445959316017,0.7321031608616315,1.5166858575114999,0.3462836114078409,-0.7465331991982239,0.757911174245333,0.38125978653343634,-0.5041785171660387
J,Industrials,,0.032276995176706354,,-0.00926032309127204,,-0.00926032309127204,,,0.20688582004687675,-0.2415855887944743,-0.020975,-0.4896566573249405,,,-0.6025158346235798,-0.22832243778017527,-2.601066987297119,-0.4896566573249405,-0.3741933968434046,2.601066987297119,0.17467337579208575,0.8577999820637203,0.1997219566261709,-0.23581684759104016,0.7851763733157857,0.20441067610616753,-0.23329200006301465
JBHT,Industrials,,0.03240523971944035,,-0.009132078548538043,,-0.009132078548538043,,,0.2492256909885723,-0.020763841689757933,-0.064175,-0.48131732752814843,,,-0.14184450477182148,-2.8231504442741198,-0.94930111728898,-0.48131732752814843,2.6813059395022982,0.94930111728898,1.0698556682474558,1.1476492101979754,0.22687906153446893,-0.3607030727018956,0.3232956951922381,0.2809040550156819,-0.3607030727018954
JBL,Technology,,0.027701089392253814,,-0.013836228875724579,,-0.013836228875724579,,,0.1048027564868856,0.06521863717118459,-0.0358,-0.29390100186497875,,,-1.7022629983043305,-1.3513963011579198,-0.5301329282909241,-0.29390100186497875,-0.3508666971464107,0.5301329282909241,-0.15188049394637101,1.300005439372677,0.298221966463969,-0.4040813302588747,4.696067052845212,0.3316655884778789,-0.2700676524035035
JCI,Industrials,,0.027402862985685072,,-0.014134455282293321,,-0.014134455282293321,,,0.17958054094621614,0.001569532602423543,-0.0143499999999999,-0.7997521839403119,,,-0.8859978294758533,0.5342061240366671,-0.6701690907083322,-0.7997521839403119,-1.4202039535125204,0.6701690907083322,-0.7539486368394666,1.2065467399435894,0.27634026251270477,-0.40354112266568354,1.9382784734827783,0.28538322779208036,-0.40354112266568354
JKHY,Technology,,0.03799751171667163,,-0.0035398065513067636,,-0.0035398065513067636,,,0.34343903308226986,0.04085818988052923,-0.0476,0.3229765981937464,,,0.13561529236533104,-2.1197365968482034,-0.7023617298550933,0.3229765981937464,2.2553518892135345,0.7023617298550933,1.171803740933931,0.6243487832613583,0.19424669593985805,-0.3109871808492557,0.06273160487746487,0.2105624267200352,-0.31098718084925625
JNJ,Healthcare,,0.05552875378300509,,0.013991435515026698,,0.013991435515026698,,,0.3302752293577982,0.0679283000530129,-0.019625,0.8298275264730871,,,-0.018882608921308216,0.1874467552706361,0.11123037598284849,0.8298275264730871,-0.2063293641919443,-0.11123037598284849,0.2271531897158874,0.5232515291435045,0.15656861342611567,-0.1566924143187729,0.4769667192265832,0.16108026826852642,-0.15669241431877312
JPM,Financial Services,,,,,,,,,,0.09883627890204279,,,,,,,0.19853522809903562,,,-0.19853522809903562,-0.039707045619807126,1.1558090297070671,0.21926063520352065,-0.3711083759494158,2.0349392726692304,0.24081436300351294,-0.3711083759494157
K,Consumer Defensive,,0.04583633510748347,,0.004299016839505079,,0.004299016839505079,,,0.28704412139760266,0.037388064579384275,-0.023725,0.10725362840153904,,,-0.31907333556991985,-0.23647327523505365,0.5657296283422075,0.10725362840153904,-0.0826000603348662,-0.5657296283422075,-0.10328449844177237,0.41565990197968805,0.16169285675715772,-0.2995842404781316,0.6357177699004941,0.21504317218884814,-0.2749077689429301
KDP,Consumer Defensive,,0.02157164945105682,,-0.019965668816921574,,-0.019965668816921574,,,0.16165067805709218,0.03866727800703042,-0.0086999999999999,-0.7102512971553829,,,-1.3221501062625318,1.0979481101170843,0.5880313318514566,-0.7102512971553829,-2.420098216379616,-0.5880313318514566,-1.3697460717842909,0.5089480890769352,0.16843990488163835,-0.29866870362287234,-0.0375538473864363,0.18756820428802265,-0.29866870362287246
KEY,Financial Services,,0.004424778779733619,,-0.03711253948824478,,-0.03711253948824478,,,,-0.010408108829021072,0.0016249999999999,-2.24470338631664,,,,1.258965175967941,-1.0894265183534488,-2.24470338631664,,1.0894265183534488,-0.6799960508559661,1.3450922231135753,0.35632458955189256,-0.6074480115858978,0.47089763510480975,0.35694211262330405,-0.6074480115858978
KEYS,Technology,,0.017415823989817013,,-0.02412149427816138,,-0.02412149427816138,,,0.32829677225038906,0.1424434195001609,-0.008475,-0.8860529756403538,,,0.0045599063215914755,1.2146815786064358,0.034467621103719884,-0.8860529756403538,-1.2101216722848442,-0.034467621103719884,-0.8453633833908232,1.1272050304214234,0.26334419244721535,-0.4089874277357667,0.5067476985814634,0.27547996623767745,-0.4089874277357668
KHC,Consumer Defensive,,-0.06465267186266963,,-0.10618999013064802,,-0.10618999013064802,,,0.0995446046548975,-0.0812640066668919,-0.005625,-2.5242314002391337,,,-1.7242221362463002,1.335089681124251,-1.4449766212113468,-2.5242314002391337,-3.059311817370551,1.4449766212113468,-1.9444219628016048,0.5469210243327437,0.2789911948509473,-0.6995845806448602,-0.08462024510438737,0.20531503741973328,-0.32864377183077664
KIM,Real Estate,,0.04138266612040105,,-0.00015465214757734436,,-0.00015465214757734436,,,0.07219140057288097,0.014990532540798825,-0.0168,0.9427980431268086,,,-0.9689068434499424,1.2718086438287746,-0.5614706618891419,0.9427980431268086,-2.2407154872787167,0.5614706618891419,-0.4068728452829349,1.2551741590359855,0.2896293854602634,-0.6298739857176753,0.7585448767644956,0.23047031446530583,-0.2593348957340549
KKR,Financial Services,,0.02176063309133545,,-0.019776685176642942,,-0.019776685176642942,,,0.03926322395402648,0.09297348503811294,-0.011975,-1.7112254385225252,,,-1.4677735163386498,0.12324135929382293,0.12681913496150996,-1.7112254385225252,-1.5910148756324727,-0.12681913496150996,-1.3462599526543013,1.713899081570975,0.30167896812020156,-0.4547697471972858,2.3372323120436604,0.3932709395441649,-0.4547697471972859
KLAC,Technology,,0.0254489388238873,,-0.016088379444091094,,-0.016088379444091094,,,0.47816176470825655,0.041102620094409806,-0.0195,-0.4273329267059538,,,1.2264327041108491,0.18097756751455574,-0.7006555520994415,-0.4273329267059538,1.0454551365962934,0.7006555520994415,0.38737999437602416,1.348639333833225,0.2558102925052005,-0.28965610049570634,3.9900007547972542,0.318173946354108,-0.28965610049570634
KMB,Consumer Defensive,,0.06990852293376928,,0.02837120466579089,,0.02837120466579089,,,0.39816131881953076,-0.029456018518518517,-0.0303249999999999,0.9031215102607695,,,0.6435076154669757,-0.8250031346481825,-0.6280976334512004,0.9031215102607695,1.4685107501151582,0.6280976334512004,1.074272430840611,0.38237354717619165,0.17232089941391598,-0.2636419739795939,-0.10871836039285843,0.19910266126566184,-0.263641973979594
KMI,Energy,,0.045951037101990916,,0.004413718834012523,,0.004413718834012523,,,0.12001045387228852,0.023606121467568103,-0.020175,-0.5405804246332572,,,-0.6528094868656064,1.3698518255876744,-0.7238006847683592,-0.5405804246332572,-2.022661312453281,0.7238006847683592,-0.8805365578809435,0.8829989874802326,0.29768201357905516,-0.39727960303965915,1.470340676525895,0.21087897218125828,-0.14880646921618157
KO,Consumer Defensive,,0.042664774908539184,,0.0011274566405607908,,0.0011274566405607908,,,0.28007285692140754,0.03093812375249501,0.008725,-0.0013553565156215772,,,-0.3793464541934553,2.178345732989258,0.45234096334756896,-0.0013553565156215772,-2.557692187182713,-0.45234096334756896,-1.114087210148848,0.48279224054069925,0.17442213790885383,-0.23564934164696416,0.578096054815328,0.167449031804106,-0.12843550867917108
KR,Consumer Defensive,,0.061623783304991006,,0.020086465037012613,,0.020086465037012613,,,0.61265955145309,0.041735513092160254,-0.05525,0.6382622432853436,,,2.064681205334046,-2.345357844223837,0.6412436232799559,0.6382622432853436,4.4100390495578825,-0.6412436232799559,1.8910717924812996,0.46619546430103753,0.24725039984372366,-0.5077193211786674,1.1765669343431093,0.23673484962233005,-0.23227925121136872
KVUE,Consumer Defensive,,0.04206161346561081,,0.0005242951976324184,,0.0005242951976324184,,,0.33162441580512675,0.0260560450780925,-0.0191,-0.022018713706698886,,,0.07044919059559392,0.19012523073088977,0.3656077940285112,-0.022018713706698886,-0.11967604013529586,-0.3656077940285112,-0.12979946034250014,0.521315748617934,0.33258287324590297,-0.4071680944222946,-0.2667038590848707,0.33712095993431146,-0.4071680944222946
L,Financial Services,,0.061506971685790605,,0.019969653417812212,,0.019969653417812212,,,,0.04454889768928038,-0.007175,0.26149319565954304,,,,0.5471809415716347,-0.4634887997849243,0.26149319565954304,,0.4634887997849243,0.19729503822080208,0.751263504010512,0.184214600922684,-0.38849028966406407,1.4927203840739374,0.1689518529617992,-0.2381470363348207
LDOS,Technology,,0.053609504665674254,,0.012072186397695861,,0.012072186397695861,,,0.2251635707302399,0.0495778139282671,-0.002975,1.193246545862433,,,-0.8635688490672586,1.6400000906637189,-0.6412074724933314,1.193246545862433,-2.5035689397309775,0.6412074724933314,-0.39588746304875144,0.8145313560289336,0.2575449884018002,-0.2885437376749749,1.0899686924356398,0.2609845390289774,-0.2885437376749749
LEN,Consumer Cyclical,,0.08301110445635719,,0.0414737861883788,,0.0414737861883788,,,0.08567261493532947,-0.11102618802736239,-0.0348249999999999,1.5586967470852757,,,-1.8112927566305295,-1.149463871356081,-1.2838666135036447,1.5586967470852757,-0.6618288852744485,1.2838666135036447,0.6155204674250598,1.5027058753592906,0.3153699782352749,-0.4243519452336725,0.7789171137369904,0.33078447588080634,-0.408989884620935
LH,Healthcare,,0.03482114576406188,,-0.006716172503916512,,-0.006716172503916512,,,0.20892654620729142,0.08063522076554394,-0.006,-0.07420747117498401,,,-0.9984169140311806,1.248268698542437,0.28873737520528686,-0.07420747117498401,-2.2466856125736174,-0.28873737520528686,-0.986104708540498,1.0445224128735013,0.24712554524156014,-0.34445364680043655,0.5367994261170723,0.2198408935463507,-0.34445364680043655
LHX,Industrials,,0.03079199025403001,,-0.010745328013948383,,-0.010745328013948383,,,0.13225306230391037,-0.010010322394795592,-0.014325,-0.5856243211024029,,,-1.3365645224977238,0.537014515015689,-0.8167948240116524,-0.5856243211024029,-1.8735790375134127,0.8167948240116524,-0.8203223786439958,0.7271961342411877,0.20230667917719178,-0.2854487657151904,0.6692224316463495,0.2318274112709354,-0.2854487657151906
LII,Industrials,,0.048128885338362765,,0.0065915670703843715,,0.0065915670703843715,,,0.5167169314263915,0.13370992271640958,-0.007175,0.5578761970036977,,,2.205770969763881,1.284140159803818,1.0545178095751035,0.5578761970036977,0.921630809960063,-1.0545178095751035,0.38089924087048355,1.0058652211020553,0.21106893611590907,-0.40245510121898087,0.8152496563149418,0.2530782681085032,-0.40245510121898087
LIN,Basic Materials,,0.03438681521055683,,-0.007150503057421563,,-0.007150503057421563,,,0.1943555320914096,0.07309106775540734,-0.03155,0.25410306810441297,,,0.569833741067868,-0.35790977039143035,0.8757395239412629,0.25410306810441297,0.9277435114592983,-0.8757395239412629,0.297590727037232,0.8279812796798247,0.1820268767499821,-0.21255491520641667,0.7572681479085812,0.2025031749493918,-0.21255491520641656
LKQ,Consumer Cyclical,,0.09022060995337017,,0.048683291685391775,,0.048683291685391775,,,0.3562441375295145,0.048188810729077644,-0.012425,1.7949028275192824,,,-0.1980123698304032,1.165375696907926,-0.3709733996159785,1.7949028275192824,-1.3633880667383294,0.3709733996159785,0.24680058423557694,1.2910889306196436,0.33083261935778024,-0.5120151463930492,-0.04920422207880415,0.28256862454779325,-0.46715635279404844
LLY,Healthcare,,0.016551813755119053,,-0.02498550451285934,,-0.02498550451285934,,,0.5108213602171816,0.4041444289236283,0.012568500000000002,-0.8660628310970411,,,1.3842275568570601,2.2346464148740273,2.7695337207984316,-0.8660628310970411,-0.8504188580169671,-2.7695337207984316,-1.2404994198052897,0.35148652985889245,0.2284012740258211,-0.23107598000793494,5.677925827025564,0.3162079408130718,-0.23107598000793472
LMT,Industrials,,0.0391840291498629,,-0.002353289118115491,,-0.002353289118115491,,,0.10347809207856147,0.06888662938485003,-0.02285,-0.032853149555336046,,,-1.5795553391465926,-0.44306492330809094,0.2263052718143542,-0.032853149555336046,-1.1364904158385016,-0.2263052718143542,-0.512998480520406,0.5918471075366659,0.18674403016842409,-0.2649394330697874,0.4298342067012675,0.22432498453990832,-0.2649394330697875
LNT,Utilities,,0.03964954180577604,,-0.0018877764622023535,,-0.0018877764622023535,,,0.08469352318110783,0.08765341637662576,-0.024425,-0.47411339290657917,,,-0.5932047309235711,0.3991743282200543,0.7779177967541686,-0.47411339290657917,-0.9923790591436253,-0.7779177967541686,-0.7421805401709156,0.4794492038731674,0.16940764327927627,-0.2092363712660914,0.5059001529378597,0.19039407467766162,-0.20923637126609163
LOW,Consumer Cyclical,,0.05228169415225045,,0.010744375884272059,,0.010744375884272059,,,0.6223621066445718,0.03738816931499533,-0.03185,0.259245731371859,,,1.5159738632758513,-0.8620563469040057,-0.4375283080982511,0.259245731371859,2.378030210179857,0.4375283080982511,1.1424160382403366,1.1681361086241138,0.23147026334181914,-0.31927028820052994,0.6405715877778264,0.2406521103670969,-0.31927028820052994
LRCX,Technology,,0.06840288410732309,,0.0268655658393447,,0.0268655658393447,,,0.4451360474977219,0.1387340483148115,-0.023925,1.8459994007680132,,,0.9793158712400514,-0.26254287353063055,0.007079217312256232,1.8459994007680132,1.241858744770682,-0.007079217312256232,1.233727414753027,1.5513849444463643,0.31681318900612065,-0.4857309616373485,2.7211599876212698,0.39083273933205814,-0.48573096163734863
LULU,Consumer Cyclical,,0.10786732964126924,,0.06633001137329085,,0.06633001137329085,,,0.8695925767274003,0.11555284702930768,-0.034425,2.247924402838261,,,2.437945297502904,-1.112065093812733,0.04991491941476834,2.247924402838261,3.550010391315637,-0.04991491941476834,2.3091909337786056,1.11846933832182,0.35819270117906515,-0.675076762490233,-0.5512668026172474,0.38425330051212153,-0.6750767624902327
LUV,Industrials,,0.0212634817805008,,-0.020273836487477593,,-0.020273836487477593,,,0.14005409091257345,-0.19264404015409273,-0.0360749999999999,-1.1650016016382294,,,-1.2664434196017234,-1.735677459341104,-2.402374720676456,-1.1650016016382294,0.4692340397393806,2.402374720676456,0.20216791937575168,1.2026867736257023,0.3309788636343803,-0.6430441999644192,-0.25061840079207476,0.3575165475616904,-0.6382090517720661
LVS,Consumer Cyclical,,0.030210090901060638,,-0.011327227366917755,,-0.011327227366917755,,,0.2695113784555377,0.03490740302183489,-0.042775,-0.7759959589742854,,,-0.7880673511720409,-1.7988630493331983,-0.4527556626852669,-0.7759959589742854,1.0107956981611574,0.4527556626852669,0.18447102821180222,1.1467474436208092,0.325562293615715,-0.5367918006453896,0.22590497248377672,0.38737031509043035,-0.46341852565154384
LW,Consumer Defensive,,0.033322653973335496,,-0.008214664294642897,,-0.008214664294642897,,,0.18776987683109522,-0.036712146422628954,-0.0345,-0.3201836711098909,,,-1.1316439350198655,-1.1675942211187402,-0.7524805396913588,-0.3201836711098909,0.03595028609887474,0.7524805396913588,0.036802753933865284,0.5973094506285025,0.34183486369055976,-0.5347930474822986,-0.06347513488670709,0.3123339535185175,-0.5347930474822986
LYB,Basic Materials,,-0.06465267186266963,,-0.10618999013064802,,-0.10618999013064802,,,0.0927342389411355,-0.04619037340815886,-0.0334249999999999,-2.1370984423331865,,,-0.98739678611088,-0.6194948494872993,-1.5437562478932256,-2.1370984423331865,-0.3679019366235807,1.5437562478932256,-0.6932489020040618,1.152895461429241,0.2893926990747936,-0.5410572287294287,-0.3088918538669989,0.24749327376005348,-0.530911205918918
LYV,Communication Services,,0.008896164321885208,,-0.03264115394609318,,-0.03264115394609318,,,0.2838741759863994,0.13182512511987884,-0.036425,-1.364827193640712,,,-0.3239977294925994,-0.30412066001507126,1.1171891040991557,-1.364827193640712,-0.019877069477528153,-1.1171891040991557,-0.7773195260671273,1.292253256720411,0.263759141995592,-0.43900017422197946,1.140289280137297,0.341337559621563,-0.43900017422197957
MA,Financial Services,,0.02686740363992783,,-0.014669914628050562,,-0.014669914628050562,,,0.47431858579339103,0.2149150780714809,-0.0518249999999999,-1.50969926204882,,,2.5328403170741005,-2.4523007707322475,1.4812378378517812,-1.50969926204882,4.985141087806348,-1.4812378378517812,1.0939291627326548,1.023896491152631,0.22957521391714752,-0.26194172384982395,0.6873862991369655,0.22026314023023588,-0.26194172384982384
MAA,Real Estate,,0.03756267049181909,,-0.003974647776159301,,-0.003974647776159301,,,0.058562642992576165,0.02358671080450895,-0.0327,0.7436493783715774,,,-1.2644915754652373,-0.3390428889867641,-0.3984751046493614,0.7436493783715774,-0.9254486864784732,0.3984751046493614,0.006975297687113913,0.7186704635169909,0.1929977120953146,-0.45101808531696497,0.2224798087596198,0.21471154042556512,-0.45101808531696486
MAR,Consumer Cyclical,,0.030498694492067754,,-0.011038623775910639,,-0.011038623775910639,,,0.19551812302601895,0.062237762237762236,-0.0065,-0.7631218846417297,,,-1.2461198221321557,1.66426361630394,-0.2838538088422018,-0.7631218846417297,-2.910383438436096,0.2838538088422018,-1.41263136746269,1.4942878144080414,0.29550213568747125,-0.5039953938869266,1.3740515641070155,0.28558730105265295,-0.23242318254751237
MAS,Industrials,,0.06081625904052147,,0.01927894077254308,,0.01927894077254308,,,0.5366301250784759,-0.014352283317800559,-0.0033749999999999,1.3159311474028093,,,2.301717686952312,1.6206883032939263,-0.8707496010622385,1.3159311474028093,0.6810293836583856,0.8707496010622385,0.9729341326369256,1.3186558034645595,0.25504805541614645,-0.33936977319255524,0.26423743688754064,0.29224931275999866,-0.3308688284400798
MCD,Consumer Cyclical,,0.037842888144614575,,-0.0036944301233638177,,-0.0036944301233638177,,,0.26145274998019696,0.10694968495009387,-0.025875,-0.42665198436425456,,,-0.840453912217175,-0.2353783601703776,-0.00407706542293479,-0.42665198436425456,-0.6050755520467974,0.00407706542293479,-0.4118756014798339,0.5504882854642981,0.14423933014579332,-0.23177028791414556,0.5355957869267298,0.1638654620526244,-0.13003317975552375
MCHP,Technology,,-0.013681592336552277,,-0.05521891060453067,,-0.05521891060453067,,,0.14982973156345056,-0.05430658408934513,-0.0451499999999999,-2.188517373933674,,,-1.4185094918431007,-1.9892536728803214,-1.3213187362716017,-2.188517373933674,0.5707441810372207,1.3213187362716017,-0.3828455299042609,1.5927943134856042,0.30831028867864213,-0.516575285190126,-0.08208078704259592,0.3652364654885372,-0.5165752851901257
MCK,Healthcare,,0.02930785606193681,,-0.012229462206041583,,-0.012229462206041583,,,0.17935664969779405,0.1345193246825729,-0.013575,-0.31961213736027205,,,-1.2128376851141227,0.6822704751179591,1.0055274884869385,-0.31961213736027205,-1.8951081602320818,-1.0055274884869385,-1.0869936167343293,0.6667619047228535,0.24397337856626608,-0.425345118452074,3.8741777075309107,0.2254614847245295,-0.19767279561686601
MCO,Financial Services,,0.025472354850920847,,-0.016064963417057546,,-0.016064963417057546,,,0.3438899396996298,0.03157263704789183,-0.0149,-1.5667790928765102,,,1.8225156574448333,-0.13865942444437912,-0.6174882391611435,-1.5667790928765102,1.9611750818892124,0.6174882391611435,0.2812560434373097,1.3144084017426754,0.23953821074630322,-0.39334556029558454,0.7985349987700547,0.2551954713284348,-0.39334556029558454
MDLZ,Consumer Defensive,,0.047743966167011126,,0.006206647899032733,,0.006206647899032733,,,0.1721381866125038,-0.028401006895042137,-0.0173749999999999,0.17246266883621492,,,-1.247091199543466,0.3481923696078882,-0.6098113870956463,0.17246266883621492,-1.595283569151354,0.6098113870956463,-0.4471660827069265,0.4958481754852271,0.15689322575955353,-0.21010943952410666,0.12449714415690982,0.18469280207691494,-0.21010943952410654
MDT,Healthcare,,0.03926247418459395,,-0.0022748440833844433,,-0.0022748440833844433,,,0.24625345013469657,0.013626892778749624,-0.017525,0.12436476232899651,,,-0.7107151496199354,0.3618082385045482,-0.6408611997722181,0.12436476232899651,-1.0725233881244836,0.6408611997722181,-0.25109121036375126,0.7017175305592663,0.19394823974333356,-0.4349995658502718,-0.06046006897878253,0.2113210064463033,-0.434999565850272
MELI,Consumer Cyclical,,,,,,,,,0.40767549723833324,0.6449326010983525,,,,,0.16248118973904624,,2.427040265853794,,,-2.427040265853794,-0.4854080531707588,1.5409263478021469,0.3287610007933095,-0.6589627503979238,0.3574708254593222,0.43467945953242476,-0.6589627503979238
MET,Financial Services,,0.07629678113697111,,0.034759462868992716,,0.034759462868992716,,,,0.03954894227852222,-0.0073,1.0384808266380177,,,,0.5363466626472426,-0.5231725201613553,1.0384808266380177,,0.5231725201613553,0.5200268346874781,1.0730667134516911,0.2769658155129687,-0.39487934935039126,0.9240202369302677,0.25627758011056795,-0.34306498948486663
META,Communication Services,,0.04432934813010322,,0.0027920298621248243,,0.0027920298621248243,,,0.5292558643115207,0.2801709535350377,-0.039075,-0.15290886798319855,,,1.652159528384962,-0.47373820781982445,2.3195061484220747,-0.15290886798319855,2.125897736204786,-2.3195061484220747,0.3252943176042201,1.2355044093135448,0.33775693937767987,-0.7544414341440263,1.258521536125912,0.41180800605143886,-0.7544414341440262
MGM,Consumer Cyclical,,0.05572565855796265,,0.01418834028998426,,0.01418834028998426,,,0.18358083846884896,-0.0027756718980092077,-0.014775,0.4215368360128277,,,-1.3146281466006189,0.9410183813133071,-0.6806974068673801,0.4215368360128277,-2.255646527913926,0.6806974068673801,-0.5975043953869632,1.939116154978131,0.3777202697307357,-0.6624204804463965,0.15694410877429132,0.37417483684515207,-0.41619068106358603
MHK,Consumer Cyclical,,0.06927960098316634,,0.027742282715187944,,0.027742282715187944,,,0.19610691622043167,0.03759149371969035,-0.026225,1.0281916071006574,,,-1.2426986972152891,-0.27324757252016096,-0.43627923590621404,1.0281916071006574,-0.9694511246951282,0.43627923590621404,0.11075204014345454,1.3758915747380513,0.39463684405328414,-0.7302289309808776,-0.13621552205539555,0.38728925634018185,-0.6184735141076447
MKC,Consumer Defensive,,0.044280442181120004,,0.002743123913141611,,0.002743123913141611,,,0.19852039705607138,0.015614894206781853,0.004925,0.05399007807588119,,,-1.0498814967224055,1.997836387131612,0.1782035138963345,0.05399007807588119,-3.0477178838540175,-0.1782035138963345,-1.2331318250905214,0.5282470169604223,0.19537508799006703,-0.34564620031066284,-0.23116363195267708,0.21571001797494263,-0.3456462003106632
MLM,Basic Materials,,0.02795427680878016,,-0.013583041459198232,,-0.013583041459198232,,,0.11176579160336773,0.10634910916549317,-0.0258499999999999,0.06436145731626496,,,-0.7116493645659703,0.45434209081222804,1.486036079781002,0.06436145731626496,-1.1659914553781983,-1.486036079781002,-0.7378592151809737,0.9331970552195299,0.2572366341601523,-0.3216932530611476,1.3686549589640884,0.2636739424224866,-0.3184461781357141
MMC,Financial Services,,0.0462649256251633,,0.004727607357184908,,0.004727607357184908,,,0.1979496654124327,0.2050585499372312,-0.0129749999999999,-0.5767459661454679,,,0.33128246219883495,0.03371308267962807,1.38798283975729,-0.5767459661454679,0.29756937951920687,-1.38798283975729,-0.3892672026019624,0.8095668455450735,0.19975612579030735,-0.26105686398039885,0.6909463862943388,0.19625626333310298,-0.2610568639803992
MMM,Industrials,,0.0379762202079172,,-0.003561098060061191,,-0.003561098060061191,,,0.254267943005867,-0.12421329275883533,0.0023249999999999,-0.11345248539147448,,,-0.08608919741030303,2.0332565781154543,-1.9803256280209949,-0.11345248539147448,-2.1193457755257574,1.9803256280209949,-0.4970541787626938,1.0046932654461949,0.23684360425745524,-0.5513044337192197,0.3664180866308717,0.2735275484463234,-0.5047896496358948
MNST,Consumer Defensive,,0.021654953783246222,,-0.01988236448473217,,-0.01988236448473217,,,0.5165546742726533,0.08299118808510807,-0.01185,-0.7075567267361906,,,1.5323581354138804,0.8374434917112251,1.30501088311209,-0.7075567267361906,0.6949146437026553,-1.30501088311209,-0.26605900983583214,0.7958731125568743,0.21544304182819182,-0.27861646198055856,0.6449635376489657,0.20964905426965758,-0.20495947978030227
MO,Consumer Defensive,,0.09650181143891198,,0.05496449317093359,,0.05496449317093359,,,0.42233475945167204,-0.05976095617529881,-0.01135,1.6415469403885952,,,0.8422972038421019,0.8798572699697553,-1.1279731911688589,1.6415469403885952,-0.03756006612765339,1.1279731911688589,0.8671893879381485,0.49820090641933,0.2362692892845984,-0.40779768967704455,1.1555513124665433,0.2296344086800629,-0.2426440207935654
MOH,Healthcare,,0.10614231394933914,,0.06460499568136074,,0.06460499568136074,,,0.2968913617679696,0.06743496871913073,0.012525,2.332060133846836,,,-0.29824420198377866,2.2330231007826695,0.1043149870713746,2.332060133846836,-2.531267302766448,-0.1043149870713746,-0.10054586498211984,0.6225712432273613,0.3630265862586948,-0.6298712301229594,-0.2550825752152962,0.33952087655819135,-0.6298712301229594
MOS,Basic Materials,,0.11188809269463294,,0.07035077442665455,,0.07035077442665455,,,0.07368000836836161,0.07703011100525115,-0.0365,2.0721708985650764,,,-1.2459181059889308,-1.0264222365854738,0.9538728445620646,2.0721708985650764,-0.219495869403457,-0.9538728445620646,0.5502954427522349,1.3967575221234307,0.4374547602237456,-0.6957542010084016,0.2847250315235146,0.4089560498380077,-0.6167608232131212
MPC,Energy,,0.03261767227071748,,-0.008919645997260917,,-0.008919645997260917,,,0.10312162806454041,-0.07913972943481679,-0.028025,-1.1128605552060593,,,-0.9027539056068199,0.9301502075685597,-1.1721182238597394,-1.1128605552060593,-1.8329041131753796,1.1721182238597394,-0.9438822225806278,1.4987921957125017,0.41254418446555813,-0.6966709106578757,4.651829502709746,0.30410920938743524,-0.3035622587395732
MPWR,Technology,,0.06779997008942347,,0.026262651821445077,,0.026262651821445077,,,0.3949799460441815,0.5000045314961641,-0.004725,1.8233068918878486,,,0.5749091733856513,1.5128401095136605,2.1364959699167394,1.8233068918878486,-0.9379309361280093,-2.1364959699167394,-0.07314881167941217,1.1970302030332989,0.33075863533050337,-0.39186862422620095,2.104593365460658,0.3947517157659028,-0.39186862422620095
MRK,Healthcare,,0.07823365896499852,,0.03669634069702013,,0.03669634069702013,,,0.4171519186445901,0.043443132380360475,-0.025425,1.6586684085263559,,,0.6976841856709507,-0.29711365274672336,-0.23192522678224675,1.6586684085263559,0.9947978384176741,0.23192522678224675,1.1077715441340614,0.36823873227895154,0.18337781741404693,-0.400398520080972,0.3174361880774903,0.21428515884598004,-0.400398520080972
MRNA,Healthcare,,-0.06465267186266963,,-0.10618999013064802,,-0.10618999013064802,,,0.1165773248687316,-0.23405612244897958,0.006575,-2.719686895182019,,,-1.620708324175225,1.9820557563838854,-2.6400058414818703,-2.719686895182019,-3.60276408055911,2.6400058414818703,-2.000979222000078,1.5087142837165142,0.5787599305441113,-0.9374058071259808,-0.8393348171208121,0.6690882320081514,-0.9374058071259808
MRVL,Technology,,,,,,,,,0.16042697078483698,0.01443326401687248,,,,,-1.346223502054946,,-0.8837696086135841,,,0.8837696086135841,0.17675392172271684,1.5528261959376866,0.37082332426001513,-0.5748436144055539,1.005069768200951,0.5185466995908038,-0.574843614405554
MS,Financial Services,,0.05660261126787698,,0.015065292999898588,,0.015065292999898588,,,,0.11664262437863264,,-0.010110121722521648,,,,,0.41462262179349857,-0.010110121722521648,,-0.41462262179349857,-0.08696857304770839,1.4083952476702992,0.2782861368506513,-0.3662110960480567,2.080191641637491,0.2737200937607186,-0.2657352906349505
MSCI,Financial Services,,0.02589002424651398,,-0.015647294021464413,,-0.015647294021464413,,,0.45511833201235763,-0.015239058992642803,-0.026325,-1.5498483332144826,,,2.4609004708289954,-1.107518748988657,-1.1405084371328469,-1.5498483332144826,3.5684192198176525,1.1405084371328469,1.0355300420678375,1.104257451241391,0.2193101648106176,-0.3762599301600583,0.49379220857434625,0.2813028008623576,-0.3762599301600583
MSFT,Technology,,0.02745461092330507,,-0.014082707344673324,,-0.014082707344673324,,,0.34646362938668007,0.20860546349502013,-0.0393,-0.30857124700141525,,,0.1617469599494825,-1.6163831913892963,0.5177731049833324,-0.30857124700141525,1.7781301513387788,-0.5177731049833324,0.484268940738279,0.9454849904807756,0.17145323664880888,-0.30528460664914636,1.4141718987349083,0.22253696665739398,-0.3052846066491465
MSI,Technology,,0.03181062060140755,,-0.009726697666570847,,-0.009726697666570847,,,0.3839606263378786,0.22982390408392656,-0.015125,-0.047754118233212864,,,0.4824427122837458,0.6118865347548499,0.6682890157314703,-0.047754118233212864,-0.1294438224711041,-0.6682890157314703,-0.20453697942802085,0.8778576839078989,0.1995624924756377,-0.2568494884541581,1.423068712899167,0.22393214929580804,-0.22277270614090694
MSTR,Technology,,,,,,,,,0.03926322395402648,0.9951456040739053,,,,,-2.046129866516317,,2.913131412805958,,,-2.913131412805958,-0.5826262825611916,2.4729130627616254,0.5377304707291842,-0.8113431388317789,6.0580852951028925,1.0717655021584052,-0.8113431388317789
MTB,Financial Services,,0.0831270846296312,,0.041589766361652805,,0.041589766361652805,,,,0.013066481530248258,-0.0006499999999999,1.356620327467229,,,,1.086374971161876,-0.8311855218317044,1.356620327467229,,0.8311855218317044,0.7088852353532326,0.9181496914178301,0.2927009732766951,-0.48033287161787697,0.8551860742103614,0.271826930380402,-0.35672295754176186
MTCH,Communication Services,,0.06419227467492385,,0.022654956406945453,,0.022654956406945453,,,0.5963459504535593,-0.1146992775574975,-0.030025,0.5793813674692215,,,2.0226145613369235,0.11154539798656109,-1.7496136175403603,0.5793813674692215,1.9110691633503625,1.7496136175403603,1.3461029358359058,0.9612292801618862,0.3735349614041522,-0.8138625496481853,-0.7583297910209589,0.4069040305761741,-0.8138625496481853
MTD,Healthcare,,0.0274012579768479,,-0.014136060291130494,,-0.014136060291130494,,,0.7025516009091646,0.04656613208813098,-0.023425,-0.40364833627738705,,,2.328674411487686,-0.13049735832221027,-0.18830706021506577,-0.40364833627738705,2.4591717698098963,0.18830706021506577,0.8598707854560168,1.2226970134040478,0.23915882574200886,-0.4195178941426734,0.2515650992110485,0.2909550455758168,-0.4195178941426735
MU,Technology,,0.03190147973442062,,-0.009635838533557775,,-0.009635838533557775,,,0.1343563885648606,0.18326164063089578,-0.0668499999999999,-0.04229237894552359,,,-1.5203437590750333,-2.7285710068509177,0.33447360176045926,-0.04229237894552359,1.2082272477758844,-0.33447360176045926,0.39947922718005247,1.4544117513969985,0.3466013861909606,-0.4603683923464873,2.8032104041686683,0.4575982616443628,-0.4603683923464873
NCLH,Consumer Cyclical,,0.05663345659586573,,0.015096138327887337,,0.015096138327887337,,,0.19121670703013546,0.07367984013787925,-0.0375,0.46393961144931206,,,-1.2709936904500525,-1.3885396344816212,-0.21253414906194767,0.46393961144931206,0.1175459440315687,0.21253414906194767,0.2751010520047419,2.4787927938578105,0.5525832934990357,-0.8195587794652227,-0.16615658089046947,0.5749504957905879,-0.6514106577261642
NDAQ,Financial Services,,0.03094910667256333,,-0.010588211595415065,,-0.010588211595415065,,,0.10565233430339796,0.00572658060244952,-0.01365,-1.3341463811781633,,,-0.7764353139096969,-0.02676226033253954,-0.9136161862837324,-1.3341463811781633,-0.7496730535771573,0.9136161862837324,-0.6508045366453818,0.8952834883521802,0.20047103497185043,-0.28778320872942154,1.1905182440522903,0.23231666346741175,-0.28778320872942165
NDSN,Industrials,,0.03422036876795297,,-0.00731694950002542,,-0.00731694950002542,,,0.25377974989645735,0.15474360969723522,-0.01115,-0.3625255629239491,,,-0.09149067280710368,0.8842419698635564,1.2945839369351428,-0.3625255629239491,-0.9757326426706601,-1.2945839369351428,-0.7942200696248722,0.9966069747517181,0.2427700740836486,-0.30044666244806795,0.20542014595991454,0.22378427552018273,-0.3004466624480677
NEE,Utilities,,0.03407601560348893,,-0.0074613026644894664,,-0.0074613026644894664,,,0.08346300492297053,0.0763625733526775,-0.020075,-0.8598614636131525,,,-0.6431818886170819,1.026340186785438,0.384785210299023,-0.8598614636131525,-1.66952207540252,-0.384785210299023,-1.0887104576660738,0.4457508331787148,0.22036234514876374,-0.373507499343702,0.2873507464520506,0.24938407588027484,-0.3735074993437023
NEM,Basic Materials,,0.07183115534047557,,0.03029383707249718,,0.03029383707249718,,,0.16563922440055912,-0.009213693020582637,-0.04795,1.2761260517557322,,,0.12395869532074885,-2.1545697388065146,-0.8722188262394852,1.2761260517557322,2.2785284341272636,0.8722188262394852,1.5963055596010958,0.28882690149110546,0.29436743967711737,-0.5769595085457699,0.6664478551529263,0.3583432956536859,-0.57695950854577
NFLX,Communication Services,,0.021691462278774803,,-0.01984585598920359,,-0.01984585598920359,,,0.383089007978161,0.08148389082890765,-0.084981,-0.96111724042956,,,0.5512553156199362,-2.4589068396562483,0.5198540535746609,-0.96111724042956,3.0101621552761846,-0.5198540535746609,0.7156471552237177,1.3141220466263595,0.39631901454601004,-0.7466790344401111,1.249154283114307,0.42733387848651616,-0.7466790344401111
NI,Utilities,,0.04316877228324132,,0.0016314540152629273,,0.0016314540152629273,,,0.09480987312543641,0.13818166006635985,-0.0243999999999999,-0.22103482252806683,,,-0.17182897334266956,0.40294421419290205,2.11283533334156,-0.22103482252806683,-0.5747731875355716,-2.11283533334156,-0.7408902706937674,0.44295983872243927,0.1669098733664435,-0.24171288363120347,1.1324715683588948,0.17920038767937183,-0.1951778057280188
NKE,Consumer Cyclical,,0.031920117779168054,,-0.009617200488810339,,-0.009617200488810339,,,0.5205225002505596,-0.01407558032059577,-0.017825,-0.6992837725189173,,,0.9236274125502213,0.6318457221658633,-0.7475971389801853,-0.6992837725189173,0.291781690384358,0.7475971389801853,-0.013481405057786638,1.0671613532024373,0.2766139122638259,-0.6505750116033517,-0.5150973052713681,0.3189434630236284,-0.6505750116033517
NOC,Industrials,,0.048891156884646875,,0.007353838616668482,,0.007353838616668482,,,0.16010881181385409,0.03736102370463604,-0.009925,0.6068578888476233,,,-1.0784033583896964,1.0121532186061288,-0.19839093448488154,0.6068578888476233,-2.090556576995825,0.19839093448488154,-0.5538012883623045,0.40710037004394567,0.19766374381198368,-0.2898203888237011,1.0344867347121527,0.21773976410857174,-0.19872836107789227
NOW,Technology,,0.009224128981214906,,-0.03231318928676349,,-0.03231318928676349,,,0.46270772238514174,0.21112758829021805,-0.0461749999999999,-1.3111920954189824,,,1.1129596291429942,-2.0456298782546956,0.5358220991188188,-1.3111920954189824,3.1585895073976897,-0.5358220991188188,0.6317945449677193,1.0601741395109818,0.25980994425106546,-0.45882541265384313,0.6123281541463421,0.2890932129922377,-0.458825412653843
NRG,Utilities,,0.05327536231884058,,0.011738044050862186,,0.011738044050862186,,,0.20932610379550737,-0.06497942706311621,-0.0597,0.5106949097453937,,,2.7471378435936495,-2.795255959710613,-2.755065573456836,0.5106949097453937,5.542393803304263,2.755065573456836,2.97224859991123,1.123211971020362,0.31245053066046036,-0.35155212666616964,5.097457181459994,0.4033925264346183,-0.296842975212638
NSC,Industrials,,0.046437994722955164,,0.004900676454976771,,0.004900676454976771,,,0.1070146147336642,0.03752525964566004,-0.020775,0.44815436114354873,,,-1.5510547676887407,-0.20523687197281665,-0.19618426538913372,0.44815436114354873,-1.3458178957159241,0.19618426538913372,-0.3198285607511234,1.3708104643412398,0.25807039203368454,-0.33458701092072407,0.3306721710942271,0.27625120014984755,-0.3345870109207243
NTAP,Technology,,0.0500132773209581,,0.008475959052979709,,0.008475959052979709,,,0.47933497856864526,0.039523144667597467,-0.0189499999999999,1.006189869123734,,,1.2348840180073435,0.23594714994307428,-0.711672137476913,1.006189869123734,0.9989368680642692,0.711672137476913,0.9443851223705839,1.3821898819774898,0.29186440040515466,-0.4992696359154294,1.3911458254272797,0.3050678138030093,-0.3291730746372624
NTRS,Financial Services,,0.0656355767877151,,0.02409825851973671,,0.02409825851973671,,,,0.09621670298749148,-0.023075,0.4870134394585808,,,,-0.8475158557922722,0.16651473207376807,0.4870134394585808,,-0.16651473207376807,0.1615024293686787,1.2033114809344663,0.2470654549314357,-0.42940764771168527,0.6275082337454061,0.2697421694566215,-0.4294076477116854
NUE,Basic Materials,,0.04026055088554062,,-0.001276767382437774,,-0.001276767382437774,,,0.0936651223011446,0.0009294951254525895,-0.029225,0.42562932786272467,,,-0.9742873507925729,-0.02617325635922202,-0.6650524305812421,0.42562932786272467,-0.9481140944333508,0.6650524305812421,-0.07598342051200208,1.6071158090531066,0.311790134859642,-0.4382785361818773,1.9178485637366705,0.4700719425440683,-0.4382785361818775
NVDA,Technology,,0.018655328800760523,,-0.02288198946721787,,-0.02288198946721787,,,0.9194153815402877,0.6513546176681099,0.010275,-0.817539329182589,,,2.8092380441064586,2.3537600271314716,2.5565597734607475,-0.817539329182589,0.455478016974987,-2.5565597734607475,-0.6561364795751903,1.8809411643746876,0.4132702019278242,-0.6282062822286373,13.082328805003021,0.5055073551051099,-0.6282062822286373
NVR,Consumer Cyclical,,0.06522470428684746,,0.023687386018869064,,0.023687386018869064,,,0.4138461100993404,-0.07303386393744124,0.000525,0.8536950058942193,,,0.20562228639475522,2.119895107137797,-1.0826641805892208,0.8536950058942193,-1.9142728207430417,1.0826641805892208,-0.20769828982168478,1.011970425957882,0.24331980844970355,-0.36177604369314287,0.8140890223570092,0.24395423948774256,-0.3252381590640264
NWS,Communication Services,,0.0683393838703673,,0.026802065602388903,,0.026802065602388903,,,,-0.07072644449772236,-0.012775,0.726486151354104,,,,1.1695850764876294,-1.3351199954645974,0.726486151354104,,1.3351199954645974,0.557618459634561,1.319378895667128,0.2672480944095305,-0.46508523406326685,0.7765597953867145,0.2494060105951894,-0.39073755396179133
NWSA,Communication Services,,0.07747006187105052,,0.03593274360307212,,0.03593274360307212,,,,-0.07072644449772236,-0.012775,1.0367689353234695,,,,1.1695850764876294,-1.3351199954645974,1.0367689353234695,,1.3351199954645974,0.6817315732223073,1.2953419606056467,0.2716880661975267,-0.45450113155567307,0.5831842232342346,0.25400826661112175,-0.43168857412246053
NXPI,Technology,,0.03681071612177314,,-0.004726602146205253,,-0.004726602146205253,,,0.2707444864140368,0.08854974995688912,-0.01705,0.2522790047003905,,,-0.48948881569433655,0.42439174140309177,-0.36171219625959966,0.2522790047003905,-0.9138805570974283,0.36171219625959966,-0.19229818170689525,1.495865194857576,0.2977801498085777,-0.40873536142727096,0.4061023340425016,0.33395602084087095,-0.34884332594025314
O,Real Estate,,0.016880605205388283,,-0.02465671306259011,,-0.02465671306259011,,,0.07164814935799871,0.04941369373862958,-0.0265,-0.40930334178619765,,,-0.9811582907053138,0.3203662497151709,0.10183785819691657,-0.40930334178619765,-1.3015245404204847,-0.10183785819691657,-0.7046987245220563,0.7132233020241597,0.23673334513675057,-0.38018868893840707,0.25213504900443495,0.19485221778397194,-0.31758828437224873
ODFL,Industrials,,0.03516797866081708,,-0.006369339607161316,,-0.006369339607161316,,,0.3471018801057359,0.03892874093970986,-0.046625,-0.3000223329245447,,,0.91214505728335,-2.3665141403875465,-0.17731868128426453,-0.3000223329245447,3.2786591976708968,0.17731868128426453,1.2269184821553936,1.1531439729481843,0.2641281188857051,-0.374631734024676,0.40735838420244086,0.3115112372577449,-0.3746317340246761
OKE,Energy,,0.08103346707919755,,0.039496148811219156,,0.039496148811219156,,,0.13200167277557748,0.44883799259009766,-0.01875,1.0445640102439653,,,-0.46913218172524296,1.443104465965493,1.248457144403704,1.0445640102439653,-1.912236647690736,-1.248457144403704,-0.5967604838594491,1.4984206203071455,0.42163381330879257,-0.7086951457570565,1.5415645739010713,0.2740613378721394,-0.3887139268669746
OMC,Communication Services,,0.09127625351940236,,0.04973893525142396,,0.04973893525142396,,,0.1011692721792306,0.053593517834007946,-0.00685,1.4603353928956093,,,-1.7157168566165657,1.4795275393904332,0.16572359881720058,1.4603353928956093,-3.195244396006999,-0.16572359881720058,-0.727108321007996,0.8068788888715632,0.21477397923722555,-0.3976566141361991,0.4051123949578308,0.23643716032769535,-0.29556856817559596
ON,Technology,,0.022370896070200007,,-0.019166422197778386,,-0.019166422197778386,,,0.17827130079880868,-0.03899317656016634,-0.031225,-0.6068422740127113,,,-1.2199878970797862,-0.9612852885514238,-1.2286858483987841,-0.6068422740127113,-0.25870260852836235,1.2286858483987841,-0.10048078333667265,1.7927026874497054,0.42150984933507457,-0.6315545172813043,0.6636522376019016,0.44325308293863813,-0.6315545172813046
ORCL,Technology,,0.018055672068807024,,-0.02348164619917137,,-0.02348164619917137,,,0.24967244648694112,0.2512585463269863,-0.03265,-0.8508060188086354,,,-0.6651755381186256,-1.0876792718199573,0.8168244268709182,-0.8508060188086354,0.42250373370133165,-0.8168244268709182,-0.33468579941710513,1.2060140964660548,0.21950660206639871,-0.3557238223125211,3.444065826841306,0.3673337138070388,-0.3557238223125211
ORLY,Consumer Cyclical,,0.11188809269463294,,0.07035077442665455,,0.07035077442665455,,,0.5810131249164717,0.09917452582757587,-0.023925,2.3281631260919826,,,1.2895267022421248,-0.02334698949886142,-0.05287133753562852,2.3281631260919826,1.3128736917409862,0.05287133753562852,1.4669889946403132,0.8088268202383788,0.2030492956906591,-0.3251557477145436,2.2916326072548956,0.20988682777691745,-0.14671182072247557
OTIS,Industrials,,0.04163920171149236,,0.00010188344351396567,,0.00010188344351396567,,,0.39213872832369945,0.0646175694867113,-0.008575,0.13100775925930808,,,1.339257353505139,1.1484439045872155,0.16894895419385264,0.13100775925930808,0.19081344891792362,-0.16894895419385264,0.09493869243212213,0.8958817607970646,0.2096352087606209,-0.2987832608542226,0.45914311748194336,0.22535273084526408,-0.29878326085422247
OXY,Energy,,0.04091018987698868,,-0.0006271283909897105,,-0.0006271283909897105,,,0.11279747485869486,0.10685420384171303,-0.05925,-0.7644922376539116,,,-0.7609667436991969,-1.0495383941480438,-0.3322423988040223,-0.7644922376539116,0.2885716504488469,0.3322423988040223,-0.1239197551212214,1.3864215302694447,0.44482839710984234,-0.8774610182598678,1.7670492731626402,0.3896319441669848,-0.4378020214663484
PANW,Technology,,0.010504498895500546,,-0.031032819372477847,,-0.031032819372477847,,,0.31159894735994237,0.17934660270423042,-0.030875,-1.2482222144144053,,,-0.13995910689177,-0.9296256422195752,0.30589457839001327,-1.2482222144144053,0.7896665353278052,-0.30589457839001327,-0.2446011873126427,1.1303273982024469,0.33044144353214744,-0.3845236947407076,3.3336279756020346,0.3227388117951804,-0.32752888497616506
PAYC,Technology,,0.045698429102195987,,0.004161110834217593,,0.004161110834217593,,,0.359924549863752,-0.06528187158801914,-0.018375,0.7696695697523739,,,0.27769245817263666,0.29324479895838484,-1.3858554909074043,0.7696695697523739,-0.015552340785748187,1.3858554909074043,0.5788179897681311,1.186543326239425,0.4207638491246464,-0.7365491850554529,-0.6042673454800473,0.3947184543695118,-0.7365491850554529
PAYX,Technology,,0.03983565591702959,,-0.0017016623509488044,,-0.0017016623509488044,,,0.30681739674274683,0.5886015006053904,-0.0190499999999999,0.4317348312932424,,,-0.1812530009504439,0.225963432935199,2.4117945661234894,0.4317348312932424,-0.4072164338856429,-2.4117945661234894,-0.4725515542616581,0.9164332719119175,0.2079018152324702,-0.2787057478735445,0.38405330448053987,0.2172579336637688,-0.2787057478735443
PCAR,Industrials,,0.05907386620505315,,0.017536547937074758,,0.017536547937074758,,,0.13013816258856317,0.07087034869318982,-0.001125,1.2203909834170341,,,-1.3552706473764222,1.7968443889157304,0.2529032964799402,1.2203909834170341,-3.1521150362921526,-0.2529032964799402,-0.8232702804460357,1.0209757689965155,0.19290910336663564,-0.24213223099326098,1.0320097997710609,0.24132768010683234,-0.24213223099326076
PCG,Utilities,,0.0720775277712152,,0.030540209503236812,,0.030540209503236812,,,0.06910298509127827,0.04278680001223354,-0.0226,1.6721606343922164,,,-1.1928349419639876,0.6702659740476082,-0.8093197928273594,1.6721606343922164,-1.8631009160115959,0.8093197928273594,0.0854878459177201,0.8428492352427881,0.5840837567679364,-0.9116440995717275,0.31098394202769897,0.27653841725449424,-0.352616089727511
PDD,Consumer Cyclical,,,,,,,,,0.4548115961544188,0.31060360807675214,,,,,0.4890354808388779,,1.2026723369045489,,,-1.2026723369045489,-0.24053446738090978,0.7400401969651385,0.48684719170210655,-0.7742443798968737,-0.02182839012022808,0.6057787972471107,-0.7742443798968737
PEG,Utilities,,0.041891730911952155,,0.0003544126439737616,,0.0003544126439737616,,,0.07146001933559974,0.06952770035508381,-0.018175,-0.313432628097721,,,-1.1075643285788443,1.2748704283514611,0.13912308787446093,-0.313432628097721,-2.3824347569303055,-0.13912308787446093,-1.106171571586103,0.5446261304136628,0.17055462802171142,-0.27843855985058363,0.6912809016399664,0.1827162941047834,-0.1861403482197539
PEP,Consumer Defensive,,0.0367960833318834,,-0.00474123493609499,,-0.00474123493609499,,,0.4907458814627747,0.05839269388042157,-0.022875,-0.20210471079786663,,,1.3588080181313191,-0.15827863484644203,0.9220401620955905,-0.20210471079786663,1.5170866529777611,-0.9220401620955905,0.3415847444528398,0.4983379933745528,0.1418202587885163,-0.26741738231432743,0.15333752604001516,0.1550328102956322,-0.2674173823143269
PFE,Healthcare,,0.047891935545826485,,0.006354617277848092,,0.006354617277848092,,,0.21741804851268307,-0.04670826529998658,-0.026375,0.5055591185562236,,,-0.9345120265038152,-0.3756761833292418,-1.3845743322785555,0.5055591185562236,-0.5588358431745734,1.3845743322785555,0.2556041766083712,0.5928413637292782,0.18293099320967227,-0.5280349021031312,-0.18616265899345885,0.23584071611090127,-0.528034902103131
PFG,Financial Services,,0.05998068987920218,,0.018443371611223787,,0.018443371611223787,,,,0.046397516915913185,-0.0044,0.17721940917663753,,,,0.7834274985832138,-0.4413238530265981,0.17721940917663753,,0.4413238530265981,0.15915253427597464,1.2891889608135942,0.29432697663149987,-0.5134638336432322,0.9972209701999089,0.24657392670537517,-0.2796374153547677
PG,Consumer Defensive,,0.04429174166032614,,0.0027544233923477435,,0.0027544233923477435,,,0.34680779191532485,0.023379913377461797,-0.0134,0.054377061491561275,,,0.20323286627701911,0.7037044925372816,0.31779024420316404,0.054377061491561275,-0.5004716262602625,-0.31779024420316404,-0.24199587474811335,0.379595087158174,0.15172524447573543,-0.21462021241360296,0.19944481129673153,0.17439529716746305,-0.21462021241360296
PGR,Financial Services,,0.0818796872562813,,0.0403423689883029,,0.0403423689883029,,,,0.17965533797105002,-0.0186,1.3009601714049193,,,,-0.4664501287201749,1.1316236909378885,1.3009601714049193,,-1.1316236909378885,0.29405933037439,0.39318719313652395,0.18648125218856465,-0.27644121233845165,1.7524406176064686,0.23873268488174346,-0.27644121233845176
PH,Industrials,,0.03213232033531334,,-0.009404997932665055,,-0.009404997932665055,,,0.25162510171424457,0.0066898764420779576,-0.0056749999999999,-0.49905506656689247,,,-0.11532260436030055,1.4227046394353484,-0.6041937774212481,-0.49905506656689247,-1.538027243795649,0.6041937774212481,-0.693994168660767,1.4984104066462753,0.2670645182663423,-0.36704522259975036,2.3759759565110787,0.26235939709872974,-0.22843551937223427
PHM,Consumer Cyclical,,0.10829993126792241,,0.06676261299994402,,0.06676261299994402,,,0.28429657069783865,0.06308859084182979,-0.0013499999999999,2.256936571911684,,,-0.6906196826233613,2.012587906257403,-0.2785606188329525,2.256936571911684,-2.703207588880764,0.2785606188329525,-0.12279628302104162,1.3783866977337742,0.3170096541856827,-0.4984086718250911,1.8858327889253137,0.3358159336867274,-0.35381662985069895
PKG,Consumer Cyclical,,0.04901520743165024,,0.007477889163671848,,0.007477889163671848,,,0.2149109500533738,0.006579753064428141,-0.04005,0.10387657664039357,,,-1.1314214344057185,-1.5973596942227408,-0.6247610586712447,0.10387657664039357,0.4659382598170223,0.6247610586712447,0.3528781463172153,0.9821252768281223,0.2573772645709822,-0.3172489363762876,0.793099200207807,0.2403000772221808,-0.2893905890486257
PLD,Real Estate,,0.029458599083998848,,-0.012078719183979545,,-0.012078719183979545,,,0.06702464619410402,0.04468406429606599,-0.013525,0.2994888833506071,,,-1.083915190737034,1.5440027619908676,0.009815028337188392,0.2994888833506071,-2.6279179527279015,-0.009815028337188392,-0.9333346334183555,1.099658961294352,0.26339125684988557,-0.3851866429102183,0.4413198584266296,0.29758641867527413,-0.3851866429102182
PLTR,Technology,,0.0015174507453163673,,-0.040019867522662025,,-0.040019867522662025,,,0.42019754165200074,0.41869380648243026,-0.01145,-1.6597489571952733,,,0.7820432591364253,0.9552740694181339,1.796703036038877,-1.6597489571952733,-0.1732308102817086,-1.796703036038877,-1.0925325141985682,2.6104158662848462,0.5188734450832149,-0.8175099482489369,5.56326037144541,0.7746466883846707,-0.817509948248937
PM,Consumer Defensive,,0.03435686825066673,,-0.007180450017311664,,-0.007180450017311664,,,0.3957889278238091,0.041409504119668,-0.01045,-0.28511346375984475,,,0.6236411214554244,0.955231212060484,0.6356090291642223,-0.28511346375984475,-0.3315900906050596,-0.6356090291642223,-0.37380322757880624,0.5800265043085692,0.2370081009625823,-0.3950483609222907,1.5928287773317247,0.22678112467659856,-0.20009770859228415
PNC,Financial Services,,0.08078176029601718,,0.039244442028038784,,0.039244442028038784,,,,0.00465033538836949,-0.00145,1.2510374486285611,,,,1.0235658212199163,-0.9255799682024977,1.2510374486285611,,0.9255799682024977,0.685530973091924,1.1944174948887398,0.2663449047259171,-0.4204962598398464,0.5980577975792027,0.2761556379105479,-0.4204962598398465
PNR,Industrials,,0.03548807729452121,,-0.00604924097345718,,-0.00604924097345718,,,0.2494779276212623,-0.010461209529627367,-0.01245,-0.2788466071995549,,,-0.1390573784622029,0.7445495849926799,-0.8224250996811078,-0.2788466071995549,-0.8836069634548828,0.8224250996811078,-0.3004964083255535,1.2173698267152475,0.25850112574403616,-0.4659564134813484,1.2125192272285386,0.26020957904616926,-0.4659564134813483
PNW,Utilities,,0.01659656678118133,,-0.02494075148679706,,-0.02494075148679706,,,0.07893191039235867,0.13750566609328072,-0.0426999999999999,-1.8504506011708635,,,-0.8238150693157833,-1.9945563107062894,2.1004175100891063,-1.8504506011708635,1.170741241390506,-2.1004175100891063,-0.6919672459299643,0.4047268315461756,0.19451654625590029,-0.29875906611484593,0.3416266927116969,0.21217076012852196,-0.23068027861492935
PODD,Healthcare,,0.01119379625418731,,-0.030343522013791084,,-0.030343522013791084,,,0.5096949525176341,0.20391449194891728,-0.009375,-1.0803533420316072,,,1.3767713013859386,1.0057422582454696,1.7614813284861361,-1.0803533420316072,0.37102904314046903,-1.7614813284861361,-0.6360259852536825,1.0669479036984908,0.3089539160199325,-0.5843679117263529,0.2410074033934655,0.4032346709291446,-0.5843679117263529
POOL,Industrials,,0.03408594971326421,,-0.007451368554714184,,-0.007451368554714184,,,0.4402771732363889,0.008525881138637167,-0.010125,-0.3713671783945371,,,1.7309184725744209,0.9915345562194797,-0.5803839934945767,-0.3713671783945371,0.7393839163549412,0.5803839934945767,0.26328349388307704,0.9738309510089915,0.2478384520718686,-0.5334736494691974,-0.23190831895734199,0.32690789445174584,-0.5334736494691972
PPG,Basic Materials,,0.046025974025974026,,0.004488655757995633,,0.004488655757995633,,,0.28259789423873183,0.01702793501771826,-0.012475,0.5912820186645824,,,1.7272718720633735,1.9786724747054358,-0.32293405200632785,0.5912820186645824,-0.2514006026420623,0.32293405200632785,0.20053937681027362,1.1502125861157533,0.226524805047197,-0.4174820401131235,-0.28172165256491544,0.251662207793909,-0.41748204011312284
PPL,Utilities,,0.036358664117695394,,-0.005178654150282999,,-0.005178654150282999,,,0.08655929227037107,0.0633550038906599,-0.0223,-0.7047394983676214,,,-0.5167777610066516,0.7138755194460772,-0.08445107015182823,-0.7047394983676214,-1.2306532804527288,0.08445107015182823,-0.7572668974977744,0.7099416026437346,0.21569110318789317,-0.308942174962618,0.5701815064721978,0.19308266688571044,-0.18166374411177255
PRU,Financial Services,,0.04271333108377814,,0.0011760128157997443,,0.0011760128157997443,,,,0.061180431657895176,-0.0067,-0.7639922675571394,,,,0.5882144349349472,-0.2625036070546758,-0.7639922675571394,,0.2625036070546758,-0.25309618561192065,1.357307513170361,0.30169167380942646,-0.5190767653343648,0.7658587706471305,0.23713730559151758,-0.2910059760658572
PSA,Real Estate,,0.036827910266352994,,-0.0047094080016253995,,-0.0047094080016253995,,,0.1739765282973158,0.038036285443222774,-0.043375,0.7044605877973008,,,1.4344201907310188,-1.370943556082039,-0.11952023695864955,0.7044605877973008,2.805363746813058,0.11952023695864955,1.4278337812358735,0.5278514510942568,0.18959074699721346,-0.3301565930672786,0.5325690231938112,0.24590486192303868,-0.3301565930672786
PSKY,Communication Services,,,,,,,,,0.19999562229129272,-0.02100675528437568,0.0053,,,,-1.0282823352877606,1.9987724855063278,-0.7769420354626038,,-3.0270548207940884,0.7769420354626038,-1.0554335212251145,1.483529531636812,0.4648431750153054,-0.8231272254499149,-0.5171950073807408,0.522061380409355,-0.8231272254499148
PSX,Energy,,0.02500906180733306,,-0.016528256460645332,,-0.016528256460645332,,,0.13961454363292963,-3.9502271380604385e-05,-0.0207,-1.4048025608463464,,,-0.35052382243009284,1.3423257542186078,-0.831028062452328,-1.4048025608463464,-1.6928495766487006,0.831028062452328,-1.0728552425075533,1.299403802178618,0.3031260957938159,-0.5870900605318723,1.7450720575680219,0.3219244217841858,-0.3408928539050543
PTC,Technology,,0.024132644286358543,,-0.01740467398161985,,-0.01740467398161985,,,0.32692750496068673,0.016466320558668243,-0.0180999999999999,-0.504562115463456,,,-0.007299367718923302,0.3205744786923569,-0.8700402366147544,-0.504562115463456,-0.3278738464112802,0.8700402366147544,-0.1589663374269436,1.1847163819214703,0.28812832001834127,-0.423580396673903,0.6329161159201102,0.26392078338504454,-0.25952143181586185
PWR,Industrials,,0.014516527399916938,,-0.027020790868061455,,-0.027020790868061455,,,0.2046357498623198,0.24873354824331492,-0.0238,-1.5239630401678497,,,-0.6263875074116267,-0.5502631489042162,2.1260740362761004,-1.5239630401678497,-0.0761243585074105,-2.1260740362761004,-1.0652497667253242,1.2069026944102745,0.2760118578574988,-0.26198638504485194,5.573716001359182,0.30447840347168165,-0.26198638504485183
PYPL,Financial Services,,0.07037148767890826,,0.028834169410929866,,0.028834169410929866,,,0.18577871252372208,-0.05045467529994287,0.012568500000000002,0.7387756072730883,,,0.18377593692967278,1.9479311350883939,-1.488660018985615,0.7387756072730883,-1.7641551981587211,1.488660018985615,-0.11241983255713012,1.2602104076485465,0.3469497599458467,-0.8222862725242238,-0.6907341550028475,0.3765446102659871,-0.8222862725242238
QCOM,Technology,,0.060565276124794364,,0.01902795785681597,,0.01902795785681597,,,0.4360186999633423,0.040215392199617,-0.006225,1.524775265630224,,,0.9081699483004451,1.3976817089907958,-0.7068463056262889,1.524775265630224,-0.48951176069035074,0.7068463056262889,0.5554746631012072,1.2887688315247732,0.27003588944637674,-0.3858255471510381,0.2921949303074465,0.33723543080168716,-0.38582554715103834
RCL,Consumer Cyclical,,0.05308386188665642,,0.011546543618678025,,0.011546543618678025,,,0.2232716760695659,0.04240817872018175,-0.031275,0.29721951002914926,,,-1.0807246847354115,-0.8042270861965313,-0.4066448890230131,0.29721951002914926,-0.27649759853888023,0.4066448890230131,0.08961774240071024,2.3918159472332894,0.5037644273249408,-0.7566524950755857,2.2942897396857056,0.5303382370799329,-0.6257102679246165
REG,Real Estate,,0.030528882076586352,,-0.011008436191392041,,-0.011008436191392041,,,0.08389552680707554,0.02796261036257548,-0.019325,0.35937190529508245,,,-0.6967949129674649,1.0425075970087823,-0.3145071250414061,0.35937190529508245,-1.7393025099762471,0.3145071250414061,-0.48907081686418463,0.9761541586984093,0.21835970743708644,-0.5093635902455751,0.8736346201737606,0.2062460995073955,-0.26291679163444637
REGN,Healthcare,,0.0604383043045132,,0.018900986036534805,,0.018900986036534805,,,0.32227717951826146,0.05909085870733897,-0.00845,1.0282552053840095,,,-0.08602498307194387,1.07390350553041,-0.0127596012561851,1.0282552053840095,-1.159928488602354,0.0127596012561851,-0.0501173930361008,0.3547494932384782,0.3069218306309494,-0.5850093386976818,0.27967133516880516,0.27973889692377996,-0.5850093386976818
RF,Financial Services,,0.08853118576370352,,0.04699386749572512,,0.04699386749572512,,,,0.03345623555682497,-0.00795,1.584231233283997,,,,0.4797813378189507,-0.5953225908489178,1.584231233283997,,0.5953225908489178,0.7527570114833824,1.3217405722239006,0.33561674790587964,-0.5077265553334195,0.986675903267598,0.3052785136838427,-0.3614801046622158
RJF,Financial Services,,0.06694868468602641,,0.025411366418048018,,0.025411366418048018,,,,0.05192985067222305,0.00185,0.5576975835580615,,,,1.2755271433056485,-0.3747057628106445,0.5576975835580615,,0.3747057628106445,0.2980201859853535,1.167839636082758,0.27608313073190816,-0.32320649771774124,1.8890186461236436,0.2584300852933106,-0.22872952074363861
RL,Consumer Cyclical,,0.037698657989753664,,-0.0038386602782247287,,-0.0038386602782247287,,,0.7014529339363108,0.16724890829694322,-0.02805,-0.4333975126419697,,,1.8900588515934187,-0.4690214897888798,0.3724514605604352,-0.4333975126419697,2.3590803413822985,-0.3724514605604352,0.6957828393840445,1.48496600900687,0.3273585452655852,-0.49426179263904835,3.179205425248939,0.3591722100880821,-0.34217927843029683
RMD,Healthcare,,0.03781462401001261,,-0.0037226942579657862,,-0.0037226942579657862,,,0.40590927130821347,0.18945319491286441,-0.01595,0.0596664989096925,,,0.6077488854896478,0.4910359106264532,1.6231998268138843,0.0596664989096925,0.1167129748631946,-1.6231998268138843,-0.25408817585362203,0.588973100598539,0.2800276764613641,-0.5061277827588895,0.24926109203298252,0.29838981270467696,-0.5061277827588895
ROK,Industrials,,0.022811856335569987,,-0.018725461932408406,,-0.018725461932408406,,,0.2866050074275113,0.0003932574227338541,-0.024925,-1.0760447081707152,,,0.2712425369436235,-0.6753328469354842,-0.6852320789743495,-1.0760447081707152,0.9465753838791078,0.6852320789743495,0.08525868607822693,1.4504206695240187,0.2563514541470576,-0.4231795024617073,0.5864801030818232,0.32043107197791815,-0.4231795024617073
ROL,Consumer Cyclical,,0.01723255399218707,,-0.024304764275791323,,-0.024304764275791323,,,0.6395928221628968,0.14948046305406612,-0.030975,-1.3175973202749842,,,1.6041750650210753,-0.7737942523701753,0.2621910273534184,-1.3175973202749842,2.3779693173912504,-0.2621910273534184,0.3717105933758228,0.6130485923163338,0.19714130093447432,-0.21879156222156682,0.6319734775869803,0.22660130655345903,-0.20333692337924114
ROP,Technology,,0.033844089952210867,,-0.007693228315767527,,-0.007693228315767527,,,0.1613185013950031,0.11300443923276657,-0.020475,0.074490352276629,,,-1.3400496802837525,0.08325451760622246,-0.18268128164497766,0.074490352276629,-1.423304197889975,0.18268128164497766,-0.5029892819163428,0.9888092746373469,0.19213988258685294,-0.2657758869554748,0.07735136727675962,0.2079798819894072,-0.26577588695547494
ROST,Consumer Cyclical,,0.041035509838972764,,-0.000501808429005629,,-0.000501808429005629,,,0.40513576943085755,-0.01243369252571583,-0.0195,-0.27632962234723124,,,0.14470436252022714,0.4553536128611605,-0.7379237554947625,-0.27632962234723124,-0.3106492503409334,0.7379237554947625,-0.08720679797631337,0.9779897477727437,0.24032592537622902,-0.45569879924088996,0.5805183658879371,0.2731674852898446,-0.45569879924088996
RSG,Industrials,,0.032880977286899836,,-0.008656340981078557,,-0.008656340981078557,,,0.21172586106389263,0.045809964896458645,-0.0269999999999999,-0.45031588260186556,,,-0.5508998268402499,-0.899374400778065,-0.08464563135549148,-0.45031588260186556,0.3484745739378151,0.08464563135549148,-0.023807397194521882,0.6003126437188582,0.1625920271647452,-0.20611572459120575,1.2724394938802788,0.18687677819864337,-0.19683331595683207
RTX,Industrials,,0.027518788305406165,,-0.014018529962572229,,-0.014018529962572229,,,0.10163016950488565,0.0370418628892653,-0.0124,-0.7925563973703584,,,-1.5942929357874362,0.7499913246571126,-0.20267855074831076,-0.7925563973703584,-2.3442842604445486,0.20267855074831076,-1.2142005529763007,0.9403822567062514,0.25133718416175954,-0.4131512929585677,1.7565648094483595,0.22751276509662818,-0.273494699839092
RVTY,Healthcare,,0.025886759546156074,,-0.01565055872182232,,-0.01565055872182232,,,0.12550347065196682,-0.079111504345412,-0.024725,-0.4699520891411847,,,-1.5669110370532133,-0.23895467962972897,-1.7167245771552064,-0.4699520891411847,-1.3279563574234843,1.7167245771552064,-0.37581846319482626,1.127039546604635,0.27722297026444276,-0.586216685442446,-0.30961774921775265,0.3105182745226886,-0.586216685442446
SBAC,Real Estate,,0.03723404370445069,,-0.004303274563527706,,-0.004303274563527706,,,0.19578585684331223,0.10016259667461597,-0.018975,0.7261543727567498,,,1.8204800493129083,1.0752268373555844,1.0441776228051074,0.7261543727567498,0.7452532119573239,-1.0441776228051074,0.37972750932460797,0.5370759246923764,0.23224280827862634,-0.5079281224313335,-0.2667201590533165,0.2703437956300382,-0.5079281224313337
SBUX,Consumer Cyclical,,0.027112305811312604,,-0.01442501245666579,,-0.01442501245666579,,,0.27036595813552844,0.11747554114998107,-0.035475,-0.912172098958776,,,-0.7824809075183524,-1.2093498608095903,0.06197823833420452,-0.912172098958776,0.42686895329123786,-0.06197823833420452,-0.20651690593385622,0.8929027130291244,0.2481834410521477,-0.37713621070283165,-0.029977653517257008,0.29163697764104685,-0.37713621070283176
SCHW,Financial Services,,0.04147417144685415,,-6.314682112424502e-05,,-6.314682112424502e-05,,,,0.020594874075721355,0.00505,-0.8279388844622142,,,,1.5005763521859152,-0.7452031476389396,-0.8279388844622142,,0.7452031476389396,-0.1821349242570978,1.0631297703902478,0.2971505966550873,-0.3958035016497744,1.0781826231740879,0.31650505225424513,-0.39580350164977407
SHOP,Technology,,,,,,,,,0.3645552809237466,0.28335977436982196,,,,,0.3174042992330337,,1.0312284712800073,,,-1.0312284712800073,-0.20624569425600148,2.2258108650040453,0.448481193843241,-0.8233187666757599,0.3977695926812441,0.5920859902943748,-0.8233187666757599
SHW,Basic Materials,,0.029633113509760983,,-0.01190420475821741,,-0.01190420475821741,,,0.46221437163296125,0.06866099266874526,-0.016275,0.11399404163673016,,,2.7650868657566403,1.6331546097296785,0.7862933156237345,0.11399404163673016,1.1319322560269618,-0.7862933156237345,0.3411118559407299,1.1410749811988872,0.24141420975904074,-0.41449111819127615,0.4237460097355972,0.2856699448822736,-0.41449111819127626
SJM,Consumer Defensive,,-0.06465267186266963,,-0.10618999013064802,,-0.10618999013064802,,,0.16608339694837623,-0.12808503946295005,-0.045025,-2.5242314002391337,,,-1.2906657610510912,-1.8783826244732622,-2.004929179833799,-2.5242314002391337,0.587716863422171,2.004929179833799,-0.3736199787600252,0.2394451459647382,0.18891625239356943,-0.35317357109783276,0.06690538265888168,0.20035602352148058,-0.32401527749901027
SLB,Energy,,0.07064920924114058,,0.02911189097316219,,0.02911189097316219,,,0.14456359648006678,-0.012233406922812063,-0.031,0.5975899153858801,,,-0.27279282404522387,0.7495526921044355,-0.8854595895850719,0.5975899153858801,-1.0223455161496595,0.8854595895850719,0.007189677611502632,1.5170350660992773,0.3909331625992091,-0.8166731948246779,0.9594188496267915,0.3887714543645502,-0.41610641427278605
SMCI,Technology,,0.05005030392373681,,0.008512985655758414,,0.008512985655758414,,,0.21438903175210097,0.42665354649640974,0.012568500000000002,1.0081651954460051,,,-0.9483684965524924,2.437123293192938,1.8339543249238512,1.0081651954460051,-3.3854917897454304,-1.8339543249238512,-1.3177215027045404,1.421315793836861,0.4703979113984212,-0.7176321404008636,13.094291713446072,0.8899312260840314,-0.7176321404008636
SNA,Industrials,,0.05551191549371557,,0.013974597225737177,,0.013974597225737177,,,0.3281103580534792,0.05694661013672857,-0.003825,1.0157279471819043,,,0.7174455228542003,1.583364658073008,0.06560299286653598,1.0157279471819043,-0.8659191352188078,-0.06560299286653598,0.046802926211931405,1.043103211056477,0.22609645217979393,-0.3846753208714404,1.2066193747824032,0.2305351430268735,-0.2063203004480767
SNPS,Technology,,0.03235645537194865,,-0.009180862896029741,,-0.009180862896029741,,,0.20759719255040776,0.9951456040739053,-0.02525,-0.014939317473184534,,,-1.000981541509943,-0.39400024506013426,2.913131412805958,-0.014939317473184534,-0.6069812964498087,-2.913131412805958,-0.8313945281303889,1.137500284975764,0.254035670860871,-0.3789287403172552,0.7293626051682682,0.33195738089815424,-0.3789287403172552
SO,Utilities,,0.04232283351566895,,0.0007855152476905561,,0.0007855152476905561,,,0.09448931748615419,0.048725843155766294,-0.023725,-0.2822992565032723,,,-0.18537776977066578,0.5042035663384052,-0.6061714286192088,-0.2822992565032723,-0.689581336109071,0.6061714286192088,-0.26751795132109557,0.4208856797116453,0.17669887341084933,-0.2480791346584552,0.8308640172362274,0.18098837069788928,-0.16449498621204162
SOLS,Technology,,,,,,,,,,,,,,,,,,,,,0.0,,0.0,0.0,0.05369429775967993,,0.0
SOLV,Healthcare,,0.023070470881516206,,-0.018466847386462187,,-0.018466847386462187,,,0.3110725643249494,0.03402387158732336,-0.024725,-0.591957956325421,,,-0.17992605765571967,-0.23895467962972897,-0.3628118376988164,-0.591957956325421,0.05902862197400929,0.3628118376988164,-0.1406093662008014,0.5247718193543172,0.2577490088229435,-0.18658668927123612,0.028324852694004088,0.2753589183963288,-0.18658668927123612
SPG,Real Estate,,0.03839869153394871,,-0.003138626734029683,,-0.003138626734029683,,,0.15165875897716213,-0.002437878500119139,-0.03115,0.7879116625033022,,,0.9635986334219694,-0.17477686912546392,-0.8807146434509374,0.7879116625033022,1.1383755025474334,0.8807146434509374,0.9466577947104817,1.4301004302719489,0.34242065889091877,-0.7126169519950842,1.9106272312531516,0.2792666520154655,-0.41242642727551193
SPGI,Financial Services,,0.026187501809679672,,-0.01534981645829872,,-0.01534981645829872,,,0.17006472290377087,-0.009203359800511844,-0.01235,-1.5377069059864419,,,-0.007894134039451522,0.08968542920634652,-1.0765716884523266,-1.5377069059864419,-0.09757956324579804,1.0765716884523266,-0.4388002500024306,1.0974238364924327,0.2237653419222929,-0.3506375361641638,0.468162728265868,0.23769363505914673,-0.3506375361641636
SRE,Utilities,,0.04460093838620886,,0.00306362011823047,,0.00306362011823047,,,0.06462630523121239,0.10427420335348668,-0.017875,-0.11691790393044887,,,-1.3485746253272914,1.3123664552989922,1.3052288997302983,-0.11691790393044887,-2.6609410806262837,-1.3052288997302983,-1.372189373768753,0.6742130977023733,0.20392927752138593,-0.28937389760104903,0.7258141322236902,0.2085023556581368,-0.23072205733401363
STE,Healthcare,,0.024642682150102718,,-0.016894636117875676,,-0.016894636117875676,,,0.2409994451785803,0.029321465947661798,-0.0411,-0.5240701244040363,,,-0.7522131526587645,-1.4721098725896467,-0.4276657728346289,-0.5240701244040363,0.7198967199308821,0.4276657728346289,0.1638637927776641,0.8018455535365728,0.2050425022619795,-0.312607411376011,0.42214103164773253,0.24786196362153684,-0.3126074113760112
STLD,Basic Materials,,0.0411346577568355,,-0.00040266051114289103,,-0.00040266051114289103,,,0.13867054418169764,0.03235991524478999,-0.0199,0.45094235702218166,,,-0.3002149248080259,1.2336350426857858,0.011136250174303282,0.45094235702218166,-1.5338499674938118,-0.011136250174303282,-0.4353902942235128,1.4425002011962298,0.32165038678801416,-0.517234015914655,3.5618797663749664,0.39439059486328726,-0.26845642619835064
STT,Financial Services,,0.07522610247364951,,0.03368878420567112,,0.03368878420567112,,,,0.15698258308430818,-0.0253499999999999,0.9858095168962517,,,,-1.0312699634660678,0.8851141507030127,0.9858095168962517,,-0.8851141507030127,0.21730097661789816,1.52979763014485,0.2956824603123527,-0.5165753508920217,0.9694033171224345,0.2939730663360485,-0.3631845576442425
STX,Technology,,0.024234830327840823,,-0.01730248794013757,,-0.01730248794013757,,,0.40611713941239924,0.03669724770642202,0.003925,-0.49858985241482073,,,0.6672258777375221,2.064728734093399,-0.7313314782337367,-0.49858985241482073,-1.3975028563558771,0.7313314782337367,-0.6121707878615319,1.3844445037144095,0.38434541035883435,-0.547689465702776,4.634331307777825,0.4021410289902562,-0.547689465702776
STZ,Consumer Defensive,,0.054132392615750285,,0.012595074347771892,,0.012595074347771892,,,0.23061838323479988,-0.14571701566762982,-0.0762,0.3893069489839932,,,-0.7953919985123299,-2.804419092977693,-2.1692571929266133,0.3893069489839932,2.009027094465363,2.1692571929266133,1.3931850559650654,0.7885537921462076,0.2467419583199968,-0.5123402991478152,-0.326758724998515,0.21387655919851079,-0.5123402991478152
SW,Consumer Cyclical,,0.11170063799504377,,0.07016331972706538,,0.07016331972706538,,,0.1313517465384551,0.9951456040739053,0.012568500000000002,2.3245946970298133,,,-1.5944114407562173,2.598807601908293,2.8571621490226256,2.3245946970298133,-4.19321904266451,-2.8571621490226256,-1.318882168058404,1.1002864411913702,0.31256352224304995,-0.45293339200307936,-0.03225830727569834,0.3037179869626151,-0.45293339200307936
SWK,Industrials,,0.04628680467821488,,0.004749486410236488,,0.004749486410236488,,,0.19937415681905968,0.0017101477674555316,-0.02495,0.4382789255841365,,,-0.6818817898260154,-0.6780861031527772,-0.6683660200835106,0.4382789255841365,-0.0037956866732382633,0.6683660200835106,0.3074664995810614,1.3456983808455374,0.31899360872413535,-0.6861802639790793,-0.5682300698781064,0.34366543355570794,-0.6861802639790794
SWKS,Technology,,0.0357861445023514,,-0.005751173765626991,,-0.005751173765626991,,,0.2066510009405644,-0.06335292117915595,-0.052525,0.19101434705223294,,,-1.0082575588557936,-2.339794006149454,-1.374627143460767,0.19101434705223294,1.3315364472936606,1.374627143460767,0.8839457464305108,1.2689317124037847,0.3199830569476363,-0.6321708738012747,-0.44543395539861197,0.3155975496770835,-0.6321708738012747
SYF,Financial Services,,0.11188809269463294,,0.07035077442665455,,0.07035077442665455,,,,0.00013279220509756077,-0.000425,2.309232091419595,,,,1.1038477864086593,-0.9754402316678167,2.309232091419595,,0.9754402316678167,1.1187808829014014,1.6255891039091197,0.384710822218612,-0.5715945202388524,1.6931445552743072,0.3550148388058026,-0.43614330836255455
SYK,Healthcare,,0.0212060782121909,,-0.020331240055787493,,-0.020331240055787493,,,0.3410944451577249,0.18402760030667006,-0.01475,-0.671646889456033,,,0.07196052900181657,0.5882802774948783,1.5686028010444315,-0.671646889456033,-0.5163197484930617,-1.5686028010444315,-0.7889072153885243,0.8850778900123231,0.19553368421917175,-0.27416662935698877,0.606375469350974,0.2207263648594157,-0.27416662935698866
SYY,Consumer Defensive,,0.05506783696720711,,0.013530518699228715,,0.013530518699228715,,,0.5740085698674259,0.07452743107115624,-0.02555,0.4207699148914523,,,1.8722287667715631,-0.40313973232890055,1.17807211283995,0.4207699148914523,2.2753684991004635,-1.17807211283995,0.8428409430287763,0.9977924063008023,0.24736854645251233,-0.4637441576146266,0.1992093293538153,0.22217797299772105,-0.2219293303014651
T,Communication Services,,0.07088199780136396,,0.02934467953338557,,0.02934467953338557,,,0.18593101229553521,0.01875505620235864,-0.032525,0.8149266025791191,,,-1.1371122074627011,-0.05119730609521463,-0.2820324364883552,0.8149266025791191,-1.0859149013674865,0.2820324364883552,-0.05198883221767594,0.5442772298149617,0.204616290391947,-0.3409458547631302,0.6004490527214024,0.23533301861500933,-0.2825971543053256
TAP,Consumer Defensive,,0.10943232893640019,,0.0678950106684218,,0.0678950106684218,,,0.16586128158639368,-0.02071606398434705,-0.014825,1.9267835147548207,,,-1.2922518188091228,0.5780678717199408,-0.4752641809181595,1.9267835147548207,-1.8703196905290635,0.4752641809181595,0.11763836587393471,0.7911275981975975,0.2630478862209762,-0.6639325972422299,0.14525148251641062,0.250440902262679,-0.3277046590837631
TDG,Industrials,,0.023467417860788004,,-0.01806990040719039,,-0.01806990040719039,,,0.22245000327132358,0.03994868975627634,-0.0079249999999999,-1.0377030758642085,,,-0.43536667592770356,1.2121863745338626,-0.16359961575230794,-1.0377030758642085,-1.647553050461566,0.16359961575230794,-1.0413825273798483,1.266225845069446,0.33333465988223515,-0.5022541008870967,1.6688623274177257,0.23275459537347515,-0.1949025226294131
TDY,Technology,,0.03269871691411416,,-0.008838601353864231,,-0.008838601353864231,,,0.17152818207895767,0.06427772816448798,-0.013925,0.005639275724501005,,,-1.2683431784288977,0.726392049736619,-0.5368608596794703,0.005639275724501005,-1.9947352281655166,0.5368608596794703,-0.6882662090405122,1.0620728543479485,0.2211227741088327,-0.28597423410649103,0.3578080637011043,0.23406508483129282,-0.2859742341064909
TEAM,Technology,,,,,,,,,0.7727070221867068,0.15921255271114532,,,,,2.573069264462797,,0.15814527930228214,,,-0.15814527930228214,-0.03162905586045643,0.9494677426489927,0.3873692570661852,-0.7191190463311894,-0.298689181555993,0.49684019093656073,-0.7191190463311894
TECH,Healthcare,,0.008012541390395702,,-0.03352477687758269,,-0.03352477687758269,,,0.29797461825196386,-0.05399636890423974,-0.029425,-1.2020262949699718,,,-0.2892344916128142,-0.6238784651114533,-1.4638022730444304,-1.2020262949699718,0.33464397349863906,1.4638022730444304,-0.05419247397964699,1.3104143268424109,0.2983537881614573,-0.6244406258563511,-0.22797674504738064,0.3524132220110646,-0.6244406258563513
TEL,Technology,,0.02017160315541337,,-0.021365715112565024,,-0.021365715112565024,,,0.24737520918383663,0.08594637086208402,-0.0130999999999999,-0.7324642580517073,,,-0.6840658168136342,0.8038534827814245,-0.3806411466054328,-0.7324642580517073,-1.4879192995950588,0.3806411466054328,-0.8120251937376199,1.3283708501501583,0.24733744294529653,-0.36354615722977845,1.2988689016021508,0.24952212508975272,-0.30767913275373615
TER,Technology,,0.01579986844024001,,-0.025737449827738384,,-0.025737449827738384,,,0.4475135086709004,0.03583880413227282,-0.0286999999999999,-0.9738672626454092,,,0.9976715098748588,-0.7279664100849719,-0.7372904332491901,-0.9738672626454092,1.7256379199598306,0.7372904332491901,0.44816634957560664,1.5943380044347744,0.4008739010167244,-0.5398295061963079,0.6844281336493172,0.4342343641431625,-0.5398295061963079
TFC,Financial Services,,0.08158247347041857,,0.040045155202440175,,0.040045155202440175,,,,0.046128424766231996,-0.002375,1.2875311818533537,,,,0.9496591067210483,-0.44455339390146764,1.2875311818533537,,0.44455339390146764,0.6039231515216351,1.1380403475302026,0.2952818626245153,-0.5095239470814601,0.20450363913785474,0.2861936056647508,-0.5095239470814601
TGT,Consumer Defensive,,0.09403770496368054,,0.052500386695702145,,0.052500386695702145,,,0.5097770213948319,0.033145816590767034,-0.0303249999999999,1.5814956197523844,,,1.4880083620707047,-0.8250031346481825,0.49131852304208956,1.5814956197523844,2.3130114967188873,-0.49131852304208956,1.459539141980091,1.053599284541065,0.28931715531174224,-0.6127732839618496,-0.4233681485179569,0.3114442730457609,-0.6127732839618492
TJX,Consumer Cyclical,,0.030979876779554556,,-0.010557441488423837,,-0.010557441488423837,,,0.5494539587987094,0.07625593192603503,-0.026425,-0.7415904702011866,,,1.1034001618886464,-0.29484855346638544,-0.19644081445095388,-0.7415904702011866,1.3982487153550318,0.19644081445095388,0.30195146095172887,0.8447144407890483,0.20521580495083405,-0.25773558824624,1.4450763070403299,0.20115124103336865,-0.25773558824624
TKO,Communication Services,,0.01325591604055147,,-0.02828140222742692,,-0.02828140222742692,,,0.17323908585762265,0.2061267100488592,-0.026875,-1.2329378386260332,,,-1.2324195198451375,0.31555222610216427,1.832468631285154,-1.2329378386260332,-1.5479717459473017,-1.832468631285154,-1.478857560086365,1.0879536420496574,0.366906522005347,-0.6452343745439072,3.53932701076019,0.31472779103866005,-0.25980281612318
TMO,Healthcare,,0.03020562326162396,,-0.011331695006354434,,-0.011331695006354434,,,0.17884389228959985,0.027757472384665367,-0.010025,-0.2798568693385284,,,-1.216437825666667,0.9571294307564397,-0.4491488619167656,-0.2798568693385284,-2.173567256423107,0.4491488619167656,-0.8915398779213011,0.8749367119901881,0.21916766387230371,-0.3911708052891063,0.24695859581811752,0.25701527970540433,-0.39117080528910597
TMUS,Communication Services,,0.05019323671497586,,0.008655918446997465,,0.008655918446997465,,,0.2527595788916297,0.01959176627972209,-0.0353,0.06534783311705507,,,-0.594179327444413,-0.23144845776395578,-0.2713463213348317,0.06534783311705507,-0.36273086968045726,0.2713463213348317,-0.06468395035839454,0.4908875229708976,0.19063437712246495,-0.25312445030281705,0.6037754942804856,0.21275092304527196,-0.25312445030281694
TPL,Energy,,0.02043414922237359,,-0.021103169045604803,,-0.021103169045604803,,,0.5091832648370322,0.06754340164965408,-0.0143749999999999,-1.5657992201502888,,,2.8520083165496932,1.6542785786055796,-0.5194502869805179,-1.5657992201502888,1.1977297379441136,0.5194502869805179,-0.043337735486366546,1.535412299987358,0.3993812404253867,-0.5446601740378443,4.201921708599398,0.5022718057101111,-0.4956234605041111
TPR,Consumer Cyclical,,0.00790895059400442,,-0.03362836767397397,,-0.03362836767397397,,,0.6067426686742668,-0.24556952742613594,-0.017775,-1.6526315442661583,,,1.4328509112299483,0.6370511287339622,-1.8853899082943513,-1.6526315442661583,0.7957997824959862,1.8853899082943513,0.03434527695080136,1.496406218743609,0.4017200078259391,-0.7371899501537591,3.1303457988698913,0.40575377313474154,-0.3848252367342434
TRGP,Energy,,0.04050912529872852,,-0.001028192969249872,,-0.001028192969249872,,,0.20327868852459016,0.10574580750745384,-0.037375,-0.7819599290398634,,,0.64837312258536,0.3441515779598712,-0.3375641774659245,-0.7819599290398634,0.3042215446254887,0.3375641774659245,-0.123582518272565,1.9739213107699856,0.50194803131152,-0.859996254795821,7.088876957041851,0.2982096063337821,-0.2293115914451701
TRI,Industrials,,,,,,,,,0.30046922741161064,-0.022418108608118402,,,,,0.42268581379802717,,-0.9693415517175841,,,0.9693415517175841,0.19386831034351681,0.6539535518219508,0.16872174957963704,-0.31365312754217345,0.8601171781713746,0.21409438506577103,-0.31365312754217334
TRMB,Technology,,0.014702154341778108,,-0.026835163926200285,,-0.026835163926200285,,,0.25866661669312585,-0.051949405071995663,-0.0074749999999999,-1.0324848757396115,,,-0.5906941771994778,1.2974958016566038,-1.30725401359065,-1.0324848757396115,-1.8881899788560816,1.30725401359065,-0.9068191391201473,1.5485969208280623,0.28100622303306083,-0.5075355452693058,0.31785540226324294,0.31661322702489886,-0.5075355452693058
TROW,Financial Services,,0.08708357374917619,,0.0455462554811978,,0.0455462554811978,,,0.26217625167075576,0.09567755045913612,-0.022125,1.5254598482215385,,,1.0680746945112645,-0.768580985602408,0.1599194110382111,1.5254598482215385,1.8366556801136724,-0.1599194110382111,1.3128623291264423,1.3411291137135892,0.27576044606590716,-0.5598841288453427,-0.11417201459815218,0.28160685239900357,-0.5598841288453427
TRV,Financial Services,,0.09088310003889273,,0.04934578177091434,,0.04934578177091434,,,,0.07391253914859065,-0.04095,1.6762161380626064,,,,-2.0321242950350586,-0.10692014315314738,1.6762161380626064,,0.10692014315314738,0.6918704838556721,0.6438159574733389,0.20098636297858302,-0.32345149591492284,1.3918327519606217,0.19609907754362085,-0.15234390305737688
TSCO,Consumer Cyclical,,0.07057306002753305,,0.02903574175955466,,0.02903574175955466,,,0.5445029744435823,0.07913220919075879,-0.031875,1.0823102452222595,,,1.0732276604354343,-0.8645552837609904,-0.17845878054657136,1.0823102452222595,1.9377829441964247,0.17845878054657136,1.243729031876788,0.8542017502082337,0.24170339261791493,-0.42766891245852,1.0819104536846762,0.23019069033305553,-0.21307748083297628
TSLA,Consumer Cyclical,,0.0034922705307488125,,-0.03804504773722958,,-0.03804504773722958,,,0.13080710250201777,0.13945511911514463,-0.0288,-1.7938286442853624,,,-1.5971522092733859,-0.5484026771659436,0.19964343459072176,-1.7938286442853624,-1.0487495321074423,-0.19964343459072176,-1.1769599574752663,2.000958214331811,0.452366009625026,-0.6771899806395352,1.2701902533918759,0.6065953506542463,-0.6771899806395351
TSN,Consumer Defensive,,0.041761579105075504,,0.0002242608370971108,,0.0002242608370971108,,,0.10590265979857837,-0.03360542775363087,-0.025875,-0.03229676065300223,,,-1.6865039453357162,-0.43258653107352885,-0.6995339608521706,-0.03229676065300223,-1.2539174142621874,0.6995339608521706,-0.3745788777956418,0.6116783945889562,0.25291572566872733,-0.47989182030096966,-0.06823210151261594,0.2332252036416367,-0.47989182030096944
TT,Industrials,,0.02899884925201381,,-0.012538469015964584,,-0.012538469015964584,,,0.36628313876991125,0.039174818804705136,-0.01305,-0.699849001843787,,,1.1005496612349055,0.6788506831956767,-0.1740094112758392,-0.699849001843787,0.42169897803922884,0.1740094112758392,-0.0764581272666554,1.1140083138782781,0.2194284040579628,-0.35224810125939876,2.1775000164591694,0.26126700486894594,-0.35224810125939854
TTD,Communication Services,,0.02325581395348837,,-0.018281504314490025,,-0.018281504314490025,,,0.3655151090658347,0.1546316010203255,-0.014875,-0.9085126322378139,,,0.3988336686240952,1.0516039520066927,1.3605701464326165,-0.9085126322378139,-0.6527702833825975,-1.3605701464326165,-0.8966271955346881,1.8401988132074711,0.5426968160661706,-0.6654998134641272,-0.5227895843573156,0.5789734276808387,-0.6654998134641272
TTWO,Communication Services,,-0.06465267186266963,,-0.10618999013064802,,-0.10618999013064802,,,0.29010244262115054,-0.24556952742613594,-0.084981,-2.658652624957326,,,-0.2691192088368415,-2.4589068396562483,-2.5270640802354736,-2.658652624957326,2.189787630819407,2.5270640802354736,0.3178668183919271,0.788486959637092,0.2590854021256579,-0.49886904750977146,0.2852473938290103,0.28848791372489796,-0.49886904750977146
TXN,Technology,,0.03413266830168398,,-0.007404649966294412,,-0.007404649966294412,,,0.27740825688073395,-0.0032812143346267974,-0.019825,0.09182795409472216,,,-0.43314014599791106,0.14843571624653865,-1.0016327979691029,0.09182795409472216,-0.5815758622444497,1.0016327979691029,0.004427396333929551,1.0452960907438271,0.22627442484500296,-0.23635500838322498,0.14766070629016403,0.2555395091127628,-0.23635500838322498
TXT,Industrials,,0.055589419332660935,,0.014052101064682541,,0.014052101064682541,,,0.1625958281333571,0.03950812686430876,-0.0138,1.020307361241637,,,-1.0543423781566885,0.5957589334796908,-0.16952638823399446,1.020307361241637,-1.6501013116363792,0.16952638823399446,-0.2180123025110981,1.3908646983433548,0.30023101548568953,-0.6301796597016012,0.8290647275426879,0.23371063008844606,-0.2657197539762296
TYL,Technology,,0.015083184322276375,,-0.026454133945702018,,-0.026454133945702018,,,0.1951570450753789,0.12579700004917543,-0.02095,-1.0122359378579546,,,-1.0955571299771318,0.03556879648740843,-0.08842200400754022,-1.0122359378579546,-1.1311259264645404,0.08842200400754022,-0.83966034492749,0.7969664247021946,0.24336099871617833,-0.40861894384297914,0.08379323213478163,0.24678918034919112,-0.40861894384297925
UAL,Industrials,,0.10335625544963739,,0.061818937181659,,0.061818937181659,,,0.22693560268936022,0.05336227373249242,-0.0264249999999999,2.6671833747688676,,,-0.3866269748219867,-0.8382536802369287,0.01724504752448701,2.6671833747688676,0.451626705414942,-0.01724504752448701,1.2440750225686266,1.4660592755509094,0.41366916730653297,-0.7100310051660548,1.1627081455092374,0.4628304572530643,-0.44250214858661374
UBER,Technology,,0.06381128531705198,,0.022273967049073584,,0.022273967049073584,,,0.36276398040209495,0.34850893674423084,-0.0209999999999999,1.6647025638789006,,,0.30205516391884546,0.03054778248568709,1.4300510036378205,1.6647025638789006,0.2715073814331584,-1.4300510036378205,0.4884737773972595,1.3408410923546787,0.34640958432137503,-0.6264378507674007,0.852396257479314,0.3972771561441211,-0.6264378507674004
UDR,Real Estate,,0.011314185848237252,,-0.03022313241974114,,-0.03022313241974114,,,0.04102619960822089,-0.04233929269311703,-0.0416,-0.7132170191890924,,,-1.6045399778794793,-1.2167301320478077,-1.5269641353861645,-0.7132170191890924,-0.38780984583167166,1.5269641353861645,-0.13501791893107273,0.7439838385547719,0.18516682366712434,-0.429773804417773,0.08376127278356682,0.20855015095811807,-0.429773804417773
UHS,Healthcare,,0.08772848394545443,,0.04619116567747604,,0.04619116567747604,,,0.9194153815402877,0.06496490619146827,-0.030525,1.9304565717803377,,,2.7836133512587433,-0.7114384157552721,0.06967508216861959,1.9304565717803377,3.4950517670140155,-0.06967508216861959,2.1562683190840177,1.2260644895624435,0.2871087016678742,-0.44591117976913064,0.8007963853214177,0.3505062680003637,-0.44591117976913075
ULTA,Consumer Cyclical,,0.05030997335878204,,0.008772655090803647,,0.008772655090803647,,,0.7397348047703437,0.1556870280098609,-0.0233249999999999,0.16557519662094583,,,2.0430404656336325,0.04203922668952633,0.3008021682060145,0.16557519662094583,2.0010012389441063,-0.3008021682060145,0.806470140584818,1.2805292555482306,0.35574908025320157,-0.49692198440016533,0.880137943002161,0.2999339807756248,-0.3601363708459975
UNH,Healthcare,,0.06961537458702059,,0.0280780563190422,,0.0280780563190422,,,0.2898902093013693,0.0787153564337053,-0.014625,1.372241713691716,,,-0.35633651184561477,0.598340216237035,0.2620176689468071,1.372241713691716,-0.9546767280826498,-0.2620176689468071,0.1146224604542651,0.5855443953822792,0.26323506337280084,-0.5847693392364731,0.04253355451133589,0.305050217205743,-0.5847693392364731
UNP,Industrials,,0.05314249696157323,,0.011605178693594835,,0.011605178693594835,,,0.16375806398313952,0.011191884040874707,-0.0225749999999999,0.8732335441202149,,,-1.0430446087385945,-0.4118035689609019,-0.5456756948746491,0.8732335441202149,-0.6312410397776926,0.5456756948746491,0.20593214071193872,1.0593376360305213,0.20353141125190566,-0.27867348723780505,0.20671586505418915,0.2278170471516995,-0.27867348723780505
UPS,Industrials,,0.06993225860777817,,0.02839494033979978,,0.02839494033979978,,,0.23666832299925825,0.021680255841424415,-0.032675,1.7617516060505465,,,-0.28019067236553147,-1.4533637591786464,-0.40774342778749084,1.7617516060505465,1.173173086813115,0.40774342778749084,1.2555185627029628,1.0604884284831246,0.2684770120062555,-0.5426273032405888,-0.3223037309846568,0.2755394110169426,-0.5426273032405889
URI,Industrials,,0.04576480990274093,,0.004227491634762534,,0.004227491634762534,,,0.21698834236719347,0.05769021837540289,-0.06295,0.4041099027297798,,,-0.4943942072175235,-2.8061401806072137,0.07563191783826376,0.4041099027297798,2.3117459733896903,-0.07563191783826376,1.0712159668801355,1.9806727904804737,0.3914750246886078,-0.4338800352549994,2.850569863215235,0.3953771995566987,-0.35926254774856525
USB,Financial Services,,0.08791208847904987,,0.046374770211071475,,0.046374770211071475,,,,0.009281561278596825,0.0028,1.559296382062044,,,,1.3444073197686233,-0.8738718290175772,1.559296382062044,,0.8738718290175772,0.7984929186283332,1.0908982961131342,0.26134395053446774,-0.47289812970823264,0.3561577236293214,0.29940610753578684,-0.47289812970823275
V,Financial Services,,0.028480448523586558,,-0.013056869744391835,,-0.013056869744391835,,,0.3290690684356511,0.09868189806678383,-0.0141,-1.441828466311014,,,1.7041243747395323,-0.06707010736905653,0.19664933465779877,-1.441828466311014,1.7711944821085888,-0.19664933465779877,0.09241653938747024,0.8900806490251079,0.17984545105706565,-0.2728888687257752,0.653147009586438,0.2033177458253349,-0.27288886872577534
VICI,Real Estate,,0.08602504900704086,,0.04448773073906247,,0.04448773073906247,,,0.08577068183067471,0.0346602937459631,-0.0006999999999999,2.4709417704193837,,,-0.6519016918279177,2.3163890511738634,-0.18506172129685852,2.4709417704193837,-2.968290743001781,0.18506172129685852,-0.16192724477358733,0.8799084268714081,0.2521997886833807,-0.367402860738941,0.5520567786931594,0.19252272805750964,-0.15649413979185922
VLO,Energy,,0.013324223124129822,,-0.028213095143848572,,-0.028213095143848572,,,0.051502289501745874,-0.06573921244989389,-0.030725,-1.7930950458620332,,,-1.5761390724163034,0.7665170875997623,-1.1164478922562995,-1.7930950458620332,-2.3426561600160656,1.1164478922562995,-1.4310109038999796,1.4610262524086683,0.3485601730971725,-0.6467546587284488,2.894425739262604,0.35421998487850487,-0.29970305095722316
VLTO,Industrials,,0.03660886297186617,,-0.004928455296112223,,-0.004928455296112223,,,0.48495374740419106,0.21480603083178046,-0.008375,-0.2044950896932125,,,2.0298183836510937,1.168190994280807,1.8727526311016098,-0.2044950896932125,0.8616273893702866,-1.8727526311016098,-0.11169760634949233,0.8708949593505877,0.16912660595364667,-0.14443294940414075,0.4408741511947931,0.2040907671122536,-0.14443294940414075
VMC,Basic Materials,,0.024921685709083877,,-0.016615632558894516,,-0.016615632558894516,,,0.1285101353166471,0.19402239666863622,-0.03745,-0.025363949303052837,,,-0.4578315460205781,-1.144800026291156,2.4845149898678347,-0.025363949303052837,0.6869684802705779,-2.4845149898678347,-0.23226118558655695,0.8344874530190342,0.21969471414050465,-0.31223650820055393,1.1381000772298635,0.2531269454050999,-0.31223650820055404
VRSK,Industrials,,0.030094101787906963,,-0.01144321648007143,,-0.01144321648007143,,,0.44221094804453476,0.0056628704461083494,-0.0481249999999999,-0.630311311491823,,,1.745145282123361,-2.429314787112541,-0.617477953888667,-0.630311311491823,4.174460069235902,0.617477953888667,1.541155093875365,0.7965821828759273,0.21344394784980777,-0.31451665873722945,0.11684160569721169,0.2553118239053869,-0.31451665873722956
VRSN,Technology,,0.0354589410121716,,-0.006078377255806795,,-0.006078377255806795,,,0.9194153815402877,-0.0646468673177862,-0.02345,0.1714128533197204,,,2.8092380441064586,-0.21514082970618853,-1.382164572363586,0.1714128533197204,3.024378873812647,1.382164572363586,1.5547496053256644,0.7961930638896166,0.2412295397856872,-0.3407533080964317,0.21228517581130513,0.24189066830894937,-0.34075330809643156
VRTX,Healthcare,,0.03445917883589903,,-0.0070781394320793625,,-0.0070781394320793625,,,0.4289338274588671,0.19394896707248624,-0.0025249999999999,-0.09038587117484413,,,0.7905288259912762,1.4788964190027565,1.6673199056128407,-0.09038587117484413,-0.6883675930114803,-1.6673199056128407,-0.6449653667970979,0.5548005150475945,0.27957309551205484,-0.4145275602248013,0.7978924312654361,0.24795105608744628,-0.23254172911938786
VST,Utilities,,0.010785340314136128,,-0.030751977953842265,,-0.030751977953842265,,,0.19473497256975963,-0.025022364217252395,-0.054825,-2.090528547199887,,,2.6260373186021875,-2.670055847817554,-2.39689728556273,-2.090528547199887,5.296093166419741,2.39689728556273,1.7616053048004876,1.1513696976861847,0.2925809761468768,-0.4012417702151616,10.4389647394474,0.4323013518777922,-0.299869384383296
VTR,Real Estate,,0.005652688336072875,,-0.03588462993190552,,-0.03588462993190552,,,0.08587803466813027,0.07927769447239975,-0.0305,-1.007149246290876,,,-0.6493220294219826,-0.10551880785182868,0.6716081649680159,-1.007149246290876,-0.5438032215701539,-0.6716081649680159,-0.7547026201380151,1.0091616563644008,0.34110040536259606,-0.6174003381456304,0.8900186667513361,0.27371709273753814,-0.35350267051266215
VTRS,Healthcare,,-0.06465267186266963,,-0.10618999013064802,,-0.10618999013064802,,,0.1267195206121806,-0.15262519302889918,-0.0794499999999999,-2.719686895182019,,,-1.559471613237209,-2.7684409673014074,-2.2781947021464415,-2.719686895182019,1.2089693540641984,2.2781947021464415,-0.14864807601784003,1.1655407854824253,0.3462620365697226,-0.833815312849492,-0.27238538683176394,0.33753301181707407,-0.5205118566573899
VZ,Communication Services,,0.10716962605101918,,0.06563230778304079,,0.06563230778304079,,,0.2126282425120495,0.010916638972849509,-0.030525,1.8676261803540606,,,-0.9278354940592732,0.0790187384409219,-0.3817549053276368,1.8676261803540606,-1.0068542325001952,0.3817549053276368,0.42065976020707346,0.3709830200005685,0.1745401404787971,-0.3783078637911026,-0.10589850365977849,0.1907700019785749,-0.3638500558773389
WAB,Industrials,,0.033396345700809696,,-0.008140972567168697,,-0.008140972567168697,,,0.18299428630926814,0.08026064844246662,-0.011125,-0.41662071405786255,,,-0.8513644995338661,0.8868900566363788,0.3781979166291936,-0.41662071405786255,-1.738254556170245,-0.3781979166291936,-0.9375896914170818,1.3535737638488161,0.3141523215158925,-0.5591475379951021,1.8923254310310273,0.2201238586268228,-0.1512972562615439
WAT,Healthcare,,0.032984476094249225,,-0.008552842173729168,,-0.008552842173729168,,,0.39134183245926846,0.06046868014655723,-0.038,-0.1562345734426447,,,0.4895244535811948,-1.266779091176161,0.006579216311132962,-0.1562345734426447,1.7563035447573556,-0.006579216311132962,0.6387117452636579,1.0119817897605343,0.27092676017956563,-0.4238683998143382,0.6020430638407468,0.32058511079813884,-0.4238683998143382
WBD,Communication Services,,0.0022055579987529765,,-0.03933176026922541,,-0.03933176026922541,,,0.16060864255042856,-0.058336187505206936,-0.084981,-1.5548255625956546,,,-1.324384736303533,-2.4589068396562483,-1.2041523463515256,-1.5548255625956546,1.1345221033527153,1.2041523463515256,0.07270908557312936,1.5741875632910123,0.38722972090876406,-0.8612106297768239,-0.1575622369067352,0.6151703617332308,-0.8612106297768239
WDAY,Technology,,0.009548341330921235,,-0.031988976937057156,,-0.031988976937057156,,,0.3892833529766867,0.1063816681039793,-0.0218,-1.295377648590514,,,0.5272366786913222,-0.04979258768713268,-0.23134971177092423,-1.295377648590514,0.5770292663784549,0.23134971177092423,-0.24106941053063885,1.3127625388261874,0.30469863652571755,-0.5186564709881483,0.0016904884299233647,0.3096062814061159,-0.5186564709881484
WDC,Technology,,0.02792096104898365,,-0.013616357218994742,,-0.013616357218994742,,,0.25043115748725137,-0.24556952742613594,-0.01775,-0.28080236798291763,,,-0.6589243338177949,0.35527943020018043,-2.210528432214564,-0.28080236798291763,-1.0142037640179753,2.210528432214564,-0.0758967663574443,1.7409226938158744,0.41600410292379575,-0.6292626724547039,3.8183878185743785,0.4972305217877126,-0.5806194482980349
WEC,Utilities,,0.05218392714337346,,0.010646608875395064,,0.010646608875395064,,,0.08479574637339349,0.08842318234631759,-0.021075,0.4330625592660997,,,-0.5890370741130474,0.888477639056044,0.8038747894812666,0.4330625592660997,-1.4775147131690916,-0.8038747894812666,-0.57855581945745,0.34251487444212303,0.15792302592776267,-0.2059007108457439,0.3938819404623921,0.19352896501158157,-0.20590071084574413
WELL,Real Estate,,0.009356110381077531,,-0.03218120788690086,,-0.03218120788690086,,,0.06763256531861321,0.22619520029642945,-0.0218,-0.8168875349068405,,,-1.070562618709049,0.8034207097103843,2.4832741688352336,-0.8168875349068405,-1.8739833284194332,-2.4832741688352336,-1.573003179097556,0.9317112642556982,0.2806986241691186,-0.48477089067705337,2.4385932688567293,0.23088197572448513,-0.3557279107697897
WFC,Financial Services,,0.06775918105491187,,0.026221862786933475,,0.026221862786933475,,,,0.021234252525549297,,0.6010138066624939,,,,,-0.7378378321334942,0.6010138066624939,,0.7378378321334942,0.3879730890916965,1.1883172389307604,0.29569438849785074,-0.6385366699135713,2.5298097319081925,0.2894451218649519,-0.284353289999146
WM,Industrials,,0.03342908112723096,,-0.008108237140747432,,-0.008108237140747432,,,0.22446535500427717,0.34480425894879263,-0.0447,-0.4144767276021304,,,-0.4134956432403144,-2.2770519398683056,2.597872572834706,-0.4144767276021304,1.863556296627991,-2.597872572834706,0.060057313043403004,0.6660619936192189,0.16264762847338068,-0.23597971607517854,0.835212099808526,0.19118503676692336,-0.16497544795233132
WMB,Energy,,0.03004363788164579,,-0.011493680386332604,,-0.011493680386332604,,,0.1209839860732612,0.07120914346772501,-0.033375,-1.214852641621615,,,-0.6380667923172628,0.6010177962670188,-0.5021444690066924,-1.214852641621615,-1.2390845885842816,0.5021444690066924,-0.8811459982810201,1.1572156907394915,0.32732805299906054,-0.4834640426023158,2.6686999866815118,0.2283245110229419,-0.2085063184484467
WMT,Consumer Defensive,,0.025928453991157386,,-0.015608864276821007,,-0.015608864276821007,,,0.652778290025543,0.06444348372897343,-0.031475,-0.5677968859449563,,,2.2352270741210742,-0.922238299310367,1.0200888967973114,-0.5677968859449563,3.1574653734314415,-1.0200888967973114,0.8318496156351319,0.5308706496508863,0.16805961363743308,-0.21618008865153127,1.1594510458702887,0.19580556614367217,-0.20241882524454546
WRB,Financial Services,,0.06562624943163706,,0.024088931163658664,,0.024088931163658664,,,,0.09632859939903755,-0.00835,0.4865092575788018,,,,0.4447942867119718,0.16788333335024458,0.4865092575788018,,-0.16788333335024458,0.16102703636147184,0.6089665320096627,0.19957766636110955,-0.2891971135014103,1.8774295640196135,0.221475722308847,-0.2628828431609864
WSM,Consumer Cyclical,,0.04503681207129446,,0.003499493803316066,,0.003499493803316066,,,0.6940267617109718,0.0032035784293409104,-0.019,-0.08602799533344889,,,1.8582842542494151,0.5084372266824715,-0.6450020494221598,-0.08602799533344889,1.3498470275669436,0.6450020494221598,0.6345280227778298,1.636857867856013,0.30628344895637916,-0.4246866504805762,2.9581501841681686,0.4497009928486221,-0.4246866504805763
WST,Healthcare,,0.024904072414391392,,-0.016633245853587,,-0.016633245853587,,,0.28049296484099534,0.13280220095145298,-0.0254,-0.5127273830067687,,,-0.4338787858700045,-0.295040159368044,0.9840764935713977,-0.5127273830067687,-0.1388386265019605,-0.9840764935713977,-0.4574417025177712,1.096991028887614,0.3194393874587883,-0.546483282927966,-0.0034969570067376887,0.33433976569878604,-0.546483282927966
WTW,Financial Services,,0.09271584459986264,,0.051178526331884244,,0.051178526331884244,,,0.15340557136572971,-0.038619944635743704,-0.011175,1.7448708197010414,,,-0.21098813263006258,0.19471365110330718,-1.3766086380477682,1.7448708197010414,-0.40570178373336974,1.3766086380477682,0.8109893419966223,0.7008251226247171,0.1989416743226127,-0.23381897026570497,0.6738458906432774,0.21186615697081954,-0.23381897026570497
WY,Real Estate,,0.01603119589354781,,-0.025506122374430583,,-0.025506122374430583,,,0.0733512582701429,-0.019166666666666665,-0.019275,-0.4564075299354674,,,-0.9426289725427166,1.047199345781804,-1.1679943410625557,-0.4564075299354674,-1.9898283183245207,1.1679943410625557,-0.7448954710914841,1.4882219998048942,0.2929162724169854,-0.500506164096235,-0.031246830184005647,0.2719841483043606,-0.3712875009058978
WYNN,Consumer Cyclical,,0.027509116987396807,,-0.014028201280581586,,-0.014028201280581586,,,0.22583372469614885,-0.045205427501606874,-0.0339,-0.8949431220203741,,,-1.0650441402676738,-1.062366010056596,-0.9276691415227047,-0.8949431220203741,-0.002678130211077878,0.9276691415227047,-0.17351467258803982,1.7086799944131896,0.40068037606399853,-0.6934758837538957,0.28862147365493795,0.3744842542015011,-0.5679077138779283
XEL,Utilities,,0.0396737097356388,,-0.0018636085323395918,,-0.0018636085323395918,,,0.0890027034832137,0.10908769708657824,-0.032425,-0.4723945060689537,,,-0.4156493624927527,-0.8064473932926118,1.4430075658722794,-0.4723945060689537,0.39079803079985914,-1.4430075658722794,-0.32124010328209374,0.33797110112763795,0.179614047500168,-0.26171195141516856,0.40616514806650006,0.195460814635883,-0.261711951415169
XOM,Energy,,0.0600580099529688,,0.018520691684990404,,0.018520691684990404,,,0.16325122761855224,-0.02845626395952308,-0.030375,0.1115284933125559,,,0.023183229881132326,0.7880323895225795,-0.956891943306889,0.1115284933125559,-0.7648491596414472,0.956891943306889,-0.0699498778701787,0.8762307102246306,0.25349748474008743,-0.5770701615236837,2.7287725486022754,0.269839701310921,-0.14190976014652934
XYL,Industrials,,0.028286300106128804,,-0.013251018161849589,,-0.013251018161849589,,,0.19918840229902396,0.090453536314621,-0.025575,-0.7446708970451787,,,-0.683832245206423,-0.7465152622501295,0.5126865676450414,-0.7446708970451787,0.06268301704370649,-0.5126865676450414,-0.3753324655295972,1.0860119757159303,0.23527864966043527,-0.4211884707019563,0.6664062482932629,0.25097955470028677,-0.4211884707019563
XYZ,Technology,,0.11138274010562486,,0.06984542183764647,,0.06984542183764647,,,0.2565041095045961,-0.018329462587824197,-0.03075,2.7552699537997984,,,-0.6086752976918015,-0.9182623854274711,-1.0991121010533904,2.7552699537997984,0.30958708773566956,1.0991121010533904,1.4457652368248652,2.6890771608675568,0.5654564473570749,-0.8498526545294588,-0.6897516360197393,0.5633934149624801,-0.8498526545294589
YUM,Consumer Cyclical,,0.03399946463259798,,-0.007537853635380412,,-0.007537853635380412,,,0.546555073979973,0.08162627052384676,-0.024925,-0.6046937804351733,,,1.0857644029982705,-0.13224410265191267,-0.16285582952354827,-0.6046937804351733,1.2180085056501833,0.16285582952354827,0.2778970559907136,0.8641683382647265,0.20494699144638093,-0.4080049382730482,0.5398109239808084,0.21222192771698192,-0.2230338110771648
ZBH,Healthcare,,0.045649717514124284,,0.004112399246145891,,0.004112399246145891,,,0.2526363085553233,0.0625046468401487,-0.03285,0.40759850487554705,,,-0.6599121354280947,-0.8921826305804796,0.03515415559244568,0.40759850487554705,0.23227049515238496,-0.03515415559244568,0.24891676889268366,0.9847318346537172,0.2553768638518584,-0.4662191693303084,-0.3638586566082106,0.24025204847422726,-0.4662191693303084
ZBRA,Technology,,0.040802957738082436,,-0.0007343605298959568,,-0.0007343605298959568,,,0.3203048102873472,0.059813084112149535,-0.020125,0.4885244796663367,,,-0.06464885925744268,0.11836579662399005,-0.5687080312681477,0.4885244796663367,-0.18301465588143273,0.5687080312681477,0.23594553576759117,1.6895008309162964,0.34162465396281944,-0.6481351001670776,-0.31414830258578474,0.37625020949662935,-0.6481351001670775
ZS,Technology,,,,,,,,,0.3827680904679162,0.36449132066360496,,,,,0.4723756764654574,,1.519524708700859,,,-1.519524708700859,-0.3039049417401718,0.937451352930306,0.4187161550414266,-0.7403233762079344,1.0546389070024071,0.47246554518450273,-0.7403233762079344
ZTS,Healthcare,,0.04832002747191212,,0.006782709203933729,,0.006782709203933729,,,0.46918892445470606,0.02216731380162372,-0.027825,0.5241434496708683,,,1.0947868985125955,-0.4945497277994758,-0.5255362639895833,0.5241434496708683,1.5893366263120714,0.5255362639895833,0.9504992831910926,0.8361607406832676,0.2524703172370178,-0.48744838415845393,-0.21581772491811468,0.25454539691027184,-0.48744838415845426
